date_,product_id,city_name,daily_quantity,pred_lgb,pred_xgb,pred_ensemble
2022-07-01,1,Delhi,347.06,255.80675873584156,257.04968,252.10984701854198
2022-07-02,1,Delhi,222.45,303.76323089640294,299.00732,303.54359022247127
2022-07-03,1,Delhi,341.81,305.27471728714545,296.9168,304.53301659874467
2022-07-04,1,Delhi,201.47,263.3825959821596,263.91336,261.27740293736485
2022-07-05,1,Delhi,205.77,257.6042772093096,259.1528,258.2033230208144
2022-07-06,1,Delhi,267.85,245.97348610006068,244.06624,244.57191928639116
2022-07-07,1,Delhi,350.28,246.51619312757973,247.60594,245.64860719848167
2022-07-08,1,Delhi,225.59,247.6335854505897,253.87956,254.1543109675615
2022-07-09,1,Delhi,375.72,288.4882948256286,286.37503,294.72772527571715
2022-07-10,1,Delhi,230.91,303.8144698402157,302.5359,310.61523744914376
2022-07-01,7,Delhi,268.93,271.7393804973616,273.88538,272.0127795277896
2022-07-02,7,Delhi,371.51,317.3515665689157,314.44598,321.26294574099717
2022-07-03,7,Delhi,316.9,317.96110770131907,316.02863,325.86658914416
2022-07-04,7,Delhi,294.53,270.88862299401933,273.68314,269.7473550629337
2022-07-05,7,Delhi,320.79,282.9681877668086,282.91663,278.8030966198428
2022-07-06,7,Delhi,359.25,283.81080422605766,284.67447,284.39616280916744
2022-07-07,7,Delhi,329.5,283.34840448553706,282.91663,276.5526534505615
2022-07-08,7,Delhi,285.43,284.4091912384478,287.15356,282.97442127891077
2022-07-09,7,Delhi,345.33,330.62359674621877,327.68628,333.96495954549397
2022-07-10,7,Delhi,334.67,331.0056460926597,328.34058,333.304566034692
2022-07-01,7,HR-NCR,130.57,154.56393465986645,160.16661,148.851483472808
2022-07-02,7,HR-NCR,174.91,177.05016455310957,181.02202,185.94028912845826
2022-07-03,7,HR-NCR,163.64,177.23906693816923,181.27957,188.0510572130225
2022-07-04,7,HR-NCR,120.98,154.37503227480678,160.16661,148.96526522961528
2022-07-05,7,HR-NCR,149.78,154.37503227480678,160.16661,149.94105411273608
2022-07-06,7,HR-NCR,117.27,154.37503227480678,160.16661,152.2870535499394
2022-07-07,7,HR-NCR,173.44,154.37503227480678,160.16661,149.74223580493876
2022-07-08,7,HR-NCR,128.82,154.37503227480678,160.16661,150.52709395844266
2022-07-09,7,HR-NCR,144.59,177.05016455310957,181.02202,187.2576061987812
2022-07-10,7,HR-NCR,154.52,177.05016455310957,181.27957,188.30014949689792
2022-07-01,12,Delhi,389.96,603.0631160320376,619.5346,596.2311286000908
2022-07-02,12,Delhi,1014.84,770.5183989417118,758.8532,752.9203260808588
2022-07-03,12,Delhi,676.33,702.9607732900661,720.3714,717.7746743839648
2022-07-04,12,Delhi,655.29,598.1600005982843,608.3034,585.9911475208953
2022-07-05,12,Delhi,924.53,625.7515016058068,609.2302,594.0944694032061
2022-07-06,12,Delhi,893.32,629.7115223613217,644.01544,623.4174865273274
2022-07-07,12,Delhi,1175.06,657.6169623720872,656.9535,650.002533170135
2022-07-08,12,Delhi,617.91,681.4359176884049,700.48846,680.7745369557308
2022-07-09,12,Delhi,1378.54,760.3946866049539,771.735,777.2475866260982
2022-07-10,12,Delhi,1150.15,784.009012628578,767.9125,743.2896369204739
2022-07-01,12,HR-NCR,205.13,347.36772271175744,357.41302,344.77704456393764
2022-07-02,12,HR-NCR,458.98,398.09362246740596,398.39087,398.13466684148443
2022-07-03,12,HR-NCR,460.93,398.09362246740596,401.45078,406.3708850818338
2022-07-04,12,HR-NCR,330.44,365.75163808259424,378.64465,367.1258187583879
2022-07-05,12,HR-NCR,282.46,369.26717809506636,381.24164,373.93423022599495
2022-07-06,12,HR-NCR,495.71,365.5967246378392,380.40503,370.9239266202342
2022-07-07,12,HR-NCR,415.81,371.5704564138175,381.24164,385.81251901560245
2022-07-08,12,HR-NCR,479.76,370.28324978285934,380.46704,369.3894186933229
2022-07-09,12,HR-NCR,483.76,435.9361278143923,438.51514,444.62624045166444
2022-07-10,12,HR-NCR,474.63,431.51223637818526,427.66196,428.7134889907515
2022-07-01,13,Delhi,364.19,482.7283032379207,492.31985,489.74320175002913
2022-07-02,13,Delhi,394.09,576.1934589765339,564.1042,577.8823237929444
2022-07-03,13,Delhi,753.44,549.3065394943936,538.81616,557.7349150542627
2022-07-04,13,Delhi,212.19,487.9025888522716,484.2516,494.01510795328187
2022-07-05,13,Delhi,638.43,470.5789733928836,471.2247,469.60234782696995
2022-07-06,13,Delhi,166.2,485.0616993115664,475.5353,488.118850709284
2022-07-07,13,Delhi,543.06,471.5207242227987,462.05252,470.0616514365279
2022-07-08,13,Delhi,387.83,477.0256246069846,470.45117,469.88376088333473
2022-07-09,13,Delhi,512.12,539.1787156246037,532.48364,538.4452198158829
2022-07-10,13,Delhi,532.96,527.2031967708463,522.86005,531.2695167876357
2022-07-01,13,HR-NCR,273.41,209.35627525239587,209.1118,199.13970214018934
2022-07-02,13,HR-NCR,246.33,239.52228462326354,239.82419,247.73753963859846
2022-07-03,13,HR-NCR,150.15,241.03377101400605,242.3641,254.92775617875463
2022-07-04,13,HR-NCR,206.2,205.4148760262478,208.16476,199.5609206747459
2022-07-05,13,HR-NCR,232.17,208.03167000054663,208.80112,201.88766266499113
2022-07-06,13,HR-NCR,224.74,208.03167000054663,211.67415,202.52044135359466
2022-07-07,13,HR-NCR,198.39,208.51537801582626,211.916,203.43550309389494
2022-07-08,13,HR-NCR,207.23,209.05678832267355,213.16354,210.45506091143298
2022-07-09,13,HR-NCR,246.53,238.2797858759525,240.17967,247.27398010842379
2022-07-10,13,HR-NCR,137.43,240.47351554904438,241.1856,252.2228291285584
2022-07-01,14,Delhi,363.12,274.93957184082905,272.67325,272.4644533273068
2022-07-02,14,Delhi,310.27,326.04097150185754,316.92065,336.1599382681679
2022-07-03,14,Delhi,319.37,324.7380219594842,317.9967,324.4994984027285
2022-07-04,14,Delhi,373.05,282.54355395441826,282.3523,290.36816860129613
2022-07-05,14,Delhi,173.76,278.0288644612271,279.63962,284.3874156297931
2022-07-06,14,Delhi,280.86,277.1067935519274,275.5036,275.1614434502346
2022-07-07,14,Delhi,237.95,277.3245199618651,273.79,274.13941656982354
2022-07-08,14,Delhi,341.58,272.6516386918186,269.80948,267.2570718947788
2022-07-09,14,Delhi,330.99,323.6846100339079,316.38477,323.4299815862308
2022-07-10,14,Delhi,352.87,323.9995341931371,319.30554,326.12034254975237
2022-07-01,17,Delhi,447.44,389.26264787468585,388.9208,391.0014705808795
2022-07-02,17,Delhi,521.0,445.79746440234817,438.5629,446.09858353032826
2022-07-03,17,Delhi,420.57,445.0808325571069,436.73172,447.7416485326953
2022-07-04,17,Delhi,427.38,390.58550007796424,398.3855,397.3338867668856
2022-07-05,17,Delhi,345.71,390.27057591873506,398.53528,394.45843329159885
2022-07-06,17,Delhi,391.0,390.29908676931103,399.56305,399.85015735688484
2022-07-07,17,Delhi,352.94,391.315158457104,398.06415,396.34242074520375
2022-07-08,17,Delhi,417.14,391.30919841193634,389.43607,389.94847605162056
2022-07-09,17,Delhi,412.22,451.0241551844992,443.51138,457.03892361988017
2022-07-10,17,Delhi,353.51,446.90512154429257,435.92526,444.38553445890983
2022-07-01,17,HR-NCR,201.61,179.60455548085784,183.10464,175.2001426655504
2022-07-02,17,HR-NCR,236.24,208.43949059868115,209.26247,220.24381351714538
2022-07-03,17,HR-NCR,206.58,208.41576433789504,209.3052,220.56602249474085
2022-07-04,17,HR-NCR,201.51,182.16008856492294,183.54439,179.44721651150456
2022-07-05,17,HR-NCR,203.21,184.41946596463404,189.5754,183.2481532576094
2022-07-06,17,HR-NCR,188.22,184.41946596463404,189.5754,184.47479977624383
2022-07-07,17,HR-NCR,173.4,182.24486285771442,184.13173,176.76873003766724
2022-07-08,17,HR-NCR,187.73,182.24486285771442,184.13173,179.43595527524778
2022-07-09,17,HR-NCR,224.98,209.44278207816956,210.38228,222.05864307676214
2022-07-10,17,HR-NCR,239.82,210.95494568926793,214.74886,223.95454163940664
2022-07-01,31,Delhi,730.0,828.7316735059496,832.149,852.6896625632187
2022-07-02,31,Delhi,1006.39,923.7598268755021,929.1717,910.7722947930064
2022-07-03,31,Delhi,696.45,918.1113703828875,928.48035,911.3847565139394
2022-07-04,31,Delhi,762.9,819.3196217564812,823.8031,823.3119966835985
2022-07-05,31,Delhi,769.2,824.8400138685404,822.7483,828.4790979919509
2022-07-06,31,Delhi,475.97,825.3530214086496,822.33887,835.0486051913558
2022-07-07,31,Delhi,552.28,816.0444287324564,817.4207,817.5701015782132
2022-07-08,31,Delhi,718.12,818.4178858640287,812.47614,829.4283312027602
2022-07-09,31,Delhi,624.1,924.5205840097555,901.00793,901.0922771218142
2022-07-10,31,Delhi,695.22,924.427070754501,906.0352,918.7073454892967
2022-07-01,31,HR-NCR,487.48,693.269816242442,692.6844,678.6139093429102
2022-07-02,31,HR-NCR,492.13,783.9880515650397,795.8591,784.7654403516517
2022-07-03,31,HR-NCR,654.77,792.561239114903,777.7512,791.4726342511373
2022-07-04,31,HR-NCR,738.44,657.8567362780198,677.54047,677.8723879003433
2022-07-05,31,HR-NCR,675.7,664.8578293721545,678.26013,668.4783451677163
2022-07-06,31,HR-NCR,856.55,687.8279474107017,685.77405,700.3671490254569
2022-07-07,31,HR-NCR,695.37,687.8491704108037,680.8306,682.6420902073152
2022-07-08,31,HR-NCR,592.81,687.9489273568666,679.2495,669.5966792648867
2022-07-09,31,HR-NCR,514.85,792.015837890346,794.4741,782.5118044286096
2022-07-10,31,HR-NCR,1146.43,764.3660965763064,739.8542,740.3864214334542
2022-07-01,43,Bengaluru,331.51,341.0560951186454,343.1987,337.6256257978108
2022-07-02,43,Bengaluru,259.46,395.18936631933457,385.56348,390.48843830956434
2022-07-03,43,Bengaluru,370.66,395.56185573341224,390.9758,396.54321570941306
2022-07-04,43,Bengaluru,593.23,344.5727032160323,347.8167,353.8213697285773
2022-07-05,43,Bengaluru,739.24,349.37646888488945,348.37576,350.7736498951935
2022-07-06,43,Bengaluru,988.13,384.9864834847119,388.1604,385.6500927219489
2022-07-07,43,Bengaluru,313.62,393.70178073474784,402.6538,385.965640036082
2022-07-08,43,Bengaluru,225.66,387.9524585749868,402.4067,379.0473183205215
2022-07-09,43,Bengaluru,621.01,448.79477386887635,460.61096,455.1457621452867
2022-07-10,43,Bengaluru,604.55,454.9858244383461,448.0072,436.1063810597461
2022-07-01,43,Delhi,239.65,246.97780907582168,255.73305,248.70954974560442
2022-07-02,43,Delhi,336.27,289.96224632366267,296.69998,307.8713428423776
2022-07-03,43,Delhi,349.29,286.0953107154759,288.96512,293.6049465473715
2022-07-04,43,Delhi,408.8,250.05275935328567,257.1015,248.51347692737488
2022-07-05,43,Delhi,290.38,269.73476991955437,274.49875,259.8392286052235
2022-07-06,43,Delhi,192.8,271.26565357335494,277.77155,276.93443708045385
2022-07-07,43,Delhi,562.14,266.6173281731508,270.88684,263.1401558236961
2022-07-08,43,Delhi,452.65,289.7647774484742,286.70334,278.67378460372527
2022-07-09,43,Delhi,350.95,331.3751591628775,332.48752,335.4150134480408
2022-07-10,43,Delhi,336.04,332.0904872329512,336.47195,338.22095268580597
2022-07-01,43,Mumbai,89.03,284.8444423797222,285.6478,290.77744444947973
2022-07-02,43,Mumbai,548.34,321.4601506996756,313.4031,327.2423397507331
2022-07-03,43,Mumbai,497.52,338.5916037934596,336.18506,356.4231204231311
2022-07-04,43,Mumbai,693.69,285.6183868247881,292.00827,300.27190453957314
2022-07-05,43,Mumbai,114.83,294.62449342365227,302.29614,292.51247130854983
2022-07-06,43,Mumbai,326.78,290.5747587121075,296.1703,287.4602196864226
2022-07-07,43,Mumbai,235.1,287.3575638620058,293.13885,281.94080145779
2022-07-08,43,Mumbai,286.19,292.67059744079705,295.60257,279.81125826534435
2022-07-09,43,Mumbai,206.8,336.7734570089675,337.8034,343.3283011326125
2022-07-10,43,Mumbai,319.32,334.74411025124016,332.4569,346.85581691421964
2022-07-01,50,Delhi,554.99,787.7757330844286,756.43567,769.827969603195
2022-07-02,50,Delhi,1327.29,909.0009254869923,893.8563,899.1540002822221
2022-07-03,50,Delhi,719.71,912.6345073883226,862.9404,891.0977070301833
2022-07-04,50,Delhi,765.42,800.7791727414387,809.9879,825.8965264276633
2022-07-05,50,Delhi,1365.85,770.3766604141042,770.44855,768.5711228963158
2022-07-06,50,Delhi,457.64,775.790435518609,783.5575,789.1057398042199
2022-07-07,50,Delhi,311.35,842.4878848815594,770.96716,788.744461145355
2022-07-08,50,Delhi,529.72,814.4988720252938,831.27795,783.6407990954597
2022-07-09,50,Delhi,383.27,717.9033794823988,759.97095,869.5795051020207
2022-07-10,50,Delhi,625.23,855.5157495625199,810.7547,802.4741494119809
2022-07-01,50,HR-NCR,283.31,280.10438131362326,289.0794,286.86867820151383
2022-07-02,50,HR-NCR,187.01,311.3578472322894,314.41718,313.3733879817777
2022-07-03,50,HR-NCR,352.96,312.7446419931076,317.26193,317.9395300648883
2022-07-04,50,HR-NCR,334.19,267.3854168173556,275.2651,259.6559069880941
2022-07-05,50,HR-NCR,100.84,268.91630047115615,278.25143,274.7167221624711
2022-07-06,50,HR-NCR,238.22,268.3067593387528,275.72498,264.7487829601919
2022-07-07,50,HR-NCR,92.31,266.8775460520279,271.37375,256.29800793485305
2022-07-08,50,HR-NCR,123.91,249.18848359927094,260.43967,271.83927196976657
2022-07-09,50,HR-NCR,201.68,287.1838487400318,292.4245,313.26996162577325
2022-07-10,50,HR-NCR,113.9,282.93413864772845,274.01736,289.0379741557875
2022-07-01,52,Delhi,2626.95,2617.1269389000117,2671.9624,2573.547772129899
2022-07-02,52,Delhi,2151.61,2660.2614495159787,2652.409,2523.971921996061
2022-07-03,52,Delhi,3196.99,2814.8426585872817,2761.629,2659.376535903694
2022-07-04,52,Delhi,1863.39,2297.425209098635,2369.1343,2357.5208866168255
2022-07-05,52,Delhi,1398.81,2250.192686386397,2300.003,2324.6145902321246
2022-07-06,52,Delhi,2145.4,2456.285043244118,2359.0889,2445.9116219588755
2022-07-07,52,Delhi,3364.46,2497.5063541169125,2453.4014,2453.2587175853196
2022-07-08,52,Delhi,2224.57,2334.9484489543775,2335.8667,2362.586272111698
2022-07-09,52,Delhi,1804.86,2704.0412113333923,2642.2778,2584.312015666759
2022-07-10,52,Delhi,2994.84,2673.3532467399586,2656.5627,2618.002413313636
2022-07-01,52,HR-NCR,502.37,817.795323154247,793.4737,811.405735148273
2022-07-02,52,HR-NCR,838.08,888.7850799302823,867.3327,866.4833671581665
2022-07-03,52,HR-NCR,1254.2,887.2918738957856,867.7956,867.9194039917692
2022-07-04,52,HR-NCR,612.97,802.1630682075746,772.85046,800.1568612493022
2022-07-05,52,HR-NCR,836.78,782.8068109792151,776.186,786.5869457257198
2022-07-06,52,HR-NCR,640.35,794.4086915610345,799.0739,828.7535424572285
2022-07-07,52,HR-NCR,677.76,754.6957039744035,759.80975,766.8920852102336
2022-07-08,52,HR-NCR,859.1,754.6957039744035,757.01306,747.0573702096209
2022-07-09,52,HR-NCR,764.53,847.2596461674882,853.29755,831.1470176648204
2022-07-10,52,HR-NCR,689.08,857.1150060139602,878.50055,875.7052950103632
2022-07-01,52,Mumbai,127.28,154.49490539027488,160.16661,149.1436485030005
2022-07-02,52,Mumbai,188.02,178.4823494797681,182.65536,187.05607518315705
2022-07-03,52,Mumbai,189.87,177.05016455310957,181.27957,180.6442504738229
2022-07-04,52,Mumbai,109.35,154.37503227480678,160.16661,144.5359637291944
2022-07-05,52,Mumbai,214.73,154.37503227480678,160.16661,148.95875292834
2022-07-06,52,Mumbai,114.03,154.37503227480678,160.16661,148.75811798917147
2022-07-07,52,Mumbai,40.92,154.37503227480678,160.16661,144.34680219818506
2022-07-08,52,Mumbai,92.91,154.99212232881712,160.16661,146.96135767585884
2022-07-09,52,Mumbai,141.04,178.57193600576124,182.65536,186.13998316726102
2022-07-10,52,Mumbai,120.28,177.05016455310957,181.27957,180.92678920238598
2022-07-01,56,Delhi,88.64,155.7489488296218,161.0859,151.17354856907434
2022-07-02,56,Delhi,179.08,177.68052523799227,181.94131,189.4053725537484
2022-07-03,56,Delhi,151.5,177.460670513673,181.54105,190.2925886089978
2022-07-04,56,Delhi,170.2,155.52909410530253,160.42809,153.93420466110285
2022-07-05,56,Delhi,208.26,155.52909410530253,160.42809,153.12751423189064
2022-07-06,56,Delhi,157.16,155.7489488296218,161.0859,155.66051268192302
2022-07-07,56,Delhi,115.86,155.44476931995143,161.0859,153.69156868794133
2022-07-08,56,Delhi,135.15,155.22491459563216,160.42809,152.78724208619883
2022-07-09,56,Delhi,188.05,177.460670513673,181.2835,187.19126210391693
2022-07-10,56,Delhi,199.56,177.460670513673,181.54105,187.77237474426286
2022-07-01,68,Delhi,187.22,154.37503227480678,160.16661,145.47788699014387
2022-07-02,68,Delhi,168.43,177.05016455310957,181.02202,183.13536220516025
2022-07-03,68,Delhi,113.97,177.05016455310957,181.27957,184.20278410614668
2022-07-04,68,Delhi,135.17,154.37503227480678,160.16661,150.36313492961565
2022-07-05,68,Delhi,155.76,154.37503227480678,160.16661,143.75519429177595
2022-07-06,68,Delhi,93.59,154.37503227480678,160.16661,141.95567141660493
2022-07-07,68,Delhi,121.21,154.37503227480678,160.16661,143.81144577891746
2022-07-08,68,Delhi,129.38,155.6112823017603,161.79996,150.4890038512957
2022-07-09,68,Delhi,187.74,177.05016455310957,181.02202,179.11489553181238
2022-07-10,68,Delhi,120.46,177.05016455310957,181.27957,178.36227105815695
2022-07-01,86,Delhi,350.25,306.4707783664027,304.36475,307.1131194463422
2022-07-02,86,Delhi,445.72,349.25886809907894,347.08505,357.96842197027377
2022-07-03,86,Delhi,298.86,348.94394393984976,345.1487,355.1795471833466
2022-07-04,86,Delhi,223.9,303.78018493390584,307.07147,310.01005885409563
2022-07-05,86,Delhi,313.15,291.8381423636836,294.37616,293.27201601659254
2022-07-06,86,Delhi,309.24,291.6050670368379,291.93396,289.5251798048698
2022-07-07,86,Delhi,338.44,291.98528375556634,291.93396,289.41539271068905
2022-07-08,86,Delhi,319.27,300.96891827232713,305.0217,304.0611020198775
2022-07-09,86,Delhi,373.65,340.70370485028667,336.70734,345.6297829984762
2022-07-10,86,Delhi,421.82,343.82122717104795,337.6871,343.3986358677829
2022-07-01,99,Bengaluru,213.84,168.31911916313572,172.67435,167.69457823913365
2022-07-02,99,Bengaluru,205.67,197.34278254476547,197.2772,205.96864224920938
2022-07-03,99,Bengaluru,223.66,197.71799000646752,197.53476,206.6480735692953
2022-07-04,99,Bengaluru,269.71,178.9788952242976,180.88387,173.92853673330637
2022-07-05,99,Bengaluru,162.3,179.34413074994458,183.55188,176.97410466216064
2022-07-06,99,Bengaluru,181.45,179.34413074994458,183.55188,173.80397417508402
2022-07-07,99,Bengaluru,188.93,179.42890504273606,183.55188,173.40534340435298
2022-07-08,99,Bengaluru,159.94,179.42890504273606,183.55188,175.847816575908
2022-07-09,99,Bengaluru,208.31,205.25342271262593,207.80762,215.3411009842511
2022-07-10,99,Bengaluru,159.59,205.62863017432798,208.06517,214.11121519169083
2022-07-01,99,Delhi,229.35,277.1656122826205,276.71796,276.12378026456906
2022-07-02,99,Delhi,245.47,317.28444138170397,318.46436,320.9010559229353
2022-07-03,99,Delhi,622.92,317.79861739252834,311.577,320.3321435412345
2022-07-04,99,Delhi,260.32,289.95127685381476,293.34863,301.2560534706572
2022-07-05,99,Delhi,387.96,283.92320765271813,288.92728,290.5969948316136
2022-07-06,99,Delhi,184.13,281.9854945489526,282.8877,281.4759288594909
2022-07-07,99,Delhi,168.55,285.60063679158924,286.15964,281.1958817708628
2022-07-08,99,Delhi,442.38,274.97015897540297,277.59802,268.9732090026295
2022-07-09,99,Delhi,224.39,326.98289346270855,319.4869,320.6658844571429
2022-07-10,99,Delhi,324.72,327.07115843002754,319.54224,326.3049416199652
2022-07-01,99,HR-NCR,125.21,156.69332795970485,161.29301,156.24647556371832
2022-07-02,99,HR-NCR,162.54,178.88029036530213,182.37059,190.00978398541776
2022-07-03,99,HR-NCR,135.76,177.34607055072763,181.27957,186.86546834012447
2022-07-04,99,HR-NCR,99.15,156.4219202423418,161.29301,152.98346552396927
2022-07-05,99,HR-NCR,166.67,156.51667445515957,162.09517,155.16973933433962
2022-07-06,99,HR-NCR,117.65,154.79908489994526,160.8817,155.201494647961
2022-07-07,99,HR-NCR,224.88,154.37503227480678,160.16661,150.08534660603024
2022-07-08,99,HR-NCR,142.4,156.60144874795105,162.09517,158.12968495313999
2022-07-09,99,HR-NCR,160.42,178.57193600576124,182.65536,193.37656398431756
2022-07-10,99,HR-NCR,191.77,177.05016455310957,181.27957,184.04565659530869
2022-07-01,104,Bengaluru,127.79,157.27180256316717,161.55449,155.07115667938618
2022-07-02,104,Bengaluru,198.05,177.460670513673,181.2835,188.95100370280758
2022-07-03,104,Bengaluru,161.62,178.06257458443324,182.19887,194.8702014385778
2022-07-04,104,Bengaluru,121.14,154.7855382353702,160.42809,151.07528316928503
2022-07-05,104,Bengaluru,203.2,154.7855382353702,160.42809,153.03502841702016
2022-07-06,104,Bengaluru,303.89,155.8250001029206,160.42809,154.96791352796035
2022-07-07,104,Bengaluru,183.72,162.45982178156615,165.78172,160.42760222423894
2022-07-08,104,Bengaluru,230.73,162.73877709831794,167.14851,159.05250298265406
2022-07-09,104,Bengaluru,239.09,193.00283200274023,193.54164,201.8203627336791
2022-07-10,104,Bengaluru,185.67,194.41873590329845,196.50291,204.3588749924655
2022-07-01,104,Delhi,213.68,314.7996406872739,316.4426,316.97360958517345
2022-07-02,104,Delhi,400.92,362.68472587880376,356.99612,374.0861006102351
2022-07-03,104,Delhi,490.83,346.65386811366614,346.54233,363.8490820364678
2022-07-04,104,Delhi,216.36,319.4973799092744,320.15817,324.4324781203553
2022-07-05,104,Delhi,233.19,315.88659628769716,320.4768,328.642948672251
2022-07-06,104,Delhi,259.96,303.5199896998271,301.0719,306.1404913682169
2022-07-07,104,Delhi,302.45,303.4332270494939,298.36838,298.319930782201
2022-07-08,104,Delhi,448.87,307.8522280360231,302.59988,301.67650379129674
2022-07-09,104,Delhi,210.88,363.0258796579295,354.3561,372.2982962044359
2022-07-10,104,Delhi,318.57,353.5931912028968,346.71655,365.18355342981295
2022-07-01,105,Bengaluru,577.53,519.1419260581865,525.0621,538.9562107818322
2022-07-02,105,Bengaluru,657.15,587.8333988864217,591.90894,592.9029665741703
2022-07-03,105,Bengaluru,503.67,599.9687581209046,592.9396,593.8311145608639
2022-07-04,105,Bengaluru,477.82,519.7968047763698,522.5397,529.3823022342333
2022-07-05,105,Bengaluru,602.87,517.870843907378,518.1983,513.3098733375234
2022-07-06,105,Bengaluru,386.24,524.8838098843975,521.53705,523.3063785753551
2022-07-07,105,Bengaluru,275.4,520.8128764641625,522.9046,525.0264172991209
2022-07-08,105,Bengaluru,427.46,516.2964038990907,505.55234,507.0314361652334
2022-07-09,105,Bengaluru,567.0,597.2944847160405,571.634,596.1692711202261
2022-07-10,105,Bengaluru,514.71,581.2734051201429,565.8536,581.0298998286402
2022-07-01,105,Delhi,1240.06,2065.4559821388543,2148.9998,2109.645341378521
2022-07-02,105,Delhi,3238.94,2348.4370520091043,2389.9043,2350.0601490720364
2022-07-03,105,Delhi,2122.37,2238.2893261344816,2129.586,2135.454652062824
2022-07-04,105,Delhi,1496.04,1955.528368498046,1960.0669,1984.501683360114
2022-07-05,105,Delhi,1332.1,1990.7622673905707,1962.3936,2015.1590973526854
2022-07-06,105,Delhi,1561.04,1950.5811769005004,1954.0797,1958.2655778843837
2022-07-07,105,Delhi,2667.34,1841.2964249509391,1812.8708,1891.6607085836579
2022-07-08,105,Delhi,2406.14,2055.559409330083,2042.681,2046.847854570472
2022-07-09,105,Delhi,1904.31,2405.312429085135,2309.256,2252.7663964758485
2022-07-10,105,Delhi,2315.43,2117.239659664395,1994.4653,2042.1450502977827
2022-07-01,105,HR-NCR,677.64,733.384722302404,735.2533,728.8480386439758
2022-07-02,105,HR-NCR,770.09,829.9901599605836,827.6954,814.9901582473125
2022-07-03,105,HR-NCR,649.04,832.568508042311,807.1245,812.2101547150639
2022-07-04,105,HR-NCR,729.68,733.384722302404,707.5255,725.8806463363878
2022-07-05,105,HR-NCR,704.96,736.1462120707208,708.57446,729.5421290396916
2022-07-06,105,HR-NCR,498.79,710.3883756600505,709.4867,722.3034085395091
2022-07-07,105,HR-NCR,936.6,709.1157011764584,697.60846,713.8934440728331
2022-07-08,105,HR-NCR,724.94,712.3058581743899,706.09485,716.4302163807877
2022-07-09,105,HR-NCR,696.49,804.6060122705608,801.9355,791.4573539104138
2022-07-10,105,HR-NCR,794.09,806.9237122009959,803.2043,796.6115370985232
2022-07-01,105,Mumbai,413.15,303.30277046588594,302.94333,298.6645718465994
2022-07-02,105,Mumbai,542.94,348.78145363105904,344.9424,358.0183663506317
2022-07-03,105,Mumbai,456.7,354.4893275355987,353.09482,357.3674737980305
2022-07-04,105,Mumbai,327.45,318.8172537588161,320.09708,312.62255142670057
2022-07-05,105,Mumbai,331.68,319.6598702180651,323.70584,318.39010082092625
2022-07-06,105,Mumbai,334.14,319.294668226836,323.09592,317.38847936118333
2022-07-07,105,Mumbai,301.9,320.5134515970674,323.48148,318.7576272418068
2022-07-08,105,Mumbai,260.36,320.6566545187507,324.29077,321.1495452727753
2022-07-09,105,Mumbai,357.86,350.92950584770597,351.66544,362.20700179440655
2022-07-10,105,Mumbai,277.99,364.65439856972455,363.12958,373.5240873788869
2022-07-01,106,Delhi,151.84,343.5466624614523,347.60083,341.58772543765303
2022-07-02,106,Delhi,269.12,396.34344710696956,384.56454,388.88791090191444
2022-07-03,106,Delhi,437.64,399.157086494728,389.4556,400.44569925334156
2022-07-04,106,Delhi,414.25,344.2267886119106,344.50665,346.67170885852283
2022-07-05,106,Delhi,320.81,344.2267886119106,344.50665,348.24279158875447
2022-07-06,106,Delhi,314.33,342.0761758280577,344.50665,347.84136437905016
2022-07-07,106,Delhi,311.57,331.52082966252175,338.25058,335.25541287444895
2022-07-08,106,Delhi,311.37,334.3302435773494,334.45767,328.2301650037282
2022-07-09,106,Delhi,510.66,379.54389334110726,372.24066,382.5471134590184
2022-07-10,106,Delhi,593.55,397.45110424891396,384.56454,397.3739729472201
2022-07-01,106,HR-NCR,149.92,162.1551927644554,166.15355,159.55185777689846
2022-07-02,106,HR-NCR,190.5,185.93924396788117,188.1143,196.6139423343494
2022-07-03,106,HR-NCR,134.2,187.45073035862367,189.70648,202.40121403031878
2022-07-04,106,HR-NCR,108.79,156.7996544105979,161.55449,155.69379320520176
2022-07-05,106,HR-NCR,120.91,156.38914845003447,161.29301,153.96078133630425
2022-07-06,106,HR-NCR,165.99,156.38914845003447,161.29301,154.86033441060152
2022-07-07,106,HR-NCR,123.31,161.08590522675112,164.35837,156.9296623594896
2022-07-08,106,HR-NCR,147.61,156.47392274282595,161.29301,156.65421859351335
2022-07-09,106,HR-NCR,274.6,179.23647237545666,182.37059,194.55786315808302
2022-07-10,106,HR-NCR,255.62,187.49507305605601,187.59146,200.1625551276349
2022-07-01,149,Delhi,146.1,181.80376289742753,181.20755,179.05175987507062
2022-07-02,149,Delhi,118.98,205.8489366574337,206.28586,215.65343486937445
2022-07-03,149,Delhi,144.73,205.09594475988962,204.84811,209.77415432277598
2022-07-04,149,Delhi,153.07,178.98780508244917,180.29056,174.03467255773768
2022-07-05,149,Delhi,166.22,178.98780508244917,180.29056,173.4937372950227
2022-07-06,149,Delhi,223.67,179.6187078614722,180.96736,178.89194363235134
2022-07-07,149,Delhi,156.06,179.07257937524065,181.00565,175.8748980399953
2022-07-08,149,Delhi,152.57,179.07257937524065,180.29056,173.95334504409388
2022-07-09,149,Delhi,303.52,206.54587753986806,208.10983,214.4477409746902
2022-07-10,149,Delhi,185.43,205.62863017432798,205.61223,212.11985759722657
2022-07-01,159,Bengaluru,257.51,410.0938820890373,404.92355,421.2728375020782
2022-07-02,159,Bengaluru,388.73,556.3392019990008,511.44733,537.4293677845677
2022-07-03,159,Bengaluru,356.95,460.5364566242626,430.7013,438.58178717279816
2022-07-04,159,Bengaluru,374.86,400.0025857134823,382.95044,397.3087595773929
2022-07-05,159,Bengaluru,396.45,399.66263115452824,383.76132,385.52413551257473
2022-07-06,159,Bengaluru,187.47,401.2796279094588,388.72495,403.87692344883084
2022-07-07,159,Bengaluru,654.83,382.6922709035765,376.16736,375.05766923796125
2022-07-08,159,Bengaluru,814.43,409.5034274643279,403.80566,397.1729839568326
2022-07-09,159,Bengaluru,591.71,476.47942459188965,474.28595,488.1633814287561
2022-07-10,159,Bengaluru,676.48,477.79258025821895,467.21646,464.39581658484065
2022-07-01,159,Delhi,1370.78,1336.75159862644,1328.0895,1298.8379926417358
2022-07-02,159,Delhi,1914.69,1624.3627671803076,1680.2994,1647.840061570518
2022-07-03,159,Delhi,2023.2,1517.1302871551504,1521.8931,1469.561197436734
2022-07-04,159,Delhi,1452.89,1421.865927517155,1473.7714,1465.7632838891727
2022-07-05,159,Delhi,1456.41,1392.1508477637408,1420.573,1375.918372738033
2022-07-06,159,Delhi,2000.31,1404.1395792430549,1423.2153,1412.9203490465638
2022-07-07,159,Delhi,1808.23,1455.8629560097522,1426.805,1420.4956871691752
2022-07-08,159,Delhi,2097.36,1489.0193886043146,1489.494,1451.6333889454481
2022-07-09,159,Delhi,1226.7,1680.2662212285147,1675.836,1653.7279300420437
2022-07-10,159,Delhi,1875.1,1682.1966167217859,1663.2936,1683.7431328851246
2022-07-01,159,HR-NCR,873.89,784.6510104670183,775.902,796.1510616805308
2022-07-02,159,HR-NCR,984.93,887.5846674566397,869.0127,875.0617767538002
2022-07-03,159,HR-NCR,704.91,920.3028053581745,870.44116,882.2866045081262
2022-07-04,159,HR-NCR,991.77,814.8144240564216,781.3158,816.310665329937
2022-07-05,159,HR-NCR,775.79,785.1872797897257,788.1318,795.3781043082837
2022-07-06,159,HR-NCR,710.29,783.3907772215514,779.5915,776.8682268953652
2022-07-07,159,HR-NCR,525.35,789.9475851132353,783.45,799.6267781769517
2022-07-08,159,HR-NCR,1131.96,783.6932569063639,751.4871,775.5547923234321
2022-07-09,159,HR-NCR,887.83,887.457495275218,868.06665,869.4558013074235
2022-07-10,159,HR-NCR,1089.76,918.0330938579395,882.9307,886.2541405043847
2022-07-01,159,Mumbai,312.99,322.4653617201012,328.45175,324.60615527681614
2022-07-02,159,Mumbai,436.72,362.9228531544895,360.41895,370.12568488264685
2022-07-03,159,Mumbai,482.81,362.1353017357645,360.11392,368.59456281605264
2022-07-04,159,Mumbai,260.5,322.3028714113105,327.65524,324.78535080710964
2022-07-05,159,Mumbai,296.34,319.4973799092744,323.2656,318.8001244934808
2022-07-06,159,Mumbai,231.83,319.71116784901267,323.60544,326.27471632016136
2022-07-07,159,Mumbai,365.61,320.6759419058581,322.75516,324.3689024212908
2022-07-08,159,Mumbai,275.59,319.8333254466091,320.09708,315.0950553326667
2022-07-09,159,Mumbai,372.32,364.17698410170465,356.76193,370.4867788866951
2022-07-10,159,Mumbai,344.7,363.1853936228604,354.8499,368.6024545158981
2022-07-01,160,Delhi,816.68,820.7009479184566,818.35394,836.497327701529
2022-07-02,160,Delhi,1087.43,914.7156481998577,858.3157,864.1143185635715
2022-07-03,160,Delhi,462.78,918.8419655186058,924.3598,900.612861328461
2022-07-04,160,Delhi,835.91,800.8846092453139,771.96344,784.9263196461927
2022-07-05,160,Delhi,1086.8,807.3623763692897,775.8673,814.4395182062411
2022-07-06,160,Delhi,893.88,806.635457250184,786.37976,805.0992192122337
2022-07-07,160,Delhi,501.87,812.0186734838787,806.3008,820.161687417664
2022-07-08,160,Delhi,758.71,803.7885509236556,764.7281,784.0746963035181
2022-07-09,160,Delhi,1208.82,885.7716609675143,870.051,874.9510915969383
2022-07-10,160,Delhi,723.19,918.7297589543426,922.2703,893.2281115575828
2022-07-01,160,HR-NCR,284.86,297.4051423708355,291.76562,292.387635916997
2022-07-02,160,HR-NCR,261.17,340.1101015907861,332.41812,347.2072953852091
2022-07-03,160,HR-NCR,509.75,342.09033382359513,334.8262,355.7703919622908
2022-07-04,160,HR-NCR,358.53,297.2191460436357,292.49393,290.82700919613694
2022-07-05,160,HR-NCR,191.19,307.6081877894242,306.37207,312.3822485637836
2022-07-06,160,HR-NCR,408.77,301.5639254784876,297.6582,294.9836570697975
2022-07-07,160,HR-NCR,276.58,307.73118919536995,305.31235,302.4704505016891
2022-07-08,160,HR-NCR,305.35,302.67190245701636,299.14426,298.7228638010053
2022-07-09,160,HR-NCR,304.16,340.5441908853558,338.51154,347.7662887694796
2022-07-10,160,HR-NCR,434.62,333.40275265456785,330.7913,341.53583586551173
2022-07-01,160,Mumbai,163.39,184.41946596463404,189.5754,182.47705970309508
2022-07-02,160,Mumbai,176.29,210.8023122031111,209.84981,219.28180555132315
2022-07-03,160,Mumbai,202.46,208.8146980603832,209.54706,218.99600587775626
2022-07-04,160,Mumbai,153.17,182.16008856492294,184.13173,179.51731979800266
2022-07-05,160,Mumbai,186.39,182.16008856492294,183.69199,180.29562280811592
2022-07-06,160,Mumbai,142.61,182.16008856492294,183.54439,176.98203746839164
2022-07-07,160,Mumbai,145.11,182.64379658020258,184.0094,181.50909700113772
2022-07-08,160,Mumbai,229.47,180.08826349613747,183.56966,179.94278793561597
2022-07-09,160,Mumbai,176.04,205.5138474435392,207.84106,217.43385976492598
2022-07-10,160,Mumbai,187.98,205.88905490524124,208.09862,219.1292536609497
2022-07-01,162,Delhi,234.66,208.03167000054663,208.94128,198.14021197112373
2022-07-02,162,Delhi,232.51,238.84077133556187,240.71214,249.9877715540515
2022-07-03,162,Delhi,244.29,239.59802814370488,241.86993,254.05174636308107
2022-07-04,162,Delhi,305.77,208.88242750388892,213.00876,207.93427515318623
2022-07-05,162,Delhi,269.31,209.35627525239587,211.84467,203.2158876130298
2022-07-06,162,Delhi,218.41,215.81642368308556,219.91309,209.83561859039943
2022-07-07,162,Delhi,159.83,216.9121270232675,220.53262,217.3117468730406
2022-07-08,162,Delhi,263.49,217.00403231400315,220.69678,215.07734226156086
2022-07-09,162,Delhi,284.99,247.68129945086005,248.31677,256.8377510995707
2022-07-10,162,Delhi,281.97,246.8306414575285,246.9821,253.7323955114453
2022-07-01,168,Bengaluru,64.91,180.70891979715645,182.86029,173.56685694287646
2022-07-02,168,Bengaluru,237.07,200.25181500215362,199.23314,208.4277348880237
2022-07-03,168,Bengaluru,191.61,202.84310800671503,197.95502,216.585060652482
2022-07-04,168,Bengaluru,80.67,180.21440915210687,182.38931,175.3933137586406
2022-07-05,168,Bengaluru,343.07,167.18065920693425,170.92384,164.5000253143224
2022-07-06,168,Bengaluru,317.02,180.2720886661638,185.65875,175.84838078036498
2022-07-07,168,Bengaluru,161.45,182.41091657342568,189.2374,175.3093875799791
2022-07-08,168,Bengaluru,134.59,175.8701293862557,184.52438,165.59739028438037
2022-07-09,168,Bengaluru,164.4,209.58872522028378,219.75652,221.97431756870972
2022-07-10,168,Bengaluru,255.95,206.54243479850265,204.8061,225.82325689745585
2022-07-01,168,Delhi,288.2,440.89417612153795,452.77338,446.37656220353955
2022-07-02,168,Delhi,551.35,491.7529882492639,488.79596,500.69100680314455
2022-07-03,168,Delhi,460.61,493.93730988455616,486.7299,489.8530794555682
2022-07-04,168,Delhi,722.97,427.54050175508934,428.69434,436.6583517009872
2022-07-05,168,Delhi,653.04,441.4335126697485,437.01892,441.07834974748164
2022-07-06,168,Delhi,384.43,451.2269545678688,450.06503,442.3853041776449
2022-07-07,168,Delhi,488.32,446.530345682984,449.79004,443.20198609663294
2022-07-08,168,Delhi,331.57,445.1011545454485,447.6548,434.103995154358
2022-07-09,168,Delhi,656.69,507.96458083754914,508.16342,508.59129839566504
2022-07-10,168,Delhi,660.29,518.481719885715,514.124,502.79274500358116
2022-07-01,168,HR-NCR,255.51,215.50506624336927,217.65321,216.96029706747862
2022-07-02,168,HR-NCR,249.4,245.9796103076228,243.03354,255.87782357204588
2022-07-03,168,HR-NCR,198.79,246.08631346861728,246.00813,255.15297488495042
2022-07-04,168,HR-NCR,294.19,213.09631488259635,214.62186,210.77293517061284
2022-07-05,168,HR-NCR,188.61,215.3425759345786,216.09665,212.25169868981806
2022-07-06,168,HR-NCR,193.44,214.89075215372446,218.29706,213.54577391363787
2022-07-07,168,HR-NCR,198.61,215.90119797587704,214.79237,210.2356673592866
2022-07-08,168,HR-NCR,226.0,215.90119797587704,214.79237,210.72282913570385
2022-07-09,168,HR-NCR,265.99,247.68129945086005,243.48022,255.21249649114708
2022-07-10,168,HR-NCR,330.19,248.0565069125621,243.48022,252.8835556914283
2022-07-01,176,Bengaluru,480.27,449.1870996388095,453.19006,463.0152260541047
2022-07-02,176,Bengaluru,643.19,519.891571386454,514.092,522.7484161080765
2022-07-03,176,Bengaluru,654.11,525.3649339386785,520.81116,531.5457182551831
2022-07-04,176,Bengaluru,250.49,461.59233715641324,465.40125,473.4763462749107
2022-07-05,176,Bengaluru,416.46,444.0850828576555,445.3455,434.12054611430585
2022-07-06,176,Bengaluru,522.95,450.1182272306643,449.7432,448.59146421561104
2022-07-07,176,Bengaluru,515.84,447.3420395736697,449.7432,453.8999290589829
2022-07-08,176,Bengaluru,321.64,450.5180954858317,447.5681,453.00708258989664
2022-07-09,176,Bengaluru,554.67,507.96458083754914,505.29797,504.34759863373154
2022-07-10,176,Bengaluru,486.71,513.5153848732725,510.1943,519.3669954970948
2022-07-01,176,Delhi,689.11,882.7033358496327,880.0009,892.5521973973034
2022-07-02,176,Delhi,773.15,1007.4667586886026,1003.1295,979.0629723139158
2022-07-03,176,Delhi,1753.15,963.2339932440286,959.53217,962.1621224955888
2022-07-04,176,Delhi,967.48,881.737826142247,869.524,898.7641674178495
2022-07-05,176,Delhi,829.96,883.6976971906355,885.0075,890.4225022782518
2022-07-06,176,Delhi,810.73,901.5004109574566,920.57074,927.335183736544
2022-07-07,176,Delhi,1227.01,902.1193011589355,903.98804,915.5989232549945
2022-07-08,176,Delhi,546.72,914.1010187301315,901.6851,903.8557683609931
2022-07-09,176,Delhi,846.63,1021.5878390704411,1010.3925,1003.0515508399671
2022-07-10,176,Delhi,700.48,1031.8775186456187,1039.9054,1034.8529934115988
2022-07-01,176,HR-NCR,562.01,880.7904613106982,812.9176,801.5015570648229
2022-07-02,176,HR-NCR,728.49,847.7182144638191,834.8545,810.5359169703775
2022-07-03,176,HR-NCR,445.65,849.3118069995493,845.57556,836.9801444975827
2022-07-04,176,HR-NCR,350.12,741.2736457752098,739.0117,745.9110032087598
2022-07-05,176,HR-NCR,1026.1,755.7071862800427,717.0578,709.1414418100487
2022-07-06,176,HR-NCR,771.03,741.2634428056527,768.4071,807.8467295117617
2022-07-07,176,HR-NCR,656.88,744.9244975525233,727.92377,743.1383724021944
2022-07-08,176,HR-NCR,486.28,719.5938737339856,714.59766,732.1642212802005
2022-07-09,176,HR-NCR,431.05,833.9619603471466,806.0337,794.7851607084333
2022-07-10,176,HR-NCR,644.32,820.975010323822,802.8173,788.1545759093419
2022-07-01,176,Mumbai,820.93,710.3883756600505,705.3537,709.1524153496085
2022-07-02,176,Mumbai,822.77,804.216562132665,804.8016,801.610288819271
2022-07-03,176,Mumbai,1012.62,806.5342620631001,807.73956,801.2969333388826
2022-07-04,176,Mumbai,720.53,735.0043401329991,716.34125,732.7983039691578
2022-07-05,176,Mumbai,603.55,712.5506557692667,713.3144,708.699780771748
2022-07-06,176,Mumbai,764.35,711.171561480402,706.477,706.6867971263823
2022-07-07,176,Mumbai,811.03,739.2568073139171,738.4744,739.3800214386912
2022-07-08,176,Mumbai,888.65,737.1213365394643,737.2056,740.9434101966265
2022-07-09,176,Mumbai,776.3,839.5633136281868,844.7947,830.3814722311631
2022-07-10,176,Mumbai,863.83,848.5248021926323,842.1968,837.865747383004
2022-07-01,179,Bengaluru,125.27,164.68925365489494,166.15355,161.51336340770172
2022-07-02,179,Bengaluru,210.61,185.93924396788117,188.1143,196.42817591635233
2022-07-03,179,Bengaluru,130.82,186.31445142958322,188.37186,197.71724288319834
2022-07-04,179,Bengaluru,173.24,161.85101325478502,166.15355,159.22802788774314
2022-07-05,179,Bengaluru,214.57,162.52890229402496,166.3954,158.55735272836364
2022-07-06,179,Bengaluru,167.08,163.0529365280146,167.05322,165.495864643367
2022-07-07,179,Bengaluru,121.87,163.4001658109016,168.146,163.53368687066478
2022-07-08,179,Bengaluru,160.07,157.6279845733217,161.55449,155.23062188982018
2022-07-09,179,Bengaluru,228.39,179.64697833602008,182.63206,192.8169296861446
2022-07-10,179,Bengaluru,197.85,187.71667663155978,189.70648,200.42744357564263
2022-07-01,179,Delhi,320.6,394.70390082966713,406.35052,406.92122259173897
2022-07-02,179,Delhi,275.43,446.49227224912255,445.27982,453.0310334382933
2022-07-03,179,Delhi,412.94,448.6051437449389,437.8898,458.1185077132015
2022-07-04,179,Delhi,397.42,379.25998015718164,381.70737,383.83303767593156
2022-07-05,179,Delhi,405.55,379.5749043164108,382.73514,388.8925352235787
2022-07-06,179,Delhi,498.65,379.5749043164108,383.93,389.81049319722575
2022-07-07,179,Delhi,283.4,380.27605184497463,386.58652,390.0481586361318
2022-07-08,179,Delhi,464.17,379.13711968062336,378.04074,378.6360065722915
2022-07-09,179,Delhi,505.92,434.0345217598095,427.81458,433.6987370975902
2022-07-10,179,Delhi,432.11,446.0845671233679,440.4039,451.36320833949935
2022-07-01,179,HR-NCR,209.39,238.07337396042684,238.01555,239.06385374313476
2022-07-02,179,HR-NCR,230.4,272.67466983244975,268.9292,284.2471699375496
2022-07-03,179,HR-NCR,276.21,266.99214416841716,263.12384,276.80962069787864
2022-07-04,179,HR-NCR,178.97,233.0008043400451,233.04904,234.64968262522947
2022-07-05,179,HR-NCR,226.93,233.0008043400451,231.92383,229.130946920772
2022-07-06,179,HR-NCR,197.28,233.0008043400451,233.04904,230.5450541890129
2022-07-07,179,HR-NCR,301.93,233.1960213243377,233.20383,232.33569203435985
2022-07-08,179,HR-NCR,257.87,233.1960213243377,233.04904,233.2588420004154
2022-07-09,179,HR-NCR,335.54,266.5216897987183,263.12384,274.42099194695425
2022-07-10,179,HR-NCR,313.88,267.2443873036468,265.46326,278.09272993699796
2022-07-01,179,Mumbai,217.4,156.11774073267142,161.29301,152.80906719582583
2022-07-02,179,Mumbai,211.81,186.85391932141786,189.18745,203.35071809318285
2022-07-03,179,Mumbai,272.2,186.09284785407945,186.7609,195.01495073193485
2022-07-04,179,Mumbai,100.07,163.7078206242534,169.51625,165.6533742542253
2022-07-05,179,Mumbai,170.48,157.27180256316717,161.55449,151.16740342661535
2022-07-06,179,Mumbai,209.12,157.54321028053022,161.89163,152.21760975720898
2022-07-07,179,Mumbai,126.6,162.45982178156615,167.14851,157.96754187520057
2022-07-08,179,Mumbai,158.24,162.45982178156615,166.11887,159.232737225599
2022-07-09,179,Mumbai,169.38,179.86683306033936,186.91858,197.18906156884586
2022-07-10,179,Mumbai,133.48,181.24805125275574,188.00772,199.9341707168084
2022-07-01,187,HR-NCR,263.97,269.9330978120348,271.1396,271.199834396042
2022-07-02,187,HR-NCR,332.89,314.61880014677325,311.072,316.12742639647354
2022-07-03,187,HR-NCR,338.8,317.99321474845556,311.35104,317.65968455559863
2022-07-04,187,HR-NCR,307.83,275.82757858695874,278.2853,274.5986425574596
2022-07-05,187,HR-NCR,279.02,276.50770473741704,279.24664,278.50635537429685
2022-07-06,187,HR-NCR,286.01,275.82757858695874,278.13052,273.7854313795386
2022-07-07,187,HR-NCR,273.61,276.20779530568717,278.2853,272.07991867898227
2022-07-08,187,HR-NCR,298.68,276.20779530568717,278.13052,274.4806024442266
2022-07-09,187,HR-NCR,292.19,320.819299092737,323.0732,329.36855174368276
2022-07-10,187,HR-NCR,231.65,320.88642427994876,318.4644,324.96246752823697
2022-07-01,191,Bengaluru,289.48,267.96971483836353,270.3474,262.73061856702736
2022-07-02,191,Bengaluru,247.7,313.41418763339203,308.14758,315.0995493549347
2022-07-03,191,Bengaluru,361.58,311.6422855487908,310.76016,317.5376504918012
2022-07-04,191,Bengaluru,253.7,264.7829519387085,269.82416,263.8518059920617
2022-07-05,191,Bengaluru,284.23,267.1774554837578,273.12177,268.8440640376645
2022-07-06,191,Bengaluru,293.64,264.62046162991777,266.99496,258.24141076720394
2022-07-07,191,Bengaluru,148.02,267.04003636081865,272.41516,267.29747049865546
2022-07-08,191,Bengaluru,271.85,264.3392672732487,265.2446,259.74652460567785
2022-07-09,191,Bengaluru,266.01,310.74246853888565,303.9615,315.75297957760796
2022-07-10,191,Bengaluru,283.48,309.4395189965123,305.49734,312.0587823255239
2022-07-01,192,Delhi,1397.49,1270.2774401184497,1240.025,1265.2091171345128
2022-07-02,192,Delhi,1433.02,1390.585234141918,1361.825,1362.1478687428732
2022-07-03,192,Delhi,2354.36,1390.26213876439,1376.1289,1368.9446548515007
2022-07-04,192,Delhi,1345.98,1318.285033261001,1309.1824,1342.7464026284276
2022-07-05,192,Delhi,1271.21,1285.543059355118,1283.6023,1273.4348818266935
2022-07-06,192,Delhi,1197.59,1193.6229748423714,1216.9453,1196.2055413436126
2022-07-07,192,Delhi,1869.61,1257.5640836884525,1246.4493,1247.8680166720092
2022-07-08,192,Delhi,1030.56,1228.885729649389,1247.8004,1254.2210188222605
2022-07-09,192,Delhi,2186.09,1400.1201647256066,1410.7057,1379.6425494611522
2022-07-10,192,Delhi,1718.71,1543.1780535439357,1471.9504,1464.445987938713
2022-07-01,192,HR-NCR,457.09,1271.4760233957159,1146.6193,1141.4356874550783
2022-07-02,192,HR-NCR,2070.4,1157.2291109634436,1183.0751,1150.0708460854817
2022-07-03,192,HR-NCR,1070.05,1250.7907796744519,1261.384,1255.6273333575136
2022-07-04,192,HR-NCR,840.72,1076.7215938757677,1087.1288,1096.6480877139986
2022-07-05,192,HR-NCR,1609.07,1089.0618956806043,1104.9618,1126.4179203387139
2022-07-06,192,HR-NCR,848.35,1104.3271265463616,1127.4392,1139.6855266211185
2022-07-07,192,HR-NCR,1917.54,1094.5812622507458,1089.594,1089.161668430455
2022-07-08,192,HR-NCR,1042.59,1174.5751294446006,1190.5514,1138.838767449148
2022-07-09,192,HR-NCR,697.49,1320.8946353884182,1323.2273,1299.993216688403
2022-07-10,192,HR-NCR,2076.15,1213.5798367802765,1272.9117,1264.771987122207
2022-07-01,198,Delhi,204.1,192.94380428548467,196.25877,191.31072485851578
2022-07-02,198,Delhi,190.81,227.06877643554836,230.92754,240.3139102575589
2022-07-03,198,Delhi,157.48,226.30770496820995,221.25487,230.2183181922926
2022-07-04,198,Delhi,154.51,192.94380428548467,196.25877,193.5604865502839
2022-07-05,198,Delhi,215.51,192.94380428548467,195.05235,193.99640221177037
2022-07-06,198,Delhi,145.24,192.94380428548467,195.36502,192.54495460774214
2022-07-07,198,Delhi,110.5,189.60882678092273,192.24533,188.72863845453753
2022-07-08,198,Delhi,202.7,187.34944938121163,186.80168,189.1803815772931
2022-07-09,198,Delhi,195.9,215.07682130339973,213.21198,229.8168958064533
2022-07-10,198,Delhi,223.75,215.45202876510177,211.60402,225.57191679742473
2022-07-01,201,Delhi,284.23,390.98645598539554,389.61356,397.9107586374512
2022-07-02,201,Delhi,321.72,433.24178877709426,431.0461,441.29057993946674
2022-07-03,201,Delhi,314.49,430.79634197466953,422.53656,423.92325532563035
2022-07-04,201,Delhi,269.85,378.43597215205955,380.26337,382.7668326183242
2022-07-05,201,Delhi,244.81,377.7868364464938,368.50024,368.69869741073074
2022-07-06,201,Delhi,331.17,372.2498004873061,368.46765,369.1460940758802
2022-07-07,201,Delhi,370.3,374.19033746673165,370.90616,382.67428580860616
2022-07-08,201,Delhi,383.2,367.9481630663091,370.90616,378.9763718476081
2022-07-09,201,Delhi,164.53,418.05635016212716,404.24487,415.03280074570336
2022-07-10,201,Delhi,387.12,413.28264736141307,401.84518,407.83347164626446
2022-07-01,201,HR-NCR,249.11,209.35627525239587,208.33528,204.2980940374569
2022-07-02,201,HR-NCR,369.29,240.4390045146537,241.13402,252.4407516247417
2022-07-03,201,HR-NCR,184.77,240.65172166756508,241.41716,252.30073135430032
2022-07-04,201,HR-NCR,171.98,210.20703275573817,213.17928,205.43019954625245
2022-07-05,201,HR-NCR,175.65,209.35627525239587,211.84467,198.550640811871
2022-07-06,201,HR-NCR,188.38,210.20703275573817,213.17928,207.60007340842122
2022-07-07,201,HR-NCR,260.2,209.44104954518735,212.55974,203.8754838742855
2022-07-08,201,HR-NCR,186.11,209.44104954518735,211.84467,207.08455779735888
2022-07-09,201,HR-NCR,263.2,239.10671760849797,241.17197,252.13170851161038
2022-07-10,201,HR-NCR,197.71,238.2560596151664,240.04245,247.77358192716406
2022-07-01,203,Bengaluru,161.41,192.94380428548467,196.97386,195.0854267433361
2022-07-02,203,Bengaluru,197.06,218.230626827817,215.99454,230.49348301448288
2022-07-03,203,Bengaluru,173.42,215.18608249216567,213.46953,229.02143923880533
2022-07-04,203,Bengaluru,185.06,187.26467508842015,186.80168,187.3598444348354
2022-07-05,203,Bengaluru,169.87,188.11543259176244,186.5636,184.2863674509002
2022-07-06,203,Bengaluru,153.13,182.3980265478569,183.54439,182.45906512218562
2022-07-07,203,Bengaluru,179.06,182.48280084064837,181.63454,177.2731700119877
2022-07-08,203,Bengaluru,219.11,182.55338585870336,183.20724,184.2434704392751
2022-07-09,203,Bengaluru,257.07,211.23873095764333,207.92934,223.47506617489034
2022-07-10,203,Bengaluru,223.21,215.45202876510177,211.25967,225.38723281353438
2022-07-01,203,Delhi,701.81,710.3883756600505,705.3537,702.9533787659104
2022-07-02,203,Delhi,776.95,806.5305867918212,805.74255,799.9378075707218
2022-07-03,203,Delhi,959.31,804.8148872864421,804.7699,795.7559063994204
2022-07-04,203,Delhi,707.23,712.0079934906456,706.09485,713.1554464856729
2022-07-05,203,Delhi,795.46,712.1077504367086,706.09485,708.411039495517
2022-07-06,203,Delhi,631.4,712.1077504367086,708.2755,717.1225124222499
2022-07-07,203,Delhi,683.94,714.1249898971108,706.34094,711.4756676754913
2022-07-08,203,Delhi,724.53,712.4056151204528,705.8117,708.1151703936144
2022-07-09,203,Delhi,935.02,808.639411706375,807.73956,803.6663138655923
2022-07-10,203,Delhi,794.14,807.2890560088387,806.55646,804.5892717907728
2022-07-01,203,HR-NCR,458.58,339.90924198020525,335.42804,326.7612600559564
2022-07-02,203,HR-NCR,365.25,395.24693157418307,388.0493,396.9065113956775
2022-07-03,203,HR-NCR,367.96,393.85287976416265,389.38208,397.5505524465117
2022-07-04,203,HR-NCR,366.84,344.5164653388647,348.40164,348.6524662656161
2022-07-05,203,HR-NCR,404.33,344.54171277113977,350.03934,350.49581415861496
2022-07-06,203,HR-NCR,271.64,345.1326687714903,349.25836,347.3512395073185
2022-07-07,203,HR-NCR,346.19,344.5627341492453,343.54532,338.1381583868386
2022-07-08,203,HR-NCR,387.95,345.1257075766927,342.59402,341.1578941340236
2022-07-09,203,HR-NCR,382.65,395.6779223965124,388.65942,394.3325287256937
2022-07-10,203,HR-NCR,519.27,396.66951287535665,395.2988,403.7349616922059
2022-07-01,217,Delhi,105.07,154.37503227480678,160.16661,147.4275254802362
2022-07-02,217,Delhi,80.51,177.05016455310957,181.02202,181.28067992927373
2022-07-03,217,Delhi,161.73,177.05016455310957,181.27957,180.51620532720497
2022-07-04,217,Delhi,178.52,154.37503227480678,160.16661,150.94170519711824
2022-07-05,217,Delhi,157.53,154.49490539027488,160.16661,150.34489220137237
2022-07-06,217,Delhi,108.9,154.37503227480678,160.16661,146.64203994481815
2022-07-07,217,Delhi,188.4,154.37503227480678,160.16661,146.31024396805856
2022-07-08,217,Delhi,141.26,154.37503227480678,160.16661,145.78540730613392
2022-07-09,217,Delhi,166.24,177.05016455310957,181.02202,180.44821132089518
2022-07-10,217,Delhi,162.33,177.05016455310957,181.27957,184.18210461987744
2022-07-01,277,Delhi,160.96,505.9905832171458,520.5935,526.5125997021598
2022-07-02,277,Delhi,624.89,557.6026481954417,561.5258,558.1828748992174
2022-07-03,277,Delhi,597.75,586.9923219506219,564.51,571.5465323833412
2022-07-04,277,Delhi,776.97,487.0080251228355,492.99023,495.3780173559034
2022-07-05,277,Delhi,531.71,513.7419684641395,522.66504,515.7395066662762
2022-07-06,277,Delhi,355.04,511.219773197795,512.962,515.5440995464367
2022-07-07,277,Delhi,364.16,507.14883977756017,511.99622,525.3920365421142
2022-07-08,277,Delhi,636.84,501.48533221700825,492.72284,502.0080373602347
2022-07-09,277,Delhi,1096.15,587.172182539451,578.4938,570.1127019889716
2022-07-10,277,Delhi,317.64,604.8781576462045,602.5817,602.6153392887662
2022-07-01,277,HR-NCR,143.5,193.78915212276968,199.34712,188.59301926627722
2022-07-02,277,HR-NCR,133.78,221.00599799107135,226.19157,231.59077489326754
2022-07-03,277,HR-NCR,258.25,220.21814085479113,223.02531,232.50192079023097
2022-07-04,277,HR-NCR,155.89,193.14467302137882,198.46802,203.83847289933772
2022-07-05,277,HR-NCR,131.31,189.52405248813125,192.24533,184.2695761796959
2022-07-06,277,HR-NCR,199.84,189.52405248813125,192.24533,187.95944120008326
2022-07-07,277,HR-NCR,111.83,189.60882678092273,192.24533,186.9898139812261
2022-07-08,277,HR-NCR,151.7,189.9325271894131,186.80168,181.07559427314567
2022-07-09,277,HR-NCR,316.78,218.431233386674,218.87154,233.8883502773558
2022-07-10,277,HR-NCR,310.37,217.58057539334243,217.79446,239.98483991469175
2022-07-01,283,Bengaluru,265.07,275.82757858695874,279.08984,266.40321814638753
2022-07-02,283,Bengaluru,227.83,320.1243277241293,315.7172,323.11571483238254
2022-07-03,283,Bengaluru,333.04,320.032572760628,317.4139,319.0194234806767
2022-07-04,283,Bengaluru,141.59,275.99006889574946,279.98206,273.1836812119189
2022-07-05,283,Bengaluru,278.04,267.1774554837578,270.7184,266.59898572342524
2022-07-06,283,Bengaluru,259.89,267.832334201941,274.06943,281.7728483934458
2022-07-07,283,Bengaluru,215.46,264.74046046976906,265.55194,263.98287529537936
2022-07-08,283,Bengaluru,245.3,264.42422377628554,267.62958,265.9868796908829
2022-07-09,283,Bengaluru,151.55,310.1712334024867,304.49908,307.05252839683465
2022-07-10,283,Bengaluru,380.27,311.3253141901217,306.94095,317.6070514500676
2022-07-01,283,Delhi,812.04,847.1060798689208,847.24493,851.8537958223117
2022-07-02,283,Delhi,1077.66,964.9496927494077,962.0257,957.5575439796824
2022-07-03,283,Delhi,1098.45,958.0150247788158,960.4567,946.0097679324
2022-07-04,283,Delhi,1178.87,881.4503473732813,894.5785,902.412995878082
2022-07-05,283,Delhi,850.93,887.3396956460418,898.6125,909.9478801778469
2022-07-06,283,Delhi,959.92,885.4434361318046,893.30396,896.5780407864715
2022-07-07,283,Delhi,774.14,904.1939447767894,918.87384,917.4076109629756
2022-07-08,283,Delhi,909.11,895.8647151629153,908.89136,900.2009289572012
2022-07-09,283,Delhi,1618.38,1023.6379657903959,1041.5553,1031.7089288440907
2022-07-10,283,Delhi,1230.11,1037.1066795418797,1036.4286,1039.3078397157863
2022-07-01,283,HR-NCR,603.89,684.9954989401579,684.9595,682.6840147123118
2022-07-02,283,HR-NCR,1038.34,783.2648030740086,778.2887,762.6940093785519
2022-07-03,283,HR-NCR,1040.2,802.0979430945108,802.4069,811.0526788806256
2022-07-04,283,HR-NCR,857.37,687.5513057270595,692.6633,683.9235386281088
2022-07-05,283,HR-NCR,798.25,696.7976358134512,705.13574,700.0046524071456
2022-07-06,283,HR-NCR,956.51,694.2060051987485,702.203,697.3716051351639
2022-07-07,283,HR-NCR,828.44,714.0252329510479,712.66626,690.2473135302616
2022-07-08,283,HR-NCR,355.26,715.5692284202245,732.38776,719.0381330088684
2022-07-09,283,HR-NCR,548.36,825.9676531854885,803.54114,783.8869741882902
2022-07-10,283,HR-NCR,571.45,811.642794219972,800.10406,807.9356511554014
2022-07-01,312,Bengaluru,188.9,245.12629531623122,246.49886,251.52800393317136
2022-07-02,312,Bengaluru,474.27,264.799144489973,262.67715,272.50838769125727
2022-07-03,312,Bengaluru,235.3,287.3633091982068,284.4037,294.2420197388962
2022-07-04,312,Bengaluru,661.6,238.35456638839707,241.0261,239.22807310207935
2022-07-05,312,Bengaluru,394.51,287.8130861876942,271.9761,263.55974691187214
2022-07-06,312,Bengaluru,239.0,267.92968441458555,272.64215,265.1632089439779
2022-07-07,312,Bengaluru,244.68,267.85823311424883,269.16785,252.19529405111936
2022-07-08,312,Bengaluru,708.52,268.91857791213454,269.8149,253.24577611441111
2022-07-09,312,Bengaluru,229.67,321.1114221990678,338.29276,329.2125571086416
2022-07-10,312,Bengaluru,370.45,316.86601612984964,321.14102,314.80354436660946
2022-07-01,312,Delhi,410.41,504.5467617797292,507.06717,502.2369643224513
2022-07-02,312,Delhi,572.81,586.345522038394,582.05365,592.3583193505153
2022-07-03,312,Delhi,488.26,587.2125688793094,583.01495,585.2228190816064
2022-07-04,312,Delhi,344.73,506.1327680897672,511.55295,511.7986811340462
2022-07-05,312,Delhi,409.68,504.51615312083345,513.1342,516.1919883113434
2022-07-06,312,Delhi,373.58,478.2597821603071,477.1016,483.01906090686043
2022-07-07,312,Delhi,411.57,480.8618601581381,476.11572,494.6557056370774
2022-07-08,312,Delhi,581.7,479.2818138932678,470.25574,481.63831228422373
2022-07-09,312,Delhi,786.87,556.5858306791736,539.8066,566.9460235744805
2022-07-10,312,Delhi,502.58,581.0531581914554,542.1225,558.2735606569242
2022-07-01,312,HR-NCR,368.68,269.1235679128285,268.36725,271.93643462417896
2022-07-02,312,HR-NCR,342.56,320.53180166931577,314.76987,327.00943431890204
2022-07-03,312,HR-NCR,400.31,319.98726201408414,313.45456,320.7224646375674
2022-07-04,312,HR-NCR,164.21,283.8902586761083,285.61063,280.79586341502875
2022-07-05,312,HR-NCR,316.63,280.90037466835037,280.70337,278.5615248114468
2022-07-06,312,HR-NCR,267.13,281.7714462138852,279.99973,278.3196354529938
2022-07-07,312,HR-NCR,374.74,280.73259190100396,278.1457,269.5999398800519
2022-07-08,312,HR-NCR,333.11,283.5108947943278,286.09473,288.7027988747637
2022-07-09,312,HR-NCR,400.87,326.03532710960945,322.13135,328.5039429013812
2022-07-10,312,HR-NCR,305.32,329.5387729561479,331.11295,346.3441432972822
2022-07-01,314,Bengaluru,421.33,483.9870382933474,492.70636,503.09332628780487
2022-07-02,314,Bengaluru,676.46,554.9768525493172,559.75684,554.2537282437726
2022-07-03,314,Bengaluru,566.61,560.7561209494249,559.78723,561.3486239861476
2022-07-04,314,Bengaluru,625.6,508.79587500574814,513.62384,508.62226783804385
2022-07-05,314,Bengaluru,476.63,512.6197610817976,518.75714,515.4942605655249
2022-07-06,314,Bengaluru,438.74,504.5527218248969,512.4621,504.8022028746487
2022-07-07,314,Bengaluru,236.4,505.87775762675136,512.8276,506.4885312600193
2022-07-08,314,Bengaluru,451.17,505.22326069456494,511.99622,512.1505545091212
2022-07-09,314,Bengaluru,570.98,562.1447747322566,565.5723,579.3594652282598
2022-07-10,314,Bengaluru,562.97,562.6480201248734,564.04047,571.0624075487399
2022-07-01,314,Delhi,1349.1,1924.4556937347002,1868.5282,1851.7913265926074
2022-07-02,314,Delhi,1837.55,2015.6894864497044,2000.997,2005.8242456867927
2022-07-03,314,Delhi,2317.85,2007.1035044999958,1972.2842,2027.3111314477762
2022-07-04,314,Delhi,1073.31,1830.6572686894892,1826.6709,1893.7042238589195
2022-07-05,314,Delhi,1086.5,1823.4456414830454,1801.3672,1810.449400077038
2022-07-06,314,Delhi,1937.95,1825.6158849654923,1829.8867,1872.9534851296546
2022-07-07,314,Delhi,2117.1,1796.9602388153548,1802.2942,1868.3851846708037
2022-07-08,314,Delhi,1089.37,1834.631093410171,1831.2394,1874.6800640932859
2022-07-09,314,Delhi,2758.64,2103.4790244197065,2034.9844,2068.3051344966466
2022-07-10,314,Delhi,1967.87,2142.200131420201,2095.8657,2139.612079371415
2022-07-01,314,HR-NCR,900.26,986.2861287416929,996.28613,1013.2712351626996
2022-07-02,314,HR-NCR,1341.02,1127.29713005496,1135.6614,1139.0451386307698
2022-07-03,314,HR-NCR,1217.98,1130.8557517387148,1137.058,1131.5860479261914
2022-07-04,314,HR-NCR,1009.4,985.711636618964,1004.016,1004.3380329398375
2022-07-05,314,HR-NCR,342.54,979.0061321489771,995.2554,992.154412210438
2022-07-06,314,HR-NCR,1430.56,928.2487564917208,1029.0494,1017.0921852541148
2022-07-07,314,HR-NCR,1235.29,998.3162733443431,1013.8425,1030.443043730052
2022-07-08,314,HR-NCR,1346.12,1000.9780352725124,1016.9302,1028.4227853579082
2022-07-09,314,HR-NCR,1073.4,1123.7479695746154,1124.569,1103.77267465426
2022-07-10,314,HR-NCR,991.2,1124.289568577803,1127.3453,1099.8709969275453
2022-07-01,314,Mumbai,275.82,257.3249647804693,262.45157,242.93540885332388
2022-07-02,314,Mumbai,171.69,305.68332412802783,313.72964,317.67359425787834
2022-07-03,314,Mumbai,204.82,286.2923710972264,295.3325,315.22712798834095
2022-07-04,314,Mumbai,367.28,246.96955010614516,251.20961,246.52897871107703
2022-07-05,314,Mumbai,319.94,258.336107660056,265.54446,262.0940768985881
2022-07-06,314,Mumbai,166.64,252.28122173305204,261.56378,249.95588862513242
2022-07-07,314,Mumbai,321.93,253.4867189202598,257.8715,252.87266841200153
2022-07-08,314,Mumbai,572.97,245.50874496936956,253.11266,237.02533595295358
2022-07-09,314,Mumbai,37.84,324.24770197690066,326.53778,326.87011651763993
2022-07-10,314,Mumbai,16.75,308.9097767729428,306.74268,308.1330644363821
2022-07-01,318,Delhi,705.18,149.61607247178586,159.74104,135.42904332935908
2022-07-02,318,Delhi,171.41,186.63356333922943,204.85298,204.21358562770558
2022-07-03,318,Delhi,26.37,204.29346989096396,205.36449,196.6882698275587
2022-07-04,318,Delhi,52.96,167.90572944929727,173.4322,151.86823288867342
2022-07-05,318,Delhi,110.45,168.58585559975566,174.56589,167.70677832959686
2022-07-06,318,Delhi,10.6,169.58810371031552,174.44177,171.34280217444194
2022-07-07,318,Delhi,354.53,153.71882842554425,163.0847,150.57719293898867
2022-07-08,318,Delhi,63.59,174.0148401551759,172.2304,176.22287346429226
2022-07-09,318,Delhi,191.4,188.34693228445119,194.0918,205.09419190296603
2022-07-10,318,Delhi,231.81,186.58184437991528,192.52707,193.7017558950144
2022-07-01,544,Delhi,211.17,213.18985128898117,214.61465,207.53899219237735
2022-07-02,544,Delhi,150.15,240.4390045146537,243.49823,253.92161863398286
2022-07-03,544,Delhi,141.39,239.21597879726392,241.42952,250.0724834454757
2022-07-04,544,Delhi,266.19,202.69884341666582,209.98001,203.8275936964582
2022-07-05,544,Delhi,149.32,208.43060372303478,209.78468,204.05733583706188
2022-07-06,544,Delhi,134.72,201.84808591332353,207.53734,198.27828059939296
2022-07-07,544,Delhi,188.97,202.40237894665816,208.3395,204.53425916641572
2022-07-08,544,Delhi,110.19,196.58571658191042,199.1663,199.7732357518003
2022-07-09,544,Delhi,247.91,216.595826799237,217.32101,230.93574713335892
2022-07-10,544,Delhi,210.92,216.6061095527368,215.87006,236.48437787272962
2022-07-01,577,Delhi,240.58,245.97348610006068,246.86838,243.59440316720872
2022-07-02,577,Delhi,320.21,286.2195802334165,279.23587,286.71505108238046
2022-07-03,577,Delhi,248.6,288.1721410768006,283.16907,292.375297873907
2022-07-04,577,Delhi,292.35,246.72974611167845,249.77594,245.4837875531588
2022-07-05,577,Delhi,255.88,246.4026112285189,248.28647,243.90426406469462
2022-07-06,577,Delhi,263.29,247.25336873186131,249.77594,246.2904911324953
2022-07-07,577,Delhi,247.3,247.6335854505897,250.45238,244.11742103127636
2022-07-08,577,Delhi,251.48,247.6335854505897,251.75647,246.63718616633508
2022-07-09,577,Delhi,338.24,288.1062454791877,285.80435,293.4462277267095
2022-07-10,577,Delhi,277.87,288.64394324968043,289.2303,297.31052216572255
2022-07-01,578,Delhi,426.05,426.6093741632346,427.63895,433.02579688213933
2022-07-02,578,Delhi,596.31,497.9110610442733,487.34857,498.4785075252447
2022-07-03,578,Delhi,563.64,505.9605803085261,512.159,524.3766675795919
2022-07-04,578,Delhi,436.01,439.62309397072914,450.5983,447.64537833264495
2022-07-05,578,Delhi,423.3,432.90778740777955,445.3455,443.82994160333175
2022-07-06,578,Delhi,454.2,444.0850828576555,444.78934,435.6593133109766
2022-07-07,578,Delhi,511.84,445.41607870467766,446.64648,440.3535862191133
2022-07-08,578,Delhi,543.13,450.2091313717702,447.5681,444.94681750288737
2022-07-09,578,Delhi,365.6,521.5352910657627,520.5696,520.8311659801655
2022-07-10,578,Delhi,384.27,515.3636570229271,508.80566,517.7265504242569
2022-07-01,578,HR-NCR,161.52,208.03167000054663,211.67415,205.65610614334338
2022-07-02,578,HR-NCR,178.22,238.84077133556187,240.86693,250.93209147371707
2022-07-03,578,HR-NCR,259.64,239.07129034706782,236.79584,249.4596904636678
2022-07-04,578,HR-NCR,143.13,206.2656335295901,208.91205,205.86796646159777
2022-07-05,578,HR-NCR,171.93,208.03167000054663,208.21378,198.85352588626645
2022-07-06,578,HR-NCR,189.5,208.03167000054663,208.21378,201.00663708804896
2022-07-07,578,HR-NCR,187.31,206.17977646949768,207.57741,208.04420997735767
2022-07-08,578,HR-NCR,271.13,205.4996503190393,205.08003,201.59244250002894
2022-07-09,578,HR-NCR,201.65,238.99441262144325,234.5619,248.8848762627045
2022-07-10,578,HR-NCR,310.98,236.43527837256383,236.59619,251.71068023238018
2022-07-01,600,Delhi,298.79,182.3980265478569,181.63454,175.29189263818307
2022-07-02,600,Delhi,323.11,217.02900818469743,217.90836,232.39004042055046
2022-07-03,600,Delhi,273.04,221.13114620273964,224.46773,237.57917237141803
2022-07-04,600,Delhi,269.95,190.37480999147354,194.50443,185.7828303570879
2022-07-05,600,Delhi,282.67,193.4654517142793,199.34712,189.32150801042525
2022-07-06,600,Delhi,127.68,196.88520351163274,202.12968,187.03507264138062
2022-07-07,600,Delhi,355.18,195.17069618686463,201.30504,198.91465973997003
2022-07-08,600,Delhi,132.16,196.96997780442422,203.99934,196.82380118663337
2022-07-09,600,Delhi,375.47,220.38704205420257,225.88654,229.1782680357116
2022-07-10,600,Delhi,377.62,239.69180248546758,242.39864,247.41588326221898
2022-07-01,605,Delhi,420.48,380.60856855981905,385.3669,388.77951170151096
2022-07-02,605,Delhi,412.33,443.49883427219504,431.0461,445.5290152283997
2022-07-03,605,Delhi,609.43,444.96354239031524,431.37296,443.8055201187262
2022-07-04,605,Delhi,331.33,395.3481061191771,392.7876,398.8353085643958
2022-07-05,605,Delhi,396.72,386.8271038716252,386.84778,381.5869773645787
2022-07-06,605,Delhi,400.32,390.6080508833725,391.6587,393.85847681225323
2022-07-07,605,Delhi,403.97,390.9692438529823,389.2863,391.63781905660636
2022-07-08,605,Delhi,322.9,391.00023429787484,389.43607,388.19948421235495
2022-07-09,605,Delhi,581.48,450.7151910704377,437.8898,444.4674192061199
2022-07-10,605,Delhi,488.84,453.5263335580648,445.178,455.963697068019
2022-07-01,605,HR-NCR,298.77,233.8106479698657,234.09898,229.64666782330346
2022-07-02,605,HR-NCR,222.38,267.68021502518593,264.3896,272.8684918461604
2022-07-03,605,HR-NCR,277.69,266.6309509874842,264.02408,273.1724830088358
2022-07-04,605,HR-NCR,240.67,232.17090300221076,232.4295,225.93102556140664
2022-07-05,605,HR-NCR,266.8,233.71920678630275,234.09898,230.95257226932534
2022-07-06,605,HR-NCR,242.45,232.1500468367028,231.71442,228.1590995462647
2022-07-07,605,HR-NCR,285.62,235.1126713171641,237.13033,236.3049182742372
2022-07-08,605,HR-NCR,183.64,236.230063640174,241.14278,238.82633999565695
2022-07-09,605,HR-NCR,306.64,268.27584948275404,268.6452,274.52177191286745
2022-07-10,605,HR-NCR,329.07,268.4301564062082,272.94614,280.66589349523395
2022-07-01,608,Delhi,321.41,263.8815167487664,266.68002,266.4695924856119
2022-07-02,608,Delhi,311.76,310.17684569762673,310.30582,318.21560536658177
2022-07-03,608,Delhi,286.56,310.24397088483846,309.23813,316.2735340555834
2022-07-04,608,Delhi,261.59,263.8815167487664,265.94748,260.34815278957706
2022-07-05,608,Delhi,217.26,263.8815167487664,267.2347,263.3876068088627
2022-07-06,608,Delhi,276.38,264.0440070575571,267.64423,264.1792912645724
2022-07-07,608,Delhi,279.22,262.6599783627619,265.61194,258.88065805833696
2022-07-08,608,Delhi,279.52,264.9418596179531,267.0636,267.17827596750504
2022-07-09,608,Delhi,310.38,310.3337237112774,307.77814,315.39388915003246
2022-07-10,608,Delhi,394.6,311.64023834935085,311.666,321.13491665404115
2022-07-01,609,Delhi,226.68,199.23129193902474,202.45503,196.85292139872385
2022-07-02,609,Delhi,211.99,225.9324975065079,230.63872,239.4106981047455
2022-07-03,609,Delhi,211.57,236.00684179083706,231.51581,240.03357146181327
2022-07-04,609,Delhi,243.27,200.08204944236704,203.78964,197.70774719957473
2022-07-05,609,Delhi,270.76,201.84808591332353,205.58876,197.24093181981854
2022-07-06,609,Delhi,144.62,209.9385284550306,212.91913,203.30258256027957
2022-07-07,609,Delhi,185.19,203.25746545796426,205.89944,196.89983551764482
2022-07-08,609,Delhi,236.07,201.932860206115,209.56987,201.93478647824693
2022-07-09,609,Delhi,233.35,239.26920791728864,242.89676,251.7711397216817
2022-07-10,609,Delhi,194.97,230.09213544406782,234.26228,241.23430271519246
2022-07-01,3234,Delhi,130.99,182.16008856492294,181.63454,177.8854619452501
2022-07-02,3234,Delhi,176.78,205.33748769659624,205.97548,215.23265998222186
2022-07-03,3234,Delhi,226.48,209.5520432669355,208.18689,224.55013816262664
2022-07-04,3234,Delhi,114.7,179.24822981336243,180.43066,176.47189281212533
2022-07-05,3234,Delhi,179.83,178.98780508244917,180.29056,174.00842924000193
2022-07-06,3234,Delhi,122.71,179.24822981336243,180.43066,178.06968909851665
2022-07-07,3234,Delhi,135.02,179.7493139014997,181.76529,177.23152246229506
2022-07-08,3234,Delhi,134.73,178.548545141251,179.63274,171.79090290737955
2022-07-09,3234,Delhi,234.92,205.90310777584486,205.26738,216.62136642340633
2022-07-10,3234,Delhi,203.63,206.2783152375469,205.52493,219.93785596916703
2022-07-01,3471,Bengaluru,178.36,154.37503227480678,160.16661,147.10498324575534
2022-07-02,3471,Bengaluru,193.08,177.05016455310957,181.02202,186.10023756374864
2022-07-03,3471,Bengaluru,163.54,177.05016455310957,181.27957,185.44638437151443
2022-07-04,3471,Bengaluru,137.94,154.37503227480678,160.16661,148.56990691037817
2022-07-05,3471,Bengaluru,140.33,154.37503227480678,160.16661,148.44815799590273
2022-07-06,3471,Bengaluru,151.62,154.37503227480678,160.16661,147.34140699796922
2022-07-07,3471,Bengaluru,171.31,154.67921178447716,160.16661,147.4111504054618
2022-07-08,3471,Bengaluru,176.94,154.67921178447716,160.16661,149.13353205034684
2022-07-09,3471,Bengaluru,159.69,177.05016455310957,181.02202,186.34770370227727
2022-07-10,3471,Bengaluru,168.13,177.05016455310957,181.27957,184.73628368733225
2022-07-01,3471,Delhi,330.58,413.5000240406657,418.04462,399.0060806860636
2022-07-02,3471,Delhi,213.73,478.7939980285988,481.68393,493.0310738755453
2022-07-03,3471,Delhi,258.75,464.86981407298174,456.6433,445.53790225716125
2022-07-04,3471,Delhi,293.27,411.21539134443145,410.5117,424.3896237612476
2022-07-05,3471,Delhi,298.79,402.5905970117058,404.48703,418.9526921038459
2022-07-06,3471,Delhi,613.15,387.10473572452406,385.81943,383.9251252273528
2022-07-07,3471,Delhi,635.21,417.39046801653217,411.38242,425.0562801693115
2022-07-08,3471,Delhi,367.4,416.34200810035253,413.08582,415.6254873893771
2022-07-09,3471,Delhi,673.73,471.59659559122133,463.01776,476.5594186021485
2022-07-10,3471,Delhi,167.67,479.7110765219153,470.69424,470.95282289357664
2022-07-01,3471,HR-NCR,217.62,246.72974611167845,248.82593,240.32355852808135
2022-07-02,3471,HR-NCR,261.25,286.8256114277141,283.01428,285.96213460827323
2022-07-03,3471,HR-NCR,346.35,287.3633091982068,286.09915,292.77526863798437
2022-07-04,3471,HR-NCR,259.93,245.9495736263911,251.32545,248.19593899328922
2022-07-05,3471,HR-NCR,208.47,246.80154495100714,249.24344,244.58961691056749
2022-07-06,3471,HR-NCR,273.26,247.25336873186131,249.62115,244.92454924170588
2022-07-07,3471,HR-NCR,278.65,247.6335854505897,250.60716,247.5547564273897
2022-07-08,3471,HR-NCR,223.22,247.79607575938036,253.4532,249.11754403516602
2022-07-09,3471,HR-NCR,338.75,287.2974136005939,285.64957,290.1749572644101
2022-07-10,3471,HR-NCR,333.61,287.83511137108667,289.87665,297.8538913912805
2022-07-01,3881,Bengaluru,996.71,1344.986422209686,1324.5946,1328.5662782734353
2022-07-02,3881,Bengaluru,1741.25,1507.7736939767135,1479.2283,1463.8918786377549
2022-07-03,3881,Bengaluru,1881.48,1445.8082217476472,1482.6875,1465.1235163908889
2022-07-04,3881,Bengaluru,1171.65,1352.2604671309596,1341.2903,1364.2559266565727
2022-07-05,3881,Bengaluru,1188.9,1362.8668327881778,1342.94,1355.3625143665329
2022-07-06,3881,Bengaluru,1097.94,1286.8061969418818,1279.801,1309.1123797387477
2022-07-07,3881,Bengaluru,1021.73,1300.3601355897235,1283.539,1313.454515482256
2022-07-08,3881,Bengaluru,1326.69,1294.8462577873336,1251.5908,1261.7029133898807
2022-07-09,3881,Bengaluru,1643.54,1441.4687679542676,1427.22,1422.0492532256558
2022-07-10,3881,Bengaluru,1439.54,1510.5773442578902,1485.2689,1503.3995311662793
2022-07-01,3881,Delhi,5973.26,3915.303387844337,4201.8545,4301.257782436676
2022-07-02,3881,Delhi,3749.38,4253.666725742646,5410.2715,4978.809854087409
2022-07-03,3881,Delhi,3858.73,4341.746444996131,4506.95,4475.483782934292
2022-07-04,3881,Delhi,3470.48,4452.903691725577,4604.0728,4666.5661918143205
2022-07-05,3881,Delhi,4407.02,4290.348967912562,4387.7954,4446.622705149562
2022-07-06,3881,Delhi,4713.78,3979.742741508631,4149.6514,4220.099542554097
2022-07-07,3881,Delhi,2822.96,4893.587531520497,4919.706,4902.783187732967
2022-07-08,3881,Delhi,5518.72,3919.1529519915525,3959.3782,4170.024081621141
2022-07-09,3881,Delhi,8723.71,4524.692120945668,4797.213,4774.946569880461
2022-07-10,3881,Delhi,3141.04,4017.765854799609,4588.1494,4514.316880161859
2022-07-01,3881,HR-NCR,2793.22,3695.499334265578,3715.5708,3701.632829603136
2022-07-02,3881,HR-NCR,5164.54,4242.200588817743,4051.2817,4009.3459226827636
2022-07-03,3881,HR-NCR,2539.71,3890.423696661713,4051.8457,3885.4177134402157
2022-07-04,3881,HR-NCR,3570.73,4086.497331787145,3933.3677,3889.524368607908
2022-07-05,3881,HR-NCR,3039.93,3799.3261909830826,3740.4128,3722.874564983186
2022-07-06,3881,HR-NCR,3828.05,3544.1757227680114,3645.1223,3646.890697329778
2022-07-07,3881,HR-NCR,2546.6,3791.9467745113807,3749.7688,3846.3097897457196
2022-07-08,3881,HR-NCR,3482.98,3208.515649709326,3153.9553,3286.946320137584
2022-07-09,3881,HR-NCR,3265.82,3943.2032580406326,3754.8076,3848.5910265510884
2022-07-10,3881,HR-NCR,4326.16,3411.028761088637,3369.3396,3387.3129920566153
2022-07-01,3881,Mumbai,908.46,987.4863204299693,977.0987,995.6758569977583
2022-07-02,3881,Mumbai,1138.91,1133.3123805537648,1098.0745,1111.5162305315118
2022-07-03,3881,Mumbai,1091.21,1119.6384649193487,1093.7296,1085.8215197026975
2022-07-04,3881,Mumbai,878.98,990.3023558614523,987.98883,1020.6537389072049
2022-07-05,3881,Mumbai,1159.82,971.2938192193354,956.7019,975.6154948340256
2022-07-06,3881,Mumbai,923.73,983.0711565776461,982.8615,997.6847050433846
2022-07-07,3881,Mumbai,1009.22,985.819444393598,967.4036,973.3053046909586
2022-07-08,3881,Mumbai,1123.46,992.2602715991198,991.65125,995.5487929442546
2022-07-09,3881,Mumbai,988.85,1121.6957322587916,1095.386,1077.42145115641
2022-07-10,3881,Mumbai,1578.03,1117.4421307524665,1083.2372,1065.4302028886216
2022-07-01,3885,Bengaluru,210.22,247.3239537499163,252.39633,251.86188060633347
2022-07-02,3885,Bengaluru,229.24,287.63444330630784,284.41037,289.61230267686653
2022-07-03,3885,Bengaluru,292.2,287.6543549078985,283.68704,293.8620011644079
2022-07-04,3885,Bengaluru,226.91,247.41585904065198,251.95782,251.99746552946726
2022-07-05,3885,Bengaluru,165.35,247.48644405870698,251.31795,253.11455987382337
2022-07-06,3885,Bengaluru,323.96,238.68768805007164,240.24477,243.81574879363916
2022-07-07,3885,Bengaluru,186.32,238.90541446000935,238.54802,237.34685516549408
2022-07-08,3885,Bengaluru,209.63,234.68167670766584,235.17346,233.70790799720783
2022-07-09,3885,Bengaluru,250.88,265.4808240781204,261.78915,269.5400790853797
2022-07-10,3885,Bengaluru,303.52,269.64264742330033,266.6245,283.80385234979184
2022-07-01,3885,Delhi,840.75,793.8381216933792,792.0434,795.7139602164987
2022-07-02,3885,Delhi,722.22,922.5825594848212,891.21674,898.0391519974994
2022-07-03,3885,Delhi,920.65,892.8838776412639,891.47577,890.7378092781573
2022-07-04,3885,Delhi,710.9,791.1109794391616,795.6796,802.5081626058764
2022-07-05,3885,Delhi,835.97,790.8585136712543,788.9133,793.9989321032721
2022-07-06,3885,Delhi,738.35,792.6550162394286,793.9317,803.1505170105022
2022-07-07,3885,Delhi,758.05,795.0112239061093,779.81866,789.6508891330541
2022-07-08,3885,Delhi,768.83,792.8757531316566,777.07477,783.0097165155294
2022-07-09,3885,Delhi,1124.39,898.5330640965027,889.0884,889.9608606642968
2022-07-10,3885,Delhi,911.84,896.2249788105796,896.03735,900.8579820496137
2022-07-01,3885,HR-NCR,558.39,559.7499286427028,558.59656,566.0019382518577
2022-07-02,3885,HR-NCR,862.14,642.2665908509078,627.0136,626.3355607641872
2022-07-03,3885,HR-NCR,599.86,647.5507400452171,673.8705,655.0601841055948
2022-07-04,3885,HR-NCR,508.8,591.0426551509818,582.4814,576.6182712783233
2022-07-05,3885,HR-NCR,561.07,554.8102948969065,577.27606,567.7902684014538
2022-07-06,3885,HR-NCR,543.14,562.3429211790349,580.90027,573.3077614555442
2022-07-07,3885,HR-NCR,406.37,563.0890784886286,587.5612,571.2497896189234
2022-07-08,3885,HR-NCR,529.63,558.8093566037138,553.01154,564.1341295676682
2022-07-09,3885,HR-NCR,558.63,641.0742192280842,631.7667,648.1259771997798
2022-07-10,3885,HR-NCR,666.94,641.6312106033978,631.9588,638.081567725405
2022-07-01,3888,Delhi,1803.94,1635.039823783827,1662.0498,1685.7475497857702
2022-07-02,3888,Delhi,2693.26,1951.3392783889142,1938.5938,1896.4969323779042
2022-07-03,3888,Delhi,1739.14,1959.4751556235638,1973.2344,1923.6170947760916
2022-07-04,3888,Delhi,1317.91,1683.7611320229635,1711.3529,1734.3279788136645
2022-07-05,3888,Delhi,2216.25,1719.9754292177356,1736.2358,1740.9710160118425
2022-07-06,3888,Delhi,1774.09,1774.6186296499493,1786.871,1805.7278931064466
2022-07-07,3888,Delhi,2460.24,1680.042305753085,1703.1967,1707.212530125764
2022-07-08,3888,Delhi,1652.5,1708.6848641479285,1776.524,1759.1663820424199
2022-07-09,3888,Delhi,2106.24,2016.4712218804543,2020.8529,1969.7869345635477
2022-07-10,3888,Delhi,2148.99,1953.5244533222237,1953.6311,1886.6209753152043
2022-07-01,3888,HR-NCR,1562.34,1369.9748463268247,1354.8892,1388.1980657503857
2022-07-02,3888,HR-NCR,1654.69,1543.0225486053944,1524.6776,1535.9774593112147
2022-07-03,3888,HR-NCR,2010.96,1553.8365853388161,1556.1293,1567.8924659332242
2022-07-04,3888,HR-NCR,1756.5,1402.069097671296,1415.9607,1437.5034379559681
2022-07-05,3888,HR-NCR,1537.91,1394.1043964447113,1408.6542,1425.5476180579064
2022-07-06,3888,HR-NCR,1638.76,1463.7530431855698,1470.1249,1471.1067990483025
2022-07-07,3888,HR-NCR,1098.55,1462.3861524724837,1447.6768,1456.8511373660251
2022-07-08,3888,HR-NCR,1623.99,1460.3220513352346,1426.2521,1448.8446635778175
2022-07-09,3888,HR-NCR,1308.51,1550.22901932343,1544.2152,1544.4046735795218
2022-07-10,3888,HR-NCR,1506.28,1589.3338520011805,1567.9784,1574.3084523120365
2022-07-01,3889,Bengaluru,3161.08,2727.676826869127,2732.0312,2801.804170413479
2022-07-02,3889,Bengaluru,2904.64,3237.296315341999,3226.0898,3165.188988059815
2022-07-03,3889,Bengaluru,3114.32,3171.8483532999676,3176.3882,3121.2295685215204
2022-07-04,3889,Bengaluru,2532.2,2679.3061482996295,2709.0974,2770.7061709138484
2022-07-05,3889,Bengaluru,2237.33,2762.605445646289,2775.1743,2829.5270422184103
2022-07-06,3889,Bengaluru,2739.64,2740.109792392104,2750.881,2801.1634384851113
2022-07-07,3889,Bengaluru,2603.94,2763.4281580371608,2792.5833,2841.8379806074017
2022-07-08,3889,Bengaluru,2376.29,2703.3632309849118,2746.825,2802.4724922556247
2022-07-09,3889,Bengaluru,3147.67,3321.9696439981017,3288.118,3178.317801520452
2022-07-10,3889,Bengaluru,3265.82,3240.4054402267257,3224.1035,3154.121198490417
2022-07-01,3889,Delhi,638.95,1095.9219045770628,1221.5581,1270.0231123738627
2022-07-02,3889,Delhi,666.54,1250.0187767606503,1274.009,1270.230096575728
2022-07-03,3889,Delhi,2349.4,1258.3252969376915,1228.8348,1198.9168076107912
2022-07-04,3889,Delhi,1599.16,1236.8307370588468,1255.8048,1198.3521004980034
2022-07-05,3889,Delhi,3417.66,1213.5142108387272,1179.6692,1175.9299154686125
2022-07-06,3889,Delhi,898.2,1204.1747162448164,1326.6285,1303.6652863708812
2022-07-07,3889,Delhi,2518.61,1158.1375688709045,1363.0717,1338.3513514479607
2022-07-08,3889,Delhi,1480.48,1497.510068486235,1495.4471,1385.069478907995
2022-07-09,3889,Delhi,441.31,1480.8911209421653,1650.3969,1454.6144220071315
2022-07-10,3889,Delhi,870.82,1265.4895962390196,1491.9933,1405.6488948981535
2022-07-01,3889,HR-NCR,1381.58,1227.3521627691387,1296.4359,1271.3140277082666
2022-07-02,3889,HR-NCR,922.21,1405.0991919092753,1411.818,1405.669715549057
2022-07-03,3889,HR-NCR,1056.52,1379.62898659672,1375.7999,1370.5034942510827
2022-07-04,3889,HR-NCR,1247.65,1246.7365176924252,1193.6688,1212.915021374667
2022-07-05,3889,HR-NCR,646.68,1311.1429740768726,1263.1608,1287.8930429737136
2022-07-06,3889,HR-NCR,2349.22,1193.54183869235,1202.9639,1194.7262239361385
2022-07-07,3889,HR-NCR,1128.86,1299.9952670297737,1267.2976,1355.4455041687931
2022-07-08,3889,HR-NCR,874.49,1228.810121932625,1242.3534,1256.8626875707994
2022-07-09,3889,HR-NCR,2127.77,1398.5628650986366,1389.2805,1289.3707695297423
2022-07-10,3889,HR-NCR,1303.87,1404.7484443623553,1369.7192,1349.5914229822736
2022-07-01,3898,Delhi,4129.89,3691.4322693003755,3685.4766,3746.985732353991
2022-07-02,3898,Delhi,4021.45,4308.8405659061455,4333.9272,4222.49637676823
2022-07-03,3898,Delhi,4212.56,3989.583997612773,4054.0522,3986.0099300863417
2022-07-04,3898,Delhi,3954.07,3734.1840893945955,3763.4604,3791.525214146813
2022-07-05,3898,Delhi,3428.0,3629.2714208138086,3612.921,3672.5799735872
2022-07-06,3898,Delhi,3680.01,3659.097736543076,3708.9216,3742.298535906022
2022-07-07,3898,Delhi,3938.43,3925.054815329773,3928.3152,3893.2155660564063
2022-07-08,3898,Delhi,3610.83,3666.8723207245935,3659.1245,3748.0542340271973
2022-07-09,3898,Delhi,4119.28,4349.8489015835075,4409.9272,4264.925860968758
2022-07-10,3898,Delhi,4588.35,4174.285206558361,4137.7407,4101.916787300467
2022-07-01,3898,HR-NCR,2921.62,2964.5609654505492,2957.9749,2952.679185120596
2022-07-02,3898,HR-NCR,3332.0,3459.3066618581697,3525.9336,3370.137730203791
2022-07-03,3898,HR-NCR,3183.04,3243.8612136840934,3369.4487,3241.2044451328043
2022-07-04,3898,HR-NCR,2716.93,2769.0751374488686,2708.3484,2773.5529000661068
2022-07-05,3898,HR-NCR,2434.28,2910.7835420603005,2978.7766,2963.8962079981957
2022-07-06,3898,HR-NCR,2544.84,2775.672213659193,2824.8018,2840.871900770255
2022-07-07,3898,HR-NCR,2882.89,2834.5927669183134,2766.0088,2874.2788122325983
2022-07-08,3898,HR-NCR,3015.51,2793.3476827663367,2871.205,2919.211616304311
2022-07-09,3898,HR-NCR,2863.77,3144.5747490686117,3175.3928,3144.5633921629933
2022-07-10,3898,HR-NCR,3616.85,3266.8943677311645,3321.8242,3270.442508504563
2022-07-01,3907,Delhi,794.88,585.4918511152584,597.2247,574.4858905442443
2022-07-02,3907,Delhi,613.29,689.811180461501,691.4267,681.521240449492
2022-07-03,3907,Delhi,758.3,691.7766576779658,690.64557,682.7846287772592
2022-07-04,3907,Delhi,621.32,598.9426564171082,599.5418,589.2172627929799
2022-07-05,3907,Delhi,622.68,600.565961281887,603.7035,603.2179191200107
2022-07-06,3907,Delhi,596.58,600.2137385679167,601.43713,601.0651558980977
2022-07-07,3907,Delhi,515.16,599.7087827619748,594.734,584.5540613905674
2022-07-08,3907,Delhi,462.71,595.7439850362891,597.6827,599.73674649324
2022-07-09,3907,Delhi,502.46,690.5685978121445,686.2357,679.784266191351
2022-07-10,3907,Delhi,895.23,682.039120707877,663.79016,661.3433533295139
2022-07-01,3907,HR-NCR,329.17,417.3078124277777,414.9431,415.60623795690265
2022-07-02,3907,HR-NCR,448.82,472.2759782725669,459.9633,471.99926414307026
2022-07-03,3907,HR-NCR,660.21,468.46590874642175,456.1,469.02646289441776
2022-07-04,3907,HR-NCR,470.45,424.46691953764133,430.14432,428.5084036966419
2022-07-05,3907,HR-NCR,449.84,418.4014303284232,426.9033,428.5366321731117
2022-07-06,3907,HR-NCR,417.7,417.16133862250695,422.50558,414.82856051214173
2022-07-07,3907,HR-NCR,389.03,418.8012985835906,424.04288,421.9622725752581
2022-07-08,3907,HR-NCR,321.4,419.21534925793384,425.58493,422.00697593085664
2022-07-09,3907,HR-NCR,461.39,469.9491660196404,458.80844,463.78131568179816
2022-07-10,3907,HR-NCR,495.76,472.76280540739884,466.93762,481.0324247589485
2022-07-01,3913,Delhi,1243.4,1421.7094020141185,1416.0244,1413.5900216130724
2022-07-02,3913,Delhi,1764.63,1555.458780982789,1577.0519,1583.7383288271208
2022-07-03,3913,Delhi,1639.3,1543.2653830668266,1540.3223,1547.587928270162
2022-07-04,3913,Delhi,1492.32,1425.6917316156503,1434.0468,1454.0695039878378
2022-07-05,3913,Delhi,1762.29,1442.1015953619515,1438.6802,1439.879388636993
2022-07-06,3913,Delhi,1828.06,1443.8245815200196,1454.6327,1473.3480550056368
2022-07-07,3913,Delhi,1123.5,1470.9964800917044,1508.9674,1508.44787986269
2022-07-08,3913,Delhi,1395.22,1499.0633969665444,1482.0465,1489.504865683745
2022-07-09,3913,Delhi,1832.53,1630.8175789069257,1636.3152,1623.7458314935193
2022-07-10,3913,Delhi,1684.69,1625.9108764370956,1636.2195,1619.149756538226
2022-07-01,3913,HR-NCR,921.97,1142.957589187819,1164.2285,1182.7211068731021
2022-07-02,3913,HR-NCR,1143.57,1301.742050577604,1294.6113,1284.5226267823305
2022-07-03,3913,HR-NCR,1246.13,1302.3419265490086,1287.6345,1279.4762085882567
2022-07-04,3913,HR-NCR,873.66,1119.2765517865982,1117.3876,1131.5639794366728
2022-07-05,3913,HR-NCR,1479.59,1117.8142925226991,1119.887,1134.627681764328
2022-07-06,3913,HR-NCR,1356.0,1139.9668340810563,1169.578,1196.7479869463812
2022-07-07,3913,HR-NCR,1251.01,1143.1916465408765,1157.1515,1188.1046803718632
2022-07-08,3913,HR-NCR,1433.34,1150.8174200934648,1164.5846,1176.9119958573863
2022-07-09,3913,HR-NCR,1134.53,1308.7209145042048,1293.7142,1276.3792544118767
2022-07-10,3913,HR-NCR,1416.34,1311.6002672026375,1304.0137,1286.0485068035614
2022-07-01,3914,Delhi,404.22,341.4212971098745,340.3329,341.3701785555808
2022-07-02,3914,Delhi,342.61,394.57026525456797,385.85336,390.9817590812242
2022-07-03,3914,Delhi,297.84,395.66678078735447,388.85626,399.4916157491068
2022-07-04,3914,Delhi,312.13,332.8985422543739,333.61688,332.47701904505874
2022-07-05,3914,Delhi,428.99,333.1670465550815,333.87704,335.79967408237957
2022-07-06,3914,Delhi,342.9,345.8127949219486,348.90436,347.79071366923944
2022-07-07,3914,Delhi,190.56,334.6605327108944,337.11108,340.07641379857347
2022-07-08,3914,Delhi,492.78,320.24982506878575,328.015,323.5037767749152
2022-07-09,3914,Delhi,470.16,379.54389334110726,372.5457,384.5090825310113
2022-07-10,3914,Delhi,390.47,396.19209840733674,382.0749,395.19025725679194
2022-07-01,3914,HR-NCR,229.13,292.7266816219668,302.8817,299.2650839654276
2022-07-02,3914,HR-NCR,287.67,331.512898122401,336.92627,340.40734460170444
2022-07-03,3914,HR-NCR,691.66,331.512898122401,332.98856,340.15784352871646
2022-07-04,3914,HR-NCR,219.89,312.78484380547945,320.72754,318.6789667658696
2022-07-05,3914,HR-NCR,265.36,307.12579052361315,310.89722,298.84956368938737
2022-07-06,3914,HR-NCR,242.75,308.66690662636427,314.41434,308.07702567638046
2022-07-07,3914,HR-NCR,372.43,309.06320473280334,311.6716,308.3679590000198
2022-07-08,3914,HR-NCR,248.63,310.20061415582484,312.7787,318.5026204782238
2022-07-09,3914,HR-NCR,404.38,350.662090484973,346.5376,351.7721528738478
2022-07-10,3914,HR-NCR,292.4,350.92950584770597,346.79092,363.83542987039976
2022-07-01,3916,Bengaluru,388.88,319.6598702180651,321.85492,319.4040058730382
2022-07-02,3916,Bengaluru,357.87,361.1437112569202,357.78,362.4446605826384
2022-07-03,3916,Bengaluru,356.56,362.1353017357645,357.99588,369.74243232436424
2022-07-04,3916,Bengaluru,357.66,318.88783877687104,320.84253,317.89032232670246
2022-07-05,3916,Bengaluru,441.02,319.1631683629378,320.84253,320.1289683319567
2022-07-06,3916,Bengaluru,305.86,319.6598702180651,331.40002,329.80348253383727
2022-07-07,3916,Bengaluru,390.62,320.06640077345475,331.18414,325.9098257347579
2022-07-08,3916,Bengaluru,315.98,333.66548240120693,334.96387,331.32488746609164
2022-07-09,3916,Bengaluru,343.76,366.04845037974496,372.5457,377.0365627424638
2022-07-10,3916,Bengaluru,431.59,366.04845037974496,372.5457,379.31994623344366
2022-07-01,3918,Delhi,564.47,526.0816450101173,526.3058,536.731896697958
2022-07-02,3918,Delhi,516.81,600.3458771098512,595.4117,594.9808995357922
2022-07-03,3918,Delhi,414.49,596.91317792021,593.69574,600.2515115117485
2022-07-04,3918,Delhi,520.55,517.9018343522706,518.50684,514.5543360204088
2022-07-05,3918,Delhi,683.78,522.535835310769,525.6677,542.4297851811581
2022-07-06,3918,Delhi,391.22,526.1349229999331,528.7883,536.2108576119776
2022-07-07,3918,Delhi,680.42,520.664001695696,522.3106,520.9301346102998
2022-07-08,3918,Delhi,641.19,545.4320299653292,542.4209,546.2869116508497
2022-07-09,3918,Delhi,492.16,630.9558364791162,619.5407,614.9992048188584
2022-07-10,3918,Delhi,582.51,623.9318497986055,617.9431,617.0297829938602
2022-07-01,3918,HR-NCR,113.47,287.23926650672803,285.90018,276.6633608096628
2022-07-02,3918,HR-NCR,585.36,321.150917845184,318.27795,325.8045905788523
2022-07-03,3918,HR-NCR,247.25,339.5053768024456,339.4163,351.36268117621967
2022-07-04,3918,HR-NCR,72.54,289.4113414411151,290.20767,292.40741497748826
2022-07-05,3918,HR-NCR,477.11,277.14114524362463,272.6057,276.76702820659744
2022-07-06,3918,HR-NCR,299.05,285.16065304272723,284.10037,285.8862538302835
2022-07-07,3918,HR-NCR,151.31,287.6960636151632,287.27136,291.27799098845384
2022-07-08,3918,HR-NCR,292.13,286.15686047723386,283.27814,274.0563943090524
2022-07-09,3918,HR-NCR,409.53,333.212218287336,328.4994,343.8957807183822
2022-07-10,3918,HR-NCR,416.77,328.3896413781191,325.04413,335.6184728842945
2022-07-01,3923,Delhi,427.64,479.8457884703451,473.9194,483.80789527405904
2022-07-02,3923,Delhi,714.64,549.927369501506,533.7198,540.0690688587692
2022-07-03,3923,Delhi,668.96,552.9020168252014,537.8017,539.0675688066392
2022-07-04,3923,Delhi,552.73,489.7279624798895,498.97153,493.787039485287
2022-07-05,3923,Delhi,505.92,489.40131465598637,495.70108,492.3030129399024
2022-07-06,3923,Delhi,523.49,482.579428469454,491.28265,493.48810744645795
2022-07-07,3923,Delhi,550.39,484.5576181939943,492.88678,491.53178223162445
2022-07-08,3923,Delhi,321.59,489.14630419297055,493.74188,491.5701665046445
2022-07-09,3923,Delhi,719.7,559.2040549269029,560.2976,566.9269496734462
2022-07-10,3923,Delhi,519.73,564.6774174791275,565.8895,562.4108834559424
2022-07-01,3923,HR-NCR,462.81,449.5020237980387,455.50076,451.4313047084069
2022-07-02,3923,HR-NCR,571.49,514.8768298880951,514.6482,518.5389147770554
2022-07-03,3923,HR-NCR,458.65,519.8068039167061,520.5696,528.9964430967356
2022-07-04,3923,HR-NCR,400.07,449.1870996388095,445.3455,447.4878084145021
2022-07-05,3923,HR-NCR,522.18,448.878135524748,453.27814,448.8525295558202
2022-07-06,3923,HR-NCR,501.94,450.26198907650365,456.35748,456.0129730634723
2022-07-07,3923,HR-NCR,440.33,449.5482926084193,453.27814,453.03956058803556
2022-07-08,3923,HR-NCR,392.69,450.5180954858317,455.50076,453.8402655114555
2022-07-09,3923,HR-NCR,540.7,515.9844870300394,516.2294,525.1138181009155
2022-07-10,3923,HR-NCR,453.04,520.9144610586504,518.9884,524.0854689279905
2022-07-01,3924,Bengaluru,223.92,235.39802314059148,239.89525,233.06448388025973
2022-07-02,3924,Bengaluru,261.18,268.4100785041718,272.7332,281.76077707884104
2022-07-03,3924,Bengaluru,263.4,269.1673353123147,273.47864,282.6048126190195
2022-07-04,3924,Bengaluru,216.17,236.529973071904,240.988,240.79979527692433
2022-07-05,3924,Bengaluru,290.1,234.1181405087909,234.90114,231.61943330249775
2022-07-06,3924,Bengaluru,244.55,235.06967443615832,239.65337,238.5239740004961
2022-07-07,3924,Bengaluru,269.95,238.90541446000935,240.5458,238.50257618497878
2022-07-08,3924,Bengaluru,216.49,238.36400415316206,240.01334,236.49618925630276
2022-07-09,3924,Bengaluru,234.6,274.71563195492956,275.14938,287.2047114072037
2022-07-10,3924,Bengaluru,259.42,268.8135472532468,267.69302,280.0496282158218
2022-07-01,3924,Delhi,401.01,394.38897667043796,400.9996,399.58645349185116
2022-07-02,3924,Delhi,497.57,463.65102124275273,452.12488,457.26997054971594
2022-07-03,3924,Delhi,424.58,463.95998535681423,456.18835,468.89540716735866
2022-07-04,3924,Delhi,542.1,403.48454858864676,404.9093,402.2270519123633
2022-07-05,3924,Delhi,396.88,415.180189070117,410.62314,406.54813283144983
2022-07-06,3924,Delhi,340.03,409.94430919362264,410.03146,410.9254619923987
2022-07-07,3924,Delhi,415.59,404.50062027643975,406.90317,407.92171401517203
2022-07-08,3924,Delhi,419.73,405.91546427308793,406.45135,407.5149229493578
2022-07-09,3924,Delhi,554.46,455.42982527911767,455.86108,460.8165154277824
2022-07-10,3924,Delhi,484.5,470.6184465344822,463.1339,466.79534296576287
2022-07-01,3924,HR-NCR,278.97,271.7393804973616,275.01782,269.5430645060781
2022-07-02,3924,HR-NCR,313.41,317.96110770131907,316.0588,325.02906297468286
2022-07-03,3924,HR-NCR,364.8,321.0241632394723,318.37524,327.8599953718998
2022-07-04,3924,HR-NCR,253.61,275.82757858695874,279.03076,277.7923644208416
2022-07-05,3924,HR-NCR,252.43,275.82757858695874,278.13052,273.2779018734173
2022-07-06,3924,HR-NCR,274.65,274.02129590163196,279.03076,276.03627384629914
2022-07-07,3924,HR-NCR,289.49,270.2427295127083,271.1396,268.75581686103294
2022-07-08,3924,HR-NCR,300.79,276.20779530568717,278.2853,273.66727413132065
2022-07-09,3924,HR-NCR,308.44,320.3418846247171,315.22928,320.7222434050951
2022-07-10,3924,HR-NCR,262.61,320.88642427994876,322.8768,331.4604143484969
2022-07-01,3928,Bengaluru,126.27,187.26467508842015,187.72617,184.9622615701233
2022-07-02,3928,Bengaluru,194.45,214.81087503046362,212.86763,223.25665039307864
2022-07-03,3928,Bengaluru,221.71,209.78998124986944,210.05249,222.10257396137322
2022-07-04,3928,Bengaluru,255.47,183.41127435998985,187.16309,190.553094052962
2022-07-05,3928,Bengaluru,200.23,182.16008856492294,184.13173,179.7662129252525
2022-07-06,3928,Bengaluru,250.06,182.16008856492294,184.13173,180.07537600954782
2022-07-07,3928,Bengaluru,188.77,184.74217824035946,189.5754,184.8986483326151
2022-07-08,3928,Bengaluru,190.9,186.06107548430984,189.5754,182.3692394800733
2022-07-09,3928,Bengaluru,225.03,210.81767621049983,214.4913,222.55129011354137
2022-07-10,3928,Bengaluru,141.92,212.75089456874164,214.74886,223.4088082277676
2022-07-01,3952,Bengaluru,167.15,167.61371698743554,169.9765,163.8037251803278
2022-07-02,3952,Bengaluru,185.91,192.606617531478,192.29648,203.22912740615482
2022-07-03,3952,Bengaluru,149.83,193.3807587156682,193.35619,204.71524786131442
2022-07-04,3952,Bengaluru,164.47,162.43414808120718,166.15355,162.10326962868726
2022-07-05,3952,Bengaluru,180.8,162.43414808120718,166.15355,159.33685322408743
2022-07-06,3952,Bengaluru,208.61,164.68925365489494,166.15355,159.95208035062362
2022-07-07,3952,Bengaluru,227.94,167.9183460045463,170.63432,165.74682890148787
2022-07-08,3952,Bengaluru,194.45,167.9183460045463,171.79303,165.0720781535773
2022-07-09,3952,Bengaluru,178.82,193.28826905161284,193.7759,203.27805168648038
2022-07-10,3952,Bengaluru,189.69,193.37803946444228,194.03345,201.9027400505992
2022-07-01,4907,Delhi,107.99,154.37503227480678,160.16661,145.63699226780443
2022-07-02,4907,Delhi,202.93,177.05016455310957,181.02202,184.01056665690393
2022-07-03,4907,Delhi,143.63,177.05016455310957,181.27957,184.17600430200636
2022-07-04,4907,Delhi,157.6,154.37503227480678,160.16661,147.60856699993477
2022-07-05,4907,Delhi,114.7,154.37503227480678,160.16661,148.88442094424371
2022-07-06,4907,Delhi,116.83,154.37503227480678,160.16661,147.07441521558792
2022-07-07,4907,Delhi,92.5,154.37503227480678,160.16661,144.62280886759837
2022-07-08,4907,Delhi,161.3,154.37503227480678,160.16661,144.1046535413569
2022-07-09,4907,Delhi,170.16,177.05016455310957,181.02202,183.63581023608845
2022-07-10,4907,Delhi,126.98,177.05016455310957,181.27957,183.04563658936624
2022-07-01,4916,Bengaluru,726.1,657.5045135640495,675.34534,675.7433829477004
2022-07-02,4916,Bengaluru,793.3,760.0667310435324,765.3322,762.0938792843668
2022-07-03,4916,Bengaluru,786.48,758.3510315381533,765.0402,760.854522972198
2022-07-04,4916,Bengaluru,773.78,657.5045135640495,667.635,667.1074295526131
2022-07-05,4916,Bengaluru,715.49,657.5045135640495,675.2741,669.8243085640872
2022-07-06,4916,Bengaluru,584.11,685.9316878964644,680.8306,682.1102842817677
2022-07-07,4916,Bengaluru,637.23,665.8108987029212,673.5848,666.4721575446862
2022-07-08,4916,Bengaluru,688.93,666.7470876592278,679.86554,670.6902143495556
2022-07-09,4916,Bengaluru,805.14,761.2031850235128,770.0171,763.5867831925569
2022-07-10,4916,Bengaluru,813.24,760.5823550164005,767.8364,759.1916980054896
2022-07-01,4916,Delhi,1244.75,998.4484693579492,1037.6682,1028.680736284045
2022-07-02,4916,Delhi,1333.23,1127.1313276480657,1169.3856,1129.4145506840405
2022-07-03,4916,Delhi,1031.22,1124.8100266416143,1180.2449,1162.8066017318104
2022-07-04,4916,Delhi,728.25,1034.3741017911764,1039.2899,1046.9102049767544
2022-07-05,4916,Delhi,1024.28,1043.6930114214508,1043.0616,1047.5097859404004
2022-07-06,4916,Delhi,1058.14,984.0109886352134,1028.5236,1031.1990493438402
2022-07-07,4916,Delhi,1256.19,992.7360182355151,1034.7377,1033.7250434602304
2022-07-08,4916,Delhi,958.04,1056.6278029920932,1072.8412,1092.117965777773
2022-07-09,4916,Delhi,1093.25,1143.2510870460235,1183.6328,1158.2440506371108
2022-07-10,4916,Delhi,1274.41,1132.1524659180266,1173.9786,1147.387551110441
2022-07-01,4916,HR-NCR,716.3,750.9590897373432,756.88794,749.1726841436559
2022-07-02,4916,HR-NCR,737.83,848.07261269289,850.19147,851.3437752244372
2022-07-03,4916,HR-NCR,697.08,839.0336399862309,834.84436,826.7413652820336
2022-07-04,4916,HR-NCR,549.22,751.3113537824039,748.52216,763.7508869119602
2022-07-05,4916,HR-NCR,720.7,748.4789053118601,745.5644,754.9903830723999
2022-07-06,4916,HR-NCR,793.08,751.3113537824039,748.52216,757.152534342461
2022-07-07,4916,HR-NCR,622.15,753.5678045030216,748.3482,760.2836923034046
2022-07-08,4916,HR-NCR,673.69,754.5116986967568,735.1547,744.762338155246
2022-07-09,4916,HR-NCR,841.34,845.7966943437112,826.3917,829.9971310204542
2022-07-10,4916,HR-NCR,750.32,832.3968944291994,826.3917,825.3390659667334
2022-07-01,4916,Mumbai,154.16,154.56393465986645,160.42809,152.46943691803222
2022-07-02,4916,Mumbai,203.61,177.23906693816923,181.02202,189.5215390097826
2022-07-03,4916,Mumbai,143.19,177.75657651129106,181.54105,191.59088762772936
2022-07-04,4916,Mumbai,148.5,154.67921178447716,160.16661,153.78361939962878
2022-07-05,4916,Mumbai,174.62,154.67921178447716,160.16661,152.9723184185125
2022-07-06,4916,Mumbai,165.24,154.97511778209523,160.16661,152.20157678319416
2022-07-07,4916,Mumbai,159.03,156.50669453513328,161.29301,153.05041504670598
2022-07-08,4916,Mumbai,155.69,156.50669453513328,161.29301,153.68203175193668
2022-07-09,4916,Mumbai,206.11,177.5349729357873,181.02202,190.05203643644916
2022-07-10,4916,Mumbai,113.58,179.37557061865704,182.88962,190.07703493614474
2022-07-01,4926,Delhi,302.31,291.6036868355009,294.85883,282.90277081220654
2022-07-02,4926,Delhi,256.81,333.0868281232074,340.19772,361.6180114887391
2022-07-03,4926,Delhi,185.54,328.37716432448804,327.63583,336.83288330012664
2022-07-04,4926,Delhi,265.57,271.96768286696584,273.56702,275.2751794980865
2022-07-05,4926,Delhi,120.86,271.7393804973616,272.9834,269.0874215529239
2022-07-06,4926,Delhi,301.19,263.8815167487664,265.77805,258.78043664852413
2022-07-07,4926,Delhi,154.03,264.1309193373657,265.33606,263.05595033738786
2022-07-08,4926,Delhi,243.19,269.5037846315569,268.36725,262.6605929619532
2022-07-09,4926,Delhi,220.02,306.78977204470436,305.16098,326.7777506631951
2022-07-10,4926,Delhi,451.02,309.88957131982045,303.27997,317.6630017213547
2022-07-01,4926,HR-NCR,154.75,184.65740394756799,189.5754,184.82499547534084
2022-07-02,4926,HR-NCR,191.74,210.64131646355688,213.90396,223.55720929732504
2022-07-03,4926,HR-NCR,180.06,211.41545764774708,214.96367,227.72949653894574
2022-07-04,4926,HR-NCR,194.24,182.16008856492294,183.54439,179.88113591735384
2022-07-05,4926,HR-NCR,184.06,182.16008856492294,183.54439,179.01794012080433
2022-07-06,4926,HR-NCR,243.86,182.3980265478569,183.54439,181.72826057494757
2022-07-07,4926,HR-NCR,169.21,189.60882678092273,191.95233,190.41717991542063
2022-07-08,4926,HR-NCR,170.74,183.80169808459874,183.54439,180.18130542011517
2022-07-09,4926,HR-NCR,209.18,208.4548546060699,208.4603,219.00401778100306
2022-07-10,4926,HR-NCR,196.05,215.45202876510177,213.12518,226.39491315282905
2022-07-01,4927,Delhi,878.3,1096.5969661137053,1103.6902,1122.281308922607
2022-07-02,4927,Delhi,1487.47,1236.6547799938153,1221.697,1220.772620609594
2022-07-03,4927,Delhi,1218.87,1233.4656035279306,1222.9097,1228.4006120695315
2022-07-04,4927,Delhi,1043.92,1077.6685230945443,1071.5602,1083.6255358808432
2022-07-05,4927,Delhi,1106.09,1087.4124889899026,1084.897,1098.4535207586355
2022-07-06,4927,Delhi,1165.53,1089.3032825706669,1103.3584,1122.8240908460502
2022-07-07,4927,Delhi,992.51,1089.2803435812207,1091.4481,1094.7121768485774
2022-07-08,4927,Delhi,1095.63,1096.075361274478,1096.5532,1091.335376394074
2022-07-09,4927,Delhi,1421.05,1238.6403674006508,1233.147,1215.2576480282105
2022-07-10,4927,Delhi,1371.35,1237.5874416715872,1231.6642,1219.8522012347537
2022-07-01,4927,HR-NCR,479.13,710.3883756600505,707.8175,718.9805626310116
2022-07-02,4927,HR-NCR,1174.53,801.498002506067,788.79553,784.9451931774365
2022-07-03,4927,HR-NCR,1245.5,827.7017622910685,803.8471,805.5121196409559
2022-07-04,4927,HR-NCR,525.73,740.3702767917226,741.3427,752.0847007136935
2022-07-05,4927,HR-NCR,1120.04,728.6171040870322,730.99176,726.0681195000377
2022-07-06,4927,HR-NCR,860.7,756.7017167980014,771.4636,773.4784967696673
2022-07-07,4927,HR-NCR,764.79,755.313445487071,754.94354,747.6682933565913
2022-07-08,4927,HR-NCR,591.38,739.3828304673714,763.8916,738.983505233628
2022-07-09,4927,HR-NCR,873.69,834.8395587638048,848.2591,814.8159317150022
2022-07-10,4927,HR-NCR,743.04,856.2863237009633,875.38,869.8693196966174
2022-07-01,4943,Bengaluru,1033.61,885.293913687273,889.5125,895.11669628657
2022-07-02,4943,Bengaluru,1014.79,1006.5881028402027,974.0487,970.7277474590555
2022-07-03,4943,Bengaluru,1028.1,1008.3072685336691,1019.006,1007.003698812504
2022-07-04,4943,Bengaluru,923.64,881.4503473732813,894.9547,897.3658957792809
2022-07-05,4943,Bengaluru,898.61,881.4503473732813,895.7047,904.406278586021
2022-07-06,4943,Bengaluru,986.39,878.1654978297272,878.43243,887.8497379955245
2022-07-07,4943,Bengaluru,1031.13,883.7016284991425,896.9025,899.2178364703726
2022-07-08,4943,Bengaluru,863.14,908.3061480258262,906.6543,917.663052301076
2022-07-09,4943,Bengaluru,978.34,1015.3738388398217,1026.9022,1007.7343381641049
2022-07-10,4943,Bengaluru,1017.27,1011.0576801174892,1014.2808,1001.1260570632859
2022-07-01,4943,Delhi,334.06,482.7283032379207,491.012,487.2740657741503
2022-07-02,4943,Delhi,383.77,539.1675740154459,525.3115,534.0654860716004
2022-07-03,4943,Delhi,504.05,522.3758574387406,523.0022,529.9220980842136
2022-07-04,4943,Delhi,350.84,453.6395623637607,455.887,461.9170648064759
2022-07-05,4943,Delhi,471.32,454.9106445145695,457.67584,459.83621505652786
2022-07-06,4943,Delhi,356.77,449.5020237980387,457.08185,463.9566147108403
2022-07-07,4943,Delhi,360.99,450.5180954858317,454.57913,458.39919180595143
2022-07-08,4943,Delhi,416.8,450.4437746279538,454.74728,456.00096889523127
2022-07-09,4943,Delhi,537.32,505.86261685503,498.08194,501.39501454395776
2022-07-10,4943,Delhi,648.85,520.9144610586504,518.4322,519.6519737283637
2022-07-01,4943,HR-NCR,272.19,280.4821867369695,280.67938,282.0915705612477
2022-07-02,4943,HR-NCR,296.28,323.80698403664985,323.7101,336.46111514031793
2022-07-03,4943,HR-NCR,322.16,319.98726201408414,313.48547,322.0450618203259
2022-07-04,4943,HR-NCR,294.16,276.3347621107333,274.8782,275.06617155645387
2022-07-05,4943,HR-NCR,280.98,280.5854505091212,281.71783,281.9075380245365
2022-07-06,4943,HR-NCR,195.75,279.9711364194764,278.35864,275.6823237603756
2022-07-07,4943,HR-NCR,306.08,276.80688412019754,275.4425,276.175528630037
2022-07-08,4943,HR-NCR,223.37,276.6443938114068,273.74576,271.41318338704366
2022-07-09,4943,HR-NCR,297.94,320.6215544957547,315.6701,324.2506710957713
2022-07-10,4943,HR-NCR,276.28,315.0906023196531,311.2577,322.0383756385848
2022-07-01,4943,Mumbai,283.18,247.41585904065198,253.60797,248.97327341396024
2022-07-02,4943,Mumbai,338.57,286.8256114277141,287.387,291.64198630011407
2022-07-03,4943,Mumbai,200.73,286.83265592202815,287.2322,292.9411867645591
2022-07-04,4943,Mumbai,300.02,246.72974611167845,251.75647,245.2235232237567
2022-07-05,4943,Mumbai,310.23,246.07637388587958,252.65842,248.4608973442133
2022-07-06,4943,Mumbai,238.73,248.5215551175287,256.1558,249.5573441371942
2022-07-07,4943,Mumbai,268.65,246.59530644821902,254.79854,251.95269061653104
2022-07-08,4943,Mumbai,280.5,247.6335854505897,253.29834,251.74696535817407
2022-07-09,4943,Mumbai,287.14,289.09783595803196,289.83356,300.76032083458887
2022-07-10,4943,Mumbai,282.22,288.4814529408897,287.04565,293.1253417558311
2022-07-01,4967,Delhi,164.63,154.37503227480678,160.16661,148.6843174236813
2022-07-02,4967,Delhi,212.9,179.09416690453168,185.43282,193.35271345613572
2022-07-03,4967,Delhi,108.56,179.1127101646508,183.83221,193.25921927625916
2022-07-04,4967,Delhi,219.09,155.22491459563216,160.42809,147.2868613096806
2022-07-05,4967,Delhi,110.7,155.52909410530253,160.42809,151.75035851732423
2022-07-06,4967,Delhi,204.2,155.22491459563216,160.42809,150.3992044736578
2022-07-07,4967,Delhi,110.31,155.52909410530253,160.42809,152.58052715819537
2022-07-08,4967,Delhi,185.78,154.67921178447716,160.16661,147.02575256484337
2022-07-09,4967,Delhi,328.12,177.93390665827545,181.56259,192.65632267886892
2022-07-10,4967,Delhi,150.22,177.460670513673,181.54105,190.06769438980587
2022-07-01,5451,Delhi,182.13,156.11774073267142,161.29301,153.55646521237847
2022-07-02,5451,Delhi,242.98,179.0691927503618,182.37059,190.14109002374323
2022-07-03,5451,Delhi,161.56,179.93741150493065,182.88962,193.3566102402641
2022-07-04,5451,Delhi,233.17,157.54321028053022,161.55449,152.70888423558353
2022-07-05,5451,Delhi,165.29,162.65400280552646,166.81137,165.59429608526142
2022-07-06,5451,Delhi,169.66,162.1551927644554,166.15355,155.68973057199938
2022-07-07,5451,Delhi,105.26,163.6791211276534,168.146,161.88464042125983
2022-07-08,5451,Delhi,171.9,157.6279845733217,161.55449,155.0381635084094
2022-07-09,5451,Delhi,120.05,180.8728437910537,183.96669,197.10506728907106
2022-07-10,5451,Delhi,188.43,177.460670513673,181.54105,189.85885971960062
2022-07-01,9098,Delhi,303.51,512.4176083235153,514.9543,513.0529305956454
2022-07-02,9098,Delhi,514.95,581.5189593983973,579.66174,576.635689165111
2022-07-03,9098,Delhi,599.46,580.898129391285,578.67474,580.194311178656
2022-07-04,9098,Delhi,590.16,510.066957156557,514.5833,513.8363013542851
2022-07-05,9098,Delhi,465.7,509.9180823880902,513.9893,515.2540900906486
2022-07-06,9098,Delhi,636.29,504.51615312083345,500.16522,500.1131383936121
2022-07-07,9098,Delhi,543.72,513.4869580011238,513.51874,516.3439541495874
2022-07-08,9098,Delhi,388.36,512.8943434630974,514.5833,507.17465841777005
2022-07-09,9098,Delhi,535.04,584.5124593749847,578.67474,568.712494839398
2022-07-10,9098,Delhi,525.22,589.4424334035957,584.59607,581.9811581996646
2022-07-01,9098,HR-NCR,460.03,455.05282783376225,458.53094,456.79687488928096
2022-07-02,9098,HR-NCR,629.31,513.2601024172425,514.6635,517.5055007881947
2022-07-03,9098,HR-NCR,494.83,525.3649339386785,518.9884,519.5739187474975
2022-07-04,9098,HR-NCR,557.07,454.7084917562872,458.66678,455.8369006103829
2022-07-05,9098,HR-NCR,363.93,460.4614485502931,468.3989,467.6768112602134
2022-07-06,9098,HR-NCR,500.28,449.5020237980387,457.81006,453.6727497688113
2022-07-07,9098,HR-NCR,432.96,454.6556340515537,457.81006,460.07085716535516
2022-07-08,9098,HR-NCR,439.23,455.72456344408016,458.13733,458.979217051746
2022-07-09,9098,HR-NCR,543.78,512.8649417943975,516.57416,523.0527877828149
2022-07-10,9098,HR-NCR,481.2,525.9292025570093,521.2978,524.8737711887773
2022-07-01,9147,Delhi,343.1,214.4918184312363,216.90756,213.70517126004512
2022-07-02,9147,Delhi,288.7,244.84333137858235,245.08345,255.07452533164584
2022-07-03,9147,Delhi,148.22,250.75764048250835,250.08939,257.26935951920416
2022-07-04,9147,Delhi,232.09,220.60680113690796,221.79886,219.6570785240426
2022-07-05,9147,Delhi,255.94,216.2153574055737,218.62236,218.1298286189492
2022-07-06,9147,Delhi,196.84,220.19688822147103,220.85234,216.2724019945502
2022-07-07,9147,Delhi,209.99,217.52166815567088,219.62332,219.7615381483821
2022-07-08,9147,Delhi,212.69,216.8415420052125,216.42195,217.11560020098455
2022-07-09,9147,Delhi,232.62,247.68129945086005,243.63501,251.15476138043053
2022-07-10,9147,Delhi,195.87,243.8097077742563,244.93361,245.9057089105699
2022-07-01,9147,HR-NCR,208.53,184.65740394756799,189.5754,184.45058348981144
2022-07-02,9147,HR-NCR,230.8,210.64131646355688,214.4913,223.13380451612787
2022-07-03,9147,HR-NCR,248.1,212.97346854428685,218.06342,227.928182667179
2022-07-04,9147,HR-NCR,189.95,190.37480999147354,194.50443,189.427410615611
2022-07-05,9147,HR-NCR,162.76,184.65740394756799,189.5754,183.33104198239712
2022-07-06,9147,HR-NCR,153.09,184.65740394756799,189.5754,184.90075130480184
2022-07-07,9147,HR-NCR,147.66,184.50424025742552,189.5754,181.84886621703546
2022-07-08,9147,HR-NCR,216.05,184.50424025742552,188.98805,184.79924418515964
2022-07-09,9147,HR-NCR,216.48,210.81767621049983,213.90396,225.630635329227
2022-07-10,9147,HR-NCR,282.69,211.19288367220187,214.16151,227.27996097610367
2022-07-01,9483,Bengaluru,358.33,179.31150549093954,180.29056,166.45255668510137
2022-07-02,9483,Bengaluru,259.87,208.7631910071715,209.2895,214.8056666128588
2022-07-03,9483,Bengaluru,119.59,214.53377196461773,220.86223,234.0708614823648
2022-07-04,9483,Bengaluru,104.45,181.39137013277235,183.96425,172.1284690921904
2022-07-05,9483,Bengaluru,116.12,174.69042985028696,175.25992,173.38359715978686
2022-07-06,9483,Bengaluru,104.25,168.28649390413068,171.91022,159.21404319837328
2022-07-07,9483,Bengaluru,61.64,168.24204641303666,171.68655,166.6110543203301
2022-07-08,9483,Bengaluru,52.83,166.4337262599706,166.86864,163.64538006286037
2022-07-09,9483,Bengaluru,74.11,187.1571943777384,186.26076,191.12179715603494
2022-07-10,9483,Bengaluru,376.28,188.0040171147618,187.02237,196.75755093927222
2022-07-01,9483,Delhi,1383.66,1396.8435016454891,1374.7638,1407.4949521539688
2022-07-02,9483,Delhi,1464.31,1492.922906439749,1459.4587,1452.9975037070644
2022-07-03,9483,Delhi,1133.06,1483.7174646429992,1450.8507,1449.6511655782037
2022-07-04,9483,Delhi,1107.91,1328.631408442358,1312.167,1324.221976837318
2022-07-05,9483,Delhi,1223.73,1336.4355847727672,1334.0056,1347.0869111334302
2022-07-06,9483,Delhi,1051.93,1326.9844200079644,1314.5416,1320.438983964758
2022-07-07,9483,Delhi,1052.51,1377.2712394695077,1348.6029,1365.5048549473845
2022-07-08,9483,Delhi,1575.55,1308.0542163902378,1287.3059,1324.9238728662572
2022-07-09,9483,Delhi,1179.91,1469.013731332616,1445.211,1473.6329546813745
2022-07-10,9483,Delhi,930.39,1455.4614223473639,1421.3105,1421.5333916153895
2022-07-01,9483,HR-NCR,780.73,648.7611963747565,658.8286,662.7452800383204
2022-07-02,9483,HR-NCR,820.17,770.1826051824626,742.8391,743.1326789583552
2022-07-03,9483,HR-NCR,639.04,747.2676747639338,742.75305,721.9149423980149
2022-07-04,9483,HR-NCR,546.19,654.7262977640656,658.99695,653.4421784949689
2022-07-05,9483,HR-NCR,970.4,652.0707340311011,652.43304,644.0695119256756
2022-07-06,9483,HR-NCR,550.54,666.7016887433908,685.27765,684.8613955263485
2022-07-07,9483,HR-NCR,743.31,656.0697462268108,657.3955,652.3743954448016
2022-07-08,9483,HR-NCR,660.43,666.7470876592278,680.8306,680.7870167569628
2022-07-09,9483,HR-NCR,506.3,761.2031850235128,745.9207,748.475619669191
2022-07-10,9483,HR-NCR,927.0,741.5629323424927,739.15826,722.7355005539478
2022-07-01,10088,Bengaluru,1480.5,1549.2888468996498,1553.6371,1564.942349857036
2022-07-02,10088,Bengaluru,1990.52,1741.0714009653052,1735.2389,1720.2437084808425
2022-07-03,10088,Bengaluru,1809.48,1742.9058106423913,1743.1185,1747.413317478814
2022-07-04,10088,Bengaluru,1572.68,1514.4282871079586,1540.1606,1556.8759995687383
2022-07-05,10088,Bengaluru,1259.07,1513.4989379150775,1537.005,1554.9159076967903
2022-07-06,10088,Bengaluru,1495.83,1528.0092292150487,1547.5206,1564.9819912888145
2022-07-07,10088,Bengaluru,1428.28,1551.0254418061847,1556.656,1574.9328538615055
2022-07-08,10088,Bengaluru,1372.21,1535.03245718355,1542.8483,1551.3626687039712
2022-07-09,10088,Bengaluru,1743.08,1821.7227303629888,1807.12,1785.0703486135494
2022-07-10,10088,Bengaluru,1886.39,1729.466806293033,1722.11,1707.2624032065773
2022-07-01,10088,Delhi,2353.46,2498.6749273700993,2521.3174,2452.7848765457875
2022-07-02,10088,Delhi,2413.42,2787.903642177475,2735.9097,2606.924348643012
2022-07-03,10088,Delhi,2909.9,2846.3839040168627,2815.4634,2683.037996010121
2022-07-04,10088,Delhi,2454.17,2426.843153818991,2447.2861,2416.229232116634
2022-07-05,10088,Delhi,2551.61,2366.491658256995,2381.009,2340.3424640913627
2022-07-06,10088,Delhi,2082.83,2433.727000925942,2440.651,2393.453979912931
2022-07-07,10088,Delhi,2274.85,2454.4586110504238,2472.6309,2423.166157886822
2022-07-08,10088,Delhi,2018.51,2489.640372662333,2420.7173,2399.434703299504
2022-07-09,10088,Delhi,2483.66,2418.1086920142384,2534.6433,2457.607743420127
2022-07-10,10088,Delhi,2941.8,2686.448441173532,2670.7346,2600.706009247342
2022-07-01,10088,HR-NCR,1659.85,1441.7446326001045,1427.9991,1454.899316822808
2022-07-02,10088,HR-NCR,1904.78,1550.2317637977724,1570.7109,1554.676002461772
2022-07-03,10088,HR-NCR,1851.03,1544.4354531037827,1557.9989,1544.6605974346717
2022-07-04,10088,HR-NCR,1193.04,1394.401072897957,1402.8455,1412.4321961260666
2022-07-05,10088,HR-NCR,2039.62,1405.277245564209,1424.7751,1443.1285385166484
2022-07-06,10088,HR-NCR,1396.75,1462.2893446679611,1438.1783,1447.0660025842335
2022-07-07,10088,HR-NCR,1293.76,1456.3709213783438,1455.4144,1456.1056764646498
2022-07-08,10088,HR-NCR,1155.85,1471.634414110306,1449.0963,1470.8162879406748
2022-07-09,10088,HR-NCR,1583.59,1684.1910948375862,1641.8301,1619.9463794078686
2022-07-10,10088,HR-NCR,1508.65,1600.6887021738532,1603.9852,1585.631096222701
2022-07-01,10088,Mumbai,251.6,270.58552742289663,275.6961,270.3606221104913
2022-07-02,10088,Mumbai,326.92,314.3758586369093,313.65616,316.73292115672336
2022-07-03,10088,Mumbai,326.43,320.2521317982782,315.97473,321.649450825286
2022-07-04,10088,Mumbai,268.71,275.82757858695874,278.2853,274.77187374233176
2022-07-05,10088,Mumbai,295.28,275.82757858695874,278.2853,272.40972522111565
2022-07-06,10088,Mumbai,313.77,275.82757858695874,278.2853,274.51814019027546
2022-07-07,10088,Mumbai,320.69,276.2783803237421,279.03076,276.96997043350353
2022-07-08,10088,Mumbai,287.64,276.20779530568717,283.72116,277.0592254853731
2022-07-09,10088,Mumbai,303.13,327.0269175884537,323.74698,331.64037879331164
2022-07-10,10088,Mumbai,344.84,326.73230061527954,324.07648,332.8800304940759
2022-07-01,10529,Delhi,168.13,179.34413074994458,181.39183,176.79207099885022
2022-07-02,10529,Delhi,203.46,205.07706296568298,205.35468,212.49771520445893
2022-07-03,10529,Delhi,154.77,205.45227042738503,205.61223,212.80624726071534
2022-07-04,10529,Delhi,115.33,179.34413074994458,181.05469,176.86774676288434
2022-07-05,10529,Delhi,130.46,171.37320632243046,172.6857,166.87893040420764
2022-07-06,10529,Delhi,177.35,171.37320632243046,173.92245,169.33717449599797
2022-07-07,10529,Delhi,156.55,171.45798061522194,172.6857,170.06099248881668
2022-07-08,10529,Delhi,153.45,172.3983246445574,174.02032,173.83533971578515
2022-07-09,10529,Delhi,180.36,193.06841432729357,193.11807,202.90210033136674
2022-07-10,10529,Delhi,276.32,195.7516750369123,195.85638,207.54764961221971
2022-07-01,10530,Delhi,104.07,173.98232551804722,176.33635,172.60027285871493
2022-07-02,10530,Delhi,242.13,194.88510429056961,194.21628,207.71472314318595
2022-07-03,10530,Delhi,274.12,195.4408997622295,198.82297,214.51630332528765
2022-07-04,10530,Delhi,161.59,165.28922677155293,174.5919,167.93120163742933
2022-07-05,10530,Delhi,147.55,165.28922677155293,174.5919,165.688971271234
2022-07-06,10530,Delhi,145.94,163.33402888151224,169.14821,165.119543831579
2022-07-07,10530,Delhi,99.72,164.08019188688738,168.91013,156.45018974946427
2022-07-08,10530,Delhi,215.97,155.90186960070602,164.54913,157.05707276065976
2022-07-09,10530,Delhi,157.58,181.5384496151695,184.26988,202.03963610338366
2022-07-10,10530,Delhi,320.17,181.0137762765665,184.56606,199.18824663859345
2022-07-01,10557,Delhi,567.4,736.364330324529,740.4172,745.5237678804889
2022-07-02,10557,Delhi,550.32,834.0235593963978,810.96295,814.9430222870651
2022-07-03,10557,Delhi,440.55,793.0467124741714,796.8005,782.5420169965046
2022-07-04,10557,Delhi,489.54,701.6993377634205,703.5455,715.6585656648307
2022-07-05,10557,Delhi,764.73,678.7743027952846,672.9143,677.3412670031487
2022-07-06,10557,Delhi,765.22,685.6135185012847,690.1303,704.6446104746626
2022-07-07,10557,Delhi,597.91,706.7191478884262,691.0998,720.3146229144795
2022-07-08,10557,Delhi,931.06,686.3423462914102,679.46326,684.0393615794153
2022-07-09,10557,Delhi,738.63,793.8057523546092,792.92145,791.9963360654644
2022-07-10,10557,Delhi,660.38,790.8369828170648,797.2263,793.2337900151008
2022-07-01,10557,HR-NCR,424.76,423.9572957285985,425.8188,427.0040905322204
2022-07-02,10557,HR-NCR,549.45,470.65925080171434,476.15973,475.77545681525567
2022-07-03,10557,HR-NCR,484.99,484.3448020643224,488.31097,487.53037963978113
2022-07-04,10557,HR-NCR,561.98,418.4014303284232,428.69434,428.4516679806416
2022-07-05,10557,HR-NCR,455.39,433.0660583585378,430.08682,429.8846006307998
2022-07-06,10557,HR-NCR,491.97,416.8154240183852,423.06174,414.7247239908287
2022-07-07,10557,HR-NCR,267.21,429.21145216106555,430.83157,436.4208813553837
2022-07-08,10557,HR-NCR,400.18,418.4923344695291,425.28436,422.6814767717642
2022-07-09,10557,HR-NCR,759.62,479.9016551705432,481.5395,481.8640318218969
2022-07-10,10557,HR-NCR,369.71,498.334007943433,497.55023,507.73687171953196
2022-07-01,10559,Delhi,445.86,333.14179912280645,349.5651,340.2306893365799
2022-07-02,10559,Delhi,427.23,399.30838214197814,404.45303,411.61497730177445
2022-07-03,10559,Delhi,366.43,397.89694244996247,404.4098,406.09274131266756
2022-07-04,10559,Delhi,256.05,347.1917236469192,363.05035,367.33402462045376
2022-07-05,10559,Delhi,362.44,343.38417215266156,345.98654,332.82846529130614
2022-07-06,10559,Delhi,301.02,346.95172708629985,356.49307,353.6366962569606
2022-07-07,10559,Delhi,220.49,334.5630252108124,340.90726,334.9002142957929
2022-07-08,10559,Delhi,239.73,334.2965866542105,333.10266,340.4912232404273
2022-07-09,10559,Delhi,607.56,381.26938676672853,370.8399,396.6377183841155
2022-07-10,10559,Delhi,447.99,399.1506012679243,381.07394,391.88070611058697
2022-07-01,10562,Delhi,90.91,169.6224918079245,173.21265,169.01341866482753
2022-07-02,10562,Delhi,77.12,193.15017266428765,192.9543,195.8600793368116
2022-07-03,10562,Delhi,375.35,193.90742947243066,193.21185,202.51410646456236
2022-07-04,10562,Delhi,104.89,171.02447332728028,174.2596,165.99054697792718
2022-07-05,10562,Delhi,263.49,168.46481800383242,173.24484,164.641823451152
2022-07-06,10562,Delhi,138.75,167.97038616798554,175.54948,174.7419200392705
2022-07-07,10562,Delhi,84.12,167.92593867689152,170.97289,162.63395833462764
2022-07-08,10562,Delhi,275.55,163.36462314181748,167.36583,165.2409776868539
2022-07-09,10562,Delhi,261.09,192.4679207811413,194.0918,198.3310174935
2022-07-10,10562,Delhi,161.66,206.93200281911675,206.4556,212.389992529574
2022-07-01,10656,Delhi,176.57,179.34413074994458,181.39183,169.40929651927937
2022-07-02,10656,Delhi,213.06,205.47599668817114,206.15683,212.82538589053542
2022-07-03,10656,Delhi,178.45,205.45227042738503,207.47781,218.4263133780866
2022-07-04,10656,Delhi,244.33,179.34413074994458,181.39183,175.53559917058303
2022-07-05,10656,Delhi,196.86,179.60455548085784,181.53194,176.09715975831148
2022-07-06,10656,Delhi,211.41,179.60455548085784,181.53194,173.9061654409775
2022-07-07,10656,Delhi,119.14,182.24486285771442,184.13173,179.0300940596575
2022-07-08,10656,Delhi,190.55,179.68932977364932,181.53194,174.11019765972105
2022-07-09,10656,Delhi,205.19,205.5138474435392,208.42842,217.99750150433692
2022-07-10,10656,Delhi,194.39,205.88905490524124,208.09862,218.03309698900188
2022-07-01,10697,Delhi,200.85,233.02166050555306,233.04904,227.94875318981465
2022-07-02,10697,Delhi,341.08,266.8002831810138,265.30847,275.73791353366227
2022-07-03,10697,Delhi,242.97,268.20011093708416,265.5084,273.56439541995866
2022-07-04,10697,Delhi,273.43,233.7400629518107,234.09898,227.04317704567774
2022-07-05,10697,Delhi,244.83,233.71920678630275,234.09898,227.82423853906573
2022-07-06,10697,Delhi,288.55,234.30145998893747,237.20879,234.0906686974945
2022-07-07,10697,Delhi,349.71,240.18529709180984,244.6375,238.97918545139422
2022-07-08,10697,Delhi,264.07,246.16961880107132,251.16898,243.72445951930422
2022-07-09,10697,Delhi,263.3,288.5836599472076,291.83807,298.57823908913645
2022-07-10,10697,Delhi,267.26,287.67262106229595,287.2322,288.906776245002
2022-07-01,10903,Delhi,116.2,178.98780508244917,180.29056,177.95370638276142
2022-07-02,10903,Delhi,162.06,197.20480191815912,197.74986,204.76378659401283
2022-07-03,10903,Delhi,186.32,197.3616643389721,198.00742,207.87300133708075
2022-07-04,10903,Delhi,199.37,171.47186970242075,173.92245,169.5387815750935
2022-07-05,10903,Delhi,159.66,178.98780508244917,180.29056,175.058304933531
2022-07-06,10903,Delhi,162.44,178.62256955680218,179.19525,175.1326546827667
2022-07-07,10903,Delhi,204.72,171.45798061522194,172.6857,168.4425687545569
2022-07-08,10903,Delhi,227.5,178.70734384959366,179.19525,173.0682031495208
2022-07-09,10903,Delhi,195.68,206.12296250016414,205.9252,214.94931261776833
2022-07-10,10903,Delhi,205.9,206.1329344362192,206.18275,215.30166157887206
2022-07-01,10908,Delhi,153.44,187.26467508842015,186.50868,182.96521960067614
2022-07-02,10908,Delhi,210.53,213.67459610142316,210.01184,223.875018342256
2022-07-03,10908,Delhi,138.87,215.18608249216567,210.83986,223.5052650306271
2022-07-04,10908,Delhi,115.04,182.04170088036147,181.20755,180.6539038089945
2022-07-05,10908,Delhi,184.2,182.65452040076983,182.20503,180.64671809727267
2022-07-06,10908,Delhi,180.38,181.80376289742753,180.8704,180.48073538292542
2022-07-07,10908,Delhi,219.04,181.888537190219,180.8704,176.36271139591108
2022-07-08,10908,Delhi,121.72,182.82888121955446,182.20503,182.7971940730095
2022-07-09,10908,Delhi,221.26,206.3833872310774,206.546,216.69062527748497
2022-07-10,10908,Delhi,163.36,205.53272923774583,205.46892,214.82221487217853
2022-07-01,10974,Delhi,267.51,268.7086597195149,271.2401,259.5220923653717
2022-07-02,10974,Delhi,305.48,313.9769249144211,311.7208,308.117792962302
2022-07-03,10974,Delhi,255.67,315.2756941522523,315.3228,317.40313226144144
2022-07-04,10974,Delhi,281.17,270.58552742289663,276.23245,269.22167637998166
2022-07-05,10974,Delhi,302.42,271.42814388214566,279.4683,278.403314802124
2022-07-06,10974,Delhi,299.81,271.26565357335494,276.0186,273.24026422652616
2022-07-07,10974,Delhi,309.16,270.09598513034456,275.82196,271.757966697899
2022-07-08,10974,Delhi,288.01,276.3702856144779,279.98206,274.33402153846134
2022-07-09,10974,Delhi,197.97,320.88642427994876,318.15936,324.55154985171066
2022-07-10,10974,Delhi,403.51,312.9039998246291,310.20966,315.14993521796646
2022-07-01,11006,Delhi,323.71,341.0560951186454,338.49475,335.9999346801008
2022-07-02,11006,Delhi,655.8,377.04218438914245,368.87537,384.83035181071574
2022-07-03,11006,Delhi,419.29,402.11617578443906,392.07278,402.19526279219184
2022-07-04,11006,Delhi,382.87,343.9321716387364,343.89673,341.189558336465
2022-07-05,11006,Delhi,348.7,344.2267886119106,348.64462,344.5946444998814
2022-07-06,11006,Delhi,315.64,344.2267886119106,344.50665,341.2399742619451
2022-07-07,11006,Delhi,228.84,344.40024384045455,341.84857,331.3808992290781
2022-07-08,11006,Delhi,435.78,344.40024384045455,341.84857,333.0388140035011
2022-07-09,11006,Delhi,362.08,397.76602840814314,401.03513,416.1340831874844
2022-07-10,11006,Delhi,545.22,396.97964982606175,385.18597,393.62838560564256
2022-07-01,11006,HR-NCR,274.81,239.80508037308147,244.89764,239.27226214896032
2022-07-02,11006,HR-NCR,205.39,275.29691179995996,275.51477,285.4961066066676
2022-07-03,11006,HR-NCR,216.77,268.1792547715762,265.66318,276.35113355942934
2022-07-04,11006,HR-NCR,197.68,234.56996428964504,235.58841,236.0880930843163
2022-07-05,11006,HR-NCR,233.22,233.16329464883577,234.90056,235.9424623653939
2022-07-06,11006,HR-NCR,289.91,232.17090300221076,231.71442,229.23532239742065
2022-07-07,11006,HR-NCR,201.85,234.95018100837342,235.43361,233.3978572581312
2022-07-08,11006,HR-NCR,296.39,234.00983697903797,234.81409,231.41871169530916
2022-07-09,11006,HR-NCR,362.43,268.88188067705164,271.78317,278.987657655428
2022-07-10,11006,HR-NCR,305.9,275.53438030213846,277.26355,286.59585842474564
2022-07-01,11006,Mumbai,255.79,291.1902168522914,294.56693,290.8877765103161
2022-07-02,11006,Mumbai,338.38,330.5421420258312,326.51578,329.9000885561152
2022-07-03,11006,Mumbai,304.88,333.1955384979636,334.81024,343.78020743814756
2022-07-04,11006,Mumbai,211.28,291.6050670368379,293.49692,292.4270046750712
2022-07-05,11006,Mumbai,233.52,289.521956882948,290.2157,289.779692450621
2022-07-06,11006,Mumbai,296.38,285.4337587933509,284.85645,288.47139170318223
2022-07-07,11006,Mumbai,376.56,286.4235166444827,287.53604,292.86513446695903
2022-07-08,11006,Mumbai,357.8,298.6205321525254,297.7202,299.0939829766484
2022-07-09,11006,Mumbai,366.19,339.55260040651154,336.58502,348.41026036494935
2022-07-10,11006,Mumbai,373.44,335.8419116028426,336.28046,347.48033530187604
2022-07-01,11007,Delhi,177.02,179.34413074994458,180.29056,174.6912325009838
2022-07-02,11007,Delhi,203.82,206.21334189472344,206.6893,215.6991098361923
2022-07-03,11007,Delhi,225.23,197.71799000646752,197.53476,208.15222147780258
2022-07-04,11007,Delhi,172.88,179.34413074994458,181.39183,171.41650686954418
2022-07-05,11007,Delhi,158.88,179.34413074994458,181.97917,175.21987816374323
2022-07-06,11007,Delhi,144.44,178.62256955680218,180.6277,172.55734461605482
2022-07-07,11007,Delhi,210.87,171.55664399521223,174.2596,167.40767016560125
2022-07-08,11007,Delhi,170.54,179.42890504273606,181.39183,173.5940937030137
2022-07-09,11007,Delhi,230.62,205.25342271262593,205.35468,210.33591975838755
2022-07-10,11007,Delhi,224.53,207.11492036027485,209.43326,222.08412936416718
2022-07-01,11020,Delhi,306.11,294.02403817469457,297.2211,294.6900298240202
2022-07-02,11020,Delhi,322.12,334.4067940254459,335.31683,338.9765530474014
2022-07-03,11020,Delhi,349.13,335.87579897231006,343.77,351.83853615958276
2022-07-04,11020,Delhi,275.18,293.4144970422912,297.90546,296.5999269754062
2022-07-05,11020,Delhi,298.4,294.02403817469457,298.12134,295.92954238006615
2022-07-06,11020,Delhi,271.54,296.1460609864779,298.80948,300.85032747307116
2022-07-07,11020,Delhi,198.07,292.218359082412,293.47592,291.84553291105345
2022-07-08,11020,Delhi,244.4,289.99407889241223,291.167,288.635746579883
2022-07-09,11020,Delhi,362.25,328.55213168690983,326.42572,338.2702279753413
2022-07-10,11020,Delhi,245.82,328.9424791394021,326.52072,337.6382371786242
2022-07-01,11102,Bengaluru,248.57,189.52405248813125,192.58247,185.6840473738307
2022-07-02,11102,Bengaluru,275.32,219.45716950320647,220.69092,230.73221207575068
2022-07-03,11102,Bengaluru,267.94,229.51684197463672,233.09447,237.23552296828697
2022-07-04,11102,Bengaluru,198.49,210.20703275573817,210.44641,205.29229821967985
2022-07-05,11102,Bengaluru,140.31,204.02344866851507,207.23407,202.10589151847714
2022-07-06,11102,Bengaluru,210.03,194.26840953733392,195.81023,188.63339498878656
2022-07-07,11102,Bengaluru,184.54,200.64067148366547,205.12292,198.47170405134315
2022-07-08,11102,Bengaluru,120.47,193.02857857827615,196.25877,191.21446369447295
2022-07-09,11102,Bengaluru,216.78,216.61271117528418,218.8653,231.83763492567098
2022-07-10,11102,Bengaluru,164.89,217.81485036953168,219.06798,233.3936297965946
2022-07-01,11143,Delhi,151.25,154.37503227480678,160.16661,146.65767929552732
2022-07-02,11143,Delhi,156.24,177.05016455310957,181.02202,182.46805988269307
2022-07-03,11143,Delhi,263.57,177.05016455310957,181.27957,184.0940558076854
2022-07-04,11143,Delhi,125.37,154.67921178447716,160.16661,147.97533392125504
2022-07-05,11143,Delhi,189.38,154.67921178447716,160.16661,148.11482285669388
2022-07-06,11143,Delhi,126.02,154.67921178447716,160.16661,146.70885640811093
2022-07-07,11143,Delhi,176.06,154.86811416953682,160.16661,148.83792994119503
2022-07-08,11143,Delhi,105.08,155.0897177450406,160.42809,149.19353352711542
2022-07-09,11143,Delhi,151.06,177.05016455310957,181.02202,184.17066532410618
2022-07-10,11143,Delhi,148.64,177.17003766857766,181.27957,187.92531838905592
2022-07-01,11150,Delhi,557.32,652.0707340311011,657.53156,640.9903354151209
2022-07-02,11150,Delhi,533.62,745.9779641847448,740.3285,730.7971622725651
2022-07-03,11150,Delhi,679.52,745.0049114636622,736.32196,713.5583701752424
2022-07-04,11150,Delhi,615.07,654.9031825016449,662.442,666.9224850527697
2022-07-05,11150,Delhi,799.5,652.0707340311011,657.98956,664.3823085733749
2022-07-06,11150,Delhi,454.41,654.9031825016449,662.44165,675.5982213114818
2022-07-07,11150,Delhi,353.19,642.8424269878168,648.3842,646.9795375919165
2022-07-08,11150,Delhi,702.54,641.311834821004,635.03174,641.7149737039579
2022-07-09,11150,Delhi,1000.72,755.1508966391156,723.66797,738.0754698258972
2022-07-10,11150,Delhi,961.16,744.6417279665714,727.8171,729.7624250614108
2022-07-01,11150,HR-NCR,286.39,308.7374916444192,311.9206,303.0559990736751
2022-07-02,11150,HR-NCR,225.01,350.81343918460584,347.50058,362.54600130639955
2022-07-03,11150,HR-NCR,474.49,348.7268647200704,344.02847,356.3237065289223
2022-07-04,11150,HR-NCR,263.88,307.1114859342969,303.714,302.45519247288473
2022-07-05,11150,HR-NCR,247.06,308.50441631757354,308.78525,298.5607693157027
2022-07-06,11150,HR-NCR,287.41,308.98183078559344,312.18304,312.439080416512
2022-07-07,11150,HR-NCR,489.81,304.4107474444147,304.82343,297.2697658977619
2022-07-08,11150,HR-NCR,356.32,309.52048800536653,312.7176,309.1714922022777
2022-07-09,11150,HR-NCR,306.05,350.662090484973,348.60016,363.48037249167703
2022-07-10,11150,HR-NCR,344.36,351.92109632655024,349.567,361.8483156931942
2022-07-01,11170,Delhi,351.5,156.155085065614,161.63895,155.96083287716704
2022-07-02,11170,Delhi,138.39,194.26221512609843,193.98833,196.01408055286294
2022-07-03,11170,Delhi,209.92,193.20167971749933,193.7992,190.77064703953698
2022-07-04,11170,Delhi,51.9,170.725912207868,174.1473,169.60283004772035
2022-07-05,11170,Delhi,85.65,167.9627934956403,171.79303,161.93707651275466
2022-07-06,11170,Delhi,141.01,168.46447449077783,171.31113,163.3063466393051
2022-07-07,11170,Delhi,189.2,161.98820650624478,166.81137,156.97442436710338
2022-07-08,11170,Delhi,133.72,169.2543439083401,171.34941,169.82583775559428
2022-07-09,11170,Delhi,179.83,189.87866901322195,188.77213,199.5205872476168
2022-07-10,11170,Delhi,39.59,190.65281019741215,193.4537,205.22106561748367
2022-07-01,11214,Delhi,245.28,285.4742114255372,282.46393,277.37873064803193
2022-07-02,11214,Delhi,378.34,332.9611269762015,331.38037,341.74635436383716
2022-07-03,11214,Delhi,308.62,326.7517954330174,321.5055,333.9701657145352
2022-07-04,11214,Delhi,469.72,287.9616529255173,288.13004,296.49769221722704
2022-07-05,11214,Delhi,394.11,283.6329489429511,283.72116,271.50692756900196
2022-07-06,11214,Delhi,482.59,284.707032754207,293.2346,283.62979994259194
2022-07-07,11214,Delhi,377.49,292.25055972147817,298.4845,294.74161844736335
2022-07-08,11214,Delhi,228.58,296.29858222848156,303.598,294.1304259998101
2022-07-09,11214,Delhi,228.16,332.0904872329512,336.47195,337.00901812480424
2022-07-10,11214,Delhi,607.8,332.46211476330075,338.04926,343.5000866789754
2022-07-01,11237,Delhi,185.66,157.30961578891484,161.55449,159.59027647459897
2022-07-02,11237,Delhi,181.78,179.34060046772484,183.08568,194.14099985474402
2022-07-03,11237,Delhi,149.19,179.93741150493065,182.88962,190.86019960471637
2022-07-04,11237,Delhi,201.15,157.23903077085984,161.55449,157.0275472948314
2022-07-05,11237,Delhi,136.28,156.8822303447645,161.29301,152.9888360544695
2022-07-06,11237,Delhi,153.02,156.7996544105979,161.55449,158.6551397585511
2022-07-07,11237,Delhi,153.68,156.00230746750458,161.29301,150.64002750502618
2022-07-08,11237,Delhi,143.88,161.3900847364215,165.89207,155.99810971820926
2022-07-09,11237,Delhi,150.7,186.9309632092943,189.18745,203.53480903228785
2022-07-10,11237,Delhi,157.67,178.9650646580936,182.62814,186.68640360506518
2022-07-01,11299,Bengaluru,257.43,284.82907740540634,284.2277,280.214268085198
2022-07-02,11299,Bengaluru,198.24,323.5957779296405,325.96783,326.98351951038575
2022-07-03,11299,Bengaluru,174.13,321.6006338832334,316.14404,322.7784600264354
2022-07-04,11299,Bengaluru,377.36,280.6284862960402,282.83133,294.68387320508316
2022-07-05,11299,Bengaluru,208.94,266.32669798041553,272.25882,284.65094007662935
2022-07-06,11299,Bengaluru,69.06,263.7661054396215,263.13928,256.16741453413306
2022-07-07,11299,Bengaluru,514.44,269.09452435398765,259.89014,266.04015528247146
2022-07-08,11299,Bengaluru,332.75,268.5634406022215,265.5737,261.32945215578815
2022-07-09,11299,Bengaluru,427.18,325.04761436946984,318.39493,336.3734800659867
2022-07-10,11299,Bengaluru,173.04,320.2553049985404,312.70407,322.5044184407027
2022-07-01,12872,Delhi,6427.69,7529.116917800753,7635.9604,7327.693124957624
2022-07-02,12872,Delhi,9461.52,9016.974966572792,8625.754,8043.489316652394
2022-07-03,12872,Delhi,8211.83,8508.153132143121,8770.062,8257.768362111092
2022-07-04,12872,Delhi,6598.58,8304.449910928977,8349.693,7807.926389350821
2022-07-05,12872,Delhi,5581.8,8190.1357406488805,6539.6406,6943.100338962742
2022-07-06,12872,Delhi,6972.11,6658.148894060895,6660.089,6780.497487157454
2022-07-07,12872,Delhi,7641.97,7921.144041141865,8059.8237,7585.183270413962
2022-07-08,12872,Delhi,7315.4,7481.770102248535,7363.817,7233.058189326408
2022-07-09,12872,Delhi,6491.51,8411.569863260262,8563.493,8171.020496302673
2022-07-10,12872,Delhi,8265.18,7995.587880306422,8614.093,8052.139970976998
2022-07-01,12872,HR-NCR,4843.7,4362.844234821367,4456.352,4542.302433677207
2022-07-02,12872,HR-NCR,5128.3,5130.873546151403,4921.9214,4979.8696947320195
2022-07-03,12872,HR-NCR,5087.1,5115.053772073461,4904.5317,4955.474106203514
2022-07-04,12872,HR-NCR,4802.89,4498.332322033231,4534.287,4620.387956578299
2022-07-05,12872,HR-NCR,5034.54,4615.241568858403,4531.3184,4643.586220032413
2022-07-06,12872,HR-NCR,4543.7,4450.613089145986,4298.6924,4512.9625603419245
2022-07-07,12872,HR-NCR,4866.62,4516.7692212054435,4540.483,4622.5332811593225
2022-07-08,12872,HR-NCR,4810.36,4629.102266279866,4558.161,4682.132660570252
2022-07-09,12872,HR-NCR,5369.83,5025.402648781616,4926.587,4994.285965299396
2022-07-10,12872,HR-NCR,5373.26,5065.302067605845,4899.272,4958.320439802192
2022-07-01,12872,Mumbai,1051.12,986.2861287416929,971.67676,979.5781268372846
2022-07-02,12872,Mumbai,1073.55,1132.2609001817489,1106.0105,1098.449657930114
2022-07-03,12872,Mumbai,1268.79,1121.529258500113,1100.8989,1095.3376491283054
2022-07-04,12872,Mumbai,911.21,986.0638593329343,981.9998,993.2066926996754
2022-07-05,12872,Mumbai,955.36,988.3993048561165,983.114,990.7109044394767
2022-07-06,12872,Mumbai,862.0,981.071554091333,976.1397,979.801516058056
2022-07-07,12872,Mumbai,938.05,994.5710076002473,981.1071,986.0700522924161
2022-07-08,12872,Mumbai,914.91,991.5554348332302,978.35516,983.1477385545735
2022-07-09,12872,Mumbai,966.69,1132.514254781726,1074.1385,1065.725214343658
2022-07-10,12872,Mumbai,1039.15,1061.8139450859107,1081.2827,1078.6212340134223
2022-07-01,13876,Mumbai,375.6,408.8120160074195,403.37625,409.87563438192853
2022-07-02,13876,Mumbai,594.02,468.4863672457115,460.3064,472.4237396100741
2022-07-03,13876,Mumbai,531.79,486.7984601214118,469.4906,482.17123223724434
2022-07-04,13876,Mumbai,406.21,424.63418465601234,418.5133,431.8649587172797
2022-07-05,13876,Mumbai,498.19,419.0833806202888,411.45908,422.1665347795372
2022-07-06,13876,Mumbai,275.43,419.090042920511,419.33273,426.21292053185766
2022-07-07,13876,Mumbai,484.97,411.5765843140412,411.8431,408.9133463587518
2022-07-08,13876,Mumbai,561.99,410.3055021632324,412.79633,411.514029157929
2022-07-09,13876,Mumbai,520.73,488.57200444190846,488.29132,488.9920375852778
2022-07-10,13876,Mumbai,286.65,479.9016551705432,480.04004,476.1953193310525
2022-07-01,13980,Delhi,171.61,155.64896722077063,160.42809,149.43673210306923
2022-07-02,13980,Delhi,138.17,178.50603557237147,182.04214,188.1948661634335
2022-07-03,13980,Delhi,116.11,178.67125186482775,182.91292,186.2007497658031
2022-07-04,13980,Delhi,52.02,154.7855382353702,160.42809,142.12869419079402
2022-07-05,13980,Delhi,144.4,154.7855382353702,160.42809,150.44139651367848
2022-07-06,13980,Delhi,148.72,154.37503227480678,160.16661,149.03711844592286
2022-07-07,13980,Delhi,236.92,154.37503227480678,160.16661,141.2385098805478
2022-07-08,13980,Delhi,378.51,154.7855382353702,160.42809,152.13693652881682
2022-07-09,13980,Delhi,112.48,178.10221980475237,182.15721,195.41209816303814
2022-07-10,13980,Delhi,151.47,177.05016455310957,181.27957,185.05907399260497
2022-07-01,13981,Delhi,214.07,208.88242750388892,210.29051,208.9125585000465
2022-07-02,13981,Delhi,248.99,235.631634329135,233.89569,243.37791812742458
2022-07-03,13981,Delhi,229.93,236.00684179083706,237.13922,244.7130159733211
2022-07-04,13981,Delhi,211.35,206.2656335295901,207.002,203.61106471538565
2022-07-05,13981,Delhi,184.61,205.4148760262478,205.66737,199.8544402448536
2022-07-06,13981,Delhi,252.41,205.4148760262478,205.66737,198.6327070936362
2022-07-07,13981,Delhi,244.31,208.1164442933381,208.80112,200.43109881926458
2022-07-08,13981,Delhi,166.88,209.44104954518735,211.84467,207.37941210738478
2022-07-09,13981,Delhi,252.83,237.88085215346436,236.40031,242.75309050977128
2022-07-10,13981,Delhi,292.31,240.9176679405012,241.15883,248.66541744811212
2022-07-01,14162,Delhi,270.5,309.47404320438767,312.54547,314.1981779805307
2022-07-02,14162,Delhi,267.48,343.2581096843352,342.23914,348.8990656476448
2022-07-03,14162,Delhi,347.83,344.1825749759677,341.86084,351.3410148526522
2022-07-04,14162,Delhi,230.6,299.1102301252851,302.36362,296.42416850181684
2022-07-05,14162,Delhi,238.09,295.02203203568797,299.25092,293.3621982217507
2022-07-06,14162,Delhi,300.49,296.1795726541662,302.0972,309.1956496170973
2022-07-07,14162,Delhi,396.03,288.13016099281487,288.3288,290.27237745439726
2022-07-08,14162,Delhi,390.77,296.97870837893987,301.38104,309.08155341608705
2022-07-09,14162,Delhi,492.2,339.45723528493255,333.55,341.0827302629619
2022-07-10,14162,Delhi,551.82,349.2256176200242,344.65564,351.0406029835788
2022-07-01,14162,HR-NCR,165.95,178.98780508244917,180.29056,172.3451615691947
2022-07-02,14162,HR-NCR,221.74,205.11967102067572,205.39273,211.9561033450603
2022-07-03,14162,HR-NCR,148.37,205.45227042738503,206.23303,215.66882402549612
2022-07-04,14162,HR-NCR,181.5,178.98780508244917,180.6277,172.09213306247418
2022-07-05,14162,HR-NCR,127.76,179.34413074994458,181.05469,180.61372952419785
2022-07-06,14162,HR-NCR,157.74,178.98780508244917,180.29056,174.36796676113735
2022-07-07,14162,HR-NCR,206.13,180.07060291863303,182.22661,177.0897104633116
2022-07-08,14162,HR-NCR,102.63,167.57595251311042,171.57307,166.61887633598025
2022-07-09,14162,HR-NCR,176.67,195.37646757521026,195.59883,206.94545243327786
2022-07-10,14162,HR-NCR,204.72,194.6039049194759,195.36804,205.63778270805588
2022-07-01,14624,Bengaluru,309.65,193.4654517142793,199.34712,189.90527421095294
2022-07-02,14624,Bengaluru,310.13,224.48409872637535,229.71957,242.56621665499677
2022-07-03,14624,Bengaluru,221.49,239.51544273852463,237.18668,241.65215948675743
2022-07-04,14624,Bengaluru,185.38,209.35627525239587,211.84467,197.08137445069988
2022-07-05,14624,Bengaluru,172.09,209.35627525239587,211.84467,205.35900167264597
2022-07-06,14624,Bengaluru,149.32,209.35627525239587,211.84467,201.5554015332619
2022-07-07,14624,Bengaluru,149.63,208.1164442933381,211.67415,199.98827211405955
2022-07-08,14624,Bengaluru,122.35,209.05678832267355,213.16354,209.26137356779026
2022-07-09,14624,Bengaluru,162.25,238.87244263230872,237.82909,251.6352841771866
2022-07-10,14624,Bengaluru,277.24,226.4840647151529,229.10832,236.41493112883037
2022-07-01,14624,Delhi,326.1,329.6921163826252,328.9289,332.1609211054216
2022-07-02,14624,Delhi,308.97,375.6307446971268,377.6627,390.4692850119992
2022-07-03,14624,Delhi,326.97,378.2360380398701,369.19235,386.4939847131324
2022-07-04,14624,Delhi,381.45,319.4973799092744,325.89194,326.51866623960217
2022-07-05,14624,Delhi,317.62,329.6921163826252,326.50583,330.90340722750693
2022-07-06,14624,Delhi,236.48,340.5786806506255,332.27008,328.81206897756783
2022-07-07,14624,Delhi,340.23,342.75229295689667,337.30557,340.42160280400464
2022-07-08,14624,Delhi,305.26,331.54011704962915,326.1501,330.67687348899784
2022-07-09,14624,Delhi,424.31,375.7468113602269,361.714,371.4873684736897
2022-07-10,14624,Delhi,274.79,377.05332599830035,368.0306,384.65243554892925
2022-07-01,14795,Delhi,920.22,892.299829895346,880.19025,903.7733138380925
2022-07-02,14795,Delhi,970.07,1021.3964724602797,1005.25397,1013.2612337695566
2022-07-03,14795,Delhi,915.1,1024.5391552552571,1017.4942,1024.9041926634732
2022-07-04,14795,Delhi,1018.61,884.567853642597,878.023,899.6339482275683
2022-07-05,14795,Delhi,967.63,884.9200763565673,880.0839,896.9646049151157
2022-07-06,14795,Delhi,901.38,901.8575598693088,880.83356,905.3987791038076
2022-07-07,14795,Delhi,1003.81,908.8258407338725,879.22046,906.9010844151137
2022-07-08,14795,Delhi,789.78,912.3414406112059,883.049,910.8345272276783
2022-07-09,14795,Delhi,1056.33,1029.663253571892,1010.57745,1015.7290362052267
2022-07-10,14795,Delhi,1109.02,1027.8346248585895,1017.2952,1015.6783207200124
2022-07-01,14795,HR-NCR,536.35,558.1639223326652,545.37823,542.5806402605411
2022-07-02,14795,HR-NCR,803.4,642.9773309465044,634.0308,633.3507745995997
2022-07-03,14795,HR-NCR,624.57,642.8998894630056,640.7548,643.2734557756203
2022-07-04,14795,HR-NCR,474.76,560.4606687382993,565.01715,563.0884537253739
2022-07-05,14795,HR-NCR,661.76,552.3876694362318,557.89276,550.6657997156193
2022-07-06,14795,HR-NCR,402.3,571.5140045959698,565.98224,573.5894864935605
2022-07-07,14795,HR-NCR,617.82,555.9909152066717,559.65607,564.35669197468
2022-07-08,14795,HR-NCR,587.47,564.3601606394371,561.10516,569.5322575955738
2022-07-09,14795,HR-NCR,579.59,649.6913748772869,674.19183,667.1101559410127
2022-07-10,14795,HR-NCR,670.56,644.4653258539458,631.9588,637.0748320248852
2022-07-01,15286,Bengaluru,502.74,268.67810534821166,263.94727,258.63535716078513
2022-07-02,15286,Bengaluru,336.44,325.68558831258326,317.3947,322.9685537875884
2022-07-03,15286,Bengaluru,334.23,329.2260583187564,324.11502,330.6271452538634
2022-07-04,15286,Bengaluru,457.58,282.4908054407465,285.1302,285.06945600909086
2022-07-05,15286,Bengaluru,274.68,283.70947404794674,287.36072,285.13049380676915
2022-07-06,15286,Bengaluru,184.15,290.79625919149385,288.57202,290.20874484360485
2022-07-07,15286,Bengaluru,121.52,286.996603788428,285.86172,276.16363411673007
2022-07-08,15286,Bengaluru,190.92,281.8648850872071,281.3887,279.7422417668848
2022-07-09,15286,Bengaluru,237.31,308.945367947453,304.1845,304.0011777456838
2022-07-10,15286,Bengaluru,420.74,315.4055264788823,311.17975,322.13523416852036
2022-07-01,15286,Delhi,601.19,513.7419684641395,516.27264,517.116501078716
2022-07-02,15286,Delhi,895.08,589.307828982734,595.07007,591.7297365208356
2022-07-03,15286,Delhi,640.98,607.2163827095378,607.1682,599.8477598823024
2022-07-04,15286,Delhi,339.57,527.2038523924593,533.7362,532.3439965008532
2022-07-05,15286,Delhi,1162.62,519.894595493619,526.1663,518.1123102922286
2022-07-06,15286,Delhi,417.83,540.2336022810501,572.36414,554.6955255078009
2022-07-07,15286,Delhi,553.02,542.217670162637,571.807,561.8451710100545
2022-07-08,15286,Delhi,482.9,543.4281491005029,525.93524,521.4090495994867
2022-07-09,15286,Delhi,808.36,637.1657042028638,623.91016,633.3352179864205
2022-07-10,15286,Delhi,963.54,639.1566477839767,639.08093,637.3576415354191
2022-07-01,15286,HR-NCR,318.86,287.98060807257724,285.12164,289.1406268140578
2022-07-02,15286,HR-NCR,175.58,331.20690320197366,325.55646,320.3790410495232
2022-07-03,15286,HR-NCR,431.89,330.98089474339247,325.71753,333.5007196286021
2022-07-04,15286,HR-NCR,293.26,289.2807405120091,289.70105,288.42681959923095
2022-07-05,15286,HR-NCR,418.1,294.87867042193176,295.56558,302.6630437095393
2022-07-06,15286,HR-NCR,841.34,296.5206276345445,295.40387,289.0571026117
2022-07-07,15286,HR-NCR,519.17,331.7481488058261,332.2089,334.3379112388881
2022-07-08,15286,HR-NCR,295.85,305.5729404784353,328.7703,319.7554849037685
2022-07-09,15286,HR-NCR,459.81,353.329006107459,358.41092,345.73212373633953
2022-07-10,15286,HR-NCR,430.75,367.80368149312795,373.98633,366.7269660013832
2022-07-01,15288,Delhi,142.01,225.03184920876518,217.29327,235.23135943057636
2022-07-02,15288,Delhi,711.27,257.3493341487033,243.30266,258.3434531389871
2022-07-03,15288,Delhi,186.8,302.2522324143274,267.66068,294.4613583869378
2022-07-04,15288,Delhi,469.75,253.90718835427512,235.35399,234.87933062170413
2022-07-05,15288,Delhi,178.1,262.8047060309068,245.79735,250.4663428915459
2022-07-06,15288,Delhi,258.53,259.5525815808303,243.20029,233.98915615272253
2022-07-07,15288,Delhi,226.58,236.63518415651228,233.10304,218.46733562696645
2022-07-08,15288,Delhi,62.42,241.53076163748358,239.71008,227.84673956140477
2022-07-09,15288,Delhi,196.84,283.6170590403557,274.53604,298.10621223583377
2022-07-10,15288,Delhi,282.61,248.85762178907228,250.04373,250.64999184716152
2022-07-01,15364,Bengaluru,252.73,234.56996428964504,233.04904,230.25205027795963
2022-07-02,15364,Bengaluru,292.06,267.8040473098742,265.66318,276.7980710888711
2022-07-03,15364,Bengaluru,259.09,268.5613041180171,268.6452,279.31063057272604
2022-07-04,15364,Bengaluru,207.62,234.56996428964504,235.43361,235.3911476324947
2022-07-05,15364,Bengaluru,312.3,234.56996428964504,235.43361,232.33023928511182
2022-07-06,15364,Bengaluru,284.87,234.56996428964504,239.18527,237.59394068164264
2022-07-07,15364,Bengaluru,213.74,235.28971961083855,240.44858,233.5793190142067
2022-07-08,15364,Bengaluru,200.45,236.230063640174,241.78323,238.3268274884987
2022-07-09,15364,Bengaluru,280.53,269.26393002349255,272.6834,282.9754977000659
2022-07-10,15364,Bengaluru,315.56,268.65105694445606,268.6452,278.64704665527785
2022-07-01,15366,Delhi,418.1,332.4869204046232,332.9157,329.0389821259198
2022-07-02,15366,Delhi,424.2,378.75116035839204,387.18604,402.6771352370807
2022-07-03,15366,Delhi,538.07,378.43623619916286,372.24066,386.0824388647629
2022-07-04,15366,Delhi,375.1,350.1420354925689,344.67596,337.4587945996403
2022-07-05,15366,Delhi,321.57,344.06429830311987,346.11996,344.5145837747207
2022-07-06,15366,Delhi,391.03,344.2267886119106,346.91647,343.03914614315465
2022-07-07,15366,Delhi,274.2,345.2428602997036,347.8167,350.5245448716221
2022-07-08,15366,Delhi,348.18,342.6207930929985,346.11996,342.8972113407777
2022-07-09,15366,Delhi,347.99,394.3366486328164,388.13843,396.0731374698348
2022-07-10,15366,Delhi,321.24,396.8415631165106,388.50833,399.04557218280524
2022-07-01,15366,HR-NCR,192.94,167.9627934956403,171.57307,165.50713180136574
2022-07-02,15366,HR-NCR,154.65,193.1119093046699,194.0918,199.49510071182434
2022-07-03,15366,HR-NCR,149.82,193.48711676637194,195.0644,207.054625455549
2022-07-04,15366,HR-NCR,161.27,167.9627934956403,171.45589,163.50780465348726
2022-07-05,15366,HR-NCR,192.34,169.04498128852333,171.57307,164.14031025987384
2022-07-06,15366,HR-NCR,126.71,171.77214004491861,174.72461,172.03925883619792
2022-07-07,15366,HR-NCR,105.26,168.0475677884318,171.57307,168.5201853946458
2022-07-08,15366,HR-NCR,138.05,168.3346557998921,171.31113,164.0161259663781
2022-07-09,15366,HR-NCR,181.41,186.11560371482412,188.1143,197.19234951163972
2022-07-10,15366,HR-NCR,226.18,187.71667663155978,189.70648,205.9178089222163
2022-07-01,15902,Delhi,241.51,215.3425759345786,216.09665,214.35499605834417
2022-07-02,15902,Delhi,328.6,246.14210061641347,248.1954,253.52530163140284
2022-07-03,15902,Delhi,104.21,247.95305094841666,249.20424,257.58964002249616
2022-07-04,15902,Delhi,239.0,208.10225501860162,211.67415,208.63743395224947
2022-07-05,15902,Delhi,71.28,208.03167000054663,211.67415,203.2080271212851
2022-07-06,15902,Delhi,179.23,208.88242750388892,212.42143,204.2325366445283
2022-07-07,15902,Delhi,64.94,208.1870293113931,208.94128,205.78585757297807
2022-07-08,15902,Delhi,118.99,200.25641026115167,197.4215,201.49120956858866
2022-07-09,15902,Delhi,167.81,215.2393116121904,213.68588,233.792971855622
2022-07-10,15902,Delhi,367.68,210.60046717803718,210.37152,228.23252768468785
2022-07-01,15907,Bengaluru,155.38,282.7097816382292,280.73514,278.5491920170535
2022-07-02,15907,Bengaluru,349.45,317.79861739252834,311.577,319.47203046010844
2022-07-03,15907,Bengaluru,399.7,321.42647959809756,316.23737,326.10671608268535
2022-07-04,15907,Bengaluru,125.19,285.4341810017592,284.16068,283.83276663455104
2022-07-05,15907,Bengaluru,351.52,276.72641753625214,274.8782,262.38345828077513
2022-07-06,15907,Bengaluru,695.23,284.4656829442409,287.07455,298.2712940105248
2022-07-07,15907,Bengaluru,301.53,296.17265293761795,293.10736,284.5381136189999
2022-07-08,15907,Bengaluru,90.95,302.88453957206053,302.26773,291.6339713364689
2022-07-09,15907,Bengaluru,229.44,347.20499139365745,338.95956,346.04612726987654
2022-07-10,15907,Bengaluru,627.15,330.3984860585271,328.13293,334.06771970997704
2022-07-01,15907,Delhi,657.39,1672.1254164100812,1634.8318,1677.8097904270105
2022-07-02,15907,Delhi,1423.75,2074.733545051002,2013.8715,1937.4729700435569
2022-07-03,15907,Delhi,1972.78,1882.4486436160967,1684.9042,1793.1212344112287
2022-07-04,15907,Delhi,531.32,1644.3331967909105,1669.0554,1677.2135075127464
2022-07-05,15907,Delhi,1294.49,1573.292515135415,1644.5052,1640.6873683719468
2022-07-06,15907,Delhi,1153.49,1381.3469516630953,1378.6154,1421.7672050900162
2022-07-07,15907,Delhi,1906.86,1427.331689280524,1400.6056,1466.153791810229
2022-07-08,15907,Delhi,1674.74,1453.3337054936067,1446.1992,1455.6741828283225
2022-07-09,15907,Delhi,856.85,1620.3740684777074,1623.7513,1612.24144787875
2022-07-10,15907,Delhi,3236.68,1626.1910966056298,1602.5138,1598.7461656986395
2022-07-01,15907,HR-NCR,1077.87,757.2165590329316,781.94666,789.8865258549798
2022-07-02,15907,HR-NCR,977.72,922.8370320878412,869.404,882.0003090004244
2022-07-03,15907,HR-NCR,573.87,930.2404272177316,912.9936,934.731776936004
2022-07-04,15907,HR-NCR,955.79,812.2206362413588,756.2952,774.5866314251948
2022-07-05,15907,HR-NCR,1321.08,806.6354985812744,784.44946,799.7677037582962
2022-07-06,15907,HR-NCR,725.71,782.8332847776171,780.28735,780.1652850021176
2022-07-07,15907,HR-NCR,847.66,851.8762304121898,853.067,862.2753386320962
2022-07-08,15907,HR-NCR,962.59,823.1640129145269,820.33307,832.2953478843158
2022-07-09,15907,HR-NCR,513.23,930.0441512590335,930.4293,907.6786035348484
2022-07-10,15907,HR-NCR,622.47,936.4647910108592,890.0346,870.3309052147579
2022-07-01,15933,Delhi,358.83,319.6598702180651,323.70584,324.97827363029694
2022-07-02,15933,Delhi,304.27,362.1353017357645,358.94656,372.07596687427053
2022-07-03,15933,Delhi,413.77,362.1353017357645,357.99588,371.04050395158356
2022-07-04,15933,Delhi,388.25,319.6598702180651,328.76108,328.54691272344087
2022-07-05,15933,Delhi,394.49,318.9797440676068,328.9663,325.7665640063127
2022-07-06,15933,Delhi,341.7,330.52404536183616,335.3579,333.43379424561806
2022-07-07,15933,Delhi,331.39,333.57357711047115,333.66116,329.40626089140886
2022-07-08,15933,Delhi,342.57,334.34560855166524,335.5738,335.08450098316496
2022-07-09,15933,Delhi,386.52,379.85881750033644,373.26843,382.10456538957754
2022-07-10,15933,Delhi,416.08,380.33144475983227,372.5457,383.30380774615
2022-07-01,15933,HR-NCR,171.42,205.4148760262478,208.16476,200.95171508610747
2022-07-02,15933,HR-NCR,287.57,227.06877643554836,231.25826,238.51696872938618
2022-07-03,15933,HR-NCR,245.07,239.21597879726392,235.86447,244.8087221984351
2022-07-04,15933,HR-NCR,240.72,208.03167000054663,211.67415,205.56453317929362
2022-07-05,15933,HR-NCR,211.49,210.20703275573817,213.17928,207.93713210075518
2022-07-06,15933,HR-NCR,179.61,209.35627525239587,211.84467,203.40567265883683
2022-07-07,15933,HR-NCR,237.62,201.932860206115,205.72893,198.8541101028542
2022-07-08,15933,HR-NCR,219.92,209.44104954518735,211.84467,202.01893841526243
2022-07-09,15933,HR-NCR,211.37,239.31659502376553,240.53929,245.7329388741624
2022-07-10,15933,HR-NCR,230.4,239.69180248546758,239.82419,245.90959326497543
2022-07-01,17148,Delhi,160.48,229.22312166728295,230.76443,225.84118173675503
2022-07-02,17148,Delhi,276.24,250.0829690795457,249.68019,261.37660532359007
2022-07-03,17148,Delhi,236.79,251.89391941154892,251.23492,263.80085467902813
2022-07-04,17148,Delhi,209.89,219.58257413182622,219.03052,216.31592116201975
2022-07-05,17148,Delhi,210.31,215.81642368308556,218.0728,215.6375408454775
2022-07-06,17148,Delhi,274.83,220.03439791268036,219.71776,220.9229641234263
2022-07-07,17148,Delhi,217.48,220.61867164690193,223.33144,221.99535633109667
2022-07-08,17148,Delhi,198.1,219.26841470212955,218.22836,214.2649398674629
2022-07-09,17148,Delhi,265.84,251.65772529238063,247.17516,261.0929596249746
2022-07-10,17148,Delhi,237.83,252.03293275408268,246.61298,257.13906668540164
2022-07-01,17489,Delhi,71.64,165.84954819711868,165.4665,162.13396882723936
2022-07-02,17489,Delhi,113.42,185.57175590602773,187.7064,193.15143568964203
2022-07-03,17489,Delhi,250.98,173.92221278415252,181.86797,189.6249693639785
2022-07-04,17489,Delhi,73.76,160.89470466917575,164.774,158.40157446356952
2022-07-05,17489,Delhi,375.08,155.29411269162975,162.20207,149.5687666192825
2022-07-06,17489,Delhi,92.36,179.6249693094489,172.31151,177.2871355855384
2022-07-07,17489,Delhi,121.35,149.03317578361228,159.74104,141.19084621971538
2022-07-08,17489,Delhi,93.73,152.1118309907748,163.90866,158.06444842656055
2022-07-09,17489,Delhi,60.7,169.26383318600674,178.77417,168.76452699395276
2022-07-10,17489,Delhi,42.51,172.41342728113221,179.03172,174.99506613234266
2022-07-01,17643,Bengaluru,705.07,840.2089969492542,837.0261,843.272707177937
2022-07-02,17643,Bengaluru,810.02,945.5217431319575,931.925,933.8726760763512
2022-07-03,17643,Bengaluru,898.44,928.330213245329,926.8321,927.0237678958246
2022-07-04,17643,Bengaluru,803.14,821.5198453261834,819.0016,830.237048555759
2022-07-05,17643,Bengaluru,827.44,821.267379558276,817.16113,828.9793199986792
2022-07-06,17643,Bengaluru,863.63,821.1676226122131,817.1615,825.4394876431679
2022-07-07,17643,Bengaluru,929.64,824.3279039312654,820.5396,833.2782165315421
2022-07-08,17643,Bengaluru,840.06,841.7742567496233,830.71545,842.6269955980931
2022-07-09,17643,Bengaluru,1065.43,933.150775337038,930.5092,921.9397803938043
2022-07-10,17643,Bengaluru,1114.8,947.1471447958941,948.4168,939.7689478569465
2022-07-01,17643,Delhi,704.93,553.9736757462695,557.4399,563.2205232553672
2022-07-02,17643,Delhi,590.76,650.770621788469,636.232,640.1097780239952
2022-07-03,17643,Delhi,623.91,652.0562411972029,638.7042,652.4649926930406
2022-07-04,17643,Delhi,515.13,568.6955631989277,560.0712,572.0602390682387
2022-07-05,17643,Delhi,476.9,553.9736757462695,556.3168,565.5376938872541
2022-07-06,17643,Delhi,466.89,553.9736757462695,556.3168,562.3535622909588
2022-07-07,17643,Delhi,541.02,555.9909152066717,549.3891,559.3273946934806
2022-07-08,17643,Delhi,405.54,561.5417192423951,550.55084,568.0992414603078
2022-07-09,17643,Delhi,621.67,636.7012365747868,619.52423,632.0607019931508
2022-07-10,17643,Delhi,715.55,629.2127990896619,618.6346,619.555968686069
2022-07-01,17643,HR-NCR,439.14,344.2267886119106,347.8167,345.8641711630603
2022-07-02,17643,HR-NCR,393.09,396.65837126619874,391.6081,410.92747555743387
2022-07-03,17643,HR-NCR,385.71,394.6373904417797,388.13843,393.2135775630899
2022-07-04,17643,HR-NCR,386.8,344.0390508708448,345.15863,344.1979276246776
2022-07-05,17643,HR-NCR,461.27,343.5466624614523,347.60083,348.3165397858861
2022-07-06,17643,HR-NCR,505.36,357.6898304072799,355.6213,359.09338921243204
2022-07-07,17643,HR-NCR,329.26,364.79719159502,371.2584,359.7209223046047
2022-07-08,17643,HR-NCR,360.7,365.96970615487083,372.8954,363.58870521265476
2022-07-09,17643,HR-NCR,571.01,423.81851575253285,421.62305,425.30295399126453
2022-07-10,17643,HR-NCR,354.62,430.6027592341665,431.3248,427.02520097204155
2022-07-01,17678,Delhi,56.72,281.38968860929737,278.95728,284.7262553181763
2022-07-02,17678,Delhi,177.94,311.08687076856216,298.27103,312.5002821114248
2022-07-03,17678,Delhi,174.34,306.7081555437517,287.18442,294.864809385585
2022-07-04,17678,Delhi,411.09,255.28552183646158,247.99821,258.05336671142976
2022-07-05,17678,Delhi,109.72,250.94408690654066,247.86636,248.3915227629543
2022-07-06,17678,Delhi,423.32,243.87255870172123,245.0046,260.32293772614827
2022-07-07,17678,Delhi,48.92,246.33088672973534,245.14156,252.4831104854592
2022-07-08,17678,Delhi,183.86,233.35519623866537,231.34593,218.72058585159652
2022-07-09,17678,Delhi,279.4,264.4539885211886,262.417,262.2190033438331
2022-07-10,17678,Delhi,263.62,274.1740269739367,272.90073,290.4858100653791
2022-07-01,17678,HR-NCR,266.42,256.5275994127723,258.45547,275.95229352506004
2022-07-02,17678,HR-NCR,406.23,310.2160673233982,305.1072,323.1385921353579
2022-07-03,17678,HR-NCR,256.37,289.78446860604214,286.79108,288.6885288954497
2022-07-04,17678,HR-NCR,179.48,250.96841473600574,254.28938,242.89844944404504
2022-07-05,17678,HR-NCR,153.75,249.8910528367739,247.93979,241.2685770081567
2022-07-06,17678,HR-NCR,313.71,248.29000350748922,246.8288,236.75562423345565
2022-07-07,17678,HR-NCR,203.25,251.665425981612,250.9361,253.56045825089416
2022-07-08,17678,HR-NCR,267.24,246.83111728680888,251.19235,252.13424318714348
2022-07-09,17678,HR-NCR,357.47,287.667931442879,284.0958,289.88576508423193
2022-07-10,17678,HR-NCR,147.82,288.64394324968043,300.49344,297.60079940915443
2022-07-01,17748,Bengaluru,1326.65,1085.7150859148007,1088.5363,1091.0025719237185
2022-07-02,17748,Bengaluru,1467.29,1307.3574277582911,1283.2759,1272.9091496861008
2022-07-03,17748,Bengaluru,1328.17,1296.1767945760823,1272.8059,1248.4517283501352
2022-07-04,17748,Bengaluru,1270.8,1120.2875361285267,1111.0825,1110.4203439029272
2022-07-05,17748,Bengaluru,997.76,1127.0465238185695,1128.163,1132.1437316335303
2022-07-06,17748,Bengaluru,1134.52,1126.3580667297808,1123.5577,1114.0568792325
2022-07-07,17748,Bengaluru,1271.26,1134.2437898893847,1134.3369,1132.570686819458
2022-07-08,17748,Bengaluru,1873.42,1130.832151810648,1117.5645,1120.6461758646524
2022-07-09,17748,Bengaluru,1246.8,1318.5836534479965,1302.24,1292.4134253113884
2022-07-10,17748,Bengaluru,1139.66,1301.5653390057614,1290.5137,1260.3965059443924
2022-07-01,17748,Delhi,2090.37,2125.021251304594,2146.635,2134.5124677672775
2022-07-02,17748,Delhi,2596.62,2192.256901103378,2279.7822,2250.202450797185
2022-07-03,17748,Delhi,2420.94,2423.997720905199,2388.1392,2343.973125511481
2022-07-04,17748,Delhi,1828.07,2057.8697077305806,2083.669,2089.9809808938326
2022-07-05,17748,Delhi,1780.0,2088.574175263943,2098.7522,2112.634979992865
2022-07-06,17748,Delhi,1729.11,2009.6471404859062,2042.4371,2069.7009600752963
2022-07-07,17748,Delhi,1784.49,2002.2121222126013,2021.337,2057.9039726453666
2022-07-08,17748,Delhi,2271.36,2123.2026517442737,2147.5476,2145.4415761966106
2022-07-09,17748,Delhi,2547.43,2318.263996727266,2289.446,2283.914192604177
2022-07-10,17748,Delhi,2497.53,2372.4490272130015,2356.7065,2337.768125337328
2022-07-01,17748,HR-NCR,1788.85,1744.0026373327405,1775.5239,1756.5494428259237
2022-07-02,17748,HR-NCR,1750.01,1862.2325095993476,1839.2391,1826.6243249648685
2022-07-03,17748,HR-NCR,1556.59,1838.1273052173692,1819.7623,1801.6878021586956
2022-07-04,17748,HR-NCR,1895.95,1693.6489742896265,1652.6792,1683.0353982217616
2022-07-05,17748,HR-NCR,1950.6,1569.623353942101,1636.0278,1650.044540928441
2022-07-06,17748,HR-NCR,2006.13,1760.6830215865245,1787.165,1804.2394126212196
2022-07-07,17748,HR-NCR,1296.01,1703.3126234235917,1725.6416,1743.6261674707507
2022-07-08,17748,HR-NCR,1516.8,1774.4248082237182,1792.7303,1785.47908708668
2022-07-09,17748,HR-NCR,1827.38,1910.2417215451364,1935.8468,1898.2350414181465
2022-07-10,17748,HR-NCR,1366.83,1913.3757600976453,1869.1669,1853.2141048258509
2022-07-01,17748,Mumbai,327.79,380.9544831639408,380.44858,375.8483738043608
2022-07-02,17748,Mumbai,370.83,437.87241272416406,431.77582,435.1688882359342
2022-07-03,17748,Mumbai,413.16,429.9218856135163,429.81128,434.1689419371654
2022-07-04,17748,Mumbai,340.65,374.653152502244,376.85803,383.21896767101254
2022-07-05,17748,Mumbai,298.6,366.61716721928696,376.27225,367.5096632148134
2022-07-06,17748,Mumbai,416.48,366.61716721928696,373.66873,372.95650011490324
2022-07-07,17748,Mumbai,219.93,368.28811762526317,372.60562,371.79981693976265
2022-07-08,17748,Mumbai,539.97,367.63323890707994,365.86414,363.3486862741713
2022-07-09,17748,Mumbai,377.94,434.7799142834017,427.73715,432.32478685528116
2022-07-10,17748,Mumbai,390.62,428.8521591391771,420.47046,423.02630497031384
2022-07-01,17772,Bengaluru,806.2,840.2089969492542,836.2761,848.9940176317562
2022-07-02,17772,Bengaluru,987.21,949.7640498235895,951.7477,952.5849312365474
2022-07-03,17772,Bengaluru,931.29,941.5256050989129,948.4168,942.3162359247488
2022-07-04,17772,Bengaluru,868.02,838.8875342048857,836.50714,850.8384751405285
2022-07-05,17772,Bengaluru,774.39,837.6700812368359,835.8776,845.4955071901092
2022-07-06,17772,Bengaluru,830.79,838.1220608968691,834.106,841.9184302525592
2022-07-07,17772,Bengaluru,717.51,840.8303625558882,837.0747,849.3789193565401
2022-07-08,17772,Bengaluru,884.88,842.7392439497658,837.0747,853.3130357117739
2022-07-09,17772,Bengaluru,956.66,952.6009379904951,948.8897,948.1288589620499
2022-07-10,17772,Bengaluru,793.47,947.1471447958941,949.88116,944.4532796457268
2022-07-01,17772,Delhi,315.0,319.4973799092744,321.0584,318.2843464708287
2022-07-02,17772,Delhi,463.13,362.077736480916,354.8499,359.38685094699315
2022-07-03,17772,Delhi,286.13,361.1437112569202,357.38596,366.8780004289238
2022-07-04,17772,Delhi,333.27,319.6598702180651,323.70584,328.3825502071375
2022-07-05,17772,Delhi,271.21,319.9495469450192,323.3401,328.17360929434574
2022-07-06,17772,Delhi,194.31,318.8172537588161,319.9423,311.43318277031057
2022-07-07,17772,Delhi,415.41,310.36310446461556,316.39917,313.41072276324564
2022-07-08,17772,Delhi,392.17,320.6759419058581,322.75516,322.8390608685145
2022-07-09,17772,Delhi,306.23,364.65439856972455,360.9224,379.25649926681535
2022-07-10,17772,Delhi,430.67,363.2429588777089,357.69086,365.7573178165196
2022-07-01,17772,Mumbai,167.84,167.9627934956403,171.91022,164.36597413541307
2022-07-02,17772,Mumbai,187.17,192.82647225579728,192.9543,201.92745316619386
2022-07-03,17772,Mumbai,216.54,194.6233956954124,195.36804,207.00474252885132
2022-07-04,17772,Mumbai,176.82,167.83357171175481,170.63432,167.00553424675914
2022-07-05,17772,Mumbai,198.09,167.9627934956403,171.57307,166.1996212158704
2022-07-06,17772,Mumbai,145.14,169.40130695601874,173.44983,166.9163245133122
2022-07-07,17772,Mumbai,123.72,172.3983246445574,174.02032,167.89630120503193
2022-07-08,17772,Mumbai,178.61,167.9183460045463,170.63432,162.63833066652597
2022-07-09,17772,Mumbai,240.49,193.35915767023565,193.71846,205.56186699901383
2022-07-10,17772,Mumbai,191.7,194.0198021808103,194.34935,205.20961708793897
2022-07-01,18322,Delhi,150.68,182.16008856492294,180.8704,175.50299331760746
2022-07-02,18322,Delhi,218.27,206.3290781754406,205.42726,220.7774761577711
2022-07-03,18322,Delhi,173.6,208.05943867039963,206.08815,218.31858256334257
2022-07-04,18322,Delhi,188.02,181.58390817310826,179.77284,173.83212897685408
2022-07-05,18322,Delhi,186.71,181.80376289742753,180.8704,177.87691113743443
2022-07-06,18322,Delhi,169.98,181.58390817310826,180.21259,180.00375687421976
2022-07-07,18322,Delhi,210.0,181.66868246589974,180.21259,174.22221368133472
2022-07-08,18322,Delhi,164.06,181.888537190219,181.20755,175.92542599148368
2022-07-09,18322,Delhi,138.67,209.08645641067415,207.16524,218.78715000227555
2022-07-10,18322,Delhi,151.98,206.75859469277944,206.54341,215.22170072431794
2022-07-01,18396,Delhi,448.49,591.8007847068951,593.3413,573.9480387409315
2022-07-02,18396,Delhi,657.79,680.5974426665226,676.2694,659.7128722530733
2022-07-03,18396,Delhi,741.01,691.7766576779658,690.88715,689.0919538574346
2022-07-04,18396,Delhi,710.99,598.9426564171082,600.2271,592.6904975680972
2022-07-05,18396,Delhi,555.99,599.2948791310785,605.8308,607.0623699182817
2022-07-06,18396,Delhi,673.79,622.16700173744,611.3713,632.9228353448992
2022-07-07,18396,Delhi,547.5,602.230978028319,604.15845,597.6987849825198
2022-07-08,18396,Delhi,798.52,601.2947890720125,602.4691,589.7595973869612
2022-07-09,18396,Delhi,877.6,701.5017528934992,706.2174,708.6866244458223
2022-07-10,18396,Delhi,821.52,713.7295302219983,701.41846,694.5293249490235
2022-07-01,18396,HR-NCR,497.74,448.84714507985547,455.50076,451.2392661952494
2022-07-02,18396,HR-NCR,615.7,514.8768298880951,514.6482,514.69451574323
2022-07-03,18396,HR-NCR,628.47,517.308088688177,518.605,519.1352262714508
2022-07-04,18396,HR-NCR,479.48,461.3976375065996,465.32068,466.3092040453302
2022-07-05,18396,HR-NCR,532.87,453.6395623637607,463.19363,458.56387579915094
2022-07-06,18396,HR-NCR,473.94,464.79904466793016,475.38867,464.6257196695603
2022-07-07,18396,HR-NCR,514.3,461.8503186300376,484.1294,473.26721781339063
2022-07-08,18396,HR-NCR,433.27,461.70144386157085,481.9543,470.5798064437635
2022-07-09,18396,HR-NCR,420.94,528.3405843673278,548.46014,539.1934954886917
2022-07-10,18396,HR-NCR,455.19,530.8392995958569,542.07074,541.9057826099748
2022-07-01,18401,Delhi,157.8,243.5535686471184,239.78214,241.30359518453972
2022-07-02,18401,Delhi,296.71,284.6461691201482,275.67136,294.98543143190255
2022-07-03,18401,Delhi,261.92,283.5898848752173,271.51126,282.54718479014645
2022-07-04,18401,Delhi,230.13,242.71858858721924,240.88065,242.4599634368269
2022-07-05,18401,Delhi,189.98,236.956037791681,234.63086,230.15108840974196
2022-07-06,18401,Delhi,160.81,232.1500468367028,230.5892,227.27408047770302
2022-07-07,18401,Delhi,241.07,233.38102105877348,231.51645,229.91402203064433
2022-07-08,18401,Delhi,190.61,231.78791150621663,231.49316,231.09082999469183
2022-07-09,18401,Delhi,157.16,267.8607703207891,264.56525,281.22711072256345
2022-07-10,18401,Delhi,328.95,262.414507692483,256.94983,272.5713611021108
2022-07-01,18401,HR-NCR,146.12,178.9788952242976,180.29652,172.12509584317786
2022-07-02,18401,HR-NCR,191.85,198.697406514695,199.84859,209.45193456132063
2022-07-03,18401,HR-NCR,187.87,193.84344243386735,195.94368,207.64581684503295
2022-07-04,18401,HR-NCR,207.94,168.71805288562388,172.57906,170.7801142097165
2022-07-05,18401,HR-NCR,167.54,168.31911916313572,172.3372,167.45068431291378
2022-07-06,18401,HR-NCR,175.94,168.31911916313572,172.3372,166.29736537618194
2022-07-07,18401,HR-NCR,165.48,169.48608124881022,173.44983,168.09971679062798
2022-07-08,18401,HR-NCR,213.57,169.48608124881022,173.44983,168.10065930100725
2022-07-09,18401,HR-NCR,180.43,198.9633527876311,199.84859,209.2725290529513
2022-07-10,18401,HR-NCR,184.39,195.10198997369338,197.53476,208.48779137438942
2022-07-01,18403,Delhi,199.32,248.09598519111037,251.53384,251.90223244328524
2022-07-02,18403,Delhi,260.74,273.8617804356088,270.87332,281.58893412363943
2022-07-03,18403,Delhi,402.21,268.1792547715762,270.70407,281.29382621575843
2022-07-04,18403,Delhi,319.54,239.80508037308147,247.0329,247.2467353809129
2022-07-05,18403,Delhi,186.3,246.72974611167845,251.75647,243.60620127522245
2022-07-06,18403,Delhi,257.54,239.87566539113647,247.0329,242.71316179806104
2022-07-07,18403,Delhi,418.49,236.230063640174,244.07332,239.28472220488263
2022-07-08,18403,Delhi,264.24,250.78143951085127,255.56898,243.31948598778118
2022-07-09,18403,Delhi,206.79,291.4577460225233,291.8676,296.38351990572505
2022-07-10,18403,Delhi,339.84,292.8820135620089,292.18018,300.6845797535524
2022-07-01,18403,HR-NCR,179.89,162.1551927644554,166.15355,158.12554361656305
2022-07-02,18403,HR-NCR,165.22,186.65774704903254,188.77213,200.64400139524483
2022-07-03,18403,HR-NCR,231.42,186.31445142958322,188.37186,197.08894305730448
2022-07-04,18403,HR-NCR,181.64,162.65400280552646,166.81137,161.45318494061496
2022-07-05,18403,HR-NCR,148.61,162.65400280552646,166.81137,160.2191727754169
2022-07-06,18403,HR-NCR,154.28,164.90910837921422,166.81137,161.2505009940603
2022-07-07,18403,HR-NCR,157.46,162.73877709831794,166.81137,159.9777334160189
2022-07-08,18403,HR-NCR,200.74,162.73877709831794,166.81137,159.62911321615312
2022-07-09,18403,HR-NCR,121.45,191.10453446825557,190.10675,203.0202271184615
2022-07-10,18403,HR-NCR,172.44,186.49081117652617,186.51831,194.73086377067204
2022-07-01,18546,Bengaluru,65.1,208.48329758613286,210.39983,215.75575500574556
2022-07-02,18546,Bengaluru,115.59,213.99829650991353,211.87737,220.09458501117211
2022-07-03,18546,Bengaluru,80.0,214.37350397161558,210.2694,215.02447645917795
2022-07-04,18546,Bengaluru,125.76,188.13495349058243,186.71838,191.04431123581057
2022-07-05,18546,Bengaluru,146.78,188.13495349058243,186.5636,182.3478483507785
2022-07-06,18546,Bengaluru,222.24,183.1928572758759,184.6659,183.51535063691682
2022-07-07,18546,Bengaluru,104.75,183.24868941666318,184.88368,198.2435926028664
2022-07-08,18546,Bengaluru,309.73,179.47242785002842,183.13554,181.97559405763113
2022-07-09,18546,Bengaluru,213.88,205.26136746021487,204.55354,213.44873249182749
2022-07-10,18546,Bengaluru,160.79,207.8680288261923,205.43033,207.21447040338498
2022-07-01,18546,Delhi,1283.74,1339.691467483283,1303.1794,1309.0513274694242
2022-07-02,18546,Delhi,2241.07,1500.4620622025873,1483.742,1453.9517986572307
2022-07-03,18546,Delhi,2041.39,1613.402281106713,1538.9604,1541.5059424337437
2022-07-04,18546,Delhi,1220.55,1401.3935591452787,1409.3507,1420.2091619719668
2022-07-05,18546,Delhi,1273.89,1433.857712035436,1450.2188,1429.9831357762107
2022-07-06,18546,Delhi,864.8,1370.4766290275252,1392.7126,1355.047078309717
2022-07-07,18546,Delhi,1242.69,1420.895185512661,1422.2717,1410.3900895877646
2022-07-08,18546,Delhi,1075.82,1441.8945050663299,1444.3337,1429.7914874386106
2022-07-09,18546,Delhi,957.42,1560.998502094478,1561.2948,1549.5129743394618
2022-07-10,18546,Delhi,1457.35,1575.2909449121316,1512.3567,1537.7446908198624
2022-07-01,18546,HR-NCR,471.05,566.8648221732008,556.8167,577.4947937778334
2022-07-02,18546,HR-NCR,718.72,653.2384498701496,635.4716,664.3305782304539
2022-07-03,18546,HR-NCR,524.63,649.0275843990147,636.69,649.3720867040719
2022-07-04,18546,HR-NCR,612.82,561.0863628245559,557.8979,577.6078845294223
2022-07-05,18546,HR-NCR,533.64,565.3660847094707,557.1719,572.8003936184951
2022-07-06,18546,HR-NCR,656.96,566.6371668602792,559.6301,581.5555273218565
2022-07-07,18546,HR-NCR,586.02,570.9075023091435,567.8889,580.8618327006498
2022-07-08,18546,HR-NCR,758.84,569.7766137030235,561.10516,570.40118151424
2022-07-09,18546,HR-NCR,644.06,655.8807656171358,643.0106,654.6211758385871
2022-07-10,18546,HR-NCR,573.02,652.2586166959105,638.6259,646.2197348885016
2022-07-01,18546,Mumbai,239.41,228.44294918199566,229.4298,227.21596862693056
2022-07-02,18546,Mumbai,171.09,266.2557435257822,261.2645,269.32682076688167
2022-07-03,18546,Mumbai,300.31,259.8805711396025,257.9011,264.72030257722554
2022-07-04,18546,Mumbai,253.19,232.17090300221076,227.8972,223.95072407441978
2022-07-05,18546,Mumbai,247.49,233.02166050555306,231.92383,227.76875555228315
2022-07-06,18546,Mumbai,285.59,233.02166050555306,233.04904,230.73023552024327
2022-07-07,18546,Mumbai,289.4,233.1960213243377,233.04904,229.90297765565953
2022-07-08,18546,Mumbai,258.03,232.6546110174904,231.95627,229.6293768456059
2022-07-09,18546,Mumbai,242.78,266.684180107509,265.30847,271.34292351669154
2022-07-10,18546,Mumbai,213.94,268.46605721002027,265.66318,271.67190231424826
2022-07-01,18548,Delhi,111.69,190.37480999147354,194.50443,191.42012846703975
2022-07-02,18548,Delhi,230.44,212.19932736009665,216.97667,225.7394409900059
2022-07-03,18548,Delhi,242.79,216.41262516755512,218.16591,228.1525571522582
2022-07-04,18548,Delhi,150.49,189.52405248813125,193.16982,190.44780348680348
2022-07-05,18548,Delhi,198.47,189.52405248813125,192.58247,184.88747838376955
2022-07-06,18548,Delhi,196.37,189.9229862106194,193.41167,191.5195610444932
2022-07-07,18548,Delhi,210.54,189.60882678092273,193.16982,189.90482778999936
2022-07-08,18548,Delhi,96.9,189.60882678092273,192.58247,187.19842396374958
2022-07-09,18548,Delhi,171.26,213.8509558483661,211.87737,221.2809913845759
2022-07-10,18548,Delhi,229.56,215.45202876510177,213.46953,227.85019761122408
2022-07-01,18555,Delhi,105.62,156.9676230534968,161.55449,158.7946718804099
2022-07-02,18555,Delhi,120.59,178.88029036530213,182.37059,188.9863488386818
2022-07-03,18555,Delhi,112.29,178.88029036530213,182.62814,193.9408748099694
2022-07-04,18555,Delhi,128.73,154.37503227480678,160.16661,150.9139536604444
2022-07-05,18555,Delhi,38.88,154.37503227480678,160.16661,154.4635488880762
2022-07-06,18555,Delhi,133.62,154.99212232881712,160.16661,147.93748196563638
2022-07-07,18555,Delhi,123.04,155.8309032940687,160.8817,153.85082963949338
2022-07-08,18555,Delhi,264.35,154.76648375356964,160.16661,147.36095428759785
2022-07-09,18555,Delhi,189.36,177.05016455310957,181.02202,181.74689282293673
2022-07-10,18555,Delhi,330.81,178.99485104546517,185.4289,198.2233999195591
2022-07-01,18562,Delhi,375.82,478.5747063195363,473.25778,479.7437267290505
2022-07-02,18562,Delhi,638.12,549.927369501506,533.7198,542.9489242994191
2022-07-03,18562,Delhi,599.24,552.9020168252014,537.2817,545.6164705083262
2022-07-04,18562,Delhi,448.63,484.71646635561035,476.49808,477.8298527199436
2022-07-05,18562,Delhi,535.51,480.979806619092,474.42517,472.99168357019096
2022-07-06,18562,Delhi,426.4,486.8878006134199,491.51926,488.15079344900414
2022-07-07,18562,Delhi,470.85,482.4732927749049,491.03897,495.55906869095196
2022-07-08,18562,Delhi,698.08,480.20698143995486,481.4993,486.29942373774384
2022-07-09,18562,Delhi,662.55,589.8430164820205,584.83765,585.6853279338233
2022-07-10,18562,Delhi,611.15,589.2221864749082,587.0183,588.457188815433
2022-07-01,18575,Delhi,174.49,358.6662955849145,351.99854,356.5724981210724
2022-07-02,18575,Delhi,235.27,378.75116035839204,387.49106,392.8663882931222
2022-07-03,18575,Delhi,485.56,362.1353017357645,366.89954,374.2780397411029
2022-07-04,18575,Delhi,310.03,329.68142890258713,328.74194,325.9286980337158
2022-07-05,18575,Delhi,515.39,330.8434117618071,333.47256,335.16335219419307
2022-07-06,18575,Delhi,290.42,344.7191770213031,346.11996,356.85969310433
2022-07-07,18575,Delhi,423.46,341.7572426472092,341.20923,338.8987199942481
2022-07-08,18575,Delhi,238.7,344.87765830847445,348.40164,346.0345009632133
2022-07-09,18575,Delhi,319.83,399.7890581109983,392.94034,399.86306218820187
2022-07-10,18575,Delhi,504.77,400.2647436366724,389.4556,399.86806273591276
2022-07-01,18575,HR-NCR,256.48,188.3608651907821,195.75266,184.48792200179705
2022-07-02,18575,HR-NCR,298.08,221.9810668204121,228.6907,233.0454327106176
2022-07-03,18575,HR-NCR,272.84,221.05750504428303,227.40152,227.6577313510119
2022-07-04,18575,HR-NCR,114.23,196.11367153682585,204.28229,202.06387164050022
2022-07-05,18575,HR-NCR,152.63,193.4654517142793,199.75452,184.5149171706161
2022-07-06,18575,HR-NCR,206.96,193.4654517142793,199.75452,190.59614973907952
2022-07-07,18575,HR-NCR,172.88,193.94915972955894,202.46626,197.65542306691162
2022-07-08,18575,HR-NCR,236.71,191.75400547990017,199.1766,192.49391310782804
2022-07-09,18575,HR-NCR,81.26,230.54385971491124,237.7439,248.6698903920293
2022-07-10,18575,HR-NCR,156.26,219.79812192092484,222.64235,233.52611731391562
2022-07-01,18585,Delhi,209.1,421.5870723986839,441.48044,445.4823873828697
2022-07-02,18585,Delhi,799.43,477.20883819865867,461.91864,466.5098569171137
2022-07-03,18585,Delhi,1010.88,514.2113038398373,509.26663,501.08854558656185
2022-07-04,18585,Delhi,237.88,465.46393048392434,484.82993,489.12607212431095
2022-07-05,18585,Delhi,451.49,445.21621350853786,454.8607,446.7581863935249
2022-07-06,18585,Delhi,499.25,449.37969288488154,457.52008,453.77921837861413
2022-07-07,18585,Delhi,222.75,440.8869647324419,443.3873,461.6562049348277
2022-07-08,18585,Delhi,750.26,420.13500047494665,428.74744,421.4999077795907
2022-07-09,18585,Delhi,589.97,482.50524050401623,477.97186,471.82666757381133
2022-07-10,18585,Delhi,366.81,508.2160135647521,523.42664,523.5067471311747
2022-07-01,18618,Delhi,218.46,216.2153574055737,219.26933,213.9855253513999
2022-07-02,18618,Delhi,214.51,248.4069436567683,248.53267,261.127031191881
2022-07-03,18618,Delhi,174.02,246.65428171058554,246.9821,249.015807735377
2022-07-04,18618,Delhi,226.55,214.89075215372446,219.26933,214.82251824669817
2022-07-05,18618,Delhi,259.78,216.66718118642785,219.15483,219.19240950555388
2022-07-06,18618,Delhi,336.52,215.4131609526336,218.82953,220.0234586978202
2022-07-07,18618,Delhi,277.14,215.90119797587704,218.0728,214.57774109188333
2022-07-08,18618,Delhi,215.94,216.3001316983652,219.43985,216.27749485860164
2022-07-09,18618,Delhi,262.51,246.45543399582644,246.9821,253.77846712978038
2022-07-10,18618,Delhi,233.03,250.9340002294513,247.13766,252.65184282869774
2022-07-01,18841,Delhi,513.42,450.7731059488475,457.1197,465.51700492884083
2022-07-02,18841,Delhi,596.95,510.6607691196667,512.1273,512.8264096918818
2022-07-03,18841,Delhi,433.03,516.9931645289479,513.54114,515.2008916527465
2022-07-04,18841,Delhi,448.19,453.575639645928,454.98404,450.3062659966034
2022-07-05,18841,Delhi,381.22,450.1182272306643,457.1197,451.5302728397787
2022-07-06,18841,Delhi,703.73,450.7731059488475,451.32428,456.2739431845924
2022-07-07,18841,Delhi,465.47,457.1997881276754,459.53497,461.5677584386373
2022-07-08,18841,Delhi,621.88,450.2031713266025,453.27814,453.7039842252228
2022-07-09,18841,Delhi,201.15,530.5075012611956,528.9236,528.5830524805461
2022-07-10,18841,Delhi,367.24,515.3636570229271,517.4107,513.1843863528303
2022-07-01,18841,HR-NCR,333.78,235.87070308695357,241.78323,230.2041652094335
2022-07-02,18841,HR-NCR,186.14,269.40166898301607,277.72675,285.08341821524556
2022-07-03,18841,HR-NCR,333.73,268.3626012458749,272.56726,277.90943293072525
2022-07-04,18841,HR-NCR,242.46,236.10377841379923,245.51443,240.72680106604327
2022-07-05,18841,HR-NCR,156.7,234.3949930557543,243.14832,235.29166037336117
2022-07-06,18841,HR-NCR,299.83,234.75331076394366,234.90056,228.8928907773061
2022-07-07,18841,HR-NCR,250.27,235.10471987640275,240.44858,225.28732067264997
2022-07-08,18841,HR-NCR,245.22,235.10471987640275,241.99486,234.27474354175416
2022-07-09,18841,HR-NCR,325.53,269.04437098584236,277.39832,281.31961403581323
2022-07-10,18841,HR-NCR,291.06,268.03122268372,275.33954,282.09322045626925
2022-07-01,18851,Delhi,601.4,565.02701160394,589.2582,587.0945823665982
2022-07-02,18851,Delhi,643.8,678.7063487412603,679.7616,684.7797489914566
2022-07-03,18851,Delhi,429.82,700.5158662811857,690.48584,700.9680972458057
2022-07-04,18851,Delhi,529.68,565.02701160394,583.1911,577.7732503657993
2022-07-05,18851,Delhi,547.0,565.02701160394,584.7722,578.0690068465192
2022-07-06,18851,Delhi,572.86,599.2775496116102,593.38574,608.3405064047307
2022-07-07,18851,Delhi,538.53,572.5950551000656,584.46313,587.051194301152
2022-07-08,18851,Delhi,911.01,572.5950551000656,563.10876,581.5354707699302
2022-07-09,18851,Delhi,648.28,698.7803252503163,684.4047,683.7088792998579
2022-07-10,18851,Delhi,578.64,658.7702851279854,675.3323,663.093881599731
2022-07-01,18851,HR-NCR,263.51,258.6366416410107,261.48428,257.85381732743275
2022-07-02,18851,HR-NCR,261.83,309.6646903293025,305.56348,314.33924710457126
2022-07-03,18851,HR-NCR,375.57,287.86496231781365,287.1715,295.471740750737
2022-07-04,18851,HR-NCR,324.45,263.45318100021456,266.64105,264.66589968181813
2022-07-05,18851,HR-NCR,322.2,268.70506103256093,270.3474,262.2538219180119
2022-07-06,18851,HR-NCR,210.74,268.31562944248526,270.5022,265.36095206870726
2022-07-07,18851,HR-NCR,349.81,267.8510107904852,271.19577,263.81994467530865
2022-07-08,18851,HR-NCR,259.55,267.68852048169447,269.34424,261.3831075502381
2022-07-09,18851,HR-NCR,239.99,313.3967792494306,309.7541,308.77662612112965
2022-07-10,18851,HR-NCR,206.23,309.06386533284814,307.54807,311.6590217340089
2022-07-01,18854,Delhi,323.83,318.9797440676068,321.79382,316.24280557825665
2022-07-02,18854,Delhi,555.1,361.97281142697375,356.76193,371.89425395390094
2022-07-03,18854,Delhi,436.1,367.46956694356265,372.99765,382.6462852586568
2022-07-04,18854,Delhi,344.33,322.4653617201012,335.5738,335.2299093148267
2022-07-05,18854,Delhi,269.04,333.32953686387225,335.5738,338.2943097821705
2022-07-06,18854,Delhi,352.42,319.9747943772943,332.15027,330.92291255554704
2022-07-07,18854,Delhi,395.38,319.29191513976184,320.36047,313.2199121570627
2022-07-08,18854,Delhi,374.16,319.903910464664,329.4874,324.22012235356857
2022-07-09,18854,Delhi,424.54,380.95533303312294,377.05328,390.7359019992227
2022-07-10,18854,Delhi,544.47,380.64040887389376,372.5457,385.91014940351204
2022-07-01,18857,Delhi,585.6,502.93014681079546,507.06717,503.6368098678263
2022-07-02,18857,Delhi,685.31,587.8333988864217,584.13806,589.4941825120438
2022-07-03,18857,Delhi,570.25,589.6624068187691,588.2891,600.0389409837759
2022-07-04,18857,Delhi,540.33,511.87827177530454,514.5833,515.2627843883554
2022-07-05,18857,Delhi,641.92,510.09756581545275,510.5553,514.2741134570991
2022-07-06,18857,Delhi,638.99,526.5762881354624,530.35004,522.405089452643
2022-07-07,18857,Delhi,638.79,528.4220768385344,526.4712,521.0974590809866
2022-07-08,18857,Delhi,460.54,527.1509946877259,528.74457,527.277421621241
2022-07-09,18857,Delhi,607.27,598.6416650692667,596.17163,596.1981376787043
2022-07-10,18857,Delhi,459.87,603.5716390978777,600.51184,594.1916962048733
2022-07-01,18857,HR-NCR,210.39,235.01994558361127,239.65337,232.36110992633002
2022-07-02,18857,HR-NCR,276.6,267.98739378417287,268.82635,276.93603704854445
2022-07-03,18857,HR-NCR,227.95,269.18819147782267,272.6834,279.9753478259796
2022-07-04,18857,HR-NCR,218.16,234.590820455153,235.58841,230.69901359659866
2022-07-05,18857,HR-NCR,223.11,234.590820455153,235.43361,231.4013092229845
2022-07-06,18857,HR-NCR,158.83,233.7400629518107,234.09898,229.3874149861396
2022-07-07,18857,HR-NCR,293.31,229.3974824860676,230.76443,228.66098983576478
2022-07-08,18857,HR-NCR,306.68,228.45713845673214,229.4298,225.05950185060024
2022-07-09,18857,HR-NCR,294.94,267.2639180157728,266.264,273.4730952885035
2022-07-10,18857,HR-NCR,262.15,268.2282722957251,270.4485,276.37234805385884
2022-07-01,18934,Delhi,118.76,154.37503227480678,160.16661,146.81274963597454
2022-07-02,18934,Delhi,136.79,177.05016455310957,181.02202,180.14540119217716
2022-07-03,18934,Delhi,143.04,177.05016455310957,181.27957,183.25939838368464
2022-07-04,18934,Delhi,169.78,154.37503227480678,160.16661,148.0689243197478
2022-07-05,18934,Delhi,159.58,154.37503227480678,160.16661,145.23811771506695
2022-07-06,18934,Delhi,94.1,154.37503227480678,160.16661,147.35480453943873
2022-07-07,18934,Delhi,115.64,154.37503227480678,160.16661,145.90533722279952
2022-07-08,18934,Delhi,144.64,154.37503227480678,160.16661,146.31970431883437
2022-07-09,18934,Delhi,173.32,177.05016455310957,181.02202,180.0525858409827
2022-07-10,18934,Delhi,201.51,177.05016455310957,181.27957,185.8515603238447
2022-07-01,19251,Delhi,261.92,171.72953198992587,175.94702,164.65325496772962
2022-07-02,19251,Delhi,156.37,208.87562744041406,213.69795,219.33004097058352
2022-07-03,19251,Delhi,262.33,197.71799000646752,201.22444,202.7811312342094
2022-07-04,19251,Delhi,224.79,182.92811340150493,189.16606,177.26341918479739
2022-07-05,19251,Delhi,213.68,183.1885381324182,190.02126,181.43451385648393
2022-07-06,19251,Delhi,125.33,183.1885381324182,190.02126,180.25534343504626
2022-07-07,19251,Delhi,260.37,181.94870717336042,189.13565,178.0238306150426
2022-07-08,19251,Delhi,169.03,187.12103423172434,192.70908,186.1444075586873
2022-07-09,19251,Delhi,177.19,214.1878089564808,218.57242,222.28700311391378
2022-07-10,19251,Delhi,287.55,211.46101351609795,217.96889,221.20043613935945
2022-07-01,19257,Delhi,470.74,381.06073559556387,388.5215,387.1240397611197
2022-07-02,19257,Delhi,554.2,435.92626263996027,439.65823,454.2855061938459
2022-07-03,19257,Delhi,320.55,451.79613912005647,443.6934,454.98871972649755
2022-07-04,19257,Delhi,594.23,390.53373002549466,391.46136,398.2329247036213
2022-07-05,19257,Delhi,523.99,387.8037691851051,392.7876,391.57610027621394
2022-07-06,19257,Delhi,304.38,390.10808560994434,393.56137,388.9375656565053
2022-07-07,19257,Delhi,340.83,391.28664760652805,397.63504,393.2739913445664
2022-07-08,19257,Delhi,429.55,397.70412976418066,402.20312,411.1525215768925
2022-07-09,19257,Delhi,509.98,445.089185036864,434.14584,439.2138129695117
2022-07-10,19257,Delhi,476.95,465.47445732938513,454.72568,463.44182969519215
2022-07-01,19257,HR-NCR,143.38,184.41946596463404,188.98805,181.1330420507624
2022-07-02,19257,HR-NCR,146.49,208.040556876193,208.4603,219.0308803987994
2022-07-03,19257,HR-NCR,326.34,208.41576433789504,206.85226,221.0267867540268
2022-07-04,19257,HR-NCR,203.51,187.26467508842015,187.13882,188.168751050254
2022-07-05,19257,HR-NCR,213.97,187.26467508842015,187.72617,184.05267134806257
2022-07-06,19257,HR-NCR,111.26,187.26467508842015,187.72617,184.31945095398856
2022-07-07,19257,HR-NCR,176.15,187.34944938121163,187.13882,185.4281205801115
2022-07-08,19257,HR-NCR,242.52,187.34944938121163,187.13882,183.41574120246662
2022-07-09,19257,HR-NCR,121.36,215.07682130339973,213.79932,228.0076062583544
2022-07-10,19257,HR-NCR,186.84,210.2184178315962,211.11366,229.0355459109902
2022-07-01,19281,Delhi,152.01,179.34413074994458,181.39183,172.044831858763
2022-07-02,19281,Delhi,196.91,205.47599668817114,205.59653,215.4848541570634
2022-07-03,19281,Delhi,149.51,206.23222368893008,206.18275,210.90523546453787
2022-07-04,19281,Delhi,263.64,171.82819536991616,180.29652,172.9256570867029
2022-07-05,19281,Delhi,271.04,179.34413074994458,181.39183,178.00364914653997
2022-07-06,19281,Delhi,154.2,179.60455548085784,183.69199,177.9234230864795
2022-07-07,19281,Delhi,155.27,179.68932977364932,183.69199,175.45436952542056
2022-07-08,19281,Delhi,155.35,179.68932977364932,181.53194,174.9595735783647
2022-07-09,19281,Delhi,258.13,205.5138474435392,205.97548,213.8121777190587
2022-07-10,19281,Delhi,196.2,208.592124084838,209.3052,216.73885129178137
2022-07-01,19284,Delhi,165.19,162.37504748877467,167.14851,159.02432678944342
2022-07-02,19284,Delhi,182.41,186.15909869220044,188.77213,197.78418447621397
2022-07-03,19284,Delhi,239.88,187.03295451073458,189.02968,198.8425136836181
2022-07-04,19284,Delhi,169.74,165.26543404670963,167.91264,160.4449699211005
2022-07-05,19284,Delhi,116.72,168.18989737925023,171.7356,165.44433782032536
2022-07-06,19284,Delhi,173.13,162.65400280552646,166.81137,158.42202308648012
2022-07-07,19284,Delhi,170.67,166.29055236883656,172.73308,168.36427569849474
2022-07-08,19284,Delhi,158.25,162.81614744906156,167.5755,162.1967309476482
2022-07-09,19284,Delhi,247.22,186.3354584391434,188.77213,198.20728025565532
2022-07-10,19284,Delhi,190.26,193.37803946444228,193.21185,205.7299869197987
2022-07-01,19293,Delhi,169.48,155.8250001029206,160.42809,152.99376686794045
2022-07-02,19293,Delhi,133.05,177.460670513673,181.2835,190.69626355329348
2022-07-03,19293,Delhi,162.96,177.460670513673,181.54105,188.35412450773796
2022-07-04,19293,Delhi,175.42,155.22491459563216,160.42809,153.50881745338896
2022-07-05,19293,Delhi,203.89,155.52909410530253,160.42809,152.25093158640072
2022-07-06,19293,Delhi,176.87,157.27180256316717,161.55449,152.3735905922285
2022-07-07,19293,Delhi,106.44,157.6279845733217,161.55449,155.94900834176667
2022-07-08,19293,Delhi,133.97,157.35657685595865,161.55449,155.19404471089274
2022-07-09,19293,Delhi,184.37,177.460670513673,181.2835,189.41427170428454
2022-07-10,19293,Delhi,152.08,177.460670513673,181.54105,188.69353329270675
2022-07-01,19469,Delhi,673.89,656.568324607743,665.4877,650.4314746673467
2022-07-02,19469,Delhi,729.02,790.597781152667,768.6806,776.5293475179071
2022-07-03,19469,Delhi,559.64,755.4125016006059,734.608,742.7988610072751
2022-07-04,19469,Delhi,794.7,647.727952766734,640.2566,645.8755257008721
2022-07-05,19469,Delhi,447.47,657.9474188966076,639.1828,644.1686420583991
2022-07-06,19469,Delhi,813.97,651.0175205720196,636.9215,653.4146641618034
2022-07-07,19469,Delhi,321.45,659.5217530244518,661.9907,651.2462232526129
2022-07-08,19469,Delhi,820.66,653.0347600324219,636.63837,644.8871702057116
2022-07-09,19469,Delhi,814.21,762.1755559580862,755.3125,759.6419080675568
2022-07-10,19469,Delhi,737.91,757.5213265151597,757.49316,758.813704338523
2022-07-01,19469,HR-NCR,213.73,232.17090300221076,230.5892,221.23680877217166
2022-07-02,19469,HR-NCR,235.77,265.1194645967417,262.50424,270.222214797079
2022-07-03,19469,HR-NCR,235.46,267.1083654555041,266.71014,273.63557679702444
2022-07-04,19469,HR-NCR,187.58,228.37236416394066,229.4298,225.39444753357728
2022-07-05,19469,HR-NCR,290.06,228.37236416394066,230.1449,226.24739509493259
2022-07-06,19469,HR-NCR,243.99,233.02166050555306,233.04904,227.07116367069978
2022-07-07,19469,HR-NCR,173.37,234.9276715827283,237.28511,234.80547869253684
2022-07-08,19469,HR-NCR,240.57,222.18783159650192,225.71596,223.33727885930983
2022-07-09,19469,HR-NCR,215.28,253.39154398827947,249.97998,262.93268732677177
2022-07-10,19469,HR-NCR,225.19,252.03293275408268,248.47234,260.75679345626247
2022-07-01,19507,Delhi,86.98,162.45690826759076,164.19427,159.67143904281363
2022-07-02,19507,Delhi,53.62,188.89573758606642,185.83519,196.38497750926655
2022-07-03,19507,Delhi,169.95,186.675032685394,182.36604,187.2314615288023
2022-07-04,19507,Delhi,107.93,164.63026350354517,164.19427,160.5397982818113
2022-07-05,19507,Delhi,24.21,164.20295961650902,165.4665,156.35152465721396
2022-07-06,19507,Delhi,7.99,164.82004967051935,169.28946,154.28425733198569
2022-07-07,19507,Delhi,10.76,166.469207600221,169.28946,165.39863754591386
2022-07-08,19507,Delhi,430.33,165.78908144976262,169.28946,161.53356814959636
2022-07-09,19507,Delhi,381.23,208.55439573584647,208.31995,225.5966164376513
2022-07-10,19507,Delhi,2.93,208.18479631025073,205.34769,214.2679654038443
2022-07-01,19512,Delhi,8391.15,7669.771211397765,7991.5435,8358.816128639326
2022-07-02,19512,Delhi,9156.64,8142.84362805561,8414.851,8784.339423263738
2022-07-03,19512,Delhi,12223.45,9024.50699010407,8525.75,8926.149158086866
2022-07-04,19512,Delhi,8649.78,8304.449910928977,8349.693,8872.300837354915
2022-07-05,19512,Delhi,7896.91,8190.1357406488805,8144.578,8497.327973125562
2022-07-06,19512,Delhi,9027.89,8108.998036852669,8155.9644,8576.908725504181
2022-07-07,19512,Delhi,8175.28,7921.144041141865,8059.8237,8504.210607984403
2022-07-08,19512,Delhi,8253.79,7481.770102248535,7894.7207,8309.53792947304
2022-07-09,19512,Delhi,10195.57,8411.569863260262,8563.493,8887.238017521997
2022-07-10,19512,Delhi,10276.6,8261.661552604397,8590.624,9045.756585325844
2022-07-01,19512,HR-NCR,7368.01,7044.71589661498,7088.635,7152.939292382227
2022-07-02,19512,HR-NCR,7299.06,7898.130257061229,8078.95,7850.173917568783
2022-07-03,19512,HR-NCR,7627.65,7974.444156934034,8061.862,7807.8563457793225
2022-07-04,19512,HR-NCR,7532.71,7311.728166784948,7206.3125,7282.38765902408
2022-07-05,19512,HR-NCR,6810.79,7265.043720689499,7064.5664,7154.219069499003
2022-07-06,19512,HR-NCR,7126.29,7258.421650381962,7072.848,7138.597873926776
2022-07-07,19512,HR-NCR,6861.04,7301.684510334308,7091.564,7191.932735331909
2022-07-08,19512,HR-NCR,7340.02,7198.537180837221,6973.5054,7104.69908953485
2022-07-09,19512,HR-NCR,8136.07,7944.166912907837,7924.568,7781.776477903109
2022-07-10,19512,HR-NCR,7579.08,7902.978815627032,7916.8755,7761.431558817444
2022-07-01,19512,Mumbai,2581.01,2839.364960553017,2853.3726,2865.2212821955645
2022-07-02,19512,Mumbai,3061.79,3165.6966034106417,3166.0945,3077.63672724745
2022-07-03,19512,Mumbai,3109.08,3225.6611880684427,3208.369,3112.6108317292105
2022-07-04,19512,Mumbai,2552.36,2725.3704700291864,2758.6792,2796.22445285371
2022-07-05,19512,Mumbai,2623.05,2697.4631938237626,2729.7417,2762.677431620487
2022-07-06,19512,Mumbai,2685.86,2663.2335153394965,2637.4583,2711.0459687265816
2022-07-07,19512,Mumbai,2460.02,2670.9592049441844,2642.6333,2715.2035176664767
2022-07-08,19512,Mumbai,2880.09,2724.9755123558016,2729.645,2765.9406732629077
2022-07-09,19512,Mumbai,3328.2,3054.4276925659547,2870.946,2919.828757126899
2022-07-10,19512,Mumbai,2792.11,3115.985241163183,2969.2954,2969.7335458203484
2022-07-01,19735,Delhi,207.28,154.67921178447716,160.16661,148.03891211880895
2022-07-02,19735,Delhi,151.85,178.4823494797681,182.65536,186.8552657611427
2022-07-03,19735,Delhi,113.6,177.05016455310957,181.27957,188.5464620341703
2022-07-04,19735,Delhi,236.38,154.37503227480678,160.16661,144.2568918955638
2022-07-05,19735,Delhi,181.42,154.86811416953682,160.16661,148.76021932096285
2022-07-06,19735,Delhi,230.34,155.52909410530253,160.42809,147.2480336302004
2022-07-07,19735,Delhi,107.94,155.52909410530253,160.76523,146.77088367053142
2022-07-08,19735,Delhi,132.94,155.52909410530253,160.42809,148.60927395088802
2022-07-09,19735,Delhi,215.78,177.460670513673,181.2835,183.4557720759388
2022-07-10,19735,Delhi,215.24,177.460670513673,181.54105,185.56889328459513
2022-07-01,19924,Delhi,1927.08,1539.2262790876332,1547.5803,1541.4398583502173
2022-07-02,19924,Delhi,1847.62,1835.2944657863807,1841.5731,1803.0929998952015
2022-07-03,19924,Delhi,1668.05,1740.1562035042289,1724.4562,1715.3502572933442
2022-07-04,19924,Delhi,1364.33,1519.5422648321307,1525.0533,1512.5176909475308
2022-07-05,19924,Delhi,1732.2,1512.0963974599676,1527.9482,1510.3633369665145
2022-07-06,19924,Delhi,1646.86,1525.466805151044,1542.4454,1545.1945117864252
2022-07-07,19924,Delhi,1113.5,1542.0934987050073,1517.4053,1537.422992361748
2022-07-08,19924,Delhi,1331.64,1548.7980669139167,1545.0851,1555.834520209692
2022-07-09,19924,Delhi,1627.3,1720.9677493413965,1711.397,1681.1328614405236
2022-07-10,19924,Delhi,1460.63,1731.7562311931035,1735.8793,1728.8332568198493
2022-07-01,19924,HR-NCR,652.44,620.6855460374204,625.6902,625.3597414422968
2022-07-02,19924,HR-NCR,766.22,712.9806314937365,712.487,704.9773300268247
2022-07-03,19924,HR-NCR,679.75,712.3598014866242,714.1562,701.5729317040528
2022-07-04,19924,HR-NCR,639.02,620.6855460374204,627.1133,621.8541550470325
2022-07-05,19924,HR-NCR,733.64,620.6855460374204,626.1482,624.5579077857753
2022-07-06,19924,HR-NCR,613.84,622.1973807625047,630.3908,625.403640797677
2022-07-07,19924,HR-NCR,703.9,626.855395098885,646.2007,637.3536517213795
2022-07-08,19924,HR-NCR,555.87,635.4598240225256,646.3253,639.911205178066
2022-07-09,19924,HR-NCR,663.59,724.2116544014733,734.2933,724.5508130934538
2022-07-10,19924,HR-NCR,685.13,719.5574249585468,725.1885,721.7038809967546
2022-07-01,19925,Delhi,3017.01,2861.3007296624332,2878.0747,2886.6741627426327
2022-07-02,19925,Delhi,3043.07,3017.876630907784,2947.6838,2924.2395430490515
2022-07-03,19925,Delhi,3513.07,3170.65323239521,3194.7947,3096.228114089878
2022-07-04,19925,Delhi,2320.43,2824.824430283543,2810.1616,2834.8731549769727
2022-07-05,19925,Delhi,2647.67,2701.8989826974744,2697.3506,2721.1115005572733
2022-07-06,19925,Delhi,2872.03,2701.8989826974744,2691.6604,2725.4778565428505
2022-07-07,19925,Delhi,2605.53,2711.9303478612005,2698.3052,2737.9935543273746
2022-07-08,19925,Delhi,2982.36,2771.2878734938313,2812.5864,2836.5163497629524
2022-07-09,19925,Delhi,3082.65,3373.6329235944677,3335.2112,3213.831639839009
2022-07-10,19925,Delhi,3053.4,3186.3409434827654,3031.2363,3021.8807242264234
2022-07-01,19925,HR-NCR,1002.77,1088.0531919066236,1053.6229,1078.2168445774398
2022-07-02,19925,HR-NCR,1154.5,1237.879538106861,1163.5659,1200.11236762041
2022-07-03,19925,HR-NCR,1466.74,1187.8346043348895,1159.5414,1175.2652153081947
2022-07-04,19925,HR-NCR,1052.65,1031.00104178656,1018.52704,1054.7080737272768
2022-07-05,19925,HR-NCR,961.54,1036.252952465969,1022.7566,1045.0951235321677
2022-07-06,19925,HR-NCR,1271.08,1035.3877222118897,1020.0033,1039.5733650407287
2022-07-07,19925,HR-NCR,1213.58,1093.2333985458142,1053.3423,1065.205207576949
2022-07-08,19925,HR-NCR,1155.39,1096.075361274478,1057.1134,1075.6254250336663
2022-07-09,19925,HR-NCR,1197.69,1239.950249597148,1212.2557,1205.3550136552417
2022-07-10,19925,HR-NCR,1014.69,1237.5874416715872,1206.3274,1199.3615195354105
2022-07-01,21869,Delhi,311.06,344.2267886119106,347.8167,346.7923253124597
2022-07-02,21869,Delhi,400.86,395.08444126539234,385.9538,390.40496388367774
2022-07-03,21869,Delhi,396.66,395.7339059745662,388.13843,398.0852567016963
2022-07-04,21869,Delhi,427.4,344.8816673300938,351.95468,358.8626849006475
2022-07-05,21869,Delhi,305.26,344.2267886119106,351.95468,354.34872810194213
2022-07-06,21869,Delhi,467.42,344.2267886119106,347.8167,347.98633141531457
2022-07-07,21869,Delhi,299.31,358.7059020950729,351.05444,350.3228027679551
2022-07-08,21869,Delhi,350.0,358.54341178628215,350.25793,347.2246892042449
2022-07-09,21869,Delhi,389.17,416.40306302267834,414.4796,416.77056648058385
2022-07-10,21869,Delhi,408.0,410.13255467072594,413.47635,416.9696318596659
2022-07-01,22982,Bengaluru,380.2,471.1951768255092,465.04904,470.5763813750102
2022-07-02,22982,Bengaluru,562.86,523.3056515599144,514.092,524.0385126106682
2022-07-03,22982,Bengaluru,583.05,528.2356255885254,518.4322,527.9612139933694
2022-07-04,22982,Bengaluru,550.54,459.3850660492979,458.85822,459.539592541476
2022-07-05,22982,Bengaluru,399.15,462.2314540595837,460.11203,466.6473363761669
2022-07-06,22982,Bengaluru,395.75,457.29685345648574,457.67584,456.5682630195165
2022-07-07,22982,Bengaluru,523.87,454.6556340515537,455.50076,453.9323588739983
2022-07-08,22982,Bengaluru,467.18,454.0007553333705,455.50076,451.710926465881
2022-07-09,22982,Bengaluru,518.29,517.8796832927568,514.2648,515.977969616455
2022-07-10,22982,Bengaluru,635.93,520.3783985212859,516.2294,522.4088127173319
2022-07-01,23343,Bengaluru,410.15,381.74930138550644,389.28027,387.7312391318965
2022-07-02,23343,Bengaluru,557.94,434.4379433292932,436.73172,440.5118169204983
2022-07-03,23343,Bengaluru,527.59,455.2323158038788,445.96295,456.99550767990905
2022-07-04,23343,Bengaluru,449.17,381.799294098714,394.13657,389.33853525504037
2022-07-05,23343,Bengaluru,328.24,390.6164905228568,395.25812,395.3977665362167
2022-07-06,23343,Bengaluru,376.2,382.09391107188816,392.12982,384.0375373954946
2022-07-07,23343,Bengaluru,328.84,391.28664760652805,392.12982,390.735108042837
2022-07-08,23343,Bengaluru,434.67,383.77082152303205,394.35245,392.20279617685065
2022-07-09,23343,Bengaluru,423.08,448.2904536815704,443.97226,449.5068860835517
2022-07-10,23343,Bengaluru,446.21,448.2904536815704,439.65823,450.6662583592659
2022-07-01,23343,Delhi,1033.7,827.4364922269128,791.8412,785.0950379696592
2022-07-02,23343,Delhi,453.6,928.0694711927964,907.91406,938.9048475298745
2022-07-03,23343,Delhi,992.24,915.7670970115547,848.81635,851.9537563754745
2022-07-04,23343,Delhi,1283.74,819.366212740684,805.6744,835.7754170681196
2022-07-05,23343,Delhi,1099.07,830.2367133428628,805.7627,829.3987261052176
2022-07-06,23343,Delhi,1120.51,856.7341068816315,839.09283,826.1768504613668
2022-07-07,23343,Delhi,582.33,855.654146169786,846.1649,848.4847715608322
2022-07-08,23343,Delhi,761.56,860.4736322760472,841.81506,829.238510028509
2022-07-09,23343,Delhi,1240.98,999.2009417496467,969.6107,961.588920078777
2022-07-10,23343,Delhi,732.31,833.9293489079718,896.89874,922.9618964694203
2022-07-01,23343,HR-NCR,948.81,752.9284439500833,773.9277,768.5281792473528
2022-07-02,23343,HR-NCR,1087.66,849.2278317344209,865.07263,848.9932788799595
2022-07-03,23343,HR-NCR,1076.3,851.055231393134,876.4616,880.0664541251566
2022-07-04,23343,HR-NCR,648.58,758.3229959962442,792.16534,791.6015310142391
2022-07-05,23343,HR-NCR,999.61,797.8796653128727,783.9842,798.5665754812494
2022-07-06,23343,HR-NCR,951.85,820.2270654906176,815.6449,817.3332649828476
2022-07-07,23343,HR-NCR,918.55,815.4421951658402,804.0474,794.4094572556411
2022-07-08,23343,HR-NCR,706.98,828.3933942405598,818.768,824.5515051027746
2022-07-09,23343,HR-NCR,918.78,920.017804883303,910.9841,900.2961104081006
2022-07-10,23343,HR-NCR,484.05,931.1886211850988,927.32446,919.0349652925072
2022-07-01,23379,Bengaluru,294.2,234.56996428964504,235.43361,231.094576303723
2022-07-02,23379,Bengaluru,307.72,267.8040473098742,270.24426,277.98616161725397
2022-07-03,23379,Bengaluru,303.86,269.1673353123147,272.5784,283.4728724655753
2022-07-04,23379,Bengaluru,207.27,235.06967443615832,240.44858,238.55583575236625
2022-07-05,23379,Bengaluru,183.97,234.56996428964504,235.43361,235.20984769106207
2022-07-06,23379,Bengaluru,226.04,232.54898055919097,232.67136,231.32731757372835
2022-07-07,23379,Bengaluru,262.86,232.44067702943804,231.71442,227.6736524721282
2022-07-08,23379,Bengaluru,253.54,234.95018100837342,235.58841,234.99209526386431
2022-07-09,23379,Bengaluru,251.22,268.27584948275404,266.7965,276.8980347444269
2022-07-10,23379,Bengaluru,300.96,268.65105694445606,268.8,279.3470667233703
2022-07-01,23379,Delhi,494.7,482.7283032379207,492.88678,500.44248671292183
2022-07-02,23379,Delhi,621.39,555.3574629317642,559.74194,560.48558783921
2022-07-03,23379,Delhi,489.75,586.9923219506219,565.64795,571.4505006998885
2022-07-04,23379,Delhi,502.26,504.51615312083345,492.88678,499.8862205875447
2022-07-05,23379,Delhi,502.51,482.7283032379207,492.88678,493.8161801836658
2022-07-06,23379,Delhi,441.5,482.7283032379207,492.88678,493.91311978845
2022-07-07,23379,Delhi,521.92,482.4732927749049,479.6515,486.150976955159
2022-07-08,23379,Delhi,446.58,483.7443749257137,481.4993,487.94236301340703
2022-07-09,23379,Delhi,465.14,558.0818475445609,543.1593,557.1783845458979
2022-07-10,23379,Delhi,523.7,550.4141966363379,535.18445,548.5929477477291
2022-07-01,23379,HR-NCR,291.35,284.8695230629977,290.79874,282.3379750141516
2022-07-02,23379,HR-NCR,286.61,326.9246284857917,326.5028,331.59562242116397
2022-07-03,23379,HR-NCR,317.12,328.4985584865981,329.66772,340.46537329687726
2022-07-04,23379,HR-NCR,279.8,285.549649213456,291.76007,287.6125431211785
2022-07-05,23379,HR-NCR,238.96,277.5664235743571,283.59586,275.18146925146453
2022-07-06,23379,HR-NCR,297.66,277.7289138831478,286.16742,281.3054772392602
2022-07-07,23379,HR-NCR,324.43,273.9290272215433,282.10342,278.37683280783
2022-07-08,23379,HR-NCR,249.62,285.4988713226861,289.80316,284.9555724591657
2022-07-09,23379,HR-NCR,238.54,323.8013717415098,320.14615,327.1078255135463
2022-07-10,23379,HR-NCR,278.73,323.8013717415098,319.4316,333.1746705135498
2022-07-01,23383,Bengaluru,1413.26,1585.0486144163972,1578.1759,1582.8925803958164
2022-07-02,23383,Bengaluru,1772.9,1930.7774108602848,1891.156,1859.1191989999506
2022-07-03,23383,Bengaluru,2018.53,1824.7096620799796,1764.6737,1747.8796167776752
2022-07-04,23383,Bengaluru,1657.78,1582.2074985293236,1587.8512,1622.6757208827062
2022-07-05,23383,Bengaluru,1627.32,1575.5480544588204,1578.6399,1609.7802643499385
2022-07-06,23383,Bengaluru,1769.7,1602.430869797581,1601.6285,1636.4293858360588
2022-07-07,23383,Bengaluru,1555.06,1582.1794334604822,1600.8655,1636.867201803907
2022-07-08,23383,Bengaluru,1244.35,1621.7507110860506,1608.5009,1637.3206499933326
2022-07-09,23383,Bengaluru,1961.16,1943.6297895149055,1886.434,1852.852943913098
2022-07-10,23383,Bengaluru,2310.93,1832.8531107050153,1806.5416,1802.597707912701
2022-07-01,23383,Mumbai,233.36,309.3470327768226,310.69788,308.02489095469224
2022-07-02,23383,Mumbai,306.57,352.15980256784593,349.85184,358.06892146646044
2022-07-03,23383,Mumbai,345.08,344.65520223546355,341.35904,354.23405370972284
2022-07-04,23383,Mumbai,463.79,301.11210169763353,298.26837,295.2771759020675
2022-07-05,23383,Mumbai,312.05,309.6367095037767,311.81757,312.9357800134783
2022-07-06,23383,Mumbai,317.09,308.98183078559344,315.00992,312.49857668600475
2022-07-07,23383,Mumbai,311.69,304.31884215367893,306.8538,304.18132052961505
2022-07-08,23383,Mumbai,326.15,304.248257135624,305.95355,297.29526508868025
2022-07-09,23383,Mumbai,362.46,350.36652524102334,352.18848,359.9178816033436
2022-07-10,23383,Mumbai,437.65,344.8128176498922,341.11514,350.7284294733079
2022-07-01,23653,Delhi,939.42,959.5738939849974,826.49713,851.2746210496737
2022-07-02,23653,Delhi,1697.62,950.2771415791393,915.49445,922.0838434408493
2022-07-03,23653,Delhi,499.85,895.2240877253045,937.3122,916.8010873041542
2022-07-04,23653,Delhi,872.22,862.8507149849471,827.758,826.7027991147374
2022-07-05,23653,Delhi,818.83,765.2756932496561,819.46686,825.2079112936257
2022-07-06,23653,Delhi,871.59,820.2570702862424,819.3347,805.1302945172226
2022-07-07,23653,Delhi,639.25,804.1080116447055,802.1667,854.6488356590457
2022-07-08,23653,Delhi,618.23,767.6435517384097,775.6528,760.3945819481143
2022-07-09,23653,Delhi,1273.44,875.6336052282281,906.8482,904.7431084073381
2022-07-10,23653,Delhi,1160.31,896.5255287825378,879.888,874.1830527140824
2022-07-01,23653,HR-NCR,146.13,269.7784466310117,269.11444,269.06483273705663
2022-07-02,23653,HR-NCR,406.9,309.86192153839755,307.14352,316.6694589178814
2022-07-03,23653,HR-NCR,216.86,316.706906158404,310.63916,329.6393717755306
2022-07-04,23653,HR-NCR,385.67,263.3916222413909,267.81046,260.05474330231124
2022-07-05,23653,HR-NCR,259.51,266.4973293332995,270.54898,267.6908494948337
2022-07-06,23653,HR-NCR,282.05,266.991459156558,268.85242,272.3153347921956
2022-07-07,23653,HR-NCR,302.36,262.849774162838,265.19055,254.46907522728782
2022-07-08,23653,HR-NCR,272.27,270.8486719581577,270.46277,272.839008929003
2022-07-09,23653,HR-NCR,118.36,319.77030944658486,311.7247,321.48949320411873
2022-07-10,23653,HR-NCR,92.82,318.8958321862558,310.552,329.53170294206893
2022-07-01,23660,HR-NCR,220.76,284.536401401323,288.41412,282.88931371373434
2022-07-02,23660,HR-NCR,285.0,326.5551154155739,324.052,334.59872160790354
2022-07-03,23660,HR-NCR,392.28,323.80698403664985,324.603,336.55794074874126
2022-07-04,23660,HR-NCR,316.24,275.99006889574946,278.2853,278.7904874161093
2022-07-05,23660,HR-NCR,270.86,272.4195066478199,277.09326,278.04808981212676
2022-07-06,23660,HR-NCR,314.85,279.0424799860022,282.3052,280.47450604434596
2022-07-07,23660,HR-NCR,257.52,282.4080604562016,282.38647,274.67062210331534
2022-07-08,23660,HR-NCR,279.63,284.02853063599537,283.72116,280.31954395898856
2022-07-09,23660,HR-NCR,262.59,326.864427279663,320.60303,328.70841481608636
2022-07-10,23660,HR-NCR,300.71,327.0269175884537,323.09268,333.8641391105372
2022-07-01,23691,Delhi,268.2,264.4898948117987,270.06766,254.22995535264386
2022-07-02,23691,Delhi,212.92,317.20130985509235,313.76154,319.59326232723913
2022-07-03,23691,Delhi,258.12,309.1343874369653,305.66998,308.4713076972878
2022-07-04,23691,Delhi,252.37,263.0307592454241,263.8656,259.40074135983104
2022-07-05,23691,Delhi,167.67,263.0307592454241,264.5807,258.2835557922148
2022-07-06,23691,Delhi,400.85,263.8815167487664,265.35507,262.5026956858114
2022-07-07,23691,Delhi,250.19,265.1631686574369,267.78973,269.68944122579506
2022-07-08,23691,Delhi,316.78,264.06033431931075,265.4734,257.7474080134356
2022-07-09,23691,Delhi,210.59,312.2876755019988,308.1512,319.85832540000536
2022-07-10,23691,Delhi,481.73,310.7157730577183,306.68372,318.0290151326847
2022-07-01,23742,Delhi,253.65,231.24523147284964,231.78575,227.54341394486397
2022-07-02,23742,Delhi,280.61,266.4182338345729,265.30847,274.8331731432425
2022-07-03,23742,Delhi,386.54,267.0130003339251,264.02408,276.6968398992598
2022-07-04,23742,Delhi,147.89,234.590820455153,235.43361,230.22548186104677
2022-07-05,23742,Delhi,175.61,233.7400629518107,234.09898,226.97157327032306
2022-07-06,23742,Delhi,186.47,232.17090300221076,231.71442,225.17174401202786
2022-07-07,23742,Delhi,207.45,232.25567729500224,231.71442,228.42635401851888
2022-07-08,23742,Delhi,276.28,233.1960213243377,231.92383,227.4313205008004
2022-07-09,23742,Delhi,270.95,265.6947580661728,262.74612,272.2884360047455
2022-07-10,23742,Delhi,237.57,267.8884877392646,264.3291,282.6572162374911
2022-07-01,24097,Delhi,121.69,154.37503227480678,160.16661,150.91690993996264
2022-07-02,24097,Delhi,174.59,177.05016455310957,181.02202,186.04155157740212
2022-07-03,24097,Delhi,140.52,177.05016455310957,181.27957,183.8472709167276
2022-07-04,24097,Delhi,172.07,154.37503227480678,160.16661,150.69299973969575
2022-07-05,24097,Delhi,149.21,154.37503227480678,160.16661,151.36816911549704
2022-07-06,24097,Delhi,132.26,154.37503227480678,160.16661,149.5911429209807
2022-07-07,24097,Delhi,191.5,154.37503227480678,160.16661,149.32189105878672
2022-07-08,24097,Delhi,184.33,154.37503227480678,160.16661,149.3544380437199
2022-07-09,24097,Delhi,188.59,177.23906693816923,181.02202,188.68416651799473
2022-07-10,24097,Delhi,186.28,177.23906693816923,181.27957,186.70005769151328
2022-07-01,24178,Delhi,621.52,470.5789733928836,463.9291,466.2766307907562
2022-07-02,24178,Delhi,427.15,556.0215620608428,539.4902,550.3130319142431
2022-07-03,24178,Delhi,374.59,538.8989667223038,536.8873,549.259191791944
2022-07-04,24178,Delhi,666.81,456.6063291659823,454.9746,450.752416148066
2022-07-05,24178,Delhi,851.93,476.4564252525103,466.03354,463.9692483231538
2022-07-06,24178,Delhi,377.04,490.8283585191502,498.75623,502.6666390794902
2022-07-07,24178,Delhi,404.52,475.0937632808778,491.4552,474.6819639292911
2022-07-08,24178,Delhi,454.62,475.2848430713651,482.78375,478.2028806334842
2022-07-09,24178,Delhi,460.03,543.7250923548397,533.31757,527.711344715829
2022-07-10,24178,Delhi,764.48,552.2857387929803,540.3818,551.3296139044442
2022-07-01,24178,HR-NCR,306.85,344.2267886119106,351.95468,350.2786407754903
2022-07-02,24178,HR-NCR,363.52,396.34344710696956,388.3543,398.0325857201049
2022-07-03,24178,HR-NCR,374.88,396.65837126619874,391.28082,408.7770885925665
2022-07-04,24178,HR-NCR,358.39,341.4212971098745,343.64294,348.65825984995973
2022-07-05,24178,HR-NCR,300.65,340.7411709594162,341.20923,340.586955542643
2022-07-06,24178,HR-NCR,344.65,341.4212971098745,343.64294,343.471931939668
2022-07-07,24178,HR-NCR,338.79,342.4373687976675,343.64294,344.75054593562163
2022-07-08,24178,HR-NCR,342.04,341.7572426472092,341.56064,341.6302477904609
2022-07-09,24178,HR-NCR,379.73,393.86402137332055,386.74158,398.66698415304757
2022-07-10,24178,HR-NCR,357.91,393.5490972140914,382.70816,395.7204453744591
2022-07-01,24194,Delhi,1166.19,1141.9320258611342,1156.8783,1169.4817930478423
2022-07-02,24194,Delhi,1289.61,1308.5954239716875,1304.0635,1292.9454757088254
2022-07-03,24194,Delhi,1410.39,1305.207052719442,1300.9049,1293.058288864896
2022-07-04,24194,Delhi,1157.12,1134.2875491298769,1153.4225,1171.65992802621
2022-07-05,24194,Delhi,1032.5,1134.6520292684186,1154.9116,1172.0679524090638
2022-07-06,24194,Delhi,1096.88,1131.9657905570175,1152.9642,1158.6029731891022
2022-07-07,24194,Delhi,1002.61,1140.4729388243302,1155.2041,1166.2034392775035
2022-07-08,24194,Delhi,1067.3,1142.4496712989144,1137.6431,1152.7682036912242
2022-07-09,24194,Delhi,1322.97,1312.803180106694,1291.5344,1293.5536748947263
2022-07-10,24194,Delhi,1178.69,1300.521722912332,1289.4774,1295.1180692691307
2022-07-01,24194,HR-NCR,517.49,547.7272517050357,547.5332,551.8574505361705
2022-07-02,24194,HR-NCR,574.41,623.753986777835,619.5379,630.2751489889712
2022-07-03,24194,HR-NCR,817.22,623.9216007477942,621.46735,621.6975340966748
2022-07-04,24194,HR-NCR,420.48,547.3923585105337,547.7644,545.1752420261092
2022-07-05,24194,HR-NCR,536.48,538.9978946780328,542.18475,538.2415231887844
2022-07-06,24194,HR-NCR,527.73,547.7272517050357,548.11444,552.2510604357341
2022-07-07,24194,HR-NCR,512.45,543.1925193571051,545.0842,549.2329910685336
2022-07-08,24194,HR-NCR,629.88,538.9450369732994,539.5698,541.2986710860205
2022-07-09,24194,HR-NCR,663.03,630.9558364791162,626.82336,635.9809085194597
2022-07-10,24194,HR-NCR,970.41,630.3350064720039,626.07794,629.8363478963939
2022-07-01,24739,Delhi,199.81,183.01084606826524,183.89365,180.86631805081697
2022-07-02,24739,Delhi,103.25,209.17683580523345,208.51668,219.4773883761253
2022-07-03,24739,Delhi,171.9,205.73841883724384,205.46892,215.18240530464075
2022-07-04,24739,Delhi,236.83,179.24822981336243,180.7678,171.38069319058178
2022-07-05,24739,Delhi,94.15,182.65452040076983,182.84456,178.94281123737886
2022-07-06,24739,Delhi,166.82,179.34413074994458,181.05469,169.8801436203402
2022-07-07,24739,Delhi,96.37,180.3692490720715,182.88124,181.34759748713725
2022-07-08,24739,Delhi,113.49,171.25246448554185,173.92245,168.13660421511784
2022-07-09,24739,Delhi,212.61,199.34486631906876,202.67082,217.2149662283777
2022-07-10,24739,Delhi,193.08,193.37803946444228,193.21185,204.18804043379467
2022-07-01,24785,Delhi,131.83,154.56393465986645,160.16661,150.62101433662673
2022-07-02,24785,Delhi,169.58,177.23906693816923,181.02202,188.44001922582908
2022-07-03,24785,Delhi,193.75,177.23906693816923,181.27957,191.24649150754914
2022-07-04,24785,Delhi,153.49,154.56393465986645,160.16661,152.30568402734403
2022-07-05,24785,Delhi,189.77,154.7855382353702,160.42809,152.59146494158134
2022-07-06,24785,Delhi,156.2,155.22491459563216,160.42809,154.09902153546193
2022-07-07,24785,Delhi,166.76,155.52909410530253,160.42809,153.3779190577297
2022-07-08,24785,Delhi,117.77,155.52909410530253,160.42809,153.7129210941245
2022-07-09,24785,Delhi,174.86,177.05016455310957,181.02202,188.92224857100663
2022-07-10,24785,Delhi,148.65,177.05016455310957,181.27957,188.74157085070104
2022-07-01,25268,Bengaluru,212.43,189.52405248813125,193.16982,185.16291384934857
2022-07-02,25268,Bengaluru,248.86,216.03741770585307,217.90836,227.90141668946714
2022-07-03,25268,Bengaluru,200.01,216.41262516755512,218.16591,227.57672396937437
2022-07-04,25268,Bengaluru,230.42,190.37480999147354,194.50443,192.82105202838875
2022-07-05,25268,Bengaluru,232.13,190.37480999147354,194.50443,192.80111742609586
2022-07-06,25268,Bengaluru,174.79,189.52405248813125,193.16982,185.65678544191184
2022-07-07,25268,Bengaluru,194.9,189.60882678092273,193.16982,185.9488802553986
2022-07-08,25268,Bengaluru,209.08,192.6245544777097,197.10571,191.5327152590767
2022-07-09,25268,Bengaluru,249.37,219.4229144592228,221.74763,229.12670242067466
2022-07-10,25268,Bengaluru,215.37,219.79812192092484,224.98232,229.74991233969686
2022-07-01,25268,Delhi,180.02,179.60455548085784,183.69199,175.40466949036897
2022-07-02,25268,Delhi,185.18,206.4737666256367,209.76305,212.8523002315588
2022-07-03,25268,Delhi,208.1,208.21402575430312,214.37148,220.92636646374564
2022-07-04,25268,Delhi,123.89,179.34413074994458,183.55188,174.63749179875586
2022-07-05,25268,Delhi,242.39,179.34413074994458,184.26697,181.82184529283742
2022-07-06,25268,Delhi,175.98,180.003489203346,183.9068,177.77338117581084
2022-07-07,25268,Delhi,199.04,181.2166671671258,188.4082,177.74959825603332
2022-07-08,25268,Delhi,200.4,185.44458428676097,189.88293,184.71851195001136
2022-07-09,25268,Delhi,236.94,207.87666904796913,213.28473,215.3588722428944
2022-07-10,25268,Delhi,183.12,210.95494568926793,214.74886,222.6135846283659
2022-07-01,25279,Bengaluru,196.74,154.37503227480678,160.16661,146.72143414852508
2022-07-02,25279,Bengaluru,147.33,177.05016455310957,181.02202,184.89575863448061
2022-07-03,25279,Bengaluru,188.68,177.05016455310957,181.27957,185.20946775477356
2022-07-04,25279,Bengaluru,148.26,154.37503227480678,160.16661,146.81502118718853
2022-07-05,25279,Bengaluru,196.31,154.67921178447716,160.16661,147.9435510389186
2022-07-06,25279,Bengaluru,171.53,154.86811416953682,160.16661,149.61876353457578
2022-07-07,25279,Bengaluru,131.27,154.86811416953682,160.16661,148.47961306080518
2022-07-08,25279,Bengaluru,169.43,154.67921178447716,160.16661,149.45493822364512
2022-07-09,25279,Bengaluru,219.19,177.23906693816923,181.02202,183.77596530350732
2022-07-10,25279,Bengaluru,229.66,177.460670513673,181.54105,189.40768287129248
2022-07-01,25279,Delhi,293.1,264.0440070575571,264.91653,268.3637862226122
2022-07-02,25279,Delhi,240.57,309.69943122960683,303.34024,312.876225249071
2022-07-03,25279,Delhi,210.07,309.2552788381499,301.03168,311.1309191326963
2022-07-04,25279,Delhi,263.6,261.2770288651165,258.54263,258.7387028827338
2022-07-05,25279,Delhi,186.66,262.41563778976604,256.51404,254.8286101490047
2022-07-06,25279,Delhi,362.38,262.1900147858441,258.681,266.8266114722327
2022-07-07,25279,Delhi,151.59,260.7512798106968,254.33084,255.63034881178186
2022-07-08,25279,Delhi,474.12,254.52591021423441,250.27179,254.0882587727259
2022-07-09,25279,Delhi,353.38,309.5652022081891,294.1508,305.2030751381744
2022-07-10,25279,Delhi,259.47,310.6486478705066,307.31232,312.6289359178912
2022-07-01,25486,Delhi,170.78,215.57087830418286,220.04553,220.52225995077936
2022-07-02,25486,Delhi,142.1,244.84333137858235,244.67606,251.94583549689784
2022-07-03,25486,Delhi,283.48,246.35481776932485,246.26828,255.77472326647387
2022-07-04,25486,Delhi,192.18,215.81642368308556,218.38051,218.9138404656182
2022-07-05,25486,Delhi,168.98,214.4918184312363,217.4949,214.51431101102992
2022-07-06,25486,Delhi,157.81,214.4918184312363,214.17468,207.27551426264768
2022-07-07,25486,Delhi,213.34,215.65565259697433,217.36531,218.55526880652883
2022-07-08,25486,Delhi,208.82,212.35873247221716,211.70296,207.96711968690818
2022-07-09,25486,Delhi,203.14,243.03641957413208,239.19426,249.32199710754176
2022-07-10,25486,Delhi,285.93,239.53211039193596,237.15887,251.1430791742284
2022-07-01,26923,Bengaluru,864.46,840.1092400031913,837.2466,852.733173806976
2022-07-02,26923,Bengaluru,986.36,949.4169311940825,951.5482,952.3755434639897
2022-07-03,26923,Bengaluru,833.01,941.1202455732566,964.2194,961.9006037773827
2022-07-04,26923,Bengaluru,898.56,837.6700812368359,830.6273,846.2673031007793
2022-07-05,26923,Bengaluru,1139.51,840.6007334332713,850.5422,861.1443968603518
2022-07-06,26923,Bengaluru,1068.49,835.7738217225987,843.9359,834.2924534099751
2022-07-07,26923,Bengaluru,739.5,848.8530622842578,850.92615,859.2361374934618
2022-07-08,26923,Bengaluru,758.62,857.6180125531215,859.02716,869.1883565085096
2022-07-09,26923,Bengaluru,1020.49,954.6438067852961,967.2169,956.1127450058124
2022-07-10,26923,Bengaluru,869.71,949.8505840847768,958.629,956.5321206313714
2022-07-01,27064,Delhi,244.23,221.162713274375,224.38135,217.0245421434999
2022-07-02,27064,Delhi,184.09,261.3739875687612,261.7145,266.5029655251301
2022-07-03,27064,Delhi,283.27,263.04796426829444,264.67352,271.69898938999285
2022-07-04,27064,Delhi,266.98,231.63489807613198,237.0594,235.5541847020898
2022-07-05,27064,Delhi,246.34,222.0134707777173,225.71596,226.12914954785106
2022-07-06,27064,Delhi,243.95,219.18364040933807,219.35356,217.65899876929842
2022-07-07,27064,Delhi,179.77,219.67832761756648,222.71191,218.170239603077
2022-07-08,27064,Delhi,171.12,219.67832761756648,223.09131,216.68406675565245
2022-07-09,27064,Delhi,362.35,252.16670756922395,252.51852,264.08859068007246
2022-07-10,27064,Delhi,211.35,261.58226028283985,260.8498,272.560059552855
2022-07-01,27153,Bengaluru,666.49,513.7419684641395,518.0308,514.6750721422916
2022-07-02,27153,Bengaluru,559.55,603.4032275157751,597.5133,595.294967403292
2022-07-03,27153,Bengaluru,660.1,588.3347762616514,594.897,582.9051697264445
2022-07-04,27153,Bengaluru,511.59,525.1105063348404,527.81537,529.0739777517834
2022-07-05,27153,Bengaluru,354.92,519.894595493619,526.1663,515.3949338124289
2022-07-06,27153,Bengaluru,422.6,507.2549754721092,520.325,516.8456803343929
2022-07-07,27153,Bengaluru,697.0,508.2710471599022,513.1342,515.910797572663
2022-07-08,27153,Bengaluru,545.45,527.3976601734416,526.6257,529.4186499167532
2022-07-09,27153,Bengaluru,639.4,603.9674961341059,594.2127,596.2703469684445
2022-07-10,27153,Bengaluru,462.74,601.391339422078,597.064,599.2491068157658
2022-07-01,27389,Delhi,312.64,308.04713304501036,312.51236,306.6405145550146
2022-07-02,27389,Delhi,321.05,349.5544333430286,347.07733,351.7997703955404
2022-07-03,27389,Delhi,399.41,350.81343918460584,349.567,368.4355425023106
2022-07-04,27389,Delhi,267.76,308.12317755477443,311.97986,309.44164904573
2022-07-05,27389,Delhi,272.21,309.18454246803185,312.72824,309.9439949484636
2022-07-06,27389,Delhi,287.38,308.50441631757354,311.12408,306.52430259610713
2022-07-07,27389,Delhi,310.72,309.5910730234215,311.12408,308.4392452641067
2022-07-08,27389,Delhi,308.65,309.5910730234215,313.09827,311.2063872508522
2022-07-09,27389,Delhi,343.23,350.2150396613604,356.93524,360.8634777248201
2022-07-10,27389,Delhi,288.4,350.82458079376374,359.02365,374.9464857567901
2022-07-01,27389,HR-NCR,139.04,155.8250001029206,160.42809,151.76830400997233
2022-07-02,27389,HR-NCR,178.8,177.460670513673,181.2835,186.1708009504086
2022-07-03,27389,HR-NCR,227.33,177.460670513673,182.19887,190.82306792500293
2022-07-04,27389,HR-NCR,127.37,157.49165728748645,162.21231,154.40424652641443
2022-07-05,27389,HR-NCR,221.78,157.27180256316717,162.21231,157.34116503671737
2022-07-06,27389,HR-NCR,155.3,157.54321028053022,161.55449,157.15401898996848
2022-07-07,27389,HR-NCR,168.97,162.23996705724687,164.61984,158.54451440726592
2022-07-08,27389,HR-NCR,125.75,162.23996705724687,165.1239,157.53884674496675
2022-07-09,27389,HR-NCR,181.24,179.64697833602008,182.63206,191.74621573111756
2022-07-10,27389,HR-NCR,168.32,180.02218579772213,182.88962,194.59043058173614
2022-07-01,28169,Bengaluru,581.77,692.4866304220905,694.53174,694.3751499840679
2022-07-02,28169,Bengaluru,773.0,791.4394639667753,786.6363,780.7822355680834
2022-07-03,28169,Bengaluru,813.36,788.2629246218274,789.51654,788.472081129866
2022-07-04,28169,Bengaluru,752.92,694.3828899363277,695.4261,702.6911430070553
2022-07-05,28169,Bengaluru,548.34,693.9984651471748,692.1444,685.9384260218617
2022-07-06,28169,Bengaluru,564.0,691.5504414657839,694.2655,691.1912011776353
2022-07-07,28169,Bengaluru,623.14,686.3423462914102,685.7006,684.3718906904771
2022-07-08,28169,Bengaluru,610.71,687.2785352477167,689.4332,691.7280620247059
2022-07-09,28169,Bengaluru,685.24,782.3125994873213,780.033,770.8594398778705
2022-07-10,28169,Bengaluru,532.86,785.17368794137,774.9738,778.7386924229799
2022-07-01,28201,Delhi,104.11,154.99212232881712,160.16661,134.46008631861358
2022-07-02,28201,Delhi,10.08,177.05016455310957,181.02202,171.19090437951587
2022-07-03,28201,Delhi,267.37,177.35059564630333,181.09064,168.2338678983726
2022-07-04,28201,Delhi,29.39,154.37503227480678,160.16661,126.46626418661387
2022-07-05,28201,Delhi,85.0,158.69338122218733,160.16661,133.88793356166025
2022-07-06,28201,Delhi,85.0,154.76648375356964,160.16661,135.31451283418733
2022-07-07,28201,Delhi,147.88,154.76648375356964,160.16661,130.82402191655737
2022-07-08,28201,Delhi,57.07,154.76648375356964,160.16661,130.08712898660636
2022-07-09,28201,Delhi,53.29,179.58047753853444,182.65536,171.95976759237655
2022-07-10,28201,Delhi,28.24,181.75996497925297,181.99466,173.35277920800294
2022-07-01,28390,Bengaluru,59.04,163.6799445256442,163.92165,137.93824772083732
2022-07-02,28390,Bengaluru,63.36,186.43570511901964,186.55096,187.60040165916726
2022-07-03,28390,Bengaluru,81.55,185.9041836990321,185.20105,182.24173568738243
2022-07-04,28390,Bengaluru,11.48,158.67637392492833,161.42447,140.36448952435615
2022-07-05,28390,Bengaluru,28.96,164.36391000146432,149.48564,148.4523785315615
2022-07-06,28390,Bengaluru,2.95,162.08468074940512,155.48427,164.13685931160947
2022-07-07,28390,Bengaluru,473.65,143.31944057105588,159.74104,136.97452558330068
2022-07-08,28390,Bengaluru,193.77,160.8620996303222,161.72679,148.8558596022916
2022-07-09,28390,Bengaluru,502.6,185.6507754805704,185.2062,200.8932737484729
2022-07-10,28390,Bengaluru,97.76,198.39195714430244,194.40594,198.1729038636197
2022-07-01,32153,Bengaluru,188.85,154.37503227480678,160.16661,150.61066939298405
2022-07-02,32153,Bengaluru,176.09,177.05016455310957,181.02202,187.05653984433923
2022-07-03,32153,Bengaluru,181.55,177.05016455310957,181.27957,187.1091027383478
2022-07-04,32153,Bengaluru,127.93,154.86811416953682,160.16661,152.4675860807538
2022-07-05,32153,Bengaluru,173.0,154.67921178447716,160.16661,148.79936952882528
2022-07-06,32153,Bengaluru,145.06,154.86811416953682,160.16661,149.17053843165866
2022-07-07,32153,Bengaluru,145.81,154.86811416953682,160.16661,150.39145153091144
2022-07-08,32153,Bengaluru,164.29,154.86811416953682,160.16661,148.59809992506788
2022-07-09,32153,Bengaluru,245.25,177.460670513673,181.2835,188.35992492873774
2022-07-10,32153,Bengaluru,188.23,178.98244196632467,183.1744,195.28945978535734
2022-07-01,32416,Delhi,373.43,287.63820022921624,288.93774,285.97178909153945
2022-07-02,32416,Delhi,305.27,332.0592595689231,334.03586,340.4525535226329
2022-07-03,32416,Delhi,272.01,338.13001910533796,335.2942,342.2994497541955
2022-07-04,32416,Delhi,245.78,293.3811752444995,293.49692,291.77319863466033
2022-07-05,32416,Delhi,357.8,293.5436655532902,295.19366,296.4814162888118
2022-07-06,32416,Delhi,235.81,295.59743469991776,299.8963,298.9993784503288
2022-07-07,32416,Delhi,381.98,289.90217360167645,290.2157,288.1137681401326
2022-07-08,32416,Delhi,288.52,294.404254893423,299.6843,300.89795026018624
2022-07-09,32416,Delhi,238.43,337.3447293676317,340.73495,351.2517905383074
2022-07-10,32416,Delhi,419.15,331.9301113842922,331.48297,341.6198200223285
2022-07-01,32553,Bengaluru,505.68,305.9148138268329,301.9803,295.42591181960756
2022-07-02,32553,Bengaluru,473.84,362.9228531544895,355.80167,367.3293250626302
2022-07-03,32553,Bengaluru,341.84,362.1353017357645,357.45615,370.3650895554729
2022-07-04,32553,Bengaluru,383.28,319.63462278579004,318.96695,322.1991435309765
2022-07-05,32553,Bengaluru,203.13,319.32565867172855,321.79382,322.65412319749936
2022-07-06,32553,Bengaluru,493.03,319.294668226836,321.58633,316.0000735831349
2022-07-07,32553,Bengaluru,347.89,320.49808662275154,319.9423,307.22338064831786
2022-07-08,32553,Bengaluru,221.84,323.4561859756191,328.39066,326.08356012891323
2022-07-09,32553,Bengaluru,559.96,364.17698410170465,358.2343,370.20187482575113
2022-07-10,32553,Bengaluru,280.32,371.8124447423686,376.88586,384.05587912042813
2022-07-01,32790,Delhi,339.71,282.1262123000013,286.4599,290.3999057752221
2022-07-02,32790,Delhi,123.33,326.87003957480306,324.77475,334.03232597447237
2022-07-03,32790,Delhi,474.67,314.13825431693914,312.98834,326.24850359748405
2022-07-04,32790,Delhi,316.83,271.7393804973616,273.88538,274.14277857348833
2022-07-05,32790,Delhi,209.21,280.22487700381225,279.86502,276.1458990976848
2022-07-06,32790,Delhi,360.64,276.98511920543694,283.16602,281.20046270175254
2022-07-07,32790,Delhi,287.08,275.61336588047345,278.25638,274.4914315390745
2022-07-08,32790,Delhi,289.34,282.4080604562016,282.14224,270.67585623735255
2022-07-09,32790,Delhi,332.2,326.9196473234021,321.57617,323.6428622888193
2022-07-10,32790,Delhi,325.94,327.44176819224316,324.79245,338.77155889926274
2022-07-01,32884,Bengaluru,186.15,164.90910837921422,166.81137,160.63101158311605
2022-07-02,32884,Bengaluru,162.44,192.82647225579728,192.9543,202.73596005088856
2022-07-03,32884,Bengaluru,242.33,190.07751672798105,189.02968,200.9618031304801
2022-07-04,32884,Bengaluru,171.55,167.83357171175481,170.63432,165.56295197099197
2022-07-05,32884,Bengaluru,165.51,167.74293877132104,171.57307,163.14088311534866
2022-07-06,32884,Bengaluru,200.01,167.9627934956403,171.45589,163.2289413809376
2022-07-07,32884,Bengaluru,228.89,169.1297555813148,173.02284,168.3039245142437
2022-07-08,32884,Bengaluru,134.27,171.45798061522194,173.61018,168.475180650706
2022-07-09,32884,Bengaluru,194.91,194.37045684449592,194.92206,202.12815270710627
2022-07-10,32884,Bengaluru,183.87,197.89434975341047,196.77066,207.75540037902496
2022-07-01,32976,Delhi,209.51,179.36365164876457,181.05469,173.87766140873882
2022-07-02,32976,Delhi,95.09,206.3923538530177,208.89671,232.85008319387768
2022-07-03,32976,Delhi,280.82,204.46558407500692,203.92882,204.58622335382688
2022-07-04,32976,Delhi,56.11,178.72419557937278,179.77284,174.81494222994462
2022-07-05,32976,Delhi,113.66,179.4237075256529,179.58716,176.99491999603427
2022-07-06,32976,Delhi,147.64,169.32685636397488,173.00316,160.0983101568255
2022-07-07,32976,Delhi,132.69,179.00086587348838,182.73396,177.10128994395956
2022-07-08,32976,Delhi,95.74,165.87199604609071,169.28946,165.43662019951168
2022-07-09,32976,Delhi,202.4,191.70003791421698,191.60944,203.61540171966152
2022-07-10,32976,Delhi,548.56,190.17694784143436,189.17422,203.4903204565777
2022-07-01,32991,Delhi,215.44,178.98780508244917,180.29056,173.9204348847967
2022-07-02,32991,Delhi,244.9,206.4737666256367,207.3101,218.17645168078857
2022-07-03,32991,Delhi,165.85,205.7126951582983,206.23303,216.49899336928124
2022-07-04,32991,Delhi,196.39,179.60455548085784,181.53194,175.41351044072482
2022-07-05,32991,Delhi,165.05,179.60455548085784,181.53194,175.96277205446512
2022-07-06,32991,Delhi,164.97,179.60455548085784,181.53194,174.90076242579664
2022-07-07,32991,Delhi,165.81,179.68932977364932,181.53194,177.22342154315027
2022-07-08,32991,Delhi,156.85,179.68932977364932,181.53194,177.42724164903817
2022-07-09,32991,Delhi,199.74,206.47928816765955,207.3101,218.52372301063562
2022-07-10,32991,Delhi,185.83,205.62863017432798,205.61223,215.66806930486956
2022-07-01,34353,Delhi,622.79,712.4599731506788,703.55426,711.281077836467
2022-07-02,34353,Delhi,770.54,789.9786241272066,795.3164,789.4572416206438
2022-07-03,34353,Delhi,885.93,785.32439468428,791.1604,782.9160363732864
2022-07-04,34353,Delhi,660.22,692.3868734760275,699.7401,704.670442120454
2022-07-05,34353,Delhi,655.44,692.9295357546486,698.4281,694.7894611911244
2022-07-06,34353,Delhi,595.78,694.3828899363277,701.0726,706.5628976218445
2022-07-07,34353,Delhi,614.05,693.5676809261862,695.7598,699.4168455737239
2022-07-08,34353,Delhi,614.6,697.1904344179876,697.02826,703.208544695389
2022-07-09,34353,Delhi,608.59,792.0874490417604,796.22375,792.0514626514446
2022-07-10,34353,Delhi,661.87,789.7735838453603,781.8731,781.3392497510384
2022-07-01,34353,HR-NCR,292.62,304.07480190708003,305.72366,304.19257148744487
2022-07-02,34353,HR-NCR,347.54,342.8760603378943,340.80054,346.3061599524865
2022-07-03,34353,HR-NCR,422.99,343.86765081673855,345.1487,353.47116826647743
2022-07-04,34353,HR-NCR,264.54,308.66690662636427,312.82083,307.813318908956
2022-07-05,34353,HR-NCR,334.58,308.04713304501036,309.33264,304.2049333126259
2022-07-06,34353,HR-NCR,281.39,308.5750013356285,311.12408,306.91022921676677
2022-07-07,34353,HR-NCR,326.5,309.7535633322122,311.38223,310.06286436039636
2022-07-08,34353,HR-NCR,273.24,309.52048800536653,311.12408,306.23687726022524
2022-07-09,34353,HR-NCR,307.61,350.82458079376374,348.81137,355.4878124778969
2022-07-10,34353,HR-NCR,381.38,351.0025910800854,347.37277,358.3878703179359
2022-07-01,34422,Delhi,174.38,189.52405248813125,193.16982,186.1882118979891
2022-07-02,34422,Delhi,223.28,217.17369663489353,219.24298,231.009226077131
2022-07-03,34422,Delhi,241.84,217.54890409659558,219.50053,229.3852375896163
2022-07-04,34422,Delhi,170.1,189.52405248813125,193.16982,188.52720568976815
2022-07-05,34422,Delhi,142.12,189.52405248813125,193.16982,188.7412026411142
2022-07-06,34422,Delhi,189.67,184.65740394756799,188.98805,185.01222856936099
2022-07-07,34422,Delhi,201.2,184.74217824035946,188.98805,186.33079433388912
2022-07-08,34422,Delhi,183.81,184.74217824035946,188.98805,185.29394482184455
2022-07-09,34422,Delhi,220.23,210.81767621049983,213.90396,224.54382617382714
2022-07-10,34422,Delhi,204.32,214.22616331006816,211.79057,223.7951907456808
2022-07-01,34653,Bengaluru,131.68,154.67921178447716,160.16661,145.60905911289075
2022-07-02,34653,Bengaluru,154.02,177.05016455310957,181.02202,183.56737875986317
2022-07-03,34653,Bengaluru,182.65,177.05016455310957,181.27957,185.81534622308666
2022-07-04,34653,Bengaluru,127.29,154.67921178447716,160.16661,150.98216075108212
2022-07-05,34653,Bengaluru,167.79,154.37503227480678,160.16661,147.8964438509879
2022-07-06,34653,Bengaluru,140.51,154.37503227480678,160.16661,146.45086233337565
2022-07-07,34653,Bengaluru,156.86,154.37503227480678,160.16661,148.91485317207636
2022-07-08,34653,Bengaluru,174.45,154.37503227480678,160.16661,146.73467287296253
2022-07-09,34653,Bengaluru,171.45,177.460670513673,181.2835,185.66916127001622
2022-07-10,34653,Bengaluru,133.7,177.460670513673,181.54105,188.31338835760965
2022-07-01,34778,Delhi,1785.72,1581.59374376521,1503.7725,1525.5290993277517
2022-07-02,34778,Delhi,676.09,1765.013977558455,1773.0054,1776.8508321805607
2022-07-03,34778,Delhi,1691.34,1716.4544230970453,1697.3275,1665.682349684396
2022-07-04,34778,Delhi,1226.62,1496.6462443410403,1493.8525,1527.3112091638736
2022-07-05,34778,Delhi,1252.1,1529.0641735749145,1521.4318,1554.089175292156
2022-07-06,34778,Delhi,1435.48,1530.7163421155726,1477.7976,1475.07274416409
2022-07-07,34778,Delhi,1551.68,1601.2868727424586,1556.9045,1593.6326330260763
2022-07-08,34778,Delhi,1722.03,1493.7695161262384,1489.726,1550.7918967259093
2022-07-09,34778,Delhi,2708.99,1701.3231605071803,1579.1533,1583.8759670154625
2022-07-10,34778,Delhi,1447.48,1838.695239149552,1782.3445,1747.3546910194973
2022-07-01,34778,HR-NCR,1152.54,1145.0320447681231,1140.8282,1173.6385715165677
2022-07-02,34778,HR-NCR,1510.74,1316.4375459405458,1274.5645,1259.090057050429
2022-07-03,34778,HR-NCR,1412.92,1299.9897424196038,1292.248,1290.1346480775724
2022-07-04,34778,HR-NCR,923.64,1138.046046332365,1115.2146,1115.514513176831
2022-07-05,34778,HR-NCR,950.85,1123.6718280183798,1130.4954,1133.1978690470385
2022-07-06,34778,HR-NCR,1306.81,1127.3973170067884,1139.1176,1151.7582945872093
2022-07-07,34778,HR-NCR,1052.91,1129.5121828545698,1122.3868,1122.9401439758478
2022-07-08,34778,HR-NCR,1303.92,1171.162410900627,1151.5438,1178.961405347461
2022-07-09,34778,HR-NCR,1515.94,1293.9489787991351,1280.1995,1264.97317978847
2022-07-10,34778,HR-NCR,640.56,1314.1383685371902,1312.8427,1319.1937428659019
2022-07-01,34778,Mumbai,66.94,309.18454246803185,312.40012,310.83416768483943
2022-07-02,34778,Mumbai,335.03,341.1335926460917,336.3752,365.5351090313559
2022-07-03,34778,Mumbai,54.32,348.99072416615513,343.14136,358.804912959684
2022-07-04,34778,Mumbai,120.65,282.7308490562643,275.9016,284.16048552023346
2022-07-05,34778,Mumbai,238.05,268.6020018310848,270.15268,272.7328478613249
2022-07-06,34778,Mumbai,306.7,261.1381695936557,261.99094,258.0453523421145
2022-07-07,34778,Mumbai,442.53,270.32618882730657,272.13727,282.8115637480272
2022-07-08,34778,Mumbai,282.74,283.27360769006,279.67264,286.14311355397274
2022-07-09,34778,Mumbai,356.43,320.2247892107746,314.46967,335.57300217584395
2022-07-10,34778,Mumbai,308.73,328.6350312632503,313.1215,325.0682796008391
2022-07-01,34819,Delhi,196.67,182.16008856492294,183.54439,179.73226267716848
2022-07-02,34819,Delhi,126.02,208.040556876193,208.4603,216.35666357831985
2022-07-03,34819,Delhi,151.31,208.41576433789504,206.85226,219.8719496149223
2022-07-04,34819,Delhi,230.4,181.80376289742753,180.8704,175.90686739715775
2022-07-05,34819,Delhi,213.1,182.16008856492294,181.63454,181.98880850137627
2022-07-06,34819,Delhi,111.87,183.1733363770559,184.6659,189.24920531986925
2022-07-07,34819,Delhi,218.48,179.3330041061539,180.43066,173.22673962430875
2022-07-08,34819,Delhi,166.38,182.24486285771442,181.63454,180.62807728941243
2022-07-09,34819,Delhi,181.15,209.08645641067415,207.16524,216.84292682888366
2022-07-10,34819,Delhi,197.16,208.23579841734258,205.46892,213.75996716966506
2022-07-01,37076,Bengaluru,147.05,220.7793494853247,228.14806,222.04893967571354
2022-07-02,37076,Bengaluru,55.19,243.67082436657492,243.14784,245.0110562025578
2022-07-03,37076,Bengaluru,87.87,244.1617712644931,242.41672,248.49328626341932
2022-07-04,37076,Bengaluru,135.22,208.20287277226504,208.35394,197.3916375626394
2022-07-05,37076,Bengaluru,158.36,209.8962467348564,211.26405,216.29848572112184
2022-07-06,37076,Bengaluru,89.49,201.21719440306717,204.06073,204.2490181198989
2022-07-07,37076,Bengaluru,338.26,202.3041350024293,199.29921,197.80414849740322
2022-07-08,37076,Bengaluru,331.68,204.56351240214045,204.74289,199.63885754226337
2022-07-09,37076,Bengaluru,203.23,244.19089766915008,247.60803,257.5644529914379
2022-07-10,37076,Bengaluru,32.61,238.6156916867823,239.2636,249.56418408709376
2022-07-01,37078,Bengaluru,147.47,232.37718140416217,233.09442,236.18192013312955
2022-07-02,37078,Bengaluru,283.78,258.7680184713482,249.8348,262.9995585449924
2022-07-03,37078,Bengaluru,283.79,259.8805711396025,257.9011,266.9033082948843
2022-07-04,37078,Bengaluru,204.34,231.76764027175878,231.75331,231.7892460588175
2022-07-05,37078,Bengaluru,195.87,219.593553324775,221.5587,218.85110394929336
2022-07-06,37078,Bengaluru,323.53,219.11970557626802,222.72281,221.4631981437181
2022-07-07,37078,Bengaluru,159.2,232.92751702363012,231.2563,225.55305155140826
2022-07-08,37078,Bengaluru,233.82,228.8560721792203,228.13905,221.85202051733629
2022-07-09,37078,Bengaluru,325.3,261.75159247636947,261.17508,273.4935448946114
2022-07-10,37078,Bengaluru,209.9,252.15986568448503,250.81398,260.7524733029839
2022-07-01,37080,Bengaluru,185.72,157.23903077085984,164.61984,157.8559783078988
2022-07-02,37080,Bengaluru,149.27,179.5622040432286,182.63206,188.78421128426547
2022-07-03,37080,Bengaluru,238.31,179.93741150493065,182.88962,195.59305643333047
2022-07-04,37080,Bengaluru,120.41,157.54321028053022,161.55449,155.65255607110672
2022-07-05,37080,Bengaluru,200.95,157.54321028053022,161.55449,155.40854331739774
2022-07-06,37080,Bengaluru,153.56,162.1551927644554,164.61984,159.0241168256896
2022-07-07,37080,Bengaluru,101.19,157.15636929800033,161.55449,152.4108826144048
2022-07-08,37080,Bengaluru,208.1,162.74093472632038,165.95447,160.67478126757962
2022-07-09,37080,Bengaluru,196.01,179.64697833602008,182.63206,189.02455691379248
2022-07-10,37080,Bengaluru,152.34,180.2420405220414,183.54744,196.21332994622537
2022-07-01,37083,Bengaluru,3707.23,3923.9729610779655,3882.84,3943.329799718396
2022-07-02,37083,Bengaluru,3974.1,4208.37114613576,4160.8096,4111.8711812262045
2022-07-03,37083,Bengaluru,4095.67,4335.272079456521,4306.102,4214.4716905699415
2022-07-04,37083,Bengaluru,3413.41,3749.93220328741,3759.4663,3792.135392766278
2022-07-05,37083,Bengaluru,3744.75,4000.365400306876,4144.7856,4052.5006358176497
2022-07-06,37083,Bengaluru,3709.99,3987.768181180368,4053.1582,3987.887219153525
2022-07-07,37083,Bengaluru,4225.02,3767.0419620413354,3785.575,3796.171878496474
2022-07-08,37083,Bengaluru,3726.43,3702.241563909821,3727.4253,3785.1860940545944
2022-07-09,37083,Bengaluru,4708.83,4194.8140069517185,4206.025,4131.696195658035
2022-07-10,37083,Bengaluru,3998.19,4095.16993437136,4108.8076,4021.447930543951
2022-07-01,37261,Delhi,218.21,188.11543259176244,186.5636,185.20142313344724
2022-07-02,37261,Delhi,234.56,213.67459610142316,211.87737,224.61371776562564
2022-07-03,37261,Delhi,204.61,215.18608249216567,212.19136,226.34282046402046
2022-07-04,37261,Delhi,156.44,187.26467508842015,186.15346,184.55244667077028
2022-07-05,37261,Delhi,172.7,188.11543259176244,186.90074,184.9009724918827
2022-07-06,37261,Delhi,231.76,184.1158575142954,186.32547,183.42817070148232
2022-07-07,37261,Delhi,209.19,183.80169808459874,187.09602,183.6761377914258
2022-07-08,37261,Delhi,183.27,184.7420421139342,188.43065,186.0277339174841
2022-07-09,37261,Delhi,173.5,208.4548546060699,209.04765,220.63753325653983
2022-07-10,37261,Delhi,265.05,209.8179895398716,210.05249,223.27079444893678
2022-07-01,37272,Delhi,191.74,180.09898731670472,182.10243,178.26612589311688
2022-07-02,37272,Delhi,196.64,206.27993126693195,208.10983,217.56225917261833
2022-07-03,37272,Delhi,189.44,197.58000937986117,203.75278,211.38779458902258
2022-07-04,37272,Delhi,228.68,171.47186970242075,174.2596,168.93024832930715
2022-07-05,37272,Delhi,123.32,179.34413074994458,181.39183,173.2013151438373
2022-07-06,37272,Delhi,169.03,171.72953198992587,173.78697,164.81651367840624
2022-07-07,37272,Delhi,171.21,179.06366951708907,181.39183,174.11670797518704
2022-07-08,37272,Delhi,208.4,172.8533136920431,176.35835,174.45620843423274
2022-07-09,37272,Delhi,172.95,197.91807601419657,197.51906,209.1904454256054
2022-07-10,37272,Delhi,182.87,194.0198021808103,195.11342,204.95744935163873
2022-07-01,37273,Delhi,715.65,540.9053655185038,540.69293,550.4475548599453
2022-07-02,37273,Delhi,657.71,643.0046790243349,622.61505,622.0516621535899
2022-07-03,37273,Delhi,824.26,643.095021949036,633.4627,646.13469239955
2022-07-04,37273,Delhi,828.93,568.5958062528648,564.18384,579.5678299767221
2022-07-05,37273,Delhi,669.71,573.3217665349827,570.7899,567.7335605942189
2022-07-06,37273,Delhi,400.23,571.5140045959698,589.5173,580.4560139822099
2022-07-07,37273,Delhi,546.16,557.5382744529053,558.1169,557.5902403165398
2022-07-08,37273,Delhi,406.97,569.7766137030235,564.57605,571.0451639789553
2022-07-09,37273,Delhi,781.41,639.5353518253348,635.62524,629.0367086643836
2022-07-10,37273,Delhi,651.54,646.9151637934056,644.57623,661.0922609467011
2022-07-01,37273,HR-NCR,185.92,218.46464350563207,225.28271,224.58887517652164
2022-07-02,37273,HR-NCR,276.09,245.8349218574267,248.21187,262.95104176073795
2022-07-03,37273,HR-NCR,224.02,245.61747256277255,247.74994,260.7162979492309
2022-07-04,37273,HR-NCR,140.14,214.5624034492913,219.02748,215.42291706472878
2022-07-05,37273,HR-NCR,221.46,214.4918184312363,217.4949,207.95172537192605
2022-07-06,37273,HR-NCR,252.81,217.8590351574888,217.65047,212.1656805190896
2022-07-07,37273,HR-NCR,92.13,227.13253320488283,228.13406,223.92286724914163
2022-07-08,37273,HR-NCR,200.32,219.29406639505265,219.98993,221.54842867860052
2022-07-09,37273,HR-NCR,207.53,247.39489476209357,243.23607,262.23695336243827
2022-07-10,37273,HR-NCR,217.18,242.18576158080052,237.52983,253.46138727379005
2022-07-01,38910,Bengaluru,267.88,291.26080187034637,297.00522,291.39930329129334
2022-07-02,38910,Bengaluru,411.84,332.853287302409,331.5347,343.2207864878891
2022-07-03,38910,Bengaluru,398.2,339.12160958418224,339.54828,349.677501414586
2022-07-04,38910,Bengaluru,298.9,299.1102301252851,302.36362,297.56011460558216
2022-07-05,38910,Bengaluru,260.12,304.3897260663092,307.61334,307.3609150438139
2022-07-06,38910,Bengaluru,160.1,294.8902558847826,302.8227,300.765213366107
2022-07-07,38910,Bengaluru,366.3,282.60124844309627,288.02435,287.7133753984197
2022-07-08,38910,Bengaluru,491.85,288.2017364280911,288.0888,283.298361202784
2022-07-09,38910,Bengaluru,379.19,337.4560833737503,338.4628,352.6219447462452
2022-07-10,38910,Bengaluru,313.39,340.59877979634445,338.44296,346.59035970086444
2022-07-01,39410,Bengaluru,365.81,409.2894304754394,407.29562,412.56784598535904
2022-07-02,39410,Bengaluru,600.65,466.20506882456164,448.63138,445.86494080176993
2022-07-03,39410,Bengaluru,816.96,474.70723707264875,470.0556,481.8926014122699
2022-07-04,39410,Bengaluru,516.72,440.36458327722204,453.0149,449.67325235238116
2022-07-05,39410,Bengaluru,211.54,444.3747595846096,446.6164,440.28937484170024
2022-07-06,39410,Bengaluru,269.91,434.2916409595352,427.66006,431.10065240447733
2022-07-07,39410,Bengaluru,213.25,417.5280077750069,408.3911,399.07782306775243
2022-07-08,39410,Bengaluru,348.43,420.03552959024904,411.9285,415.14238877192594
2022-07-09,39410,Bengaluru,454.98,473.3836354145113,467.97748,478.06944757874635
2022-07-10,39410,Bengaluru,376.47,469.25864172913697,458.13904,483.31312572611375
2022-07-01,39492,Delhi,142.81,183.01084606826524,183.89365,179.09325216958425
2022-07-02,39492,Delhi,254.92,209.17683580523345,208.67148,220.14354289831084
2022-07-03,39492,Delhi,240.43,208.41576433789504,208.71785,218.9123310904756
2022-07-04,39492,Delhi,181.6,184.41946596463404,188.98805,186.05319651657834
2022-07-05,39492,Delhi,154.25,182.16008856492294,183.54439,175.17123112345675
2022-07-06,39492,Delhi,212.77,182.16008856492294,183.54439,178.95904480527875
2022-07-07,39492,Delhi,196.25,184.50424025742552,188.98805,181.3976049611909
2022-07-08,39492,Delhi,159.25,184.50424025742552,189.5754,181.6374030583283
2022-07-09,39492,Delhi,222.49,212.18765302904046,215.82593,228.4171680577423
2022-07-10,39492,Delhi,147.29,209.8179895398716,210.63983,223.57448310976037
2022-07-01,39493,Bengaluru,376.68,319.6598702180651,321.85492,318.6179540139108
2022-07-02,39493,Bengaluru,448.61,362.5551509489359,357.38596,366.10187461777866
2022-07-03,39493,Bengaluru,376.08,362.9372002953768,359.23212,372.1420213086628
2022-07-04,39493,Bengaluru,267.57,318.88783877687104,323.2656,317.5004209268517
2022-07-05,39493,Bengaluru,203.1,319.54271749505426,321.7932,319.8492282554768
2022-07-06,39493,Bengaluru,392.7,319.6598702180651,321.85492,319.40902177026857
2022-07-07,39493,Bengaluru,474.8,320.9908660650873,324.97778,324.16505418592516
2022-07-08,39493,Bengaluru,350.13,319.8333254466091,322.52014,317.28471703148716
2022-07-09,39493,Bengaluru,379.49,367.14496591253146,364.5927,378.54983326668224
2022-07-10,39493,Bengaluru,359.27,363.2429588777089,360.41895,374.3400892754645
2022-07-01,39493,Delhi,489.67,476.9953623097205,467.31805,459.6907182673846
2022-07-02,39493,Delhi,425.48,549.927369501506,536.0291,553.3026669861005
2022-07-03,39493,Delhi,701.76,519.8711821650438,520.4204,523.8589783077359
2022-07-04,39493,Delhi,506.63,487.944214079142,483.75006,493.6176122884415
2022-07-05,39493,Delhi,398.88,479.1909097521619,479.6245,488.27360054741655
2022-07-06,39493,Delhi,493.63,470.5789733928836,464.81778,469.17309733125353
2022-07-07,39493,Delhi,322.34,472.21124851330217,474.24094,477.50431552108995
2022-07-08,39493,Delhi,566.74,458.96780386246195,465.04904,461.0614122804782
2022-07-09,39493,Delhi,402.56,528.3473852667296,526.2346,530.6169014503733
2022-07-10,39493,Delhi,215.89,523.7924786947464,516.2294,531.108043343066
2022-07-01,39493,HR-NCR,227.96,237.026622809736,236.16347,237.3107678468372
2022-07-02,39493,HR-NCR,194.65,272.1301301772181,265.9991,274.13320951767787
2022-07-03,39493,HR-NCR,326.05,267.6016853008205,263.33972,277.5056712464197
2022-07-04,39493,HR-NCR,403.74,237.11852810047168,237.86017,240.31891388673318
2022-07-05,39493,HR-NCR,166.32,244.59910597653555,241.93687,239.81477014191387
2022-07-06,39493,HR-NCR,287.36,238.52519774128098,236.16347,234.90478423620016
2022-07-07,39493,HR-NCR,282.17,245.83008019860623,243.27156,240.2175167732325
2022-07-08,39493,HR-NCR,172.44,247.2724531391975,250.52269,244.20364113555746
2022-07-09,39493,HR-NCR,411.3,268.65789882919495,270.24426,276.7330829762545
2022-07-10,39493,HR-NCR,197.83,291.70699878783364,291.03174,297.54447691765216
2022-07-01,45377,Delhi,349.37,294.02403817469457,298.12134,295.420006205705
2022-07-02,45377,Delhi,337.88,339.65361296319077,340.84348,349.54253954970756
2022-07-03,45377,Delhi,326.02,339.0440718307874,340.32257,344.6154164142667
2022-07-04,45377,Delhi,293.4,299.27272043407584,304.06036,300.91976405408803
2022-07-05,45377,Delhi,353.18,299.3433054521308,304.80582,300.5319871616581
2022-07-06,45377,Delhi,293.76,299.95284658453414,305.0217,304.47213060495955
2022-07-07,45377,Delhi,289.73,300.1263018130781,302.36362,296.19282835183003
2022-07-08,45377,Delhi,296.94,300.19688683113304,303.84357,301.38842671420275
2022-07-09,45377,Delhi,316.99,344.97530795868295,341.1381,351.07384295765434
2022-07-10,45377,Delhi,389.32,339.7696796262909,340.32257,345.88680763218497
2022-07-01,45377,HR-NCR,188.55,233.0008043400451,233.20383,232.10941241811
2022-07-02,45377,HR-NCR,270.09,265.8115911343252,262.67715,274.3004459671187
2022-07-03,45377,HR-NCR,225.79,266.61009482197625,263.27863,273.9995701482432
2022-07-04,45377,HR-NCR,176.34,232.1500468367028,231.71442,229.7860611422975
2022-07-05,45377,HR-NCR,200.95,231.69705525370378,232.87852,233.20115111916084
2022-07-06,45377,HR-NCR,160.6,230.8462977503615,230.41869,228.7652140378001
2022-07-07,45377,HR-NCR,185.34,231.87141607248842,231.34593,227.44798088208583
2022-07-08,45377,HR-NCR,264.87,227.53146692737099,227.96854,226.1383037277768
2022-07-09,45377,HR-NCR,243.54,265.2484372372078,263.15723,274.8477837047882
2022-07-10,45377,HR-NCR,365.66,258.92065195750496,249.1354,262.49007941256843
2022-07-01,45533,Delhi,604.85,760.0464440176412,780.8808,762.0198885066364
2022-07-02,45533,Delhi,921.94,855.5883727276924,864.1201,840.8844641940707
2022-07-03,45533,Delhi,740.81,856.3359494446223,872.8839,872.4727345663275
2022-07-04,45533,Delhi,660.12,753.0306872279715,760.86053,753.2331268843261
2022-07-05,45533,Delhi,954.01,750.9590897373432,758.5942,747.6244420499504
2022-07-06,45533,Delhi,882.69,761.9427035318785,769.15045,773.3774285657648
2022-07-07,45533,Delhi,756.11,763.6025508807928,782.99725,785.5475640830308
2022-07-08,45533,Delhi,723.32,762.1634404241064,777.122,767.9357890982312
2022-07-09,45533,Delhi,891.6,856.9099949513474,875.859,855.3822029609605
2022-07-10,45533,Delhi,732.28,858.2040144521261,878.6022,876.1907634533653
2022-07-01,45533,HR-NCR,593.64,827.4399574610347,825.259,832.8193384865474
2022-07-02,45533,HR-NCR,849.45,930.477760155195,929.81024,924.6669564773763
2022-07-03,45533,HR-NCR,661.3,887.6649091760511,890.4983,878.9983688884726
2022-07-04,45533,HR-NCR,669.39,793.6200034395711,785.00024,800.1705028898612
2022-07-05,45533,HR-NCR,764.23,784.7685632622066,771.6606,794.4618026744702
2022-07-06,45533,HR-NCR,847.83,761.1883159553629,770.3582,794.324014651186
2022-07-07,45533,HR-NCR,1002.1,754.9419941940384,772.8209,785.5423030130275
2022-07-08,45533,HR-NCR,816.31,762.0636834780435,782.22015,777.681510002061
2022-07-09,45533,HR-NCR,1063.2,897.8950467499759,872.3394,878.2623222124274
2022-07-10,45533,HR-NCR,1113.15,893.8208811537507,895.6279,886.7415367005832
2022-07-01,46074,Delhi,150.45,156.38914845003447,161.29301,157.39687898786997
2022-07-02,46074,Delhi,289.68,180.28797701170564,183.70522,197.71192711628964
2022-07-03,46074,Delhi,323.28,179.52690554436722,182.62814,188.9564355920142
2022-07-04,46074,Delhi,238.4,167.61371698743554,170.31364,162.4423710356259
2022-07-05,46074,Delhi,104.82,167.83357171175481,171.5588,162.1352331266302
2022-07-06,46074,Delhi,155.27,167.61371698743554,170.90099,159.26692022001922
2022-07-07,46074,Delhi,89.74,164.9938826720057,167.73586,159.877393254106
2022-07-08,46074,Delhi,181.83,162.23996705724687,164.95699,158.05348933317862
2022-07-09,46074,Delhi,179.67,179.64697833602008,187.56319,193.69261459918738
2022-07-10,46074,Delhi,40.75,189.27252925967287,189.1696,202.7553032884712
2022-07-01,48058,Delhi,151.96,244.5334695390666,246.00308,244.33892066962468
2022-07-02,48058,Delhi,383.33,284.1859996008998,276.69376,287.51270411882143
2022-07-03,48058,Delhi,255.2,288.55770036134726,286.3165,305.7752768132748
2022-07-04,48058,Delhi,200.74,244.4043261504607,241.52689,245.85355925371866
2022-07-05,48058,Delhi,154.38,244.4043261504607,241.52689,242.78565897788917
2022-07-06,48058,Delhi,231.98,243.55713536663123,244.11432,248.61560413550683
2022-07-07,48058,Delhi,209.78,231.18665679564376,231.5439,232.04620942064744
2022-07-08,48058,Delhi,220.58,232.44067702943804,230.18182,224.4127443017497
2022-07-09,48058,Delhi,385.69,272.60193235009797,264.85217,278.40765056419093
2022-07-10,48058,Delhi,235.81,288.22067065563334,278.3448,296.6348161818544
2022-07-01,55360,Delhi,326.61,366.45467691049623,371.972,364.27363574034484
2022-07-02,55360,Delhi,407.26,420.85070005500535,420.47046,425.3365922236825
2022-07-03,55360,Delhi,381.96,427.2718747377369,418.02982,423.6002883661313
2022-07-04,55360,Delhi,301.24,366.93209137851613,375.04413,377.0698528392613
2022-07-05,55360,Delhi,368.72,366.93209137851613,368.08676,366.88876677492857
2022-07-06,55360,Delhi,345.71,362.6317896028306,364.19925,360.4915144006614
2022-07-07,55360,Delhi,358.05,363.4853709818329,366.85635,361.69242810386766
2022-07-08,55360,Delhi,312.83,367.63323890707994,370.0021,365.9593870778717
2022-07-09,55360,Delhi,435.9,420.310159677045,415.0871,427.5752289891922
2022-07-10,55360,Delhi,436.92,409.81763051149676,408.74704,412.3936973850045
2022-07-01,55360,HR-NCR,181.71,157.7630650048495,162.21231,155.86869541378925
2022-07-02,55360,HR-NCR,179.63,179.78205876754788,183.28989,193.29672875737512
2022-07-03,55360,HR-NCR,171.65,180.15726622924993,183.54744,192.75851925417183
2022-07-04,55360,HR-NCR,164.3,162.37504748877467,166.81137,160.69106037650494
2022-07-05,55360,HR-NCR,160.74,162.37504748877467,166.81137,160.71711602524354
2022-07-06,55360,HR-NCR,180.29,162.1551927644554,166.81137,161.311462877382
2022-07-07,55360,HR-NCR,164.39,162.45982178156615,166.81137,158.8851445976876
2022-07-08,55360,HR-NCR,181.3,162.73877709831794,166.81137,160.58702501445453
2022-07-09,55360,HR-NCR,222.07,189.87866901322195,188.77213,200.1498410811885
2022-07-10,55360,HR-NCR,242.23,193.37803946444228,193.21185,202.39670533264348
2022-07-01,55504,Delhi,341.68,290.6714854567177,295.33286,291.6162332985526
2022-07-02,55504,Delhi,279.55,325.9722908185789,329.73828,327.4652501602455
2022-07-03,55504,Delhi,274.66,331.6753884311917,333.68277,341.07855817768353
2022-07-04,55504,Delhi,245.88,286.309229813965,291.796,286.39011788683894
2022-07-05,55504,Delhi,415.56,284.30319263545016,285.96722,288.61145947895994
2022-07-06,55504,Delhi,280.86,290.50899514792695,293.66153,294.37886570420284
2022-07-07,55504,Delhi,314.59,287.6004817175182,288.32004,284.3638532104292
2022-07-08,55504,Delhi,376.63,289.8315885836215,289.47025,286.6632803794338
2022-07-09,55504,Delhi,511.86,334.2885857123566,334.98288,338.60596472122546
2022-07-10,55504,Delhi,362.08,349.67050000612875,346.116,349.16921563750924
2022-07-01,55504,HR-NCR,158.89,167.83357171175481,170.63432,167.42012251543386
2022-07-02,55504,HR-NCR,177.85,186.65774704903254,188.77213,197.65672904985146
2022-07-03,55504,HR-NCR,183.35,187.43188823322274,189.83183,203.36828217167647
2022-07-04,55504,HR-NCR,174.22,162.37504748877467,166.81137,162.68966756572985
2022-07-05,55504,HR-NCR,132.74,162.1551927644554,166.15355,159.191047855974
2022-07-06,55504,HR-NCR,179.18,157.54321028053022,161.55449,155.33465325512168
2022-07-07,55504,HR-NCR,176.76,162.23996705724687,166.15355,162.84225530162996
2022-07-08,55504,HR-NCR,159.94,161.7683517819255,166.15355,156.94847022197112
2022-07-09,55504,HR-NCR,150.5,186.6142520716562,188.1143,192.3889683999593
2022-07-10,55504,HR-NCR,283.01,190.03402175060472,188.37186,199.18538065820596
2022-07-01,56692,Bengaluru,104.39,213.09631488259635,216.90756,206.7232380175565
2022-07-02,56692,Bengaluru,349.52,244.55690980344244,245.09065,259.7515984179823
2022-07-03,56692,Bengaluru,208.76,247.3464082481692,245.89682,262.4950900275053
2022-07-04,56692,Bengaluru,193.38,209.31903708088817,207.85004,213.2657150453285
2022-07-05,56692,Bengaluru,168.54,205.4148760262478,205.08003,202.8171383271578
2022-07-06,56692,Bengaluru,290.1,204.48367059789877,204.0033,206.80650004282927
2022-07-07,56692,Bengaluru,173.79,205.4996503190393,205.66737,200.21992562167736
2022-07-08,56692,Bengaluru,142.24,205.4996503190393,205.66737,195.48666013943605
2022-07-09,56692,Bengaluru,253.94,236.88917108091547,235.31686,250.9966472611343
2022-07-10,56692,Bengaluru,372.4,233.90996645934325,228.70956,237.47152775882694
2022-07-01,56692,Delhi,943.0,990.8856257022728,1009.0641,1009.9838278995828
2022-07-02,56692,Delhi,918.93,1136.5946085928235,1144.9321,1117.8412803877627
2022-07-03,56692,Delhi,1063.37,1127.7144335703629,1095.1946,1088.708442647649
2022-07-04,56692,Delhi,775.6,978.1409018948976,970.2869,971.8206898101774
2022-07-05,56692,Delhi,710.98,980.1451393720477,975.1223,983.676782909624
2022-07-06,56692,Delhi,767.67,988.5857297382283,980.9792,996.8047079761618
2022-07-07,56692,Delhi,706.21,981.4535573606997,947.34906,964.0725056989261
2022-07-08,56692,Delhi,1060.24,991.3877684461769,945.1759,980.2634641642421
2022-07-09,56692,Delhi,670.72,1119.001951966771,1067.4583,1069.7462585889339
2022-07-10,56692,Delhi,1252.81,1050.7738623868365,1054.3363,1060.7465662230604
2022-07-01,56692,HR-NCR,331.37,386.61263699890645,384.40714,385.3405889830296
2022-07-02,56692,HR-NCR,458.74,432.102856612743,431.0461,441.4840896272451
2022-07-03,56692,HR-NCR,397.47,432.102856612743,425.67896,438.6604675946019
2022-07-04,56692,HR-NCR,451.38,379.0908508702428,380.26337,387.86655013279136
2022-07-05,56692,HR-NCR,455.45,379.70705430286836,382.43845,386.1132081418942
2022-07-06,56692,HR-NCR,487.58,379.5749043164108,383.93,388.9038001738646
2022-07-07,56692,HR-NCR,527.55,379.5330269979526,386.08652,383.74500377121257
2022-07-08,56692,HR-NCR,430.12,390.289117702524,390.021,382.64552284323287
2022-07-09,56692,HR-NCR,418.35,448.2904536815704,443.39444,445.8105696828621
2022-07-10,56692,HR-NCR,345.23,447.1939381487839,443.39444,440.930401802339
2022-07-01,57435,Delhi,146.51,251.15557049425854,256.79004,242.32448306703725
2022-07-02,57435,Delhi,154.02,294.67650789456354,296.41696,306.25788629851877
2022-07-03,57435,Delhi,342.74,274.2369878973108,270.5683,280.09853517460107
2022-07-04,57435,Delhi,386.94,246.89223642046912,251.4247,245.0417627391824
2022-07-05,57435,Delhi,324.67,246.89223642046912,255.64249,252.17955606088293
2022-07-06,57435,Delhi,87.01,243.0731876160357,253.61974,254.7989173208641
2022-07-07,57435,Delhi,502.9,236.54887153813044,241.93802,231.04192502971438
2022-07-08,57435,Delhi,156.74,248.39880439512908,258.97134,248.93759365363766
2022-07-09,57435,Delhi,286.95,266.66163813046273,281.24652,280.7906509640896
2022-07-10,57435,Delhi,236.0,287.25489067310883,283.7455,293.39709545169535
2022-07-01,57903,Delhi,125.71,178.9788952242976,179.95938,171.47265285476522
2022-07-02,57903,Delhi,183.44,194.55042276504838,197.2772,205.9907770896701
2022-07-03,57903,Delhi,173.32,196.44395850223185,198.17854,214.96434748300652
2022-07-04,57903,Delhi,230.78,168.36172721812846,171.69774,164.55055928250357
2022-07-05,57903,Delhi,126.29,168.31911916313572,172.3372,172.44792212517908
2022-07-06,57903,Delhi,192.2,167.83357171175481,170.63432,165.3451130586373
2022-07-07,57903,Delhi,127.76,168.0475677884318,171.57307,163.52304993538456
2022-07-08,57903,Delhi,108.94,167.82771306411252,170.91525,158.98297434595545
2022-07-09,57903,Delhi,223.52,193.06841432729357,193.43398,200.59508235195386
2022-07-10,57903,Delhi,255.67,199.40514962154165,201.52667,217.65696356680735
2022-07-01,60749,Delhi,279.47,292.03283331154046,300.18124,297.7529775722328
2022-07-02,60749,Delhi,366.47,331.45619475128063,333.7476,339.5502808657429
2022-07-03,60749,Delhi,331.38,333.1955384979636,335.88834,340.99391170963554
2022-07-04,60749,Delhi,243.56,293.5769873510819,303.99203,301.04894990617646
2022-07-05,60749,Delhi,239.42,291.26080187034637,295.44174,291.6968126085824
2022-07-06,60749,Delhi,307.46,292.21625760687147,295.65762,301.8862483307721
2022-07-07,60749,Delhi,278.84,285.2019801871771,285.67026,284.65705778855477
2022-07-08,60749,Delhi,289.35,289.90217360167645,292.6794,292.0553788881363
2022-07-09,60749,Delhi,301.8,333.2978276006256,332.71194,344.66347023910026
2022-07-10,60749,Delhi,350.68,328.11337896934856,326.47968,335.55944929465556
2022-07-01,60749,HR-NCR,176.4,154.37503227480678,160.16661,149.8129760192592
2022-07-02,60749,HR-NCR,141.56,177.05016455310957,181.02202,189.0107480816247
2022-07-03,60749,HR-NCR,187.16,178.4823494797681,182.91292,190.884001801624
2022-07-04,60749,HR-NCR,138.81,154.67921178447716,160.16661,151.56257220087844
2022-07-05,60749,HR-NCR,167.32,154.37503227480678,160.16661,149.294024111621
2022-07-06,60749,HR-NCR,142.95,154.37503227480678,160.16661,149.85941563397978
2022-07-07,60749,HR-NCR,155.97,154.37503227480678,160.16661,148.19956834046258
2022-07-08,60749,HR-NCR,90.16,154.67921178447716,160.16661,149.83477608178418
2022-07-09,60749,HR-NCR,171.46,177.05016455310957,181.02202,184.0494541794546
2022-07-10,60749,HR-NCR,169.04,177.05016455310957,181.27957,187.12449541358473
2022-07-01,61743,Delhi,533.97,480.8023423689287,489.10806,488.805707415585
2022-07-02,61743,Delhi,244.39,562.52499443834,565.6331,562.6666280719046
2022-07-03,61743,Delhi,569.19,556.3533603955043,560.8081,546.3513382343556
2022-07-04,61743,Delhi,588.76,485.9210695224122,485.67102,476.7073825619711
2022-07-05,61743,Delhi,500.91,486.3984839904321,493.9692,489.5302848370496
2022-07-06,61743,Delhi,502.98,483.679536158607,492.72284,510.824663151045
2022-07-07,61743,Delhi,437.44,503.6062639396344,509.66095,509.23036364014723
2022-07-08,61743,Delhi,840.43,501.37862789024194,492.60657,493.0796684194629
2022-07-09,61743,Delhi,493.91,606.154271405287,597.31116,608.9910965483733
2022-07-10,61743,Delhi,469.41,583.1279939155713,561.30774,563.0220957728128
2022-07-01,61743,HR-NCR,98.56,179.41471576799958,181.39183,174.1862351008802
2022-07-02,61743,HR-NCR,254.27,205.85701622722803,206.546,212.12929439543325
2022-07-03,61743,HR-NCR,101.14,205.35636949080288,206.77136,215.7539101931386
2022-07-04,61743,HR-NCR,98.12,178.98780508244917,180.29056,177.34240345912679
2022-07-05,61743,HR-NCR,205.66,171.6999295917831,174.59926,173.87144443848302
2022-07-06,61743,HR-NCR,127.72,167.43875926165066,170.91525,166.6197197823508
2022-07-07,61743,HR-NCR,97.95,167.39431177055664,169.9765,162.21682308153464
2022-07-08,61743,HR-NCR,105.72,167.39431177055664,169.9765,162.49108978848005
2022-07-09,61743,HR-NCR,98.1,186.6142520716562,188.1143,197.5338494580687
2022-07-10,61743,HR-NCR,266.56,188.21532498839187,189.70648,204.8686196738346
2022-07-01,61761,Delhi,207.96,215.81642368308556,218.38051,215.85031503369188
2022-07-02,61761,Delhi,184.86,246.14210061641347,245.21817,253.80051718030134
2022-07-03,61761,Delhi,145.51,239.21597879726392,238.25082,246.51026416652454
2022-07-04,61761,Delhi,204.82,205.4148760262478,205.66737,201.94138802888904
2022-07-05,61761,Delhi,175.73,205.4148760262478,206.38246,205.24708502572992
2022-07-06,61761,Delhi,194.21,206.2656335295901,208.91205,205.75694395052142
2022-07-07,61761,Delhi,187.38,209.05678832267355,208.91205,204.73043641471918
2022-07-08,61761,Delhi,230.16,205.5702353370943,205.08003,204.01396393807164
2022-07-09,61761,Delhi,232.67,235.89758060207112,233.30835,240.86915467220712
2022-07-10,61761,Delhi,252.79,236.27278806377316,237.13922,243.85332061066129
2022-07-01,63628,Bengaluru,158.35,171.37320632243046,173.92245,169.9293935763114
2022-07-02,63628,Bengaluru,197.92,204.35550177254058,204.59056,212.19790000423978
2022-07-03,63628,Bengaluru,230.98,205.09594475988962,204.84811,212.2520592904722
2022-07-04,63628,Bengaluru,113.67,178.98780508244917,180.6277,174.88839764688885
2022-07-05,63628,Bengaluru,145.91,178.98780508244917,180.29056,172.68342376580387
2022-07-06,63628,Bengaluru,189.52,178.7679503581299,179.63274,175.40000473815206
2022-07-07,63628,Bengaluru,172.08,171.33678927089295,178.53743,168.4959004696312
2022-07-08,63628,Bengaluru,175.62,178.70734384959366,180.29056,174.54053320904245
2022-07-09,63628,Bengaluru,185.98,205.90310777584486,205.26738,213.64834676593478
2022-07-10,63628,Bengaluru,224.65,197.53802408591505,196.77066,203.8095043483414
2022-07-01,63628,Delhi,287.81,319.05032908566176,321.63904,319.9902527636458
2022-07-02,63628,Delhi,596.12,362.1353017357645,357.99588,370.13918750694523
2022-07-03,63628,Delhi,356.9,367.7045964485745,367.1233,379.9636078412523
2022-07-04,63628,Delhi,354.31,319.294668226836,323.60544,325.99394514914286
2022-07-05,63628,Delhi,305.11,319.6598702180651,325.17822,324.5896635526219
2022-07-06,63628,Delhi,348.9,319.6598702180651,322.58972,320.2903175135376
2022-07-07,63628,Delhi,264.98,320.6759419058581,325.17822,322.5449820761595
2022-07-08,63628,Delhi,247.29,318.89298141727363,320.27338,310.4564020447007
2022-07-09,63628,Delhi,517.2,364.17698410170465,357.13184,374.0456545180068
2022-07-10,63628,Delhi,365.64,376.7384018390712,368.37192,382.1885351684817
2022-07-01,63628,HR-NCR,193.97,162.65400280552646,166.81137,161.583982728902
2022-07-02,63628,HR-NCR,253.96,189.702309266279,192.9543,201.27536547943205
2022-07-03,63628,HR-NCR,269.1,193.55800538499474,193.97601,201.91902220260408
2022-07-04,63628,HR-NCR,193.94,171.72953198992587,174.37431,169.60964090555964
2022-07-05,63628,HR-NCR,129.28,172.58028949326817,177.0215,168.29189216899596
2022-07-06,63628,HR-NCR,202.97,168.71805288562388,174.95906,170.30701915524423
2022-07-07,63628,HR-NCR,178.21,168.2746716720417,174.71721,166.2826809039203
2022-07-08,63628,HR-NCR,114.03,168.4038934559272,174.8344,167.5900832806832
2022-07-09,63628,HR-NCR,226.21,193.35915767023565,193.71846,204.50894537709524
2022-07-10,63628,HR-NCR,167.15,193.7343651319377,194.69107,206.46216460127212
2022-07-01,65677,Delhi,78.29,269.73476991955437,275.1862,257.40500634147975
2022-07-02,65677,Delhi,630.68,315.6478636885427,313.99762,310.74753201234694
2022-07-03,65677,Delhi,256.11,323.15804054381545,327.79736,321.98396706166943
2022-07-04,65677,Delhi,345.48,274.0526815237396,285.10822,282.49353724516436
2022-07-05,65677,Delhi,277.47,281.91490953089766,283.0336,269.46204714589373
2022-07-06,65677,Delhi,182.63,286.0814616491212,291.8095,288.47611927338625
2022-07-07,65677,Delhi,133.53,284.3906107258408,284.6747,281.8076056951859
2022-07-08,65677,Delhi,222.51,281.0350242339722,278.8051,270.751611032317
2022-07-09,65677,Delhi,193.67,328.24406774179386,321.18866,335.2203847394985
2022-07-10,65677,Delhi,387.1,322.8097812626655,316.21674,319.462923594066
2022-07-01,65677,HR-NCR,255.41,184.48072685486775,192.26933,176.96675806886893
2022-07-02,65677,HR-NCR,180.07,216.42247526932525,220.11186,226.16510982357252
2022-07-03,65677,HR-NCR,243.69,216.55974474809335,220.62128,223.53994171254544
2022-07-04,65677,HR-NCR,125.8,188.4314502088371,195.75266,186.75656998268437
2022-07-05,65677,HR-NCR,172.53,188.3608651907821,193.59468,183.55167020435914
2022-07-06,65677,HR-NCR,254.3,188.1249554252091,194.19849,195.5672627357023
2022-07-07,65677,HR-NCR,224.54,187.12103423172434,192.12173,182.94042249889512
2022-07-08,65677,HR-NCR,226.83,188.20625418328729,195.6734,185.6239285521725
2022-07-09,65677,HR-NCR,142.53,219.4229144592228,224.72476,229.75985670197917
2022-07-10,65677,HR-NCR,189.02,220.197055643413,222.80734,232.04952404287576
2022-07-01,65679,Delhi,115.01,192.94380428548467,195.05235,189.59366831227376
2022-07-02,65679,Delhi,185.82,215.80246550930798,213.42787,230.95892535413248
2022-07-03,65679,Delhi,252.72,214.0498035631252,210.98448,224.69143891643094
2022-07-04,65679,Delhi,203.12,187.26467508842015,185.56613,184.82697589179207
2022-07-05,65679,Delhi,201.89,188.11543259176244,188.47345,189.76096527323634
2022-07-06,65679,Delhi,234.7,187.26467508842015,187.13882,185.6489750308947
2022-07-07,65679,Delhi,102.09,187.34944938121163,187.72617,184.63464361465708
2022-07-08,65679,Delhi,172.19,187.34944938121163,185.56613,178.5668058295933
2022-07-09,65679,Delhi,206.47,215.07682130339973,213.21198,224.78065040416257
2022-07-10,65679,Delhi,219.75,210.38807296431176,209.3052,223.88574764670182
2022-07-01,67352,Delhi,210.93,219.593553324775,221.99681,216.0700393379466
2022-07-02,67352,Delhi,266.64,260.94110654820173,259.94955,267.1380270940618
2022-07-03,67352,Delhi,285.56,261.8608536651354,262.1342,272.26984289912883
2022-07-04,67352,Delhi,223.25,228.7712978864288,229.67165,223.01112931077182
2022-07-05,67352,Delhi,234.63,229.38561197607362,232.46117,228.14545500707874
2022-07-06,67352,Delhi,246.64,219.66413834283,221.99681,222.19406359887373
2022-07-07,67352,Delhi,225.55,220.07726134005463,223.33316,220.5470402370635
2022-07-08,67352,Delhi,214.91,220.61867164690193,224.42593,221.64167861978459
2022-07-09,67352,Delhi,179.91,251.78465822278298,251.57884,264.0085266812629
2022-07-10,67352,Delhi,220.91,246.8306414575285,247.69719,253.81883765242577
2022-07-01,67372,Delhi,722.34,823.3956052927044,827.8567,828.0172080760055
2022-07-02,67372,Delhi,1042.96,931.8527545728817,936.94403,924.3265169064751
2022-07-03,67372,Delhi,858.16,928.0058018842093,937.65765,934.4793824456353
2022-07-04,67372,Delhi,691.24,824.7402569224774,825.34564,833.7517975371575
2022-07-05,67372,Delhi,745.91,821.267379558276,818.5918,827.3365179294268
2022-07-06,67372,Delhi,877.77,819.723342758009,817.8759,820.2355116319873
2022-07-07,67372,Delhi,662.01,829.0871829303088,828.72375,840.8202292268696
2022-07-08,67372,Delhi,719.56,822.2921901028756,816.0397,824.4424198247847
2022-07-09,67372,Delhi,846.74,929.8151205721164,912.7106,914.8797265032638
2022-07-10,67372,Delhi,1021.74,925.9533624018258,916.8495,922.1329523108192
2022-07-01,67372,HR-NCR,378.27,344.2267886119106,347.8167,351.9929555855102
2022-07-02,67372,HR-NCR,417.72,395.24693157418307,389.38208,400.7831283312237
2022-07-03,67372,HR-NCR,408.3,395.24693157418307,388.3543,398.1892578186531
2022-07-04,67372,HR-NCR,340.64,358.00475456650906,349.354,354.2499041039017
2022-07-05,67372,HR-NCR,306.01,344.54171277113977,348.6286,348.46731535344605
2022-07-06,67372,HR-NCR,405.02,344.54171277113977,348.84448,348.7563089894115
2022-07-07,67372,HR-NCR,302.29,345.2428602997036,347.8167,347.94000299084104
2022-07-08,67372,HR-NCR,423.7,345.2428602997036,347.8167,347.5506604337204
2022-07-09,67372,HR-NCR,379.3,397.14214013485247,388.3543,400.7792146275263
2022-07-10,67372,HR-NCR,374.7,397.45706429408165,390.27756,401.25830578660526
2022-07-01,68482,Bengaluru,328.51,290.30628346548855,296.81802,293.24549436754444
2022-07-02,68482,Bengaluru,511.87,326.24079511928653,329.65802,323.93527613883623
2022-07-03,68482,Bengaluru,311.43,330.9294569546435,334.37448,341.54917245472666
2022-07-04,68482,Bengaluru,236.08,295.80014638235616,302.51117,295.5691475632701
2022-07-05,68482,Bengaluru,280.02,295.845483968136,300.907,300.89140083994846
2022-07-06,68482,Bengaluru,591.66,295.9626366911469,302.4088,305.6861865598951
2022-07-07,68482,Bengaluru,249.22,309.4708411914004,308.60602,298.92702550838135
2022-07-08,68482,Bengaluru,218.99,309.1551100235391,311.6722,304.26167330009025
2022-07-09,68482,Bengaluru,374.16,340.70370485028667,339.67584,344.478402369596
2022-07-10,68482,Bengaluru,236.55,342.9774110624552,340.77054,345.92884030400205
2022-07-01,68483,Bengaluru,245.22,171.37320632243046,173.92245,168.3260189289875
2022-07-02,68483,Bengaluru,219.9,205.85701622722803,205.9252,214.26640498489894
2022-07-03,68483,Bengaluru,169.85,206.5885493564255,206.94685,217.6918848911845
2022-07-04,68483,Bengaluru,187.7,178.62256955680218,180.6277,171.5605746899757
2022-07-05,68483,Bengaluru,142.72,178.98780508244917,180.6277,173.79485109207738
2022-07-06,68483,Bengaluru,139.27,178.62256955680218,179.5324,171.40236098757555
2022-07-07,68483,Bengaluru,217.1,171.45798061522194,173.02284,169.43869504500864
2022-07-08,68483,Bengaluru,154.03,171.55664399521223,174.2596,170.70907977300078
2022-07-09,68483,Bengaluru,179.34,198.60702712013568,199.08449,209.11821429340577
2022-07-10,68483,Bengaluru,268.2,194.06241023580304,194.5912,202.6800931271626
2022-07-01,68554,Mumbai,169.67,220.19688822147103,220.69678,215.9395308500496
2022-07-02,68554,Mumbai,167.74,247.41535317792395,246.6122,255.44176654853436
2022-07-03,68554,Mumbai,223.85,244.76962695635382,242.8412,258.8942160499861
2022-07-04,68554,Mumbai,248.56,211.01448853378963,212.52217,204.56854825114928
2022-07-05,68554,Mumbai,222.03,215.50506624336927,220.52626,219.18759748754738
2022-07-06,68554,Mumbai,180.95,211.86524603713193,213.26707,211.57855589174628
2022-07-07,68554,Mumbai,248.15,209.05678832267355,213.00876,211.56669055266207
2022-07-08,68554,Mumbai,182.31,208.51537801582626,212.47629,204.56266934491097
2022-07-09,68554,Mumbai,132.0,239.10671760849797,240.71214,248.3545434016323
2022-07-10,68554,Mumbai,144.36,237.26437854261752,231.7317,245.78682471070513
2022-07-01,73577,Delhi,515.99,403.8304631927685,408.72293,402.7739632034221
2022-07-02,73577,Delhi,605.39,476.71709558412954,474.5027,479.2336602463439
2022-07-03,73577,Delhi,451.19,478.83343022498224,479.42422,473.425796309617
2022-07-04,73577,Delhi,402.89,416.8154240183852,419.74072,413.827238653627
2022-07-05,73577,Delhi,398.35,417.7852268957976,421.96335,417.8192521778541
2022-07-06,73577,Delhi,451.66,416.8154240183852,419.74072,410.54762569014633
2022-07-07,73577,Delhi,408.4,418.1464198654074,424.7282,419.8057553721075
2022-07-08,73577,Delhi,518.81,419.87022797611706,425.58493,424.5494630341152
2022-07-09,73577,Delhi,612.48,479.58673101131404,478.40506,484.176200710371
2022-07-10,73577,Delhi,493.35,485.4524592062668,485.62912,492.51695688580844
2022-07-01,73577,HR-NCR,332.5,247.25336873186131,251.99252,251.72361937944757
2022-07-02,73577,HR-NCR,263.62,287.79693361509857,291.2994,302.5096975436387
2022-07-03,73577,HR-NCR,266.84,288.1721410768006,289.4599,298.79321023361666
2022-07-04,73577,HR-NCR,218.16,246.87212996906214,250.55977,247.78792179830145
2022-07-05,73577,HR-NCR,217.83,247.25336873186131,249.62115,245.9742158092215
2022-07-06,73577,HR-NCR,211.2,247.25336873186131,248.82593,246.0465183114957
2022-07-07,73577,HR-NCR,299.32,244.96032118732577,243.93466,241.40400112264405
2022-07-08,73577,HR-NCR,292.1,245.4133587894536,244.42522,246.96859076859047
2022-07-09,73577,HR-NCR,304.69,287.6627045936808,282.6618,294.79266350056315
2022-07-10,73577,HR-NCR,237.37,288.9588674089096,287.20145,299.29339905002854
2022-07-01,80165,Bengaluru,196.3,162.65400280552646,166.81137,158.1738282830103
2022-07-02,80165,Bengaluru,226.86,193.96275118483774,194.28893,204.65576235592695
2022-07-03,80165,Bengaluru,162.84,193.20167971749933,193.7992,197.15105459125795
2022-07-04,80165,Bengaluru,151.14,167.83357171175481,170.97147,162.10841634945703
2022-07-05,80165,Bengaluru,154.56,167.83357171175481,170.97147,165.62421943548938
2022-07-06,80165,Bengaluru,94.67,167.83357171175481,170.97147,164.44274434561765
2022-07-07,80165,Bengaluru,186.2,167.69849128022702,169.9765,159.69321094787165
2022-07-08,80165,Bengaluru,171.07,167.9183460045463,170.63432,164.31555631309143
2022-07-09,80165,Bengaluru,124.58,194.22869745777385,194.28893,207.6114316058763
2022-07-10,80165,Bengaluru,167.3,188.43517971271115,190.3643,202.48163215980313
2022-07-01,81953,Delhi,524.8,419.05630904660643,428.69434,428.85428084480253
2022-07-02,81953,Delhi,502.19,478.7939980285988,483.51282,491.6359130193852
2022-07-03,81953,Delhi,584.28,487.53692748083574,482.3897,482.5416134263613
2022-07-04,81953,Delhi,478.99,432.4751023581873,431.65027,430.8953932714111
2022-07-05,81953,Delhi,350.6,433.22271156700873,429.86157,429.02661070115715
2022-07-06,81953,Delhi,421.12,426.26941960428053,429.4961,427.5482836974895
2022-07-07,81953,Delhi,428.2,434.89366197298494,429.17624,430.4468351288015
2022-07-08,81953,Delhi,456.68,434.89366197298494,430.18884,436.6225689338759
2022-07-09,81953,Delhi,519.45,502.1382634218594,489.3131,503.85184833253106
2022-07-10,81953,Delhi,401.21,489.74110015556664,488.00803,491.6011890185452
2022-07-01,81953,HR-NCR,241.44,247.25336873186131,255.18369,251.99337757245334
2022-07-02,81953,HR-NCR,283.97,287.63444330630784,291.32166,299.1031149468891
2022-07-03,81953,HR-NCR,284.16,288.1721410768006,291.61862,297.75250098903274
2022-07-04,81953,HR-NCR,214.24,247.25336873186131,252.39633,250.26963756262938
2022-07-05,81953,HR-NCR,288.88,246.4731962465739,251.06166,248.46855724124666
2022-07-06,81953,HR-NCR,238.45,256.9241510588513,260.241,256.2546726994301
2022-07-07,81953,HR-NCR,299.02,247.09217514374237,253.90395,251.24102511507647
2022-07-08,81953,HR-NCR,251.02,257.3043677775797,260.241,258.3618231876891
2022-07-09,81953,HR-NCR,248.97,304.2683625485672,299.42493,307.1458763492607
2022-07-10,81953,HR-NCR,277.17,303.8144698402157,299.9776,307.0569659529459
2022-07-01,82218,Delhi,254.49,215.81642368308556,219.198,213.32332742688573
2022-07-02,82218,Delhi,193.72,247.41535317792395,248.47157,262.50649461663903
2022-07-03,82218,Delhi,232.24,248.17260998606696,248.31677,259.1074954620864
2022-07-04,82218,Delhi,322.55,216.73776620448285,220.3621,219.99592775849368
2022-07-05,82218,Delhi,264.14,215.81642368308556,219.198,214.0400326876559
2022-07-06,82218,Delhi,200.21,220.4443108281173,220.68819,220.0653400339326
2022-07-07,82218,Delhi,202.48,215.90119797587704,219.198,212.66514848147241
2022-07-08,82218,Delhi,265.75,215.90119797587704,219.198,217.7530512962199
2022-07-09,82218,Delhi,238.7,252.3291978780146,253.60863,265.4773376649628
2022-07-10,82218,Delhi,393.75,247.22957518001664,247.22398,255.98757347453824
2022-07-01,82224,Delhi,242.57,162.73137315627008,166.883,159.03656494777246
2022-07-02,82224,Delhi,291.8,190.0586349337744,195.58395,204.11912772756952
2022-07-03,82224,Delhi,213.93,196.20626403829723,202.69414,206.44730873049784
2022-07-04,82224,Delhi,151.78,174.08757276962726,182.62747,174.43619121980083
2022-07-05,82224,Delhi,141.21,171.82819536991616,182.45657,171.41121070715235
2022-07-06,82224,Delhi,151.26,171.72953198992587,175.94702,167.23019442276706
2022-07-07,82224,Delhi,184.45,179.42890504273606,181.39183,170.8615256364303
2022-07-08,82224,Delhi,125.53,179.42890504273606,183.55188,177.33733919959948
2022-07-09,82224,Delhi,166.25,205.25342271262593,206.06976,216.24235151909755
2022-07-10,82224,Delhi,133.49,205.62863017432798,205.61223,212.15018583726115
2022-07-01,82898,Delhi,237.58,368.85805224750817,378.06644,380.5997556843418
2022-07-02,82898,Delhi,226.81,396.34344710696956,388.3543,404.11195158626657
2022-07-03,82898,Delhi,323.22,393.54391565010116,387.10706,399.2986741213758
2022-07-04,82898,Delhi,500.94,340.7411709594162,337.89917,337.17601284875644
2022-07-05,82898,Delhi,421.13,344.06429830311987,346.11996,347.3348136222902
2022-07-06,82898,Delhi,418.82,343.38417215266156,345.15863,343.8684596016827
2022-07-07,82898,Delhi,303.4,364.617664168036,370.77573,373.84085261287976
2022-07-08,82898,Delhi,354.62,359.02082625430205,349.354,354.71656558950866
2022-07-09,82898,Delhi,514.18,396.66951287535665,390.9758,400.9550738018984
2022-07-10,82898,Delhi,272.7,409.81763051149676,388.0493,399.1993404507908
2022-07-01,82898,HR-NCR,115.49,154.37503227480678,160.16661,151.08419180435024
2022-07-02,82898,HR-NCR,158.57,178.4823494797681,182.65536,189.13486857685038
2022-07-03,82898,HR-NCR,215.11,177.05016455310957,181.27957,183.3697486177495
2022-07-04,82898,HR-NCR,198.63,154.67921178447716,160.16661,153.2908098033398
2022-07-05,82898,HR-NCR,105.76,154.67921178447716,160.16661,149.9999598139157
2022-07-06,82898,HR-NCR,183.24,154.37503227480678,160.16661,147.74015558031147
2022-07-07,82898,HR-NCR,117.64,155.6112823017603,161.79996,155.42924325121396
2022-07-08,82898,HR-NCR,128.52,154.67921178447716,160.16661,146.0395744688724
2022-07-09,82898,HR-NCR,220.18,177.23906693816923,181.02202,183.80431928158492
2022-07-10,82898,HR-NCR,109.16,177.460670513673,181.54105,190.79913963083266
2022-07-01,86446,Delhi,1781.89,2052.3753428714576,1988.0917,2013.064893557655
2022-07-02,86446,Delhi,2122.57,2242.8971683546224,2249.7158,2222.4451131116825
2022-07-03,86446,Delhi,2087.02,2296.6648213889093,2219.109,2240.546587893794
2022-07-04,86446,Delhi,2390.95,2032.6912993867493,2018.1306,2053.333438385565
2022-07-05,86446,Delhi,1803.22,1965.713616746922,1967.7771,1993.7926375287518
2022-07-06,86446,Delhi,1728.91,1982.3604533107896,1995.1747,2021.0465149989554
2022-07-07,86446,Delhi,2064.78,1964.4073052622746,1949.4778,1996.5181956368654
2022-07-08,86446,Delhi,1430.92,2001.1560076427677,1971.6646,1995.8179832106564
2022-07-09,86446,Delhi,2049.81,2217.5404902506084,2191.286,2170.859506971349
2022-07-10,86446,Delhi,2188.13,2241.440624019255,2218.3767,2194.231037709923
2022-07-01,86446,HR-NCR,1149.56,1317.822813854411,1326.21,1323.7131408712837
2022-07-02,86446,HR-NCR,1349.87,1434.3236568015109,1444.7623,1439.6607475060487
2022-07-03,86446,HR-NCR,1520.1,1403.833078511198,1412.1111,1396.7281030456506
2022-07-04,86446,HR-NCR,1159.83,1246.2168391658035,1262.3584,1272.3927075719344
2022-07-05,86446,HR-NCR,1336.97,1247.87751455052,1261.6954,1263.6457350486103
2022-07-06,86446,HR-NCR,1304.56,1253.8670895016235,1272.7031,1287.3261527141324
2022-07-07,86446,HR-NCR,1469.08,1262.6228221113265,1264.087,1276.0074027397145
2022-07-08,86446,HR-NCR,1245.14,1313.6851620916605,1275.7054,1304.7255514374353
2022-07-09,86446,HR-NCR,1267.57,1421.757245498509,1427.6261,1413.6993795648448
2022-07-10,86446,HR-NCR,1260.26,1402.6457553205994,1409.2446,1403.24997268994
2022-07-01,86521,Delhi,181.38,210.52584065369462,213.17928,205.9371936268996
2022-07-02,86521,Delhi,404.72,239.14023527682258,240.84433,248.13542030442034
2022-07-03,86521,Delhi,268.0,246.48931243993763,246.9821,251.35153220816034
2022-07-04,86521,Delhi,137.14,218.56004154451819,223.07193,222.28099730637436
2022-07-05,86521,Delhi,246.29,214.2319541437292,217.19714,202.85168831212238
2022-07-06,86521,Delhi,115.94,218.2915372438106,224.8096,222.55639994965833
2022-07-07,86521,Delhi,302.78,215.28246040861518,221.6279,211.8902914796067
2022-07-08,86521,Delhi,172.87,215.75328310904604,219.198,210.06327229298248
2022-07-09,86521,Delhi,211.03,252.21999825920574,252.07085,267.677845598167
2022-07-10,86521,Delhi,220.66,252.94178687072662,254.37247,270.07296503298653
2022-07-01,89120,Delhi,164.8,187.26467508842015,187.72617,181.21780682078744
2022-07-02,89120,Delhi,208.32,214.07352982391131,212.70654,223.76252652276872
2022-07-03,89120,Delhi,195.29,214.0498035631252,213.43733,223.1001542102408
2022-07-04,89120,Delhi,198.44,190.5373003002642,195.61383,190.7676503889982
2022-07-05,89120,Delhi,140.43,184.8183996871222,189.81725,186.58875236663303
2022-07-06,89120,Delhi,193.48,182.16008856492294,183.54439,178.11805338373605
2022-07-07,89120,Delhi,191.71,184.50424025742552,188.98805,186.08114945200265
2022-07-08,89120,Delhi,167.87,183.18520688704987,184.87901,182.42824475650758
2022-07-09,89120,Delhi,272.9,208.21691662313594,208.4603,218.33231436066168
2022-07-10,89120,Delhi,304.96,212.3433014530922,216.08348,230.41579323004117
2022-07-01,91891,Delhi,861.6,728.6171040870322,728.17914,725.2025536231193
2022-07-02,91891,Delhi,790.81,835.3958155435488,829.10394,817.6862315618375
2022-07-03,91891,Delhi,867.86,829.3755055017436,829.9429,827.9636873893514
2022-07-04,91891,Delhi,750.15,733.2849653563411,735.99445,731.5672668703405
2022-07-05,91891,Delhi,796.35,735.4563197930323,739.472,742.6868339833494
2022-07-06,91891,Delhi,647.93,733.384722302404,735.7113,730.3233412688347
2022-07-07,91891,Delhi,743.66,737.5374325372591,738.1045,728.0482459768259
2022-07-08,91891,Delhi,813.67,754.6905759079763,739.472,743.6472079621565
2022-07-09,91891,Delhi,1034.34,843.482669684555,835.288,822.0103233284365
2022-07-10,91891,Delhi,1074.42,853.946496596731,876.63306,869.0410084116623
2022-07-01,91891,HR-NCR,871.65,544.7508514720384,530.5075,533.2471836588129
2022-07-02,91891,HR-NCR,644.89,634.5678015641338,628.4235,639.9086215329498
2022-07-03,91891,HR-NCR,811.35,626.7286341015305,623.11017,618.9783403434831
2022-07-04,91891,HR-NCR,491.4,546.3788027851328,557.05457,550.8692635330219
2022-07-05,91891,HR-NCR,534.61,556.4211580037961,552.1471,556.9939012439252
2022-07-06,91891,HR-NCR,315.81,558.2533976311843,560.86395,558.2029002699599
2022-07-07,91891,HR-NCR,413.77,554.2790073384657,554.335,556.1176330470853
2022-07-08,91891,HR-NCR,584.23,555.8178747412151,548.35046,564.4122086661231
2022-07-09,91891,HR-NCR,604.76,630.4124479555027,626.13525,636.5288696877919
2022-07-10,91891,HR-NCR,477.5,625.0292578897385,621.46735,630.7030883876192
2022-07-01,93038,Delhi,176.14,233.02166050555306,233.04904,229.70042412592431
2022-07-02,93038,Delhi,202.88,266.4182338345729,260.42963,272.9374434103937
2022-07-03,93038,Delhi,220.44,249.32189761220724,248.04092,258.2102652558361
2022-07-04,93038,Delhi,289.0,219.28219588505868,224.41954,224.79830875188796
2022-07-05,93038,Delhi,240.78,220.4443108281173,221.95364,220.60508714676695
2022-07-06,93038,Delhi,351.82,219.11970557626802,221.62834,218.1462487564497
2022-07-07,93038,Delhi,205.09,228.45713845673214,229.4298,224.6822604918599
2022-07-08,93038,Delhi,243.82,228.45713845673214,229.4298,222.41857290368574
2022-07-09,93038,Delhi,262.45,263.1582621171787,262.3341,270.84294046882115
2022-07-10,93038,Delhi,186.8,261.7447505916306,262.1342,268.5797873910143
2022-07-01,94410,Mumbai,64.14,167.30953747776516,169.9765,165.41414316040445
2022-07-02,94410,Mumbai,89.13,193.00210400998458,192.035,197.0375279710632
2022-07-03,94410,Mumbai,86.93,186.40259382585188,188.11038,199.21605619064158
2022-07-04,94410,Mumbai,68.07,161.85188843730194,167.2267,165.95775313609602
2022-07-05,94410,Mumbai,151.61,157.58558829002405,162.62764,159.42903290762013
2022-07-06,94410,Mumbai,272.72,155.46132347367586,160.70718,153.6761677195327
2022-07-07,94410,Mumbai,248.86,155.6112823017603,161.79996,157.03643772082796
2022-07-08,94410,Mumbai,55.76,154.37503227480678,160.16661,153.09246986711335
2022-07-09,94410,Mumbai,98.05,177.6672546071199,181.02202,182.46858324929258
2022-07-10,94410,Mumbai,211.34,177.05016455310957,181.27957,183.56450392297683
2022-07-01,94487,Delhi,234.21,198.29651979116292,197.18187,188.9543287040345
2022-07-02,94487,Delhi,152.06,235.93109827039572,233.00775,238.32237453658857
2022-07-03,94487,Delhi,180.7,233.94348412766786,224.92667,229.35430289873864
2022-07-04,94487,Delhi,149.03,200.555897190874,204.44868,196.9396432034684
2022-07-05,94487,Delhi,250.82,205.4148760262478,203.69083,201.5206550251968
2022-07-06,94487,Delhi,179.76,208.03167000054663,208.21378,203.66514331224494
2022-07-07,94487,Delhi,163.45,205.4996503190393,207.57741,199.98403764056985
2022-07-08,94487,Delhi,253.57,206.6024846571654,208.11139,206.27982675844132
2022-07-09,94487,Delhi,175.87,229.31799425987762,232.69003,234.8750471388417
2022-07-10,94487,Delhi,216.62,239.48192507020002,234.76772,240.4170291366973
2022-07-01,95031,Bengaluru,568.46,681.7857182298762,689.4119,689.3329714041885
2022-07-02,95031,Bengaluru,725.9,785.1327852461656,771.6874,772.2429053055807
2022-07-03,95031,Bengaluru,793.37,780.1263330892688,754.0437,757.5277054410708
2022-07-04,95031,Bengaluru,743.54,678.7063532616884,681.6484,679.2665307642768
2022-07-05,95031,Bengaluru,649.2,678.7063532616884,678.03723,680.9302425272517
2022-07-06,95031,Bengaluru,655.26,678.7063532616884,675.55725,679.277078418394
2022-07-07,95031,Bengaluru,783.35,659.5217530244518,667.635,669.9129512548695
2022-07-08,95031,Bengaluru,717.31,680.7235927220906,675.2741,671.2089006732128
2022-07-09,95031,Bengaluru,742.55,791.4112557875588,772.1015,770.6185941299051
2022-07-10,95031,Bengaluru,675.5,757.5213265151597,761.1296,752.263380225766
2022-07-01,95031,Delhi,854.28,678.7063532616884,674.8161,686.429727868337
2022-07-02,95031,Delhi,718.73,789.5598943462852,786.87787,779.564499195212
2022-07-03,95031,Delhi,747.54,785.2527835328657,773.5179,774.7427100938448
2022-07-04,95031,Delhi,783.32,664.7298481988255,683.59375,679.0105691421985
2022-07-05,95031,Delhi,772.47,685.9316878964644,680.04785,673.4245069947931
2022-07-06,95031,Delhi,604.33,685.9316878964644,692.6633,681.8973727397812
2022-07-07,95031,Delhi,710.57,689.6915976986264,693.73676,694.7585034234971
2022-07-08,95031,Delhi,654.04,692.5671597278039,695.8359,697.4291395157835
2022-07-09,95031,Delhi,973.12,782.8559880109349,761.1296,753.5509604626226
2022-07-10,95031,Delhi,994.47,788.2803480085938,788.1714,773.9301182501355
2022-07-01,95031,HR-NCR,511.2,482.7283032379207,492.88678,492.52196847691306
2022-07-02,95031,HR-NCR,665.88,556.9741904026166,560.84973,559.1564784459368
2022-07-03,95031,HR-NCR,593.66,588.1145293329639,564.3084,572.4618130963939
2022-07-04,95031,HR-NCR,381.85,487.8153083459484,492.54703,493.19085836122713
2022-07-05,95031,HR-NCR,407.15,482.5261504796384,491.03897,487.66324532374244
2022-07-06,95031,HR-NCR,442.74,481.4572210871119,492.2928,493.5506225419739
2022-07-07,95031,HR-NCR,589.36,482.1583686156757,488.48907,488.6331049406826
2022-07-08,95031,HR-NCR,463.46,511.08302884435,514.5833,513.555665151861
2022-07-09,95031,HR-NCR,428.96,582.6266165403416,561.30774,574.1842938690223
2022-07-10,95031,HR-NCR,553.34,557.4610175374486,561.30774,564.0507278041579
2022-07-01,95032,Mumbai,203.61,319.6598702180651,325.17822,324.85390116532295
2022-07-02,95032,Mumbai,433.3,362.1353017357645,357.99588,366.8953106063204
2022-07-03,95032,Mumbai,531.15,362.1353017357645,357.69086,371.01918996121384
2022-07-04,95032,Mumbai,276.7,326.11884617031325,334.75555,330.90456882038904
2022-07-05,95032,Mumbai,278.78,319.4973799092744,323.2656,322.1617202513832
2022-07-06,95032,Mumbai,317.07,319.6598702180651,323.70584,329.52283694279
2022-07-07,95032,Mumbai,289.98,320.6759419058581,322.75516,324.0006762528152
2022-07-08,95032,Mumbai,369.41,320.6759419058581,321.85492,320.15945149396293
2022-07-09,95032,Mumbai,315.25,364.33947441049537,357.99588,370.7606123989854
2022-07-10,95032,Mumbai,341.31,366.54357266585043,362.67105,379.65252114028243
2022-07-01,95609,Delhi,553.6,390.5441281655398,393.25644,378.30732358650295
2022-07-02,95609,Delhi,301.07,452.4186764161204,458.7534,454.77385202040034
2022-07-03,95609,Delhi,278.66,448.7630065216904,447.5377,447.6442031581129
2022-07-04,95609,Delhi,261.24,383.4159366632708,399.46326,415.09986884889565
2022-07-05,95609,Delhi,241.04,380.09093271815146,382.2712,372.9342502664513
2022-07-06,95609,Delhi,73.94,377.09535880552687,389.68,391.3460704051979
2022-07-07,95609,Delhi,357.98,338.7143396625176,346.06882,342.76200444720706
2022-07-08,95609,Delhi,839.42,355.2756681590851,350.00317,354.1251067724278
2022-07-09,95609,Delhi,529.93,450.41132109403077,444.58975,459.2554499146531
2022-07-10,95609,Delhi,214.4,436.96386682191013,437.96536,439.90496626813456
2022-07-01,95781,Bengaluru,86.44,186.90834942092474,184.46486,184.78581614895688
2022-07-02,95781,Bengaluru,185.98,207.4643764843783,205.17278,214.4027342107042
2022-07-03,95781,Bengaluru,525.24,214.99195144679194,209.83769,230.2791974908743
2022-07-04,95781,Bengaluru,186.37,190.36397147701928,192.90433,202.05153046098866
2022-07-05,95781,Bengaluru,123.07,183.21615879219414,183.12952,183.50525172328656
2022-07-06,95781,Bengaluru,269.61,182.17748640171465,181.79489,171.23834089598623
2022-07-07,95781,Bengaluru,147.27,185.1157656182213,183.89365,177.41174908588556
2022-07-08,95781,Bengaluru,278.45,182.5685632662048,184.13173,174.9817875008993
2022-07-09,95781,Bengaluru,87.71,219.19908618662114,219.68967,224.4996800687818
2022-07-10,95781,Bengaluru,337.76,212.95118327983826,211.31253,227.6636771641922
2022-07-01,97250,Delhi,257.98,271.7393804973616,275.01782,270.5666201874695
2022-07-02,97250,Delhi,146.39,317.96110770131907,316.0588,323.5315517543901
2022-07-03,97250,Delhi,224.36,308.56315230056634,304.81912,305.02681101639007
2022-07-04,97250,Delhi,174.24,263.7108853958824,264.08148,264.18282192684535
2022-07-05,97250,Delhi,212.17,264.7241332080154,265.87787,271.7510737088589
2022-07-06,97250,Delhi,222.06,261.0894655382261,254.37753,251.5490158558371
2022-07-07,97250,Delhi,291.96,262.38742141048056,256.0958,258.1222340641633
2022-07-08,97250,Delhi,251.89,263.0996185244362,263.796,266.4371710025509
2022-07-09,97250,Delhi,275.81,309.56274201711864,302.1635,308.8024050568364
2022-07-10,97250,Delhi,352.36,310.43110947535655,302.40225,310.7855975558572
2022-07-01,99407,Delhi,366.2,879.7739816263936,776.14355,801.3046858550049
2022-07-02,99407,Delhi,1031.63,856.5240824917879,850.35406,867.4695096705669
2022-07-03,99407,Delhi,891.15,844.8964901726855,849.1777,854.2505175471408
2022-07-04,99407,Delhi,702.51,751.211596836341,746.1679,754.5756463884262
2022-07-05,99407,Delhi,1032.1,751.1344690448246,744.8991,751.6626360348349
2022-07-06,99407,Delhi,603.48,753.1001340411176,750.7448,767.1705479481432
2022-07-07,99407,Delhi,509.2,752.2155195489204,741.9986,747.2559484680713
2022-07-08,99407,Delhi,495.79,719.8316272778129,726.99414,715.6327763297917
2022-07-09,99407,Delhi,810.44,840.1517690293343,832.5888,840.8345229044905
2022-07-10,99407,Delhi,822.21,805.5240496661978,802.99066,799.0793760051606
2022-07-01,99407,HR-NCR,906.1,826.4749702608923,828.0768,834.1066449287316
2022-07-02,99407,HR-NCR,1217.34,947.2400464448064,945.5577,940.4875316119475
2022-07-03,99407,HR-NCR,960.11,946.7687616858173,977.5797,967.226338258285
2022-07-04,99407,HR-NCR,774.06,838.1934410120732,859.0903,847.406247482274
2022-07-05,99407,HR-NCR,1059.2,841.4069104404232,862.9488,864.3383562645736
2022-07-06,99407,HR-NCR,837.95,838.5513517431822,862.7598,858.9575686145014
2022-07-07,99407,HR-NCR,911.87,845.1412940457483,864.8729,872.8395000978314
2022-07-08,99407,HR-NCR,846.09,851.3353052611212,848.11273,855.4739525879079
2022-07-09,99407,HR-NCR,1230.18,977.6579121636464,980.69165,981.1124282622399
2022-07-10,99407,HR-NCR,1096.77,969.6036437135207,978.2829,976.3816453781606
2022-07-01,100371,Delhi,222.71,179.60455548085784,183.69199,181.4351710486727
2022-07-02,100371,Delhi,156.97,206.4737666256367,209.76305,222.1715461812668
2022-07-03,100371,Delhi,156.77,205.45227042738503,205.61223,207.46015340012713
2022-07-04,100371,Delhi,197.35,179.34413074994458,181.39183,176.76533163241785
2022-07-05,100371,Delhi,226.37,179.34413074994458,181.39183,171.97414721996154
2022-07-06,100371,Delhi,184.07,182.16008856492294,184.13173,177.51221855335797
2022-07-07,100371,Delhi,199.25,182.24486285771442,184.13173,179.28021183394918
2022-07-08,100371,Delhi,168.48,183.18520688704987,184.87901,183.81595598975588
2022-07-09,100371,Delhi,174.6,208.21691662313594,208.4603,217.28347428597854
2022-07-10,100371,Delhi,173.53,208.592124084838,208.71785,214.99681840436796
2022-07-01,101230,Bengaluru,282.45,330.36155505304544,338.63614,334.50088055142135
2022-07-02,101230,Bengaluru,474.38,392.75636423137615,381.1744,388.6010758458103
2022-07-03,101230,Bengaluru,402.94,395.5928461783048,384.56454,398.1073001689223
2022-07-04,101230,Bengaluru,304.26,341.4212971098745,340.3329,342.9420998058824
2022-07-05,101230,Bengaluru,396.95,341.7362212691037,341.08313,344.7129614378791
2022-07-06,101230,Bengaluru,278.1,341.4212971098745,338.8605,340.61297275349
2022-07-07,101230,Bengaluru,312.57,330.85999089917084,337.69394,332.15839527637445
2022-07-08,101230,Bengaluru,370.92,331.54011704962915,337.90982,335.02815404840993
2022-07-09,101230,Bengaluru,377.12,377.2253762394543,366.68365,381.33481808555393
2022-07-10,101230,Bengaluru,330.01,377.0843164431929,368.37192,382.65303060910827
2022-07-01,103115,Delhi,1124.67,794.0400788359806,812.26996,807.3379187036744
2022-07-02,103115,Delhi,1270.39,932.4170428926989,987.5027,933.9773526793504
2022-07-03,103115,Delhi,825.49,1022.8098363713619,972.7248,934.5438826235645
2022-07-04,103115,Delhi,480.13,890.1217900049288,925.9518,904.681933031685
2022-07-05,103115,Delhi,820.49,867.4311443759551,887.472,866.3416591215861
2022-07-06,103115,Delhi,1319.38,887.657803608366,875.8272,893.1933304340531
2022-07-07,103115,Delhi,454.96,893.3796029857051,876.03687,896.3900357798703
2022-07-08,103115,Delhi,1130.8,881.5646973183005,874.8378,906.0186804266592
2022-07-09,103115,Delhi,951.73,1005.0747389739179,1018.4025,999.3150886261528
2022-07-10,103115,Delhi,1367.37,1008.2334464471222,1029.1676,998.7936025759609
2022-07-01,103115,HR-NCR,267.83,190.37480999147354,194.50443,186.258045116188
2022-07-02,103115,HR-NCR,380.03,221.81857651162144,226.66086,233.2260897663808
2022-07-03,103115,HR-NCR,363.16,224.47725684163643,229.81334,232.2976377457774
2022-07-04,103115,HR-NCR,185.95,211.84677772339313,221.44043,212.80586659475628
2022-07-05,103115,HR-NCR,130.35,204.7418511147728,213.29663,196.95345106067157
2022-07-06,103115,HR-NCR,169.69,203.50875186430082,211.12187,206.1464294654917
2022-07-07,103115,HR-NCR,184.81,197.29367821291459,203.66228,194.45562583750876
2022-07-08,103115,HR-NCR,231.32,203.58116586645463,209.75482,196.63962190966993
2022-07-09,103115,HR-NCR,213.86,239.6402954322559,242.70367,250.4796701007759
2022-07-10,103115,HR-NCR,195.97,238.2560596151664,242.51454,248.34816419944462
2022-07-01,104616,Delhi,291.72,382.7487897900714,391.65268,384.1887081483226
2022-07-02,104616,Delhi,336.25,436.9257510445252,444.51755,445.68241811574484
2022-07-03,104616,Delhi,293.33,435.5344588620797,430.25778,434.8751464034823
2022-07-04,104616,Delhi,262.57,375.5093524954889,381.36728,377.7943800714552
2022-07-05,104616,Delhi,390.93,368.41097810182146,373.66873,370.6119134751426
2022-07-06,104616,Delhi,473.21,375.9301946982205,380.88583,383.9689026295771
2022-07-07,104616,Delhi,403.66,370.1207594740686,379.67053,376.47218769166113
2022-07-08,104616,Delhi,400.71,376.52542418328187,383.1731,380.72773187584824
2022-07-09,104616,Delhi,409.94,429.51846404403256,429.81128,438.96092651620285
2022-07-10,104616,Delhi,396.74,428.3795318796813,422.08868,429.41838620498487
2022-07-01,104616,HR-NCR,111.73,154.67921178447716,160.16661,146.70000644242293
2022-07-02,104616,HR-NCR,171.85,177.05016455310957,181.02202,183.94912184924897
2022-07-03,104616,HR-NCR,140.44,177.05016455310957,181.27957,186.0077154900884
2022-07-04,104616,HR-NCR,139.23,154.37503227480678,160.16661,149.21888260117225
2022-07-05,104616,HR-NCR,117.11,154.37503227480678,160.16661,146.9402028128913
2022-07-06,104616,HR-NCR,133.16,154.37503227480678,160.16661,147.9908481195313
2022-07-07,104616,HR-NCR,127.84,154.37503227480678,160.16661,147.5424470559657
2022-07-08,104616,HR-NCR,102.63,154.37503227480678,160.16661,146.34365414181926
2022-07-09,104616,HR-NCR,162.04,177.05016455310957,181.02202,182.9847259594564
2022-07-10,104616,HR-NCR,123.59,177.05016455310957,181.27957,184.55577562855962
2022-07-01,104887,Delhi,414.07,364.0856459264111,375.89136,371.89761299811306
2022-07-02,104887,Delhi,378.32,416.90696530458104,418.36926,418.91811431105964
2022-07-03,104887,Delhi,428.87,415.9569235770653,416.18463,414.2472227307786
2022-07-04,104887,Delhi,387.95,367.75609938363823,373.66873,370.0211850036683
2022-07-05,104887,Delhi,436.17,368.0710235428674,378.71075,374.93849180725744
2022-07-06,104887,Delhi,343.69,376.2748043846022,385.76498,381.983198701404
2022-07-07,104887,Delhi,414.41,368.8175086572111,373.45285,367.37681837883747
2022-07-08,104887,Delhi,300.92,370.6291643869811,378.54788,371.99499014179065
2022-07-09,104887,Delhi,359.1,422.0007738285145,418.36926,421.09755526651105
2022-07-10,104887,Delhi,369.07,423.4122135205302,421.29578,427.306109018337
2022-07-01,104887,HR-NCR,218.48,189.52405248813125,195.63971,192.69211676232612
2022-07-02,104887,HR-NCR,186.84,220.59344843224693,223.2322,239.66958751525775
2022-07-03,104887,HR-NCR,187.51,217.46955536047858,214.6048,227.83019839535058
2022-07-04,104887,HR-NCR,147.65,191.53518438911576,191.256,189.5379743147735
2022-07-05,104887,HR-NCR,271.1,187.26467508842015,187.13882,185.51126552749466
2022-07-06,104887,HR-NCR,214.19,190.68442688577346,189.6087,185.89540641091142
2022-07-07,104887,HR-NCR,224.94,193.02857857827615,195.95238,190.10293677302622
2022-07-08,104887,HR-NCR,226.94,193.02857857827615,196.25877,194.68413067806108
2022-07-09,104887,HR-NCR,242.32,227.71677205492543,230.77275,242.33226656189345
2022-07-10,104887,HR-NCR,206.27,227.7099301701865,230.77016,236.21855116065407
2022-07-01,108085,Delhi,571.48,457.2983614927472,455.24115,473.80738485429396
2022-07-02,108085,Delhi,807.63,531.8307792549399,516.43396,545.7059548220221
2022-07-03,108085,Delhi,958.35,530.7568364694511,518.8018,516.3031254592782
2022-07-04,108085,Delhi,753.63,476.49532527087075,486.25632,476.5422226490555
2022-07-05,108085,Delhi,923.94,487.6727329774158,514.2961,493.19861334869654
2022-07-06,108085,Delhi,696.08,493.48295572142536,561.21436,544.1629326194702
2022-07-07,108085,Delhi,696.62,540.6084253572501,553.8724,516.9235495752347
2022-07-08,108085,Delhi,1119.49,537.1621188500858,565.5466,525.3572815135371
2022-07-09,108085,Delhi,1765.58,678.0622767840225,699.6612,655.6207891543628
2022-07-10,108085,Delhi,971.24,672.7162317478613,731.7936,712.0226713180557
2022-07-01,108085,HR-NCR,258.16,168.0333785136953,171.91022,165.71481541087587
2022-07-02,108085,HR-NCR,367.22,204.72073729818757,203.35564,205.06231176122273
2022-07-03,108085,HR-NCR,73.27,209.85150720819618,209.3052,218.5724255560027
2022-07-04,108085,HR-NCR,133.38,182.88272269590146,183.07622,177.16553052354277
2022-07-05,108085,HR-NCR,191.06,179.34413074994458,183.10464,178.6755497326994
2022-07-06,108085,HR-NCR,229.25,179.60455548085784,181.53194,172.3415462323186
2022-07-07,108085,HR-NCR,101.2,181.77324758239305,184.13173,173.07460035217858
2022-07-08,108085,HR-NCR,224.1,183.34769719584054,187.16309,185.290724597665
2022-07-09,108085,HR-NCR,256.77,207.61624431705587,214.30486,224.66575309957554
2022-07-10,108085,HR-NCR,234.62,214.07477479235394,214.6421,226.04704076722493
2022-07-01,108301,Delhi,339.45,308.50441631757354,311.7669,304.74490023919236
2022-07-02,108301,Delhi,488.53,350.0318478110485,351.1852,360.51857457346034
2022-07-03,108301,Delhi,443.21,349.71692365181934,351.68503,365.8098800802853
2022-07-04,108301,Delhi,268.51,309.18454246803185,323.48148,317.3741003276027
2022-07-05,108301,Delhi,318.86,308.7374916444192,322.53928,316.3071765756311
2022-07-06,108301,Delhi,277.98,308.50441631757354,321.7932,314.672081687897
2022-07-07,108301,Delhi,344.99,320.6759419058581,322.8056,322.8698568095469
2022-07-08,108301,Delhi,309.77,309.5910730234215,314.48654,311.04465220151013
2022-07-09,108301,Delhi,561.05,364.33947441049537,357.99588,369.4928047556841
2022-07-10,108301,Delhi,249.27,369.25389040512215,366.9074,378.99033925181686
2022-07-01,108301,HR-NCR,148.83,154.37503227480678,160.16661,148.32880065140208
2022-07-02,108301,HR-NCR,200.99,177.05016455310957,181.02202,183.95403956654562
2022-07-03,108301,HR-NCR,128.93,177.74500427321578,182.38045,190.643968999188
2022-07-04,108301,HR-NCR,157.58,154.37503227480678,160.16661,150.99477739539714
2022-07-05,108301,HR-NCR,156.9,154.37503227480678,160.16661,151.302491470791
2022-07-06,108301,HR-NCR,155.16,154.37503227480678,160.16661,149.66434628360975
2022-07-07,108301,HR-NCR,144.77,154.37503227480678,160.16661,147.48580512754674
2022-07-08,108301,HR-NCR,126.17,154.37503227480678,160.16661,149.71771067944883
2022-07-09,108301,HR-NCR,105.72,177.05016455310957,181.02202,186.21002802914012
2022-07-10,108301,HR-NCR,188.73,177.05016455310957,181.27957,183.4233317504708
2022-07-01,109135,Delhi,138.92,154.67921178447716,160.16661,149.29972086708327
2022-07-02,109135,Delhi,175.02,177.23906693816923,181.02202,184.84834798172653
2022-07-03,109135,Delhi,185.91,177.23906693816923,181.27957,188.3754022196274
2022-07-04,109135,Delhi,167.04,154.86811416953682,160.16661,151.94630127558307
2022-07-05,109135,Delhi,204.99,154.67921178447716,160.16661,146.22152816068174
2022-07-06,109135,Delhi,75.25,155.52909410530253,160.42809,150.45606493755372
2022-07-07,109135,Delhi,137.55,155.0897177450406,160.42809,150.70821610539687
2022-07-08,109135,Delhi,109.89,154.7855382353702,160.42809,150.63819103032455
2022-07-09,109135,Delhi,99.15,177.460670513673,181.2835,189.71867195019036
2022-07-10,109135,Delhi,177.82,177.05016455310957,181.27957,189.91344397475487
2022-07-01,110767,Delhi,266.7,302.79056076287895,291.5351,277.3526082422537
2022-07-02,110767,Delhi,221.83,356.61787680733903,328.00604,347.927621934795
2022-07-03,110767,Delhi,93.41,357.5030355615544,325.55667,343.26008362737036
2022-07-04,110767,Delhi,166.0,324.3328584829491,305.8329,313.7467244836271
2022-07-05,110767,Delhi,193.89,256.34763460135105,257.9385,250.0377529447037
2022-07-06,110767,Delhi,1113.71,261.46010305208165,258.89557,261.7285772067442
2022-07-07,110767,Delhi,198.45,357.74066091359623,323.5458,308.97054861357327
2022-07-08,110767,Delhi,187.92,308.9036626298198,294.06384,281.5948296654821
2022-07-09,110767,Delhi,454.47,386.60094628645726,344.02795,372.87972646443586
2022-07-10,110767,Delhi,878.88,316.33979810084486,325.15158,335.8591950369586
2022-07-01,111387,Delhi,190.83,216.66718118642785,220.53262,213.46003748298514
2022-07-02,111387,Delhi,224.44,243.37334622523517,243.43129,253.10806914680674
2022-07-03,111387,Delhi,238.71,239.51544273852463,240.48991,247.9166932561492
2022-07-04,111387,Delhi,271.19,212.33909378563888,213.68742,207.9835081484044
2022-07-05,111387,Delhi,208.98,215.81642368308556,219.198,211.29376751297372
2022-07-06,111387,Delhi,269.59,215.81642368308556,219.91309,214.96126241892048
2022-07-07,111387,Delhi,232.7,215.90119797587704,219.91309,216.90881213113724
2022-07-08,111387,Delhi,266.9,215.90119797587704,219.198,211.17771104636947
2022-07-09,111387,Delhi,260.61,252.90893578627842,252.71577,262.6739113092967
2022-07-10,111387,Delhi,278.19,253.72902563408493,252.51852,261.03546071916287
2022-07-01,111483,Delhi,385.86,450.7731059488475,460.4628,466.42022281078266
2022-07-02,111483,Delhi,310.34,497.30151991186995,503.62085,495.2794475724332
2022-07-03,111483,Delhi,924.51,497.4336465762534,482.37143,495.8393890944452
2022-07-04,111483,Delhi,208.47,463.50913861222045,463.7881,479.0693251720901
2022-07-05,111483,Delhi,363.97,426.61533420840226,426.4513,421.7359722821911
2022-07-06,111483,Delhi,605.65,416.6276862773194,421.27374,414.85619962968144
2022-07-07,111483,Delhi,389.57,438.7068306724301,448.3077,448.1622087349332
2022-07-08,111483,Delhi,289.98,445.1011545454485,445.27753,448.17506240948967
2022-07-09,111483,Delhi,727.74,496.0220770083621,500.32846,492.1638343840745
2022-07-10,111483,Delhi,420.44,523.7142154437438,525.6364,553.652022256349
2022-07-01,111483,HR-NCR,64.81,163.01032847302187,167.5755,160.61207148592965
2022-07-02,111483,HR-NCR,171.77,186.15909869220044,189.48721,202.4643261316144
2022-07-03,111483,HR-NCR,181.3,186.31445142958322,188.39528,200.72389238466243
2022-07-04,111483,HR-NCR,129.76,161.85101325478502,166.81137,163.80923608472835
2022-07-05,111483,HR-NCR,99.73,161.85101325478502,166.15355,157.38438774418248
2022-07-06,111483,HR-NCR,131.08,161.1900333190193,165.89207,158.32738732464395
2022-07-07,111483,HR-NCR,334.99,161.3648605435029,165.89207,161.05078588901057
2022-07-08,111483,HR-NCR,260.09,168.76805709344796,172.24988,169.30827356971358
2022-07-09,111483,HR-NCR,157.74,193.28826905161284,194.0918,205.50672890140063
2022-07-10,111483,HR-NCR,124.33,193.4436217889956,193.69153,205.379097922124
2022-07-01,113945,Mumbai,646.6,516.259411290611,503.23874,519.1866259327862
2022-07-02,113945,Mumbai,536.41,598.3692712220951,560.5295,604.5143794715298
2022-07-03,113945,Mumbai,618.23,580.1657479781986,562.10675,574.9566967031835
2022-07-04,113945,Mumbai,547.43,513.2533795153875,504.9253,508.34931951747774
2022-07-05,113945,Mumbai,735.78,510.066957156557,515.0265,514.4320591992727
2022-07-06,113945,Mumbai,405.81,512.3200531450195,518.2107,518.4289279324557
2022-07-07,113945,Mumbai,489.03,484.21170358987257,493.33,484.7880770520386
2022-07-08,113945,Mumbai,628.15,483.2805759980178,490.0502,478.6280064190816
2022-07-09,113945,Mumbai,571.47,592.8443353961335,588.4907,587.4037056293752
2022-07-10,113945,Mumbai,334.41,588.6787979512947,572.3481,578.2444179811505
2022-07-01,114233,Bengaluru,208.5,234.56996428964504,237.4314,233.54223749902002
2022-07-02,114233,Bengaluru,255.13,267.8040473098742,265.66318,276.1560279644625
2022-07-03,114233,Bengaluru,221.72,268.34174508036693,266.64172,279.16615533356634
2022-07-04,114233,Bengaluru,258.2,234.56996428964504,235.43361,234.3538643047619
2022-07-05,114233,Bengaluru,244.74,234.13899667429885,234.34084,231.54913874315147
2022-07-06,114233,Bengaluru,243.98,234.1181405087909,234.90114,232.4817085943356
2022-07-07,114233,Bengaluru,219.04,234.40877070152612,234.90114,233.7917333598474
2022-07-08,114233,Bengaluru,248.22,234.95018100837342,235.43361,231.97109720581614
2022-07-09,114233,Bengaluru,269.05,268.65789882919495,266.64172,277.6033449065819
2022-07-10,114233,Bengaluru,276.64,268.8135472532468,267.69302,278.01278781991743
2022-07-01,114264,Delhi,250.88,178.98780508244917,180.29056,169.24801121735538
2022-07-02,114264,Delhi,150.61,205.33748769659624,206.56282,217.51767545866338
2022-07-03,114264,Delhi,158.75,205.7126951582983,205.46892,216.546326322245
2022-07-04,114264,Delhi,175.64,180.09898731670472,181.76529,174.28275473316296
2022-07-05,114264,Delhi,191.58,178.98780508244917,180.29056,170.6415623677458
2022-07-06,114264,Delhi,217.88,179.60455548085784,181.53194,181.36706909658332
2022-07-07,114264,Delhi,220.76,180.00484383478178,181.84229,176.6981505755542
2022-07-08,114264,Delhi,216.69,179.68932977364932,182.11928,175.8248268171607
2022-07-09,114264,Delhi,314.61,208.21691662313594,208.4603,217.6524059464661
2022-07-10,114264,Delhi,211.97,212.4187491272355,216.08348,226.45501766307333
2022-07-01,114916,Delhi,280.56,319.05032908566176,322.53928,320.86299859949617
2022-07-02,114916,Delhi,423.65,362.1353017357645,357.99588,367.43672328894604
2022-07-03,114916,Delhi,408.66,361.4586354161494,367.23767,374.5410613398191
2022-07-04,114916,Delhi,289.04,319.05032908566176,323.48996,324.0092076852058
2022-07-05,114916,Delhi,407.93,319.6598702180651,323.70584,323.3847459712091
2022-07-06,114916,Delhi,381.6,318.9797440676068,324.96234,324.97635578704
2022-07-07,114916,Delhi,373.77,323.18681643472,335.79324,332.21691710083326
2022-07-08,114916,Delhi,370.0,323.4814334078942,329.352,327.7455483049605
2022-07-09,114916,Delhi,485.98,366.67351148967924,370.36105,375.8451257820462
2022-07-10,114916,Delhi,375.37,380.33144475983227,372.5457,384.25627906712504
2022-07-01,114916,HR-NCR,199.67,180.45531298420013,182.86656,180.4386417586521
2022-07-02,114916,HR-NCR,235.02,205.07706296568298,205.35468,212.98863426418785
2022-07-03,114916,HR-NCR,216.01,205.7126951582983,208.09862,220.18277250458723
2022-07-04,114916,HR-NCR,202.76,179.60455548085784,181.53194,176.65172678254385
2022-07-05,114916,HR-NCR,187.69,179.60455548085784,183.69199,177.47405992448302
2022-07-06,114916,HR-NCR,167.85,179.60455548085784,183.69199,176.01297016834963
2022-07-07,114916,HR-NCR,153.57,180.08826349613747,183.93384,177.43329699935302
2022-07-08,114916,HR-NCR,141.31,179.42890504273606,181.97917,175.56436608926046
2022-07-09,114916,HR-NCR,198.08,205.25342271262593,205.97548,213.90215944796958
2022-07-10,114916,HR-NCR,208.81,205.88905490524124,206.23303,217.69477465810928
2022-07-01,115774,Bengaluru,163.0,171.37320632243046,172.6857,166.97550214518233
2022-07-02,115774,Bengaluru,177.71,196.98645687727006,196.5131,206.00674869733734
2022-07-03,115774,Bengaluru,210.5,198.49794326801256,198.10529,208.51363081785846
2022-07-04,115774,Bengaluru,203.07,169.04498128852333,171.57307,167.02969661420758
2022-07-05,115774,Bengaluru,187.4,171.37320632243046,173.02284,169.85421357113947
2022-07-06,115774,Bengaluru,182.85,169.04498128852333,171.91022,166.77762781412838
2022-07-07,115774,Bengaluru,187.32,171.45798061522194,173.02284,168.65447354269224
2022-07-08,115774,Bengaluru,146.33,171.45798061522194,173.02284,166.35191085526168
2022-07-09,115774,Bengaluru,211.62,194.37045684449592,196.5131,204.31821726141706
2022-07-10,115774,Bengaluru,238.96,197.89434975341047,197.53476,207.35461009108033
2022-07-01,116189,Bengaluru,400.1,625.7743445947892,626.48114,624.4037328522119
2022-07-02,116189,Bengaluru,687.54,711.9752374917684,700.8628,700.3326670866488
2022-07-03,116189,Bengaluru,1013.31,715.2983314241716,709.0122,708.6925224519098
2022-07-04,116189,Bengaluru,657.5,625.6745876487263,634.6259,637.6769591735657
2022-07-05,116189,Bengaluru,645.61,625.7743445947892,635.12555,637.4849499809613
2022-07-06,116189,Bengaluru,771.35,625.7743445947892,629.6689,632.4471467596035
2022-07-07,116189,Bengaluru,581.93,629.9270548296442,637.8887,643.3040776275626
2022-07-08,116189,Bengaluru,634.15,626.855395098885,626.39844,616.0064217019549
2022-07-09,116189,Bengaluru,664.15,720.1782549656591,720.399,703.0073533448599
2022-07-10,116189,Bengaluru,675.64,746.1349638033379,722.9069,721.5698394907874
2022-07-01,116189,Delhi,490.23,527.4060051507416,531.147,527.0965464917676
2022-07-02,116189,Delhi,690.15,597.5340079273224,595.7136,597.752426417742
2022-07-03,116189,Delhi,605.13,624.4649892714077,603.5862,608.5015657619596
2022-07-04,116189,Delhi,562.32,544.5486987137562,545.21497,536.204811253401
2022-07-05,116189,Delhi,688.83,543.4797693212299,545.93933,540.6801087634001
2022-07-06,116189,Delhi,602.19,548.6634406613422,552.4103,549.1569662852191
2022-07-07,116189,Delhi,618.39,559.829811374189,550.72095,556.8861520193809
2022-07-08,116189,Delhi,494.76,562.6482527712311,549.13983,555.2541147654457
2022-07-09,116189,Delhi,698.14,628.924571107475,625.3872,631.6533115120926
2022-07-10,116189,Delhi,561.58,643.2968065093534,627.7132,630.0085630003499
2022-07-01,116189,HR-NCR,237.54,269.2860582216192,269.9092,272.98735279708205
2022-07-02,116189,HR-NCR,426.25,310.6910217084511,304.49908,314.6813840732149
2022-07-03,116189,HR-NCR,415.13,315.31220855674326,309.06552,319.47960092965326
2022-07-04,116189,HR-NCR,278.22,283.64831391726693,282.97772,282.91281136293037
2022-07-05,116189,HR-NCR,315.91,281.25381037221763,281.4806,278.60854649199143
2022-07-06,116189,HR-NCR,316.61,282.9681877668086,282.76184,274.7058691905091
2022-07-07,116189,HR-NCR,289.5,283.34840448553706,283.66208,279.78951279607105
2022-07-08,116189,HR-NCR,278.86,283.34840448553706,282.76184,275.25246694875636
2022-07-09,116189,HR-NCR,264.01,326.82287852833446,322.13135,328.8354635168283
2022-07-10,116189,HR-NCR,298.8,321.29192635223285,322.13135,326.0702257391425
2022-07-01,116824,Bengaluru,479.06,153.48360547168468,159.95694,158.22406235627
2022-07-02,116824,Bengaluru,575.93,189.21759146627315,193.48198,201.36451938345667
2022-07-03,116824,Bengaluru,233.1,209.60365690434764,215.1778,221.3749379991254
2022-07-04,116824,Bengaluru,50.38,180.47491269222283,183.8625,173.96532393818933
2022-07-05,116824,Bengaluru,126.05,178.84400486867492,181.35515,168.59142518676674
2022-07-06,116824,Bengaluru,355.28,179.63830756949488,181.38556,159.68900412948224
2022-07-07,116824,Bengaluru,72.27,185.3438950245916,184.55121,176.98204289367757
2022-07-08,116824,Bengaluru,135.1,186.22839989565827,182.6805,174.83759322107574
2022-07-09,116824,Bengaluru,139.82,212.2107082699741,208.76889,221.9632891884035
2022-07-10,116824,Bengaluru,17.55,205.25709649801277,208.09862,217.20455908239236
2022-07-01,116824,Delhi,552.26,478.2597821603071,469.75516,472.9868205715444
2022-07-02,116824,Delhi,599.74,555.4781735372293,546.0314,549.475082327543
2022-07-03,116824,Delhi,589.19,561.6572272664379,563.0567,559.7180901683327
2022-07-04,116824,Delhi,628.73,488.13023250517756,493.74188,489.7011716897912
2022-07-05,116824,Delhi,409.87,512.125353495206,498.22232,498.44188048557174
2022-07-06,116824,Delhi,428.35,482.579428469454,490.7117,484.5080913323213
2022-07-07,116824,Delhi,694.06,484.8665823080558,492.88678,497.05715631864075
2022-07-08,116824,Delhi,599.68,513.1414251829988,517.85376,520.1195314038986
2022-07-09,116824,Delhi,503.4,589.299627958407,565.64795,571.3701453165812
2022-07-10,116824,Delhi,572.39,583.1279939155713,561.30774,563.9993325490673
2022-07-01,116824,HR-NCR,146.7,182.16008856492294,181.97168,178.13854950656273
2022-07-02,116824,HR-NCR,212.94,205.33748769659624,205.97548,214.97789758934022
2022-07-03,116824,HR-NCR,275.01,209.71453357572616,210.37152,223.6600534652414
2022-07-04,116824,HR-NCR,218.74,179.60455548085784,183.69199,181.46556532777748
2022-07-05,116824,HR-NCR,231.91,180.45531298420013,184.43927,180.83562345155423
2022-07-06,116824,HR-NCR,160.97,181.86393288056894,189.13565,182.69298847752162
2022-07-07,116824,HR-NCR,146.48,181.94870717336042,183.69199,175.72380388863309
2022-07-08,116824,HR-NCR,159.46,179.68932977364932,183.69199,176.70215643603257
2022-07-09,116824,HR-NCR,197.18,205.5138474435392,208.42842,215.4611296990269
2022-07-10,116824,HR-NCR,257.95,205.88905490524124,209.40106,217.6515834264405
2022-07-01,117641,Delhi,309.01,409.7096909827087,412.94794,408.6566795924347
2022-07-02,117641,Delhi,538.57,449.8086810791897,448.0789,453.94567791570313
2022-07-03,117641,Delhi,639.75,490.751396882856,461.3093,486.2851816491518
2022-07-04,117641,Delhi,456.95,426.461307529812,417.8699,422.1463344296463
2022-07-05,117641,Delhi,108.65,411.52525171953334,423.56528,420.75987034240325
2022-07-06,117641,Delhi,102.36,411.5853211635027,426.38882,395.5504081723873
2022-07-07,117641,Delhi,617.13,388.11599214050693,389.8327,388.1951770374366
2022-07-08,117641,Delhi,518.16,398.7759919262481,405.00873,393.40242457152607
2022-07-09,117641,Delhi,1556.71,469.30216821328304,467.4864,469.1851251864119
2022-07-10,117641,Delhi,297.31,564.6515181585477,775.93854,694.6575108274075
2022-07-01,117641,HR-NCR,411.24,188.64721486234188,185.95078,186.17916195612392
2022-07-02,117641,HR-NCR,268.79,197.19664193038224,196.97922,199.0470933627572
2022-07-03,117641,HR-NCR,25.06,212.28105993777217,207.5593,217.15296434616664
2022-07-04,117641,HR-NCR,72.75,165.9752609848289,173.47372,162.42472257007677
2022-07-05,117641,HR-NCR,67.88,152.55059707892792,163.9328,147.8099999291291
2022-07-06,117641,HR-NCR,215.24,154.06484143225077,161.6696,150.3074287496889
2022-07-07,117641,HR-NCR,24.94,155.32798870610756,161.12892,150.5752895497657
2022-07-08,117641,HR-NCR,187.38,155.54411602692213,162.61833,163.23167560319953
2022-07-09,117641,HR-NCR,318.11,181.17348473802528,187.04672,200.98311404695343
2022-07-10,117641,HR-NCR,200.89,176.45572815247536,182.7533,198.30920631031768
2022-07-01,122133,Bengaluru,250.18,276.50770473741704,280.20596,278.5102034545933
2022-07-02,122133,Bengaluru,286.6,320.032572760628,317.71893,324.3369233735581
2022-07-03,122133,Bengaluru,370.31,317.96110770131907,316.95905,326.6848958597259
2022-07-04,122133,Bengaluru,309.92,276.0606539138044,278.13052,277.6807128417732
2022-07-05,122133,Bengaluru,239.86,274.97682108361647,277.51093,270.4223262771334
2022-07-06,122133,Bengaluru,338.54,275.82757858695874,278.2853,274.4281722296021
2022-07-07,122133,Bengaluru,302.23,276.2783803237421,279.03076,279.52593297076197
2022-07-08,122133,Bengaluru,287.33,275.2674512763517,276.79584,272.05063379099107
2022-07-09,122133,Bengaluru,328.28,327.0269175884537,322.78766,330.27452181859707
2022-07-10,122133,Bengaluru,338.73,326.41737645605036,322.8768,332.1927217860862
2022-07-01,122263,Delhi,280.77,231.0553959485697,235.01848,226.41229307894628
2022-07-02,122263,Delhi,514.42,264.26073047644053,262.01605,267.27711228027914
2022-07-03,122263,Delhi,155.73,268.6405975156776,274.5381,282.3411046333372
2022-07-04,122263,Delhi,355.44,239.80508037308147,245.34087,235.70420629113016
2022-07-05,122263,Delhi,248.42,246.89223642046912,254.0512,245.34471920355304
2022-07-06,122263,Delhi,151.29,233.66941798642407,247.46109,252.31434091848695
2022-07-07,122263,Delhi,208.96,235.92429520575257,231.71442,217.24729957533182
2022-07-08,122263,Delhi,196.71,242.84896094434941,241.01462,231.74730344979326
2022-07-09,122263,Delhi,338.11,286.26446329439915,274.20648,291.6715396692353
2022-07-10,122263,Delhi,486.74,302.3040398724606,288.4036,296.13857972469634
2022-07-01,123007,Mumbai,181.11,190.8486577399805,196.52531,191.2489609656197
2022-07-02,123007,Mumbai,219.83,227.06877643554836,222.33195,233.42092330505452
2022-07-03,123007,Mumbai,343.93,220.23131068739667,221.75063,229.588072591132
2022-07-04,123007,Mumbai,157.7,203.17269116517278,209.74039,198.71714023561188
2022-07-05,123007,Mumbai,241.74,203.17269116517278,205.89944,195.91022560589687
2022-07-06,123007,Mumbai,128.21,208.6607377064839,209.82687,200.87230108701513
2022-07-07,123007,Mumbai,164.93,209.05678832267355,210.9045,203.23508501005756
2022-07-08,123007,Mumbai,132.63,195.64537255257497,202.26556,197.75097726469255
2022-07-09,123007,Mumbai,165.19,216.61271117528418,221.1804,230.90446980022938
2022-07-10,123007,Mumbai,345.91,217.81485036953168,219.37302,232.37093406151465
2022-07-01,123060,Delhi,592.53,599.2775496116102,586.2213,585.8130546135862
2022-07-02,123060,Delhi,757.72,693.4923571833449,685.3404,686.9988818799034
2022-07-03,123060,Delhi,870.66,691.7766576779658,680.60516,688.6184829826374
2022-07-04,123060,Delhi,552.03,622.1163812581702,592.2606,602.2196266897469
2022-07-05,123060,Delhi,638.36,591.049623109167,612.539,605.4263168572382
2022-07-06,123060,Delhi,638.59,620.6855460374204,599.3178,611.620634981839
2022-07-07,123060,Delhi,578.66,625.3023070571617,597.99945,603.8472663843747
2022-07-08,123060,Delhi,679.01,621.7665965415162,614.1201,612.8440623141047
2022-07-09,123060,Delhi,803.96,719.1228558441045,716.9906,706.6145684109629
2022-07-10,123060,Delhi,588.6,721.0962923612962,707.8116,706.3346345666356
2022-07-01,123060,HR-NCR,247.53,319.04555612842034,320.5259,316.6080618539352
2022-07-02,123060,HR-NCR,306.31,361.97281142697375,355.81125,362.94714992507585
2022-07-03,123060,HR-NCR,323.96,362.45022589499365,360.38266,369.76020303352544
2022-07-04,123060,HR-NCR,271.64,308.66690662636427,312.61096,310.19502536228816
2022-07-05,123060,HR-NCR,293.56,309.0524158036484,313.62164,314.2693823464775
2022-07-06,123060,HR-NCR,268.6,307.6536588142313,309.60425,302.23679209323024
2022-07-07,123060,HR-NCR,411.1,311.0179831827988,313.0367,318.75918382203093
2022-07-08,123060,HR-NCR,293.45,309.5910730234215,312.19803,310.7111231925138
2022-07-09,123060,HR-NCR,225.95,350.82458079376374,357.15112,362.8554974857745
2022-07-10,123060,HR-NCR,579.56,353.6382201815222,352.17468,364.38264300713104
2022-07-01,127031,Bengaluru,713.94,823.3956052927044,825.4798,818.7664066801995
2022-07-02,127031,Bengaluru,910.28,931.3890690519912,933.78235,921.6710564037033
2022-07-03,127031,Bengaluru,1070.83,930.0712238265652,934.06885,932.057291187408
2022-07-04,127031,Bengaluru,793.44,824.7402569224774,825.1494,831.4676612974253
2022-07-05,127031,Bengaluru,675.84,824.4877911545701,824.9362,823.6990068640625
2022-07-06,127031,Bengaluru,833.35,821.267379558276,816.7448,822.4518357369524
2022-07-07,127031,Bengaluru,701.89,823.731300559562,818.9398,825.0398094489324
2022-07-08,127031,Bengaluru,944.73,818.9473323605697,815.7616,813.9127309865265
2022-07-09,127031,Bengaluru,1049.12,932.3635726461391,931.83136,917.1632349413351
2022-07-10,127031,Bengaluru,959.24,933.4781562368183,943.0838,944.0701704512537
2022-07-01,127081,Bengaluru,589.38,568.6955631989277,563.9176,569.5628145546864
2022-07-02,127081,Bengaluru,590.95,650.2272332648555,637.8722,645.3566668804602
2022-07-03,127081,Bengaluru,678.74,649.6064032577432,638.3302,643.1190073612322
2022-07-04,127081,Bengaluru,664.61,568.6955631989277,562.7945,570.678597037983
2022-07-05,127081,Bengaluru,588.59,568.6955631989277,564.4011,573.4269693126645
2022-07-06,127081,Bengaluru,596.28,567.7593742426212,564.2929,567.2689497215941
2022-07-07,127081,Bengaluru,612.35,572.5950551000656,564.2929,574.5889393185171
2022-07-08,127081,Bengaluru,607.86,572.5950551000656,564.2929,571.9541541196494
2022-07-09,127081,Bengaluru,643.09,660.4859846333645,678.52655,670.765591960177
2022-07-10,127081,Bengaluru,710.94,645.0087143775594,640.20703,641.9405559320373
2022-07-01,127083,Delhi,204.48,245.44986347987785,244.40489,240.92658812693244
2022-07-02,127083,Delhi,272.37,273.6992901268181,268.22888,276.38413526617205
2022-07-03,127083,Delhi,342.95,274.61903724375173,273.55032,285.9831666919316
2022-07-04,127083,Delhi,267.86,238.95432286973917,243.48282,239.0636078605551
2022-07-05,127083,Delhi,229.52,246.72974611167845,249.77594,244.35272766530068
2022-07-06,127083,Delhi,219.74,246.89223642046912,251.31795,246.7856838697599
2022-07-07,127083,Delhi,303.85,236.230063640174,241.93802,239.4108735872486
2022-07-08,127083,Delhi,173.61,240.18529709180984,245.72885,241.73182545914796
2022-07-09,127083,Delhi,218.73,268.88188067705164,272.7332,277.59567899402094
2022-07-10,127083,Delhi,240.9,269.25708813875366,273.0382,283.12717221325397
2022-07-01,127601,Delhi,369.64,280.934189555086,277.5315,276.4756666744182
2022-07-02,127601,Delhi,308.33,328.6652743224495,321.833,327.37921662286396
2022-07-03,127601,Delhi,421.64,331.0195564938511,329.14276,338.4290615158472
2022-07-04,127601,Delhi,380.78,289.521956882948,290.2157,291.74247032673196
2022-07-05,127601,Delhi,219.03,294.0613013949578,293.558,295.39097241638905
2022-07-06,127601,Delhi,231.46,290.6089124833713,295.63947,293.6206856095316
2022-07-07,127601,Delhi,138.28,288.63273103758945,289.0864,283.8345611444539
2022-07-08,127601,Delhi,267.95,280.5311927528199,278.264,274.5838448599889
2022-07-09,127601,Delhi,238.83,326.4067409663271,323.1108,336.7102405653226
2022-07-10,127601,Delhi,353.41,317.3435935895422,310.87277,326.0545561772782
2022-07-01,127601,HR-NCR,159.12,154.7855382353702,160.42809,150.59355848105463
2022-07-02,127601,HR-NCR,149.19,177.460670513673,181.2835,188.34775523709862
2022-07-03,127601,HR-NCR,147.71,177.93390665827545,182.38045,192.36094114111359
2022-07-04,127601,HR-NCR,141.06,154.37503227480678,160.16661,146.287705576898
2022-07-05,127601,HR-NCR,126.43,154.37503227480678,160.16661,151.23943968823608
2022-07-06,127601,HR-NCR,154.78,154.37503227480678,160.16661,151.32318036991208
2022-07-07,127601,HR-NCR,182.29,154.37503227480678,160.16661,151.70994975782958
2022-07-08,127601,HR-NCR,135.78,154.37503227480678,160.16661,150.73401877404496
2022-07-09,127601,HR-NCR,156.51,177.05016455310957,181.02202,186.95373458244933
2022-07-10,127601,HR-NCR,155.92,177.05016455310957,181.27957,188.1518826045522
2022-07-01,131641,Delhi,1155.02,693.9825388246173,694.8537,699.3704453873746
2022-07-02,131641,Delhi,640.05,847.4182591011225,819.6283,824.8518786763512
2022-07-03,131641,Delhi,1039.25,812.0929457464825,818.4248,814.2232414251694
2022-07-04,131641,Delhi,598.42,700.5730127878307,703.7197,711.9492526787961
2022-07-05,131641,Delhi,426.09,711.4738812278767,710.40674,716.0991689342503
2022-07-06,131641,Delhi,560.94,706.837392971242,713.42035,713.9559550358483
2022-07-07,131641,Delhi,562.55,658.5392650301668,635.99884,651.2998568867056
2022-07-08,131641,Delhi,608.3,706.258333269823,681.12024,689.6521596880891
2022-07-09,131641,Delhi,711.62,801.7190937044369,784.9885,768.1248238849366
2022-07-10,131641,Delhi,339.11,834.4252889063799,818.34314,833.6336490554316
2022-07-01,131641,HR-NCR,644.25,472.0048707681701,460.5667,474.61269401469343
2022-07-02,131641,HR-NCR,965.8,552.6550796604116,535.32764,536.834394571328
2022-07-03,131641,HR-NCR,471.42,583.7128764648987,561.0697,565.557158827931
2022-07-04,131641,HR-NCR,518.92,480.31311713450395,476.55893,472.60072561381
2022-07-05,131641,HR-NCR,386.36,483.8505106202628,485.28174,487.28725658595897
2022-07-06,131641,HR-NCR,487.03,483.8505106202628,481.21555,490.92736393887515
2022-07-07,131641,HR-NCR,384.34,481.32918882229694,474.68414,473.3151287362383
2022-07-08,131641,HR-NCR,560.74,472.23983799499877,458.91708,462.7394452983556
2022-07-09,131641,HR-NCR,474.59,559.246905464265,541.01166,553.8973541036634
2022-07-10,131641,HR-NCR,499.56,535.8491712836752,530.2422,517.4843550276807
2022-07-01,134358,Bengaluru,259.97,319.6598702180651,322.75516,320.3243380362655
2022-07-02,134358,Bengaluru,357.21,362.45022589499365,360.7065,369.12041771650075
2022-07-03,134358,Bengaluru,343.45,349.71692365181934,357.99588,365.94118320707804
2022-07-04,134358,Bengaluru,345.99,309.3470327768226,316.39917,319.06010154467276
2022-07-05,134358,Bengaluru,297.52,309.18454246803185,314.48654,314.4052830679269
2022-07-06,134358,Bengaluru,297.39,309.3470327768226,316.39917,315.9706387535028
2022-07-07,134358,Bengaluru,296.96,309.52048800536653,313.09827,310.2669893396403
2022-07-08,134358,Bengaluru,364.7,309.5910730234215,312.19803,309.2504309649266
2022-07-09,134358,Bengaluru,356.12,363.08046856891815,355.81125,365.2242560026527
2022-07-10,134358,Bengaluru,328.74,363.2429588777089,357.99588,368.03090124611776
2022-07-01,136950,Bengaluru,169.96,157.54321028053022,161.55449,156.99804022005978
2022-07-02,136950,Bengaluru,183.31,179.5622040432286,182.63206,194.47600865957534
2022-07-03,136950,Bengaluru,235.59,179.7158079294269,182.62814,186.71050401250835
2022-07-04,136950,Bengaluru,148.92,162.1551927644554,166.15355,157.05598321195623
2022-07-05,136950,Bengaluru,208.54,162.65400280552646,166.81137,158.94074456888723
2022-07-06,136950,Bengaluru,159.35,167.83357171175481,170.97147,161.23773859832252
2022-07-07,136950,Bengaluru,123.58,167.9183460045463,170.97147,164.36826622180345
2022-07-08,136950,Bengaluru,147.73,167.9183460045463,170.63432,163.40907632066802
2022-07-09,136950,Bengaluru,227.24,193.00283200274023,192.9543,203.83277483284377
2022-07-10,136950,Bengaluru,206.33,193.6634765133149,194.03345,203.57540682434467
2022-07-01,137816,Bengaluru,184.26,188.11543259176244,188.47345,188.5303723422162
2022-07-02,137816,Bengaluru,249.52,208.6774285816151,209.26247,220.3084189925953
2022-07-03,137816,Bengaluru,251.59,212.97346854428685,218.62372,227.61319830433862
2022-07-04,137816,Bengaluru,163.33,189.52405248813125,193.16982,188.1256116017717
2022-07-05,137816,Bengaluru,200.7,189.9229862106194,193.97195,189.6822212297466
2022-07-06,137816,Bengaluru,203.85,189.52405248813125,187.72617,186.24669164550397
2022-07-07,137816,Bengaluru,141.24,187.74838310369978,188.52832,185.3164984307399
2022-07-08,137816,Bengaluru,210.76,182.48280084064837,184.13173,180.04856599692565
2022-07-09,137816,Bengaluru,264.04,210.0128655026097,212.12035,223.0341882619072
2022-07-10,137816,Bengaluru,195.54,216.58898491449807,218.16591,228.85338401596306
2022-07-01,145447,Bengaluru,319.42,319.6598702180651,322.75516,324.0969923316142
2022-07-02,145447,Bengaluru,282.4,363.23181726855097,357.99588,373.45439414191594
2022-07-03,145447,Bengaluru,365.11,362.1353017357645,357.15112,367.0216237227145
2022-07-04,145447,Bengaluru,270.84,318.9797440676068,321.79382,320.3988293398074
2022-07-05,145447,Bengaluru,300.91,319.6598702180651,322.75516,323.6691198855172
2022-07-06,145447,Bengaluru,272.49,319.6598702180651,319.92828,318.0946177459497
2022-07-07,145447,Bengaluru,263.67,320.310739914629,320.14774,319.0737886444622
2022-07-08,145447,Bengaluru,392.17,310.20061415582484,309.6855,308.9102301760356
2022-07-09,145447,Bengaluru,381.85,363.2429588777089,355.71252,369.2416273054965
2022-07-10,145447,Bengaluru,384.55,363.08046856891815,353.83292,364.02347364443716
2022-07-01,154617,Delhi,170.12,186.30000160000873,189.5754,179.05838617108736
2022-07-02,154617,Delhi,100.68,215.73216477501373,218.83998,221.38881672712697
2022-07-03,154617,Delhi,89.42,215.17904324854138,215.76898,227.24122962985766
2022-07-04,154617,Delhi,359.85,183.40185310680565,183.42314,185.01418221347956
2022-07-05,154617,Delhi,188.43,190.6985103999639,188.62823,197.7111035725476
2022-07-06,154617,Delhi,187.51,187.58837549691052,186.80168,182.1250840208992
2022-07-07,154617,Delhi,82.75,188.7759841278281,190.17018,194.3471748634174
2022-07-08,154617,Delhi,337.3,182.5685632662048,181.63454,174.23628682879368
2022-07-09,154617,Delhi,312.38,217.92583362511067,220.84027,225.43251329387974
2022-07-10,154617,Delhi,171.3,223.937511442385,228.56226,240.9045602228206
2022-07-01,160704,Delhi,2981.75,2570.395690959693,2602.2715,2668.970507389129
2022-07-02,160704,Delhi,3129.06,2942.2854721732274,2901.8948,2906.1835955249758
2022-07-03,160704,Delhi,3606.39,2893.1676588309947,2862.8347,2872.1966020427603
2022-07-04,160704,Delhi,2428.19,2446.936175921252,2451.8909,2559.925219449887
2022-07-05,160704,Delhi,2583.73,2466.4595913919497,2489.951,2565.205937087575
2022-07-06,160704,Delhi,2726.17,2479.3561559934606,2504.7498,2595.201374328967
2022-07-07,160704,Delhi,2234.96,2520.1283907558936,2522.8625,2604.3002357965743
2022-07-08,160704,Delhi,2377.85,2528.595714701737,2547.5479,2619.869014879308
2022-07-09,160704,Delhi,3039.72,2918.139230953123,2904.2324,2894.975356432523
2022-07-10,160704,Delhi,2875.16,2838.9535215549126,2822.7214,2843.2436202389154
2022-07-01,160704,HR-NCR,1607.37,1536.1626415724043,1508.9731,1528.943397518532
2022-07-02,160704,HR-NCR,1634.76,1718.6485776142051,1679.3474,1663.5461950203996
2022-07-03,160704,HR-NCR,1651.49,1719.0899414058817,1714.5122,1687.171027831589
2022-07-04,160704,HR-NCR,1374.03,1512.882383416546,1496.1945,1515.639156582486
2022-07-05,160704,HR-NCR,1491.94,1514.2849238716558,1504.4181,1527.7040604641606
2022-07-06,160704,HR-NCR,1772.79,1507.5675786039083,1497.6301,1519.9915886592244
2022-07-07,160704,HR-NCR,1479.74,1559.6645092049646,1561.7286,1559.5611702981103
2022-07-08,160704,HR-NCR,1458.75,1572.8772780425961,1540.2698,1569.8209009962475
2022-07-09,160704,HR-NCR,1795.24,1734.4923263849553,1698.1338,1680.685036901436
2022-07-10,160704,HR-NCR,1871.92,1734.503297746387,1715.428,1699.57610089862
2022-07-01,166848,Bengaluru,344.25,487.944214079142,492.59137,485.94283955770925
2022-07-02,166848,Bengaluru,481.07,556.9741904026166,541.4127,549.8057376543908
2022-07-03,166848,Bengaluru,528.09,520.1861063242729,530.31165,530.1820657456577
2022-07-04,166848,Bengaluru,348.68,470.2700092788221,465.18326,462.83836408711005
2022-07-05,166848,Bengaluru,399.8,456.68065002386015,467.0916,469.56225916821484
2022-07-06,166848,Bengaluru,497.75,457.95173217466896,459.98514,469.3672867855232
2022-07-07,166848,Bengaluru,504.89,457.69672171165314,457.08185,468.36113693841367
2022-07-08,166848,Bengaluru,401.29,457.0418429934699,462.87396,460.591565767773
2022-07-09,166848,Bengaluru,561.93,524.4133087018587,514.6482,525.2735070258625
2022-07-10,166848,Bengaluru,606.01,529.3432827304697,518.9884,529.3769626739492
2022-07-01,166848,Delhi,479.2,390.5441281655398,396.22913,392.5619118588849
2022-07-02,166848,Delhi,441.03,447.182796539626,441.4957,457.80728208049015
2022-07-03,166848,Delhi,541.1,446.7969528069131,445.91516,451.49776880330205
2022-07-04,166848,Delhi,460.66,403.0658896746998,408.4275,411.06871320880975
2022-07-05,166848,Delhi,359.41,390.27057591873506,401.66357,397.3905963373657
2022-07-06,166848,Delhi,411.46,390.27057591873506,398.53528,389.582663556653
2022-07-07,166848,Delhi,311.25,396.0955726487344,407.52808,400.8217625654893
2022-07-08,166848,Delhi,358.86,392.25645048394045,400.7579,399.1066698043708
2022-07-09,166848,Delhi,595.0,448.2904536815704,439.65823,451.8011997739252
2022-07-10,166848,Delhi,405.04,463.4793445433705,467.045,477.0042854856259
2022-07-01,166848,HR-NCR,171.14,279.7226061364605,283.42133,286.6355673242381
2022-07-02,166848,HR-NCR,362.42,317.79861739252834,312.26135,318.62725036057464
2022-07-03,166848,HR-NCR,371.12,317.79861739252834,314.05988,324.44979204492387
2022-07-04,166848,HR-NCR,225.03,283.03877278486357,283.66208,282.7525871415346
2022-07-05,166848,HR-NCR,316.26,272.4195066478199,274.8467,278.3188121919086
2022-07-06,166848,HR-NCR,265.97,269.1235679128285,274.8782,270.5693612411172
2022-07-07,166848,HR-NCR,353.39,280.73259190100396,278.1457,274.9485358949855
2022-07-08,166848,HR-NCR,215.46,283.418989503592,283.89178,280.18528359275246
2022-07-09,166848,HR-NCR,236.62,324.15845940622773,318.2531,326.839470505618
2022-07-10,166848,HR-NCR,242.66,315.7840107296231,310.98532,321.81698124229945
2022-07-01,166849,Bengaluru,489.79,712.1077504367086,707.7083,712.7357892661998
2022-07-02,166849,Bengaluru,924.7,796.4029947966701,798.4271,787.0247722241313
2022-07-03,166849,Bengaluru,799.55,806.5798936290829,809.52563,802.2614028649587
2022-07-04,166849,Bengaluru,748.06,714.3562326649161,711.33887,725.0874901543209
2022-07-05,166849,Bengaluru,762.91,733.384722302404,708.44946,718.2893413004787
2022-07-06,166849,Bengaluru,464.05,733.384722302404,738.1751,740.5730105366038
2022-07-07,166849,Bengaluru,748.09,709.1157011764584,703.8549,715.6885472870047
2022-07-08,166849,Bengaluru,676.59,712.4056151204528,705.3121,707.595596320383
2022-07-09,166849,Bengaluru,851.66,808.210301615666,811.9516,813.9691494996379
2022-07-10,166849,Bengaluru,847.99,806.9693437669787,803.2043,800.089390108503
2022-07-01,166849,Mumbai,190.64,182.16008856492294,181.97168,178.94853360117648
2022-07-02,166849,Mumbai,263.74,209.57726409695806,210.11397,222.73168718088075
2022-07-03,166849,Mumbai,184.62,208.8146980603832,209.54706,220.20572613057055
2022-07-04,166849,Mumbai,144.92,182.16008856492294,184.13173,179.36375480618722
2022-07-05,166849,Mumbai,254.77,182.5590222874111,183.78624,182.2598871089707
2022-07-06,166849,Mumbai,194.01,182.16008856492294,184.13173,179.197467766495
2022-07-07,166849,Mumbai,184.7,184.90317397991367,189.81725,185.08826209775617
2022-07-08,166849,Mumbai,187.01,182.24486285771442,184.13173,179.22318460351144
2022-07-09,166849,Mumbai,266.29,209.44278207816956,210.38228,222.22020283679907
2022-07-10,166849,Mumbai,272.47,210.95494568926793,214.74886,222.80512861048135
2022-07-01,169812,Bengaluru,90.68,209.2061279123793,209.21126,203.38389423898573
2022-07-02,169812,Bengaluru,199.05,220.64864454002972,221.48445,231.1799738093082
2022-07-03,169812,Bengaluru,91.67,220.1560773733989,220.36111,227.94964766139344
2022-07-04,169812,Bengaluru,207.45,188.2685016473689,187.01758,191.65444466530232
2022-07-05,169812,Bengaluru,198.8,191.78300765754,188.46928,198.33827258806227
2022-07-06,169812,Bengaluru,202.94,190.10824649395877,186.58958,181.9610470766939
2022-07-07,169812,Bengaluru,188.0,196.86570239548251,193.99187,197.4357316667891
2022-07-08,169812,Bengaluru,208.93,196.87944216277862,193.89435,190.67352028334346
2022-07-09,169812,Bengaluru,314.11,223.3897099815255,220.33699,227.17216546814203
2022-07-10,169812,Bengaluru,276.06,234.07245676813392,229.02872,239.2575439716159
2022-07-01,169812,Delhi,587.91,481.14229692788274,477.11923,475.25933931242616
2022-07-02,169812,Delhi,549.48,563.647201820682,564.06683,559.4269042452488
2022-07-03,169812,Delhi,749.66,563.0263718135697,565.64795,567.0203763771624
2022-07-04,169812,Delhi,383.18,512.125353495206,519.7477,519.1668602332026
2022-07-05,169812,Delhi,369.28,483.8505106202628,491.87665,487.3268631636016
2022-07-06,169812,Delhi,391.0,482.2645043102248,486.9842,481.0118964478574
2022-07-07,169812,Delhi,484.85,483.7443749257137,491.012,490.02818497543257
2022-07-08,169812,Delhi,473.04,482.4732927749049,489.73267,486.370821006238
2022-07-09,169812,Delhi,848.97,554.9623023089194,558.0546,554.5040638357253
2022-07-10,169812,Delhi,663.63,563.6008416627683,566.4373,577.0554425389241
2022-07-01,169812,HR-NCR,202.48,233.0008043400451,233.20383,233.03573089577043
2022-07-02,169812,HR-NCR,187.03,265.1194645967417,261.78915,267.6682967933192
2022-07-03,169812,HR-NCR,216.78,266.6309509874842,263.12384,271.07652463977723
2022-07-04,169812,HR-NCR,181.04,233.18415081434372,234.74577,234.8854886480113
2022-07-05,169812,HR-NCR,326.64,228.37236416394066,230.1449,226.36268904705804
2022-07-06,169812,HR-NCR,318.78,232.17090300221076,231.71442,229.4446783967386
2022-07-07,169812,HR-NCR,225.75,234.00983697903797,234.09898,232.81430590844477
2022-07-08,169812,HR-NCR,195.74,235.02076602642842,235.43361,235.19465539299614
2022-07-09,169812,HR-NCR,204.66,266.684180107509,265.30847,273.1845822172312
2022-07-10,169812,HR-NCR,238.64,266.8968972604203,263.12384,270.8589114625605
2022-07-01,171258,Delhi,428.6,381.16696618593903,391.14227,380.5458746029422
2022-07-02,171258,Delhi,388.41,436.9257510445252,444.51755,446.8610971044299
2022-07-03,171258,Delhi,502.28,436.9257510445252,439.29276,439.6403108474584
2022-07-04,171258,Delhi,370.5,382.7487897900714,391.65268,393.61665426301016
2022-07-05,171258,Delhi,466.22,381.7183109406139,391.5029,386.2430481427946
2022-07-06,171258,Delhi,303.64,382.09391107188816,389.28027,383.01071628697383
2022-07-07,171258,Delhi,387.96,382.81536578650696,390.60168,383.0876599618798
2022-07-08,171258,Delhi,341.93,383.0743371873609,389.28027,384.43924887269327
2022-07-09,171258,Delhi,335.65,436.24636836317967,439.65823,446.6844597330727
2022-07-10,171258,Delhi,508.16,436.6421160040241,432.99875,440.4358665688985
2022-07-01,171258,HR-NCR,169.2,178.3183900471318,179.19525,171.49229426917316
2022-07-02,171258,HR-NCR,189.21,205.63716150290875,205.9252,217.59145822956546
2022-07-03,171258,HR-NCR,234.76,198.49643358458235,198.68422,213.6218673818271
2022-07-04,171258,HR-NCR,165.78,171.55228532059934,172.26973,168.1613044854945
2022-07-05,171258,HR-NCR,192.73,167.74293877132104,170.91525,167.88523263147843
2022-07-06,171258,HR-NCR,214.22,167.74293877132104,170.91525,165.69049131996286
2022-07-07,171258,HR-NCR,154.83,169.1297555813148,171.91022,166.1033290265942
2022-07-08,171258,HR-NCR,201.16,168.0475677884318,171.91022,165.51536932333357
2022-07-09,171258,HR-NCR,154.59,193.28826905161284,194.0918,202.74301747486828
2022-07-10,171258,HR-NCR,278.97,193.6634765133149,194.34935,204.16633895215955
2022-07-01,174727,Delhi,461.62,332.7649303900574,334.32535,352.53834998259765
2022-07-02,174727,Delhi,448.83,359.844942019089,361.95908,358.61652681945884
2022-07-03,174727,Delhi,213.7,378.43623619916286,381.17465,378.4549489812323
2022-07-04,174727,Delhi,217.04,329.0119902321669,327.25247,308.74342906078203
2022-07-05,174727,Delhi,215.65,333.6444610231014,337.79642,334.28256977081554
2022-07-06,174727,Delhi,177.43,319.9495469450192,328.76605,334.0276036967675
2022-07-07,174727,Delhi,302.44,319.91902217185367,320.28403,318.5988732910956
2022-07-08,174727,Delhi,176.25,321.6457447832705,324.97778,337.9074397073596
2022-07-09,174727,Delhi,399.22,347.86645030955276,342.9175,357.0702310652506
2022-07-10,174727,Delhi,613.1,347.08485893599544,352.82782,359.4854766759055
2022-07-01,176190,Bengaluru,750.71,781.8467817523748,756.3427,769.857061313047
2022-07-02,176190,Bengaluru,878.28,889.850295146127,855.6924,867.0878813555587
2022-07-03,176190,Bengaluru,613.22,848.2401311093436,846.9464,846.8966269538771
2022-07-04,176190,Bengaluru,498.16,750.5505028024884,746.4167,757.8421896823324
2022-07-05,176190,Bengaluru,889.1,746.8745798190238,749.1325,768.6486043646257
2022-07-06,176190,Bengaluru,796.6,749.3153373221037,747.0137,755.8519370796043
2022-07-07,176190,Bengaluru,493.45,751.4323337285689,749.4344,768.1645465821634
2022-07-08,176190,Bengaluru,797.18,745.5817287776358,744.191,756.9379656533017
2022-07-09,176190,Bengaluru,1385.48,847.3355617464606,839.1254,844.9340889010845
2022-07-10,176190,Bengaluru,957.09,835.9335055880907,841.543,848.8251520259981
2022-07-01,179771,Delhi,384.32,320.00578482218685,322.75516,327.36792430455864
2022-07-02,179771,Delhi,366.52,361.4586354161494,359.2847,369.61914559830603
2022-07-03,179771,Delhi,270.64,361.97281142697375,355.55667,361.9774781146932
2022-07-04,179771,Delhi,224.22,318.64662240593213,320.28403,315.72219712182033
2022-07-05,179771,Delhi,400.72,319.6598702180651,321.36688,325.6505805447214
2022-07-06,179771,Delhi,314.53,319.4973799092744,318.23154,323.14510050611216
2022-07-07,179771,Delhi,332.74,319.8333254466091,317.11542,309.0387387063489
2022-07-08,179771,Delhi,455.8,320.9908660650873,331.1996,337.24399170955894
2022-07-09,179771,Delhi,397.51,377.05332599830035,368.87537,384.4674143753132
2022-07-10,179771,Delhi,500.9,362.5662925580938,366.93265,371.0037747709766
2022-07-01,179771,HR-NCR,117.11,154.37503227480678,160.16661,145.13907196501123
2022-07-02,179771,HR-NCR,168.22,177.05016455310957,181.02202,182.19877286130037
2022-07-03,179771,HR-NCR,132.19,177.05016455310957,181.27957,181.75460018176184
2022-07-04,179771,HR-NCR,142.91,154.37503227480678,160.16661,143.52511580632452
2022-07-05,179771,HR-NCR,142.42,154.37503227480678,160.16661,149.20064351111756
2022-07-06,179771,HR-NCR,149.85,154.37503227480678,160.16661,145.11105398988235
2022-07-07,179771,HR-NCR,102.74,154.37503227480678,160.16661,143.6547809372114
2022-07-08,179771,HR-NCR,121.09,154.37503227480678,160.16661,140.1558025164485
2022-07-09,179771,HR-NCR,239.69,177.05016455310957,181.02202,181.11645699128727
2022-07-10,179771,HR-NCR,196.54,177.05016455310957,181.27957,185.82011281983063
2022-07-01,189821,Bengaluru,297.57,379.25998015718164,378.29395,374.69475048703765
2022-07-02,189821,Bengaluru,395.26,428.3683902705234,424.71625,429.0142950084266
2022-07-03,189821,Bengaluru,403.29,428.41080690208815,423.39697,430.5199002431698
2022-07-04,189821,Bengaluru,299.4,374.31319794328994,378.34528,376.7581413425271
2022-07-05,189821,Bengaluru,381.69,366.61716721928696,370.0021,368.7451789923655
2022-07-06,189821,Bengaluru,308.38,367.2720459374702,370.0021,370.24760362969545
2022-07-07,189821,Bengaluru,346.8,367.9481630663091,371.5394,370.2707620303249
2022-07-08,189821,Bengaluru,430.44,367.9481630663091,372.22473,369.5129239413585
2022-07-09,189821,Bengaluru,355.33,421.17676582339243,415.92862,426.6376495521542
2022-07-10,189821,Bengaluru,416.74,416.4340534675709,410.19604,416.49272919134563
2022-07-01,190325,Bengaluru,194.52,233.16329464883577,234.74577,231.0788570807277
2022-07-02,190325,Bengaluru,309.01,267.82490347538214,265.5084,269.0257007328102
2022-07-03,190325,Bengaluru,260.25,268.66145368118555,270.66437,281.32491307507826
2022-07-04,190325,Bengaluru,178.59,233.0008043400451,233.20383,232.47985924763702
2022-07-05,190325,Bengaluru,300.94,233.02166050555306,233.20383,234.34212005378765
2022-07-06,190325,Bengaluru,188.98,232.1500468367028,231.71442,230.04375841914256
2022-07-07,190325,Bengaluru,319.71,233.54351136756415,234.74577,234.74518630079356
2022-07-08,190325,Bengaluru,253.81,233.82483724460218,234.09898,227.80931493986725
2022-07-09,190325,Bengaluru,470.01,267.4489177502086,265.13068,275.57307181617557
2022-07-10,190325,Bengaluru,411.89,291.45758263743886,292.00787,302.1311238810815
2022-07-01,190327,Bengaluru,218.91,167.9627934956403,171.57307,164.90967025270325
2022-07-02,190327,Bengaluru,174.12,197.3853905997582,196.75496,209.2340087471997
2022-07-03,190327,Bengaluru,150.47,193.48711676637194,195.17961,205.84740712634033
2022-07-04,190327,Bengaluru,160.29,167.74293877132104,171.57307,164.35789561988685
2022-07-05,190327,Bengaluru,166.21,171.1533515981112,172.02788,169.46352991782638
2022-07-06,190327,Bengaluru,212.0,167.74293877132104,170.91525,163.5052690666702
2022-07-07,190327,Bengaluru,145.74,171.45798061522194,173.92245,166.1853229666173
2022-07-08,190327,Bengaluru,158.67,171.45798061522194,172.6857,167.6658694283951
2022-07-09,190327,Bengaluru,214.83,197.162816624213,196.5131,207.98494267186499
2022-07-10,190327,Bengaluru,228.65,197.53802408591505,196.77066,207.84368170637785
2022-07-01,190511,Delhi,153.74,155.52909410530253,160.42809,149.53768936162987
2022-07-02,190511,Delhi,170.48,177.460670513673,181.2835,186.76681915677568
2022-07-03,190511,Delhi,168.74,177.460670513673,181.54105,187.84827954808202
2022-07-04,190511,Delhi,132.59,155.52909410530253,160.42809,149.38983329028386
2022-07-05,190511,Delhi,119.39,155.52909410530253,160.42809,150.3564300711965
2022-07-06,190511,Delhi,141.75,155.0897177450406,160.42809,151.99771949610914
2022-07-07,190511,Delhi,150.82,154.86811416953682,160.16661,152.59662616295856
2022-07-08,190511,Delhi,183.28,154.7855382353702,160.42809,153.2732893723651
2022-07-09,190511,Delhi,206.33,177.460670513673,181.2835,187.95243624889602
2022-07-10,190511,Delhi,172.66,177.460670513673,181.54105,189.1157136413514
2022-07-01,196281,Bengaluru,166.34,205.4148760262478,205.66737,200.5753133132658
2022-07-02,196281,Bengaluru,243.21,235.79412463792568,233.44289,240.23799384320506
2022-07-03,196281,Bengaluru,237.2,227.4439838972504,230.58984,240.900148916671
2022-07-04,196281,Bengaluru,163.47,193.79456178882697,197.287,193.3873005507466
2022-07-05,196281,Bengaluru,150.81,189.52405248813125,193.16982,187.03833079541482
2022-07-06,196281,Bengaluru,183.71,189.52405248813125,193.16982,188.08175974389482
2022-07-07,196281,Bengaluru,185.18,189.60882678092273,193.16982,191.3195468608587
2022-07-08,196281,Bengaluru,228.89,189.60882678092273,192.58247,188.35289496322648
2022-07-09,196281,Bengaluru,203.68,217.43964290782964,219.24298,232.28791629939232
2022-07-10,196281,Bengaluru,195.14,216.58898491449807,217.57857,229.56149079399748
2022-07-01,196281,Delhi,236.28,245.44986347987785,245.26936,243.81671414200946
2022-07-02,196281,Delhi,319.25,286.2195802334165,275.94427,284.86002439097575
2022-07-03,196281,Delhi,239.99,287.2008188894161,282.21906,288.1168282382565
2022-07-04,196281,Delhi,205.45,245.44986347987785,246.86838,242.41669232435834
2022-07-05,196281,Delhi,246.37,245.44986347987785,243.42635,241.24121427963325
2022-07-06,196281,Delhi,251.3,245.6123537886685,245.12312,245.22610621751858
2022-07-07,196281,Delhi,230.85,238.90541446000935,238.70282,238.66317686040153
2022-07-08,196281,Delhi,289.17,234.95018100837342,236.56694,234.8486710613845
2022-07-09,196281,Delhi,320.78,268.88188067705164,271.93796,280.8847007060356
2022-07-10,196281,Delhi,389.11,275.15233095569755,277.26355,285.56537787508285
2022-07-01,206314,Delhi,340.11,307.2429857981951,305.99768,302.9028322884483
2022-07-02,206314,Delhi,398.66,351.6277991888374,345.29474,359.96392844674693
2022-07-03,206314,Delhi,599.58,342.6589811181149,337.16846,344.09940512348425
2022-07-04,206314,Delhi,193.63,315.1110271394462,317.45517,319.64014201178634
2022-07-05,206314,Delhi,753.62,303.3946757566217,304.82343,297.20271750171145
2022-07-06,206314,Delhi,562.51,325.75613758739564,329.5699,318.849863399044
2022-07-07,206314,Delhi,457.36,328.37060646200297,337.98712,322.1057535222007
2022-07-08,206314,Delhi,488.53,347.978196914138,357.88687,343.0518002813846
2022-07-09,206314,Delhi,492.37,398.48808695150797,399.99753,389.2765117572073
2022-07-10,206314,Delhi,325.49,400.1858926690654,406.15488,399.67001247636205
2022-07-01,206314,HR-NCR,341.94,215.81642368308556,218.38051,214.07359620044653
2022-07-02,206314,HR-NCR,185.86,251.9961264178667,256.1048,264.95470137052325
2022-07-03,206314,HR-NCR,310.15,247.95305094841666,250.5014,258.50181194986095
2022-07-04,206314,HR-NCR,214.4,217.78451735517368,221.82437,216.97854466923616
2022-07-05,206314,HR-NCR,149.4,215.81642368308556,219.198,211.7034917340306
2022-07-06,206314,HR-NCR,213.84,216.66718118642785,220.53262,213.5559159235517
2022-07-07,206314,HR-NCR,211.59,216.58132412633543,219.4139,218.52221314108218
2022-07-08,206314,HR-NCR,96.88,216.58132412633543,219.53333,219.6050347105866
2022-07-09,206314,HR-NCR,527.48,246.2455565805589,242.77339,250.26915344717298
2022-07-10,206314,HR-NCR,154.17,261.7766163701293,259.32996,271.8342400543207
2022-07-01,207766,Delhi,561.67,570.2429224451613,591.47784,586.3745986146756
2022-07-02,207766,Delhi,659.09,650.2272332648555,645.02545,654.4701996396095
2022-07-03,207766,Delhi,364.27,654.7550107975854,673.8705,666.6112931476347
2022-07-04,207766,Delhi,462.11,562.2085702068979,561.2627,574.5122368493531
2022-07-05,207766,Delhi,579.88,562.2085702068979,559.65607,569.997502295319
2022-07-06,207766,Delhi,657.01,566.4882920918127,560.51117,571.0009575891825
2022-07-07,207766,Delhi,411.82,569.4417205085215,561.5152,572.1932309422556
2022-07-08,207766,Delhi,525.19,563.1036022849581,557.8979,568.1719664223684
2022-07-09,207766,Delhi,619.99,645.6630467613439,633.0952,651.2667648350031
2022-07-10,207766,Delhi,474.3,651.331108963382,633.7323,642.8308588220052
2022-07-01,207766,HR-NCR,232.57,276.49247946228263,273.4274,278.210367711496
2022-07-02,207766,HR-NCR,288.73,319.98726201408414,311.0026,318.0068268928492
2022-07-03,207766,HR-NCR,312.91,320.9788524929284,312.42374,327.1915463548834
2022-07-04,207766,HR-NCR,227.46,276.3347621107333,273.74402,278.9948456440609
2022-07-05,207766,HR-NCR,339.74,276.3347621107333,271.5397,273.1772261638129
2022-07-06,207766,HR-NCR,322.22,276.7415915606983,276.3947,281.93905483568204
2022-07-07,207766,HR-NCR,229.4,269.5037846315569,273.59097,270.09135465592914
2022-07-08,207766,HR-NCR,338.64,269.7368599584026,270.6564,270.9758990534667
2022-07-09,207766,HR-NCR,209.21,323.6846100339079,317.0554,321.7739772397868
2022-07-10,207766,HR-NCR,358.34,316.39711695772655,313.21588,323.9267688517598
2022-07-01,207832,Delhi,112.89,236.46203660812608,226.29472,231.00096568228324
2022-07-02,207832,Delhi,178.33,265.3578034593671,247.08766,264.55129492998714
2022-07-03,207832,Delhi,284.67,258.7227867983902,246.25708,262.82159986132956
2022-07-04,207832,Delhi,50.49,226.8627871214088,218.07959,216.60377830561256
2022-07-05,207832,Delhi,62.96,225.0339884594527,216.50688,209.651575561842
2022-07-06,207832,Delhi,132.9,220.8022426806764,215.02443,210.0048179319505
2022-07-07,207832,Delhi,534.02,213.12703090916924,214.18898,215.52152884531787
2022-07-08,207832,Delhi,284.5,244.92291144562847,237.4391,237.26221930097591
2022-07-09,207832,Delhi,271.36,266.7529665451799,261.99185,286.7127382287846
2022-07-10,207832,Delhi,168.22,263.1150048789742,255.55707,280.40533594160576
2022-07-01,210452,Delhi,221.29,209.67997566088624,215.41168,200.55987083841256
2022-07-02,210452,Delhi,169.07,244.8724143228944,250.33742,261.84147816203244
2022-07-03,210452,Delhi,116.02,239.839143147015,242.70367,239.90241348062997
2022-07-04,210452,Delhi,349.21,209.67997566088624,212.25206,200.92524876605577
2022-07-05,210452,Delhi,140.95,209.67997566088624,213.37726,205.733759132656
2022-07-06,210452,Delhi,276.0,209.67997566088624,214.09235,205.11011910000005
2022-07-07,210452,Delhi,205.08,214.3167284365207,217.91223,211.3644226315464
2022-07-08,210452,Delhi,183.67,216.46945308211812,223.40982,212.08800302798005
2022-07-09,210452,Delhi,180.48,248.5101731567576,256.2058,266.076686007833
2022-07-10,210452,Delhi,259.08,247.77484482989598,250.52817,261.382987752007
2022-07-01,216251,Delhi,160.48,215.3425759345786,220.3621,215.52957081874288
2022-07-02,216251,Delhi,209.19,245.2422651010705,245.47826,251.73333648716795
2022-07-03,216251,Delhi,219.93,246.51730807811552,248.45296,257.9655951844589
2022-07-04,216251,Delhi,191.54,208.10225501860162,209.1996,206.22387740306945
2022-07-05,216251,Delhi,285.72,210.47952090829756,207.10275,207.25861276898095
2022-07-06,216251,Delhi,180.79,216.39867688572028,216.02164,214.08497126745476
2022-07-07,216251,Delhi,282.91,211.959798749729,213.9855,211.50855146855653
2022-07-08,216251,Delhi,226.28,215.51693675336324,215.95648,208.96909790079954
2022-07-09,216251,Delhi,196.11,246.45543399582644,245.12274,250.9352536481034
2022-07-10,216251,Delhi,180.03,248.0565069125621,246.45741,254.29962862944004
2022-07-01,217614,Bengaluru,603.78,685.9996374300606,693.5404,696.9087047976111
2022-07-02,217614,Bengaluru,519.54,798.0560796720832,793.3085,794.6785860702895
2022-07-03,217614,Bengaluru,782.21,787.3233258643858,777.8668,788.9723942050656
2022-07-04,217614,Bengaluru,848.93,685.2612957873145,679.3554,687.7555589279241
2022-07-05,217614,Bengaluru,790.45,687.0577983554888,685.522,696.0892342706467
2022-07-06,217614,Bengaluru,694.12,685.2612957873145,688.83344,700.2845845571698
2022-07-07,217614,Bengaluru,516.42,687.2785352477167,681.1781,679.622357664805
2022-07-08,217614,Bengaluru,685.62,680.7915422556869,678.0397,678.9671537740808
2022-07-09,217614,Bengaluru,761.6,784.9930211047051,778.28406,761.6741464695309
2022-07-10,217614,Bengaluru,933.8,795.3881765800169,789.07245,793.1020844642392
2022-07-01,217614,Delhi,1338.63,1421.5730134341566,1419.961,1444.0774510759343
2022-07-02,217614,Delhi,2016.45,1543.0225486053944,1523.0247,1511.8886525867179
2022-07-03,217614,Delhi,1421.26,1537.7452395194412,1530.2842,1528.238067534518
2022-07-04,217614,Delhi,1665.15,1416.0275921543143,1412.1249,1414.297218110366
2022-07-05,217614,Delhi,796.95,1429.6923171250291,1439.3752,1442.3064239987552
2022-07-06,217614,Delhi,1138.88,1400.0406320297682,1421.0662,1433.1069515589713
2022-07-07,217614,Delhi,1652.2,1419.6018613521912,1419.3306,1430.9884218794652
2022-07-08,217614,Delhi,1187.22,1450.7343937747808,1462.8676,1492.3883527139756
2022-07-09,217614,Delhi,1198.55,1508.1483061437048,1504.084,1508.9901995798118
2022-07-10,217614,Delhi,1563.46,1513.03001480459,1489.0398,1502.3224639718717
2022-07-01,217614,HR-NCR,1155.98,1127.6189095824377,1150.1245,1153.1950411276712
2022-07-02,217614,HR-NCR,1097.09,1370.0956931747598,1364.2205,1362.3611843034607
2022-07-03,217614,HR-NCR,1432.56,1288.5164410268976,1311.4038,1299.1325685813858
2022-07-04,217614,HR-NCR,1159.68,1201.7872692212597,1201.0181,1198.7558473371641
2022-07-05,217614,HR-NCR,1353.6,1132.9913538837022,1158.6102,1184.3209294034614
2022-07-06,217614,HR-NCR,1207.01,1194.7143500845293,1199.5061,1205.517780332609
2022-07-07,217614,HR-NCR,1132.22,1214.7704996228185,1210.4194,1211.0371551700282
2022-07-08,217614,HR-NCR,1200.2,1215.1002436630092,1212.9368,1209.6955086310668
2022-07-09,217614,HR-NCR,1505.57,1353.7670240375833,1346.2238,1320.7978320847524
2022-07-10,217614,HR-NCR,1252.77,1364.0620591629684,1360.8064,1359.6928553878788
2022-07-01,217614,Mumbai,199.85,235.39802314059148,241.25076,237.72144586146817
2022-07-02,217614,Mumbai,226.87,269.40166898301607,272.6834,283.0022272404207
2022-07-03,217614,Mumbai,267.8,268.5613041180171,266.40863,278.95585286881874
2022-07-04,217614,Mumbai,286.79,234.1181405087909,234.90114,233.14353494377815
2022-07-05,217614,Mumbai,227.76,238.52519774128098,239.68138,239.4010250705213
2022-07-06,217614,Mumbai,228.39,238.52519774128098,239.83615,240.26846956611774
2022-07-07,217614,Mumbai,252.59,234.95018100837342,235.43361,234.68197962363834
2022-07-08,217614,Mumbai,225.41,238.90541446000935,238.54802,236.90972566225187
2022-07-09,217614,Mumbai,308.63,268.82038913798567,267.69302,279.70241178859715
2022-07-10,217614,Mumbai,268.58,268.65105694445606,266.40863,278.4120640917259
2022-07-01,221973,Delhi,333.07,263.8815167487664,267.96725,265.53940877361003
2022-07-02,221973,Delhi,227.07,312.92497707655076,310.55188,315.58082753595113
2022-07-03,221973,Delhi,362.91,309.86192153839755,307.62335,311.5903025775152
2022-07-04,221973,Delhi,267.06,268.13220514715425,272.7767,269.3941492290636
2022-07-05,221973,Delhi,255.0,268.7086597195149,271.3949,264.375806899148
2022-07-06,221973,Delhi,341.8,268.87115002830564,273.09164,270.2384589335388
2022-07-07,221973,Delhi,226.21,270.96574414162507,275.11835,269.9574482499726
2022-07-08,221973,Delhi,250.82,266.6090417513203,272.64572,268.14407971895815
2022-07-09,221973,Delhi,301.83,311.1896224300381,308.51605,315.30104149675947
2022-07-10,221973,Delhi,310.22,310.8075730835972,309.6904,316.3526043143668
2022-07-01,221973,HR-NCR,183.88,193.4654517142793,199.08414,193.4506665403899
2022-07-02,221973,HR-NCR,214.95,220.682297582581,222.19432,226.60808690575055
2022-07-03,221973,HR-NCR,241.67,224.87619056412458,226.23883,236.3578413986017
2022-07-04,221973,HR-NCR,145.84,197.2841372341209,202.93184,197.48239653812155
2022-07-05,221973,HR-NCR,198.01,192.53978018491821,196.5454,189.94795541129287
2022-07-06,221973,HR-NCR,139.88,192.99160396577236,197.77835,194.2785953218576
2022-07-07,221973,HR-NCR,206.6,192.22562075522154,197.01865,190.15693196377833
2022-07-08,221973,HR-NCR,174.59,192.22562075522154,195.7162,189.4994970472307
2022-07-09,221973,HR-NCR,235.03,219.4229144592228,221.16028,227.16110127949062
2022-07-10,221973,HR-NCR,303.35,220.7897123997692,224.61087,239.6236959047075
2022-07-01,225254,Delhi,242.22,233.0008043400451,233.04904,228.58483055268644
2022-07-02,225254,Delhi,315.03,268.97898426301714,268.80914,279.9253577992033
2022-07-03,225254,Delhi,299.89,267.0638320080437,264.1737,271.83456464656877
2022-07-04,225254,Delhi,162.66,233.71920678630275,234.84619,224.60600306226874
2022-07-05,225254,Delhi,207.88,234.56996428964504,236.18082,229.49287216926922
2022-07-06,225254,Delhi,89.9,233.16329464883577,234.90056,234.30251259267908
2022-07-07,225254,Delhi,200.61,228.77594635468859,230.1449,223.5836739518375
2022-07-08,225254,Delhi,254.95,231.87141607248842,232.87852,227.5598024736611
2022-07-09,225254,Delhi,196.76,264.2590151958716,259.12515,272.48257764792197
2022-07-10,225254,Delhi,221.86,260.1465174125386,259.91522,271.1335313836002
2022-07-01,233518,Delhi,109.01,231.16999815885185,231.5439,219.0985494769696
2022-07-02,233518,Delhi,162.31,265.52575041041223,261.1307,275.96077778226305
2022-07-03,233518,Delhi,13.01,265.51890852567334,258.0203,267.6329633016378
2022-07-04,233518,Delhi,128.94,215.0602599319307,208.15135,217.24584998604578
2022-07-05,233518,Delhi,241.78,212.5121924865037,205.22371,221.2701594638965
2022-07-06,233518,Delhi,111.98,210.83668980054657,202.12532,200.51312442615884
2022-07-07,233518,Delhi,445.99,211.14131881765732,202.78314,203.55712036974134
2022-07-08,233518,Delhi,135.56,219.80578258913255,218.5115,224.83020186271713
2022-07-09,233518,Delhi,539.49,241.5491351594737,229.9631,245.25131668039467
2022-07-10,233518,Delhi,193.08,298.17651659533084,268.44553,279.7588751648252
2022-07-01,237680,Bengaluru,1646.98,1560.8903729677131,1573.4388,1588.89932076383
2022-07-02,237680,Bengaluru,2083.4,1718.2553034416683,1722.4576,1708.3040346087766
2022-07-03,237680,Bengaluru,2177.58,1763.161079181491,1753.5693,1758.0200396008277
2022-07-04,237680,Bengaluru,1506.91,1580.159863051956,1557.2993,1608.3073069559514
2022-07-05,237680,Bengaluru,1605.52,1530.3636897612164,1547.7211,1557.7545462049936
2022-07-06,237680,Bengaluru,1467.4,1553.2242843320564,1571.6676,1587.890708808004
2022-07-07,237680,Bengaluru,1426.48,1547.460298608407,1537.5944,1540.8255429099202
2022-07-08,237680,Bengaluru,1533.45,1570.1195346685088,1573.2142,1581.658054958122
2022-07-09,237680,Bengaluru,1567.12,1737.8193765077713,1721.3138,1709.2024852416175
2022-07-10,237680,Bengaluru,1647.08,1713.2119286037373,1696.9893,1694.31151576798
2022-07-01,237680,Mumbai,404.88,379.25998015718164,381.70737,379.7651502277985
2022-07-02,237680,Mumbai,375.66,436.36133401273594,433.01065,442.7466381192119
2022-07-03,237680,Mumbai,443.58,435.69808737405873,434.59174,445.62825140723527
2022-07-04,237680,Mumbai,364.49,378.4669625969521,381.70737,381.93832822865346
2022-07-05,237680,Mumbai,430.9,379.70705430286836,386.10507,386.05438050954183
2022-07-06,237680,Mumbai,353.32,374.31319794328994,378.80347,377.10334678202713
2022-07-07,237680,Mumbai,368.8,374.19033746673165,379.4888,375.8884702809423
2022-07-08,237680,Mumbai,369.71,374.5362520708534,378.71075,374.83138187993364
2022-07-09,237680,Mumbai,515.97,422.6795835881816,422.1525,423.4336776699599
2022-07-10,237680,Mumbai,412.33,424.60836807272915,426.37738,433.7847014702673
2022-07-01,238044,Bengaluru,252.87,178.98780508244917,180.29056,168.59999013633103
2022-07-02,238044,Bengaluru,229.92,209.17683580523345,207.92934,213.65663828882677
2022-07-03,238044,Bengaluru,200.61,206.70428563714265,210.36241,223.0384670294485
2022-07-04,238044,Bengaluru,250.45,180.18680868349256,183.19376,177.89541724846188
2022-07-05,238044,Bengaluru,293.08,183.48826053628505,186.60612,179.6563108453649
2022-07-06,238044,Bengaluru,129.81,183.32704712399308,189.54802,178.37169470953827
2022-07-07,238044,Bengaluru,149.21,182.54127241897504,189.16606,177.0471231060352
2022-07-08,238044,Bengaluru,176.56,178.9572897674147,183.55188,168.77270966286687
2022-07-09,238044,Bengaluru,164.15,207.87666904796913,213.87207,213.8506556163318
2022-07-10,238044,Bengaluru,138.78,212.5628604907425,215.46425,226.52658589644412
2022-07-01,240092,Delhi,630.59,696.1860002225874,690.17426,690.6389027905363
2022-07-02,240092,Delhi,833.85,804.5687848466353,821.04803,792.2316057248585
2022-07-03,240092,Delhi,1003.49,843.347135992353,851.02673,846.1375495982913
2022-07-04,240092,Delhi,738.79,751.386934812732,740.7714,735.5959351255472
2022-07-05,240092,Delhi,843.75,751.1344690448246,752.72314,751.8560647074756
2022-07-06,240092,Delhi,928.73,758.3761217804555,749.47656,727.5846688646291
2022-07-07,240092,Delhi,1067.73,755.7619239105788,765.77673,756.5281187104086
2022-07-08,240092,Delhi,686.48,762.7811819367739,780.98145,767.7145564677508
2022-07-09,240092,Delhi,653.84,858.379614608071,885.39154,857.9918700497732
2022-07-10,240092,Delhi,844.47,864.0644580483527,890.848,879.5170491976297
2022-07-01,240092,HR-NCR,249.65,318.8172537588161,321.33618,309.3741658157867
2022-07-02,240092,HR-NCR,494.2,350.0318478110485,361.008,367.5914564588379
2022-07-03,240092,HR-NCR,436.23,362.76036284569875,357.20514,372.8449476817834
2022-07-04,240092,HR-NCR,273.24,319.84329451339613,321.0584,327.09168392309044
2022-07-05,240092,HR-NCR,696.06,319.63462278579004,321.5209,328.55228929318787
2022-07-06,240092,HR-NCR,167.38,337.4882156608925,334.02518,326.1327118395023
2022-07-07,240092,HR-NCR,275.99,330.85999089917084,330.21594,319.66525332255776
2022-07-08,240092,HR-NCR,379.84,330.6975005903801,329.03036,317.5983759760419
2022-07-09,240092,HR-NCR,345.64,379.6488183950495,372.773,380.22307037821014
2022-07-10,240092,HR-NCR,206.51,379.6509868325576,370.02988,379.48216191728113
2022-07-01,240847,Bengaluru,281.38,263.8815167487664,265.94748,260.6454810764559
2022-07-02,240847,Bengaluru,287.41,310.6910217084511,306.33896,314.9533008224469
2022-07-03,240847,Bengaluru,330.27,310.24397088483846,308.5236,315.0740967058888
2022-07-04,240847,Bengaluru,263.31,263.8815167487664,265.94748,261.70681522926293
2022-07-05,240847,Bengaluru,285.81,263.8815167487664,267.3895,264.11935073625665
2022-07-06,240847,Bengaluru,278.37,263.8815167487664,267.3895,262.51745670312175
2022-07-07,240847,Bengaluru,266.88,264.2617334674948,267.3895,265.2230745102413
2022-07-08,240847,Bengaluru,261.96,264.2617334674948,267.3895,262.69102827712334
2022-07-09,240847,Bengaluru,318.2,311.16282388133095,307.9462,314.5991408795298
2022-07-10,240847,Bengaluru,309.35,310.5532827489276,307.0535,314.74663585701944
2022-07-01,242283,Delhi,276.5,262.76828189251484,263.8194,260.5409197729105
2022-07-02,242283,Delhi,270.43,310.6910217084511,304.75632,312.9838326776546
2022-07-03,242283,Delhi,312.96,309.86192153839755,306.0407,311.4154273974016
2022-07-04,242283,Delhi,244.46,258.864944010615,261.91486,259.1722110570631
2022-07-05,242283,Delhi,231.22,263.2201056733689,264.9443,257.1136315096816
2022-07-06,242283,Delhi,205.34,263.45318100021456,266.64105,263.73404995856316
2022-07-07,242283,Delhi,253.28,257.3043677775797,259.0917,254.73895222367497
2022-07-08,242283,Delhi,212.58,257.37495279563467,261.14124,259.82173775162704
2022-07-09,242283,Delhi,324.33,288.4882948256286,287.54416,297.7107174421886
2022-07-10,242283,Delhi,302.89,303.8144698402157,299.9776,307.9282567239446
2022-07-01,242283,HR-NCR,187.71,179.34413074994458,181.39183,175.25137633522138
2022-07-02,242283,HR-NCR,229.14,205.07706296568298,205.35468,212.84464994920913
2022-07-03,242283,HR-NCR,192.37,205.45227042738503,205.61223,214.28639475197994
2022-07-04,242283,HR-NCR,197.94,179.34413074994458,181.39183,175.69888165781623
2022-07-05,242283,HR-NCR,159.35,179.34413074994458,181.39183,173.98090774999443
2022-07-06,242283,HR-NCR,216.73,179.34413074994458,181.39183,174.22607291707916
2022-07-07,242283,HR-NCR,175.89,179.68932977364932,183.69199,179.83577181408302
2022-07-08,242283,HR-NCR,192.55,179.68932977364932,182.11928,175.22304168099572
2022-07-09,242283,HR-NCR,192.44,205.5138474435392,208.42842,217.44508470495325
2022-07-10,242283,HR-NCR,191.25,206.2879886277294,208.90079,216.7538196797987
2022-07-01,247758,Delhi,778.84,1175.9469854749318,1146.5332,1154.0484164297156
2022-07-02,247758,Delhi,1313.5,1247.5264568699265,1242.7145,1184.5679738041154
2022-07-03,247758,Delhi,1210.15,1308.9544124653453,1297.8774,1284.9240068396318
2022-07-04,247758,Delhi,1146.08,1127.3973170067884,1126.6774,1128.5566039762434
2022-07-05,247758,Delhi,1134.7,1075.9325966529125,1082.6543,1072.5167251492207
2022-07-06,247758,Delhi,887.88,1120.3158020636058,1115.2845,1133.0018033706294
2022-07-07,247758,Delhi,919.21,1088.9585917629436,1085.1692,1088.0596086366636
2022-07-08,247758,Delhi,856.7,1095.253992330459,1094.3909,1091.7718089019202
2022-07-09,247758,Delhi,1375.22,1229.6846878408835,1222.77,1197.9388339453603
2022-07-10,247758,Delhi,1377.53,1301.1959133477353,1293.0826,1259.9866511974965
2022-07-01,247758,HR-NCR,953.86,848.9966513660194,849.085,869.8883887381783
2022-07-02,247758,HR-NCR,820.99,1007.8018602316585,1006.19073,997.57342773463
2022-07-03,247758,HR-NCR,925.08,966.4370496586531,962.60516,975.1371766372167
2022-07-04,247758,HR-NCR,878.22,845.6922623455845,850.0693,870.0800594943712
2022-07-05,247758,HR-NCR,1073.82,846.0444850595547,848.0776,867.9137286835015
2022-07-06,247758,HR-NCR,750.89,845.6922623455845,847.8886,866.5507733034406
2022-07-07,247758,HR-NCR,844.96,850.491168013449,848.5254,862.7573117581524
2022-07-08,247758,HR-NCR,815.8,885.3942124587048,850.293,877.8700120953151
2022-07-09,247758,HR-NCR,1122.91,968.7717168923472,961.99677,966.1638761996239
2022-07-10,247758,HR-NCR,1204.89,1014.5028702642177,1017.2952,1009.5942389737834
2022-07-01,253144,Bengaluru,278.75,215.81642368308556,218.0728,213.12418255672262
2022-07-02,253144,Bengaluru,253.51,247.41535317792395,248.31677,254.55278846021815
2022-07-03,253144,Bengaluru,256.08,247.790560639626,248.47157,258.32508388440834
2022-07-04,253144,Bengaluru,181.36,216.66718118642785,220.53262,216.47954852558956
2022-07-05,253144,Bengaluru,195.93,216.66718118642785,220.53262,213.2170706025153
2022-07-06,253144,Bengaluru,198.68,215.81642368308556,219.198,213.70361646945264
2022-07-07,253144,Bengaluru,186.55,215.90119797587704,219.198,212.59585721216135
2022-07-08,253144,Bengaluru,221.26,216.3001316983652,220.15494,216.97220170031358
2022-07-09,253144,Bengaluru,243.85,245.0196911255253,246.53542,253.5251566081409
2022-07-10,253144,Bengaluru,301.23,246.73430908799435,247.8675,260.27994599319084
2022-07-01,253144,Delhi,306.39,377.29427374559674,387.70798,380.8457304082562
2022-07-02,253144,Delhi,512.48,426.11462590473093,435.09998,446.24534953894874
2022-07-03,253144,Delhi,412.71,419.2550421117834,421.06378,421.21773739117396
2022-07-04,253144,Delhi,412.73,368.657636962663,377.43176,365.0586000169865
2022-07-05,253144,Delhi,340.6,377.105756945572,388.4636,375.1104436003733
2022-07-06,253144,Delhi,432.15,370.9049544575739,385.83667,373.41956978906205
2022-07-07,253144,Delhi,382.7,372.26098070432096,383.98395,379.3226463146004
2022-07-08,253144,Delhi,390.01,371.23050185486346,383.46426,373.0449410734584
2022-07-09,253144,Delhi,439.38,425.6847360959455,426.98138,431.70000571253405
2022-07-10,253144,Delhi,454.21,424.29940395866765,428.35272,429.43617175891893
2022-07-01,253144,HR-NCR,315.58,296.5746541902373,297.44775,300.8758131038348
2022-07-02,253144,HR-NCR,383.56,329.28794048291616,321.24533,334.0584200365974
2022-07-03,253144,HR-NCR,388.08,329.0863035699775,332.48312,339.4976619658266
2022-07-04,253144,HR-NCR,298.43,292.44768349608694,293.6918,295.52399190752794
2022-07-05,253144,HR-NCR,262.72,289.6138621736838,290.20767,289.5857572064498
2022-07-06,253144,HR-NCR,109.98,289.3027846722876,293.17575,290.23813172132316
2022-07-07,253144,HR-NCR,325.65,281.63402709094606,280.73514,271.78530205816963
2022-07-08,253144,HR-NCR,200.31,282.8069941786898,282.38412,276.43092628119234
2022-07-09,253144,HR-NCR,463.02,323.9638620503005,320.96194,338.3565345064269
2022-07-10,253144,HR-NCR,694.05,326.73230061527954,322.48276,337.145590760452
2022-07-01,253317,Bengaluru,874.45,882.1903283095235,880.1899,891.2089442907535
2022-07-02,253317,Bengaluru,1132.48,1014.59577191313,1014.6351,1010.618327708506
2022-07-03,253317,Bengaluru,993.7,1008.1652856575291,1008.5514,997.6355687966661
2022-07-04,253317,Bengaluru,944.9,878.1654978297272,880.0839,885.3709047694739
2022-07-05,253317,Bengaluru,838.61,881.4503473732813,880.83356,899.8972145596651
2022-07-06,253317,Bengaluru,792.64,876.2692383154899,879.02094,882.8384963862266
2022-07-07,253317,Bengaluru,888.58,883.5172369301837,879.6299,890.4349912007434
2022-07-08,253317,Bengaluru,891.96,885.3942124587048,879.8979,891.4816914697898
2022-07-09,253317,Bengaluru,1151.0,1015.7143567671867,1010.5669,1009.7156341500987
2022-07-10,253317,Bengaluru,1119.64,1013.7962007840442,1009.6656,1008.1460076566713
2022-07-01,253317,Delhi,579.91,895.5846794389,895.06104,913.1980424365133
2022-07-02,253317,Delhi,1511.52,1023.1671081912979,1002.7761,997.1674222301907
2022-07-03,253317,Delhi,1013.75,1022.1863325485269,1019.8022,1029.4972524101065
2022-07-04,253317,Delhi,1637.32,898.1102195689496,910.8884,930.5053726092978
2022-07-05,253317,Delhi,626.92,907.8123114211844,948.66254,941.8217661038656
2022-07-06,253317,Delhi,1071.57,893.4719072551973,913.9623,927.6275358206136
2022-07-07,253317,Delhi,1159.03,921.9362093570221,916.6936,918.9187525798917
2022-07-08,253317,Delhi,942.8,923.467239293358,956.9856,929.7074321015784
2022-07-09,253317,Delhi,1726.59,1071.9135292264716,1094.4783,1072.672522058187
2022-07-10,253317,Delhi,1140.11,1072.1446475243924,1154.3386,1102.9024695398498
2022-07-01,253317,HR-NCR,815.85,892.299829895346,880.19025,899.1781676357045
2022-07-02,253317,HR-NCR,1028.6,1015.6098824787268,997.5829,1001.971154221207
2022-07-03,253317,HR-NCR,903.15,1026.8746007784384,1019.3094,1030.1196055312103
2022-07-04,253317,HR-NCR,776.42,887.8507285530027,881.30646,909.0453835947992
2022-07-05,253317,HR-NCR,1026.47,878.7782623158994,878.023,892.8259863703636
2022-07-06,253317,HR-NCR,778.11,878.6785053698364,880.42413,898.4631864864534
2022-07-07,253317,HR-NCR,781.56,883.8828500585214,883.74664,899.3293373123659
2022-07-08,253317,HR-NCR,925.39,883.9551020020184,880.23846,886.4059902921264
2022-07-09,253317,HR-NCR,1165.3,1013.1001945613394,1008.1131,1003.9828923039313
2022-07-10,253317,HR-NCR,1156.61,1006.5087668944698,1002.9176,995.8627804947118
2022-07-01,253317,Mumbai,153.14,231.58374729339948,244.66574,239.76056550215776
2022-07-02,253317,Mumbai,260.68,268.43093466967974,275.36847,278.55129352524517
2022-07-03,253317,Mumbai,319.86,268.9686324401725,278.60358,287.3688358984214
2022-07-04,253317,Mumbai,171.88,235.01994558361127,242.58385,235.91700185469895
2022-07-05,253317,Mumbai,323.21,235.5547146731581,244.81879,245.93454129093323
2022-07-06,253317,Mumbai,290.48,235.46860815864648,243.38605,240.52328939941333
2022-07-07,253317,Mumbai,204.06,235.28971961083855,242.58385,234.52320229296006
2022-07-08,253317,Mumbai,257.32,235.28971961083855,241.27979,233.20778753444165
2022-07-09,253317,Mumbai,286.01,268.0380645684589,273.20837,279.81106122497545
2022-07-10,253317,Mumbai,320.24,287.43834608610655,285.32068,290.9953010793695
2022-07-01,259923,Bengaluru,1753.56,1850.4090793600105,1822.7229,1886.5260122757652
2022-07-02,259923,Bengaluru,2017.76,1998.0755631207971,1972.3713,1991.5236484909399
2022-07-03,259923,Bengaluru,1978.81,2218.602666932632,2220.444,2173.4650800057675
2022-07-04,259923,Bengaluru,2073.67,1818.209320096947,1821.5205,1871.7952142759593
2022-07-05,259923,Bengaluru,2258.01,1823.1793784638476,1813.7877,1870.1026095044303
2022-07-06,259923,Bengaluru,2264.98,1974.0769238148823,1956.6776,1980.3025595344702
2022-07-07,259923,Bengaluru,1724.36,1962.6440970567996,1964.3195,1965.763765903657
2022-07-08,259923,Bengaluru,1734.65,2001.1560076427677,1967.1418,1966.8541088912655
2022-07-09,259923,Bengaluru,2206.02,2194.4368405978407,2197.085,2151.501935911289
2022-07-10,259923,Bengaluru,2116.19,2239.4884862438403,2208.7441,2155.484686713553
2022-07-01,265382,Delhi,333.02,220.0992233348663,230.81465,210.22127523225882
2022-07-02,265382,Delhi,133.1,251.8410213394246,262.78528,252.95505370471653
2022-07-03,265382,Delhi,145.51,253.207819279971,266.81195,277.37843483800066
2022-07-04,265382,Delhi,317.95,217.47106606256145,221.0302,220.47084039748742
2022-07-05,265382,Delhi,260.0,222.33717118620766,225.87074,222.71358904249132
2022-07-06,265382,Delhi,246.29,223.6170538180082,233.1601,224.0446488283977
2022-07-07,265382,Delhi,111.9,232.73271578474916,234.85683,229.88604150204606
2022-07-08,265382,Delhi,154.79,219.07394096576795,227.85202,213.4565387527107
2022-07-09,265382,Delhi,457.68,250.52215036926168,257.06445,258.8695957997942
2022-07-10,265382,Delhi,194.23,264.94339799287116,270.9206,274.70908879171964
2022-07-01,266441,Delhi,153.81,162.1551927644554,166.15355,158.91489036598958
2022-07-02,266441,Delhi,195.01,179.5622040432286,186.26076,196.84991893862187
2022-07-03,266441,Delhi,172.1,186.31445142958322,186.51831,195.00992300595158
2022-07-04,266441,Delhi,108.4,162.1551927644554,165.1239,158.09956481345444
2022-07-05,266441,Delhi,164.71,156.8822303447645,164.35837,155.33696813645253
2022-07-06,266441,Delhi,220.42,162.1551927644554,164.61984,157.0392354621817
2022-07-07,266441,Delhi,191.62,162.73877709831794,166.81137,161.9180306281029
2022-07-08,266441,Delhi,119.21,163.4001658109016,168.146,163.61020628885032
2022-07-09,266441,Delhi,200.23,179.5954253429763,183.28989,194.12030235813123
2022-07-10,266441,Delhi,194.29,180.02218579772213,182.88962,192.4950840835452
2022-07-01,270958,Delhi,647.61,396.9526823510541,423.73648,396.6050287164359
2022-07-02,270958,Delhi,828.4,462.00002744210263,473.95053,477.3153218779044
2022-07-03,270958,Delhi,247.65,498.28065196404935,491.5102,487.51788631416963
2022-07-04,270958,Delhi,294.8,411.8843543640418,429.2641,422.2770590169904
2022-07-05,270958,Delhi,31.8,399.3874037958307,413.1904,390.15864773986203
2022-07-06,270958,Delhi,635.37,405.7760857020322,431.85822,415.3486411288659
2022-07-07,270958,Delhi,434.28,411.8995619148181,430.2153,431.63681684795205
2022-07-08,270958,Delhi,595.64,416.1680586879504,419.71033,424.47354280752086
2022-07-09,270958,Delhi,462.67,484.95942894640626,481.7888,496.0657667105934
2022-07-10,270958,Delhi,427.71,481.330829034513,478.41284,479.8579425852432
2022-07-01,279485,Delhi,194.55,232.17090300221076,232.4295,225.95616183236393
2022-07-02,279485,Delhi,264.07,266.4182338345729,265.30847,272.42129716214515
2022-07-03,279485,Delhi,235.16,266.6309509874842,263.12384,270.8190180381771
2022-07-04,279485,Delhi,325.63,232.17090300221076,232.4295,226.09366257763816
2022-07-05,279485,Delhi,229.44,235.92043193950062,240.988,238.24756819491014
2022-07-06,279485,Delhi,278.53,234.56996428964504,236.72173,234.1236430635688
2022-07-07,279485,Delhi,262.98,236.39255394896466,242.83954,238.4304269904313
2022-07-08,279485,Delhi,251.71,236.300648658229,242.61444,238.16648589003398
2022-07-09,279485,Delhi,261.79,268.69688094261585,272.5784,275.7016898139278
2022-07-10,279485,Delhi,334.82,269.2345787131086,274.76303,278.7732944208864
2022-07-01,281869,Delhi,33.82,153.99403874778218,160.16661,141.43175901454325
2022-07-02,281869,Delhi,229.33,178.08894917388,181.23792,187.0029116315627
2022-07-03,281869,Delhi,192.55,178.90404404652818,183.12881,197.28966846535673
2022-07-04,281869,Delhi,280.19,154.37503227480678,160.16661,147.22741705703982
2022-07-05,281869,Delhi,93.57,154.67921178447716,160.16661,149.64476529541713
2022-07-06,281869,Delhi,139.14,154.37503227480678,160.16661,144.22217904079054
2022-07-07,281869,Delhi,55.84,154.67921178447716,160.16661,147.9050554910536
2022-07-08,281869,Delhi,133.05,154.99212232881712,160.16661,140.2777831147521
2022-07-09,281869,Delhi,202.63,177.17003766857766,181.02202,187.9697655702184
2022-07-10,281869,Delhi,133.73,177.74500427321578,182.38045,187.63104294711493
2022-07-01,283763,Delhi,445.97,513.7419684641395,519.86475,504.1980662416515
2022-07-02,283763,Delhi,189.42,583.4048022330404,586.5908,570.3531021480699
2022-07-03,283763,Delhi,877.25,557.6120954509308,561.70374,561.1191894295062
2022-07-04,283763,Delhi,584.62,512.3778192631133,521.2795,533.9348512116126
2022-07-05,283763,Delhi,314.51,482.70135563608,496.0559,513.7388451527819
2022-07-06,283763,Delhi,456.8,472.7813620100009,478.06534,462.4060017240904
2022-07-07,283763,Delhi,525.88,474.16263568902303,490.87695,489.13953444286005
2022-07-08,283763,Delhi,424.64,483.7443749257137,494.90475,492.9398309621088
2022-07-09,283763,Delhi,383.61,543.105991290073,558.1245,541.192666376689
2022-07-10,283763,Delhi,606.17,545.7413742256089,559.4443,558.5516239268351
2022-07-01,283763,HR-NCR,232.62,304.3897260663092,315.12152,314.9748497898713
2022-07-02,283763,HR-NCR,230.22,338.49953217555577,339.67584,339.7565256105788
2022-07-03,283763,HR-NCR,360.86,334.4067940254459,336.75543,335.57669269901146
2022-07-04,283763,HR-NCR,336.99,303.232185447831,305.925,301.0682639035772
2022-07-05,283763,HR-NCR,184.44,303.93404770269643,307.61588,320.8950070338697
2022-07-06,283763,HR-NCR,419.4,298.9733560053499,296.86075,293.2054647393711
2022-07-07,283763,HR-NCR,245.73,311.26898462419524,315.79672,319.6664021226893
2022-07-08,283763,HR-NCR,457.31,300.16005904602684,300.01398,295.50095566157813
2022-07-09,283763,HR-NCR,156.56,350.662090484973,346.1771,353.76285428866413
2022-07-10,283763,HR-NCR,241.8,350.05160108179416,346.89233,353.3650164962462
2022-07-01,285131,Delhi,213.31,366.9424895185613,374.391,356.02579863660145
2022-07-02,285131,Delhi,315.15,420.20199093966556,419.27682,431.03801894474543
2022-07-03,285131,Delhi,391.18,394.8340704592232,385.48135,393.5760474294096
2022-07-04,285131,Delhi,202.64,362.4440518617648,364.25345,370.53125811693604
2022-07-05,285131,Delhi,686.92,358.8332682401876,359.1013,360.62545075631033
2022-07-06,285131,Delhi,303.74,395.37063963423026,384.07938,377.09056368577797
2022-07-07,285131,Delhi,260.3,383.24431778988554,386.55402,387.79083206687716
2022-07-08,285131,Delhi,426.93,354.6207894409019,366.3188,346.87145112803347
2022-07-09,285131,Delhi,408.63,423.82677669917183,424.99323,428.28912693109504
2022-07-10,285131,Delhi,691.4,424.81441321627295,422.86795,437.44957474094497
2022-07-01,285131,HR-NCR,447.22,269.9508193977617,268.60513,265.54999668112754
2022-07-02,285131,HR-NCR,1103.24,321.1294376582465,316.88608,322.0112894639043
2022-07-03,285131,HR-NCR,89.23,364.428179337582,355.38516,363.638515984441
2022-07-04,285131,HR-NCR,405.54,282.3231773322042,294.17078,288.951561334785
2022-07-05,285131,HR-NCR,230.56,277.85355262676177,287.27945,291.58491885990196
2022-07-06,285131,HR-NCR,419.28,281.3913341349265,286.81644,279.37972791133143
2022-07-07,285131,HR-NCR,266.62,276.79569319412514,287.23416,276.398097890479
2022-07-08,285131,HR-NCR,335.43,281.1446515449931,289.76135,279.48366702446805
2022-07-09,285131,HR-NCR,236.99,337.0993233637731,340.91135,348.9706170070196
2022-07-10,285131,HR-NCR,796.85,332.3075984246177,344.31924,342.7031453509389
2022-07-01,286009,Delhi,366.72,380.77105886860977,388.5504,381.18127488903883
2022-07-02,286009,Delhi,378.7,435.8493830213089,438.92838,443.5008016930521
2022-07-03,286009,Delhi,623.79,435.2254947480182,432.99875,441.25756518628657
2022-07-04,286009,Delhi,391.55,388.79815451914016,392.46625,389.01973485336356
2022-07-05,286009,Delhi,321.78,390.89004276966153,394.15997,389.9715918015889
2022-07-06,286009,Delhi,470.44,381.2619820926772,389.18155,379.2358224373703
2022-07-07,286009,Delhi,360.61,391.9415263247113,392.12982,396.4673254394724
2022-07-08,286009,Delhi,340.43,391.1241572977373,390.43307,386.58293320163574
2022-07-09,286009,Delhi,288.94,446.8790139895547,442.3533,447.39775929827863
2022-07-10,286009,Delhi,456.61,447.21408565835407,437.83362,453.77553121631325
2022-07-01,286315,Delhi,180.96,214.4209201344456,218.0728,211.92159343026648
2022-07-02,286315,Delhi,264.88,245.83016236495294,242.28488,254.0209486915959
2022-07-03,286315,Delhi,289.32,243.7485536869372,243.68442,252.01361428633064
2022-07-04,286315,Delhi,149.53,214.4209201344456,219.198,212.62110253105317
2022-07-05,286315,Delhi,201.95,215.2716776377879,219.40742,211.4050720372059
2022-07-06,286315,Delhi,203.1,208.88242750388892,214.79968,210.56818014267495
2022-07-07,286315,Delhi,252.54,209.05678832267355,214.54137,211.71894222921253
2022-07-08,286315,Delhi,192.44,209.44104954518735,213.37726,209.34827527979917
2022-07-09,286315,Delhi,219.93,240.3081855026099,243.35997,253.68824602930871
2022-07-10,286315,Delhi,169.69,238.2560596151664,240.60849,250.5992387545624
2022-07-01,286315,HR-NCR,131.66,178.9788952242976,180.29652,171.9845339301869
2022-07-02,286315,HR-NCR,221.38,197.34278254476547,198.51396,206.73184334919546
2022-07-03,286315,HR-NCR,199.89,205.45227042738503,205.61223,214.8405161082703
2022-07-04,286315,HR-NCR,169.05,179.34413074994458,181.39183,173.38369477855048
2022-07-05,286315,HR-NCR,253.27,178.9788952242976,180.29652,174.76341670824743
2022-07-06,286315,HR-NCR,170.02,179.34413074994458,183.55188,177.52137863658334
2022-07-07,286315,HR-NCR,191.75,180.3692490720715,184.29916,178.91949288372805
2022-07-08,286315,HR-NCR,198.57,179.42890504273606,182.96454,172.5229871903956
2022-07-09,286315,HR-NCR,160.79,205.25342271262593,207.80762,212.68993851020437
2022-07-10,286315,HR-NCR,199.78,205.62863017432798,207.47781,215.29915468016313
2022-07-01,287644,Bengaluru,192.1,181.92720855814605,188.07106,174.9768766346257
2022-07-02,287644,Bengaluru,162.14,209.0156001883609,213.50063,223.47968717645588
2022-07-03,287644,Bengaluru,318.59,213.4446372294847,212.90479,237.57228540033626
2022-07-04,287644,Bengaluru,87.67,179.5719302218528,180.43066,169.67474371489843
2022-07-05,287644,Bengaluru,60.44,179.31150549093954,181.34279,178.1680273848371
2022-07-06,287644,Bengaluru,313.24,178.78747125694989,179.63274,163.51745721768464
2022-07-07,287644,Bengaluru,90.9,180.0130301821397,180.7678,176.55130517422293
2022-07-08,287644,Bengaluru,18.96,180.7595388527704,183.46202,176.39323275514383
2022-07-09,287644,Bengaluru,319.28,194.16540151149627,195.42639,202.74839923942335
2022-07-10,287644,Bengaluru,293.58,198.53720723710464,199.2112,221.71905209796546
2022-07-01,289037,Delhi,143.76,154.37503227480678,160.16661,142.18338694956032
2022-07-02,289037,Delhi,133.43,177.05016455310957,181.02202,182.01222441410965
2022-07-03,289037,Delhi,180.76,177.05016455310957,181.27957,181.90183401284904
2022-07-04,289037,Delhi,128.42,154.37503227480678,160.16661,143.93805885250686
2022-07-05,289037,Delhi,97.19,154.37503227480678,160.16661,145.35535915602907
2022-07-06,289037,Delhi,173.38,154.37503227480678,160.16661,148.50755597226782
2022-07-07,289037,Delhi,77.12,154.37503227480678,160.16661,146.82362837787875
2022-07-08,289037,Delhi,191.81,154.37503227480678,160.16661,143.2870878768471
2022-07-09,289037,Delhi,197.31,177.05016455310957,181.02202,186.4462926090835
2022-07-10,289037,Delhi,165.69,177.05016455310957,181.27957,185.26381559234167
2022-07-01,293867,Delhi,123.63,197.67156158859206,196.30276,200.05103847090948
2022-07-02,293867,Delhi,133.53,232.6926323328904,224.57722,236.81946691424156
2022-07-03,293867,Delhi,177.26,218.19214420649502,215.78699,230.60780172072737
2022-07-04,293867,Delhi,831.73,186.60416991125436,184.46486,179.36694210893597
2022-07-05,293867,Delhi,369.63,240.57252209335763,244.595,239.95634577405272
2022-07-06,293867,Delhi,384.93,215.3621756426013,219.43404,208.1640821836356
2022-07-07,293867,Delhi,88.31,236.28856106660322,237.03548,228.42226557577192
2022-07-08,293867,Delhi,243.08,233.51273074192758,236.00777,218.3757294651807
2022-07-09,293867,Delhi,160.11,254.87088018847177,256.50208,259.0641841534376
2022-07-10,293867,Delhi,401.35,249.4394489551974,249.53041,243.0511724912301
2022-07-01,299078,Delhi,379.51,247.41585904065198,252.1126,249.17037617874976
2022-07-02,299078,Delhi,270.91,287.79693361509857,289.38507,296.98479821971125
2022-07-03,299078,Delhi,226.48,289.16373155564486,288.95032,302.0303754513593
2022-07-04,299078,Delhi,283.56,247.40987226213684,250.66827,251.05655219185803
2022-07-05,299078,Delhi,149.29,246.72974611167845,248.82593,243.2445202474476
2022-07-06,299078,Delhi,176.74,237.67444023793868,237.2134,231.93734213525838
2022-07-07,299078,Delhi,220.61,237.3362545104094,236.16347,233.84265120354232
2022-07-08,299078,Delhi,270.19,238.36400415316206,238.91582,242.5598353229537
2022-07-09,299078,Delhi,342.89,287.07343175273724,266.74457,285.6121515473609
2022-07-10,299078,Delhi,185.16,287.06658986799835,275.94427,288.06945956085406
2022-07-01,299087,Delhi,179.0,154.37503227480678,160.16661,144.35835055251232
2022-07-02,299087,Delhi,128.38,177.05016455310957,181.02202,181.29067827999904
2022-07-03,299087,Delhi,104.87,177.05016455310957,181.27957,181.22739480240054
2022-07-04,299087,Delhi,141.43,154.37503227480678,160.16661,143.4683006637881
2022-07-05,299087,Delhi,127.43,154.37503227480678,160.16661,143.14943544249473
2022-07-06,299087,Delhi,121.52,154.37503227480678,160.16661,140.46111477911927
2022-07-07,299087,Delhi,112.43,154.37503227480678,160.16661,143.5225367894369
2022-07-08,299087,Delhi,191.81,154.37503227480678,160.16661,144.10472434032917
2022-07-09,299087,Delhi,164.32,177.05016455310957,181.02202,177.5760654113508
2022-07-10,299087,Delhi,119.17,177.05016455310957,181.27957,178.9297255947569
2022-07-01,300292,Delhi,250.37,205.4148760262478,205.66737,202.9460966406077
2022-07-02,300292,Delhi,266.92,234.49535540009455,235.54704,243.44337119254337
2022-07-03,300292,Delhi,256.91,240.65172166756508,237.9925,244.3408816424853
2022-07-04,300292,Delhi,183.62,209.75520897488403,212.6468,207.88205055216227
2022-07-05,300292,Delhi,237.14,209.35627525239587,211.84467,206.9614201094228
2022-07-06,300292,Delhi,217.86,209.35627525239587,211.84467,203.75762201420477
2022-07-07,300292,Delhi,225.01,209.44104954518735,212.10298,207.2546000211253
2022-07-08,300292,Delhi,219.04,212.42386807843036,212.10298,207.83382064459656
2022-07-09,300292,Delhi,219.31,247.84378975965072,248.79688,258.1226730153794
2022-07-10,300292,Delhi,257.79,240.9176679405012,241.41716,249.65471949060594
2022-07-01,300635,Bengaluru,124.64,181.80376289742753,181.20755,179.95022187063927
2022-07-02,300635,Bengaluru,225.67,207.86331020686646,204.7954,212.98535400183565
2022-07-03,300635,Bengaluru,131.03,209.1957175994401,207.42279,220.66817593500704
2022-07-04,300635,Bengaluru,234.3,178.7679503581299,179.63274,172.97536851219914
2022-07-05,300635,Bengaluru,166.02,179.24822981336243,180.7678,174.82443236360282
2022-07-06,300635,Bengaluru,127.47,178.98780508244917,180.7678,171.59544415223195
2022-07-07,300635,Bengaluru,108.18,180.0129234045761,181.62518,177.64664383067998
2022-07-08,300635,Bengaluru,141.21,171.45798061522194,172.6857,166.86654014555774
2022-07-09,300635,Bengaluru,240.88,198.81008743552033,200.94264,211.93560387576392
2022-07-10,300635,Bengaluru,197.03,195.14459802868612,195.98174,208.4921079367304
2022-07-01,304377,Delhi,94.55,171.37320632243046,172.6857,170.07503172505162
2022-07-02,304377,Delhi,275.44,192.606617531478,193.11807,204.5449878020242
2022-07-03,304377,Delhi,239.1,194.96823828174317,195.42146,208.79811701964744
2022-07-04,304377,Delhi,187.71,171.37320632243046,172.6857,169.7800658261901
2022-07-05,304377,Delhi,175.88,172.22396382577276,174.02032,171.91886290034367
2022-07-06,304377,Delhi,138.83,167.9627934956403,171.57307,164.8570466843609
2022-07-07,304377,Delhi,225.52,167.69849128022702,170.79807,162.03039320354623
2022-07-08,304377,Delhi,173.54,168.0475677884318,171.91022,163.73469518082678
2022-07-09,304377,Delhi,219.43,194.37045684449592,196.22446,205.3372984857707
2022-07-10,304377,Delhi,138.55,197.75636912680412,204.34012,208.7247601213503
2022-07-01,307780,Delhi,445.64,216.14012409157593,215.50746,217.50857123563068
2022-07-02,307780,Delhi,240.83,266.7997057319087,266.26144,275.0467795524377
2022-07-03,307780,Delhi,790.26,247.96957259792026,247.198,252.39264886180032
2022-07-04,307780,Delhi,146.61,250.12637785533997,270.6986,269.3665025184214
2022-07-05,307780,Delhi,74.46,226.5173905431937,236.63684,218.4211543830952
2022-07-06,307780,Delhi,62.6,222.6182242115554,233.39935,212.6760011087654
2022-07-07,307780,Delhi,363.81,218.61480041474977,228.6602,207.17286714148082
2022-07-08,307780,Delhi,13.48,232.76605222133153,242.09297,243.79011648286223
2022-07-09,307780,Delhi,231.85,239.48679675276793,242.07591,239.1641322985688
2022-07-10,307780,Delhi,150.33,252.62989004729448,253.07602,272.98150086444844
2022-07-01,309447,Delhi,199.62,155.7489488296218,161.42305,153.86069087177046
2022-07-02,309447,Delhi,135.68,177.80039835346037,181.94131,188.84325845043043
2022-07-03,309447,Delhi,152.83,177.68052523799227,182.19887,184.68419084150287
2022-07-04,309447,Delhi,143.6,155.7489488296218,161.0859,154.4924927081648
2022-07-05,309447,Delhi,144.99,155.7489488296218,161.0859,151.44592220752244
2022-07-06,309447,Delhi,107.21,155.64896722077063,160.42809,146.254272043325
2022-07-07,309447,Delhi,144.52,156.76534413225605,162.06143,157.70915782716926
2022-07-08,309447,Delhi,221.28,155.22491459563216,160.42809,149.92846992039327
2022-07-09,309447,Delhi,108.31,177.68052523799227,181.94131,187.67133229124195
2022-07-10,309447,Delhi,131.72,177.460670513673,181.54105,186.38644056330776
2022-07-01,309894,Bengaluru,1055.88,1310.7744706500873,1305.5298,1339.784838330221
2022-07-02,309894,Bengaluru,1254.99,1410.788220100281,1385.0024,1374.1441756615293
2022-07-03,309894,Bengaluru,1519.44,1384.740801195035,1376.5006,1365.4542996738523
2022-07-04,309894,Bengaluru,1055.67,1242.2324469815735,1249.2213,1279.7956313819725
2022-07-05,309894,Bengaluru,1345.22,1239.8168401896623,1222.7931,1239.8080736570328
2022-07-06,309894,Bengaluru,1360.88,1250.02293636166,1260.8184,1295.9152681229941
2022-07-07,309894,Bengaluru,1422.55,1262.8512403574719,1243.0846,1266.404858314708
2022-07-08,309894,Bengaluru,1351.26,1264.827972832056,1249.3282,1270.092221503608
2022-07-09,309894,Bengaluru,1527.56,1396.3033517877936,1375.578,1358.7056324831426
2022-07-10,309894,Bengaluru,1340.51,1387.0675720309036,1375.5244,1363.9318260671914
2022-07-01,309921,Bengaluru,2985.23,3214.6464600772115,3167.5972,3249.2183622733096
2022-07-02,309921,Bengaluru,3671.73,3442.360961343647,3458.0127,3443.1626064081775
2022-07-03,309921,Bengaluru,3523.41,3623.883964570482,3552.7004,3514.649797781344
2022-07-04,309921,Bengaluru,3053.78,3304.4384969464836,3230.7678,3271.0589924111387
2022-07-05,309921,Bengaluru,2959.66,3225.74647347967,3205.683,3257.098605528902
2022-07-06,309921,Bengaluru,3160.63,3147.704550329713,3131.026,3202.9153481834987
2022-07-07,309921,Bengaluru,3264.61,3312.9908910606323,3276.467,3325.5516719785546
2022-07-08,309921,Bengaluru,3351.34,3116.3658355641232,3119.386,3190.280530441855
2022-07-09,309921,Bengaluru,3291.31,3670.3337368332623,3601.897,3564.3754871125757
2022-07-10,309921,Bengaluru,3516.97,3571.4463630597643,3557.756,3483.60625047951
2022-07-01,311059,Bengaluru,453.04,456.365725864631,460.65134,461.1885631217458
2022-07-02,311059,Bengaluru,576.27,538.4169730867811,523.0022,532.7594660099354
2022-07-03,311059,Bengaluru,545.02,544.0975480440569,528.9236,541.656046833544
2022-07-04,311059,Bengaluru,471.26,461.91652990035453,463.68152,468.61649703194024
2022-07-05,311059,Bengaluru,506.22,469.9550851195929,460.65134,464.3607478666398
2022-07-06,311059,Bengaluru,423.37,470.5789733928836,469.75656,467.6845644285255
2022-07-07,311059,Bengaluru,471.8,470.94016636249336,469.07123,467.50725082624194
2022-07-08,311059,Bengaluru,352.03,472.8661272314854,471.93164,473.0203915445198
2022-07-09,311059,Bengaluru,465.79,524.4133087018587,524.5834,528.0211970882019
2022-07-10,311059,Bengaluru,530.89,523.7924786947464,516.2294,529.1949443261075
2022-07-01,311059,Delhi,349.25,192.14084646243006,201.6465,194.5729914231272
2022-07-02,311059,Delhi,216.27,239.53916899931073,241.18852,249.96012295978912
2022-07-03,311059,Delhi,503.85,238.07969986822346,239.63506,236.12885130943812
2022-07-04,311059,Delhi,266.36,216.03558219075953,223.58034,220.55463443354
2022-07-05,311059,Delhi,310.59,218.56004154451819,223.66435,211.65567920610312
2022-07-06,311059,Delhi,155.38,223.07736476257358,234.6256,222.3799512573068
2022-07-07,311059,Delhi,124.74,219.14452598382294,228.67935,217.70365326357648
2022-07-08,311059,Delhi,156.57,217.79405833396737,223.04482,213.7292066474829
2022-07-09,311059,Delhi,185.06,247.16118375075777,246.9821,253.16148152220555
2022-07-10,311059,Delhi,182.14,247.42702013833772,246.55025,255.9958109372249
2022-07-01,311059,HR-NCR,222.7,168.18989737925023,171.7356,157.70975911020182
2022-07-02,311059,HR-NCR,174.14,196.91324436947826,205.17384,210.8594549608441
2022-07-03,311059,HR-NCR,381.56,196.0619091557909,201.4771,210.9276461270287
2022-07-04,311059,HR-NCR,325.46,185.0710596272968,193.46385,180.7853781769728
2022-07-05,311059,HR-NCR,268.07,185.54490737580375,195.7203,184.74080055727242
2022-07-06,311059,HR-NCR,211.79,185.805332106717,196.43541,185.40896416911272
2022-07-07,311059,HR-NCR,89.13,188.4456394835736,196.16005,183.72895367095896
2022-07-08,311059,HR-NCR,154.34,188.76444738153003,193.01976,181.70506433178474
2022-07-09,311059,HR-NCR,213.32,212.52154892469704,218.66743,219.37608566774628
2022-07-10,311059,HR-NCR,90.26,212.42514111107772,222.90073,228.42572624928417
2022-07-01,311059,Mumbai,145.28,168.31911916313572,173.1445,163.59830130946756
2022-07-02,311059,Mumbai,174.42,193.4682349721653,196.72145,204.70687872155915
2022-07-03,311059,Mumbai,310.76,193.84344243386735,196.979,204.37020661935728
2022-07-04,311059,Mumbai,162.29,181.60350814965568,188.99554,177.39384792846235
2022-07-05,311059,Mumbai,230.22,181.60350814965568,188.99554,178.76795058199863
2022-07-06,311059,Mumbai,100.64,181.60350814965568,189.85074,184.14243833966594
2022-07-07,311059,Mumbai,195.17,179.42890504273606,182.6274,172.69298222420636
2022-07-08,311059,Mumbai,149.0,179.42890504273606,182.96454,177.95712760216898
2022-07-09,311059,Mumbai,207.26,205.25342271262593,205.35468,210.05736939305694
2022-07-10,311059,Mumbai,275.32,205.88905490524124,207.53548,218.49607123095586
2022-07-01,313420,Delhi,30.34,234.11086100193495,233.95102,236.57152703652122
2022-07-02,313420,Delhi,98.29,273.12204796399743,264.6032,278.7442781676901
2022-07-03,313420,Delhi,248.78,248.19490709453214,252.23363,264.8954278293286
2022-07-04,313420,Delhi,251.11,208.20287277226504,212.08154,207.55978820010418
2022-07-05,313420,Delhi,123.46,209.73633547581926,214.29173,217.60311139899534
2022-07-06,313420,Delhi,206.02,208.05119089936662,211.15706,199.80533928306508
2022-07-07,313420,Delhi,257.4,207.9685294265071,211.41537,208.10686120373634
2022-07-08,313420,Delhi,177.95,215.10880400765518,216.7863,212.2444748086787
2022-07-09,313420,Delhi,135.44,246.33498201286002,241.91481,251.72108206627843
2022-07-10,313420,Delhi,147.47,241.84992030791435,238.59775,248.85221498644796
2022-07-01,315221,Delhi,177.81,179.34413074994458,182.96454,176.58974587608205
2022-07-02,315221,Delhi,244.07,205.07706296568298,207.22026,216.74524084587952
2022-07-03,315221,Delhi,238.11,205.7126951582983,208.81372,219.73646970935727
2022-07-04,315221,Delhi,105.03,184.41946596463404,188.54831,182.32012089860447
2022-07-05,315221,Delhi,146.73,180.003489203346,181.99695,178.73334866493366
2022-07-06,315221,Delhi,247.26,178.98780508244917,180.6277,172.2085289837803
2022-07-07,315221,Delhi,288.13,182.24486285771442,182.55902,176.37561249076808
2022-07-08,315221,Delhi,156.6,185.1760799860534,190.64987,186.85281930776847
2022-07-09,315221,Delhi,273.09,208.6158503456241,209.2895,219.4811251066634
2022-07-10,315221,Delhi,152.42,210.95494568926793,214.74886,226.81403843311344
2022-07-01,317610,Bengaluru,297.96,380.8563846072648,384.46738,383.19996092992466
2022-07-02,317610,Bengaluru,350.94,437.45784954552244,439.0129,447.10444824642224
2022-07-03,317610,Bengaluru,355.72,432.0060376634039,426.89667,436.8365552715407
2022-07-04,317610,Bengaluru,342.73,368.3469353751643,376.74808,377.1480256969203
2022-07-05,317610,Bengaluru,343.59,366.93209137851613,375.20602,368.47618727867956
2022-07-06,317610,Bengaluru,332.46,362.4692992940399,371.7561,362.19555686145816
2022-07-07,317610,Bengaluru,452.92,368.60304178449235,374.6965,374.6344596028069
2022-07-08,317610,Bengaluru,344.4,367.63323890707994,373.66873,367.4285084769563
2022-07-09,317610,Bengaluru,435.83,421.17676582339243,421.29578,429.72806670226845
2022-07-10,317610,Bengaluru,484.55,420.86184166416325,413.0021,422.071871941924
2022-07-01,318058,Delhi,117.21,164.41521652550577,166.9557,169.02753393951537
2022-07-02,318058,Delhi,142.38,185.52873800731774,186.50334,196.4101991466021
2022-07-03,318058,Delhi,447.77,185.9039454690198,186.25684,191.71586784924838
2022-07-04,318058,Delhi,87.1,166.10393239099034,174.60443,173.05041202954584
2022-07-05,318058,Delhi,97.46,163.4288653075016,168.4866,163.36453680644578
2022-07-06,318058,Delhi,105.59,154.29821825745256,160.16661,150.92193638473864
2022-07-07,318058,Delhi,209.25,154.1093158723929,160.16661,152.15525238825006
2022-07-08,318058,Delhi,239.38,156.35877966830228,161.29301,148.92146026256094
2022-07-09,318058,Delhi,171.44,186.43930412331449,186.76482,196.6241522294299
2022-07-10,318058,Delhi,201.83,186.4035101663145,188.62984,200.79729051094907
2022-07-01,319610,Delhi,1280.92,1254.7006439870229,1236.1118,1227.0573442911468
2022-07-02,319610,Delhi,1312.63,1388.1291724472806,1375.0664,1360.336075799605
2022-07-03,319610,Delhi,1190.9,1384.740801195035,1372.0264,1354.125118146748
2022-07-04,319610,Delhi,986.12,1242.2324469815735,1234.9374,1235.8225822492266
2022-07-05,319610,Delhi,1513.7,1207.5046967927055,1226.8732,1237.2144582630658
2022-07-06,319610,Delhi,1291.09,1203.678062802024,1212.9713,1227.5652906368618
2022-07-07,319610,Delhi,1277.25,1228.5068502324718,1239.1272,1255.858646284693
2022-07-08,319610,Delhi,1348.84,1215.4755105321578,1214.5283,1214.799753948706
2022-07-09,319610,Delhi,1394.3,1370.3707706539635,1365.793,1357.4255051523835
2022-07-10,319610,Delhi,1332.36,1404.6854678686325,1360.1177,1348.7778521177186
2022-07-01,319610,HR-NCR,661.71,600.2137385679167,599.8249,601.6122827201201
2022-07-02,319610,HR-NCR,820.72,689.4589577475307,693.7665,688.6152321041362
2022-07-03,319610,HR-NCR,749.08,712.3598014866242,714.1562,711.3318323663749
2022-07-04,319610,HR-NCR,573.78,620.6855460374204,627.1133,623.6513804972024
2022-07-05,319610,HR-NCR,597.91,621.2799492479267,623.24884,615.0305113432579
2022-07-06,319610,HR-NCR,598.88,624.8381556384827,623.84283,624.6885569848437
2022-07-07,319610,HR-NCR,641.28,621.7665965415162,619.9673,621.8589295499825
2022-07-08,319610,HR-NCR,559.67,622.7027854978227,626.1482,629.6063838388573
2022-07-09,319610,HR-NCR,704.89,714.5460678846767,711.71643,703.5436974250014
2022-07-10,319610,HR-NCR,740.11,717.4071563387254,715.425,712.337349084006
2022-07-01,320667,Bengaluru,347.11,168.31911916313572,174.71721,161.24223291829634
2022-07-02,320667,Bengaluru,135.06,212.08476444684084,217.53722,218.19748938157795
2022-07-03,320667,Bengaluru,55.26,210.8100288708605,217.21721,225.6726261585621
2022-07-04,320667,Bengaluru,81.64,168.5841828057956,173.3083,170.05954771996568
2022-07-05,320667,Bengaluru,128.35,167.83357171175481,170.63432,161.50744596434035
2022-07-06,320667,Bengaluru,222.15,167.83357171175481,170.63432,157.5914001596192
2022-07-07,320667,Bengaluru,262.98,167.93227818060583,173.38943,170.63688451410218
2022-07-08,320667,Bengaluru,89.74,179.42890504273606,181.76978,178.97900925922295
2022-07-09,320667,Bengaluru,190.37,205.25342271262593,205.35468,212.58555510839716
2022-07-10,320667,Bengaluru,91.65,206.8544956293616,206.94685,216.63510093326704
2022-07-01,325764,Delhi,143.13,182.5590222874111,184.34654,184.40751690066512
2022-07-02,325764,Delhi,177.18,209.17683580523345,207.92934,223.66820724353533
2022-07-03,325764,Delhi,206.74,205.7126951582983,206.23303,216.92194772111847
2022-07-04,325764,Delhi,206.0,179.24822981336243,180.43066,176.12510612558472
2022-07-05,325764,Delhi,310.09,182.16008856492294,181.53194,176.30936951295698
2022-07-06,325764,Delhi,264.51,182.3980265478569,184.13173,180.68809801804852
2022-07-07,325764,Delhi,221.64,190.54917081025818,194.50443,189.5300068076827
2022-07-08,325764,Delhi,252.84,189.60882678092273,192.53967,185.18902013774067
2022-07-09,325764,Delhi,203.58,222.08452278455755,223.52895,230.5232209744302
2022-07-10,325764,Delhi,176.9,218.0247277847992,218.35504,223.9806336542118
2022-07-01,327916,Bengaluru,346.01,258.68920614004213,263.67725,250.58210950035135
2022-07-02,327916,Bengaluru,410.25,311.90545985511216,309.92807,315.56163650485405
2022-07-03,327916,Bengaluru,336.38,311.90545985511216,311.4077,320.44376750304104
2022-07-04,327916,Bengaluru,334.79,283.13067807559935,284.4586,278.2810196926553
2022-07-05,327916,Bengaluru,311.45,275.6569472340748,277.97104,275.746918223278
2022-07-06,327916,Bengaluru,130.8,283.64831391726693,282.97772,282.63907211328916
2022-07-07,327916,Bengaluru,359.81,273.59198272115407,273.51437,267.74667236950967
2022-07-08,327916,Bengaluru,184.33,281.47153678215534,282.91663,279.1666456612774
2022-07-09,327916,Bengaluru,309.03,319.79710799529204,314.58615,325.14986707475794
2022-07-10,327916,Bengaluru,396.56,314.57502965063674,308.99283,317.2404543679963
2022-07-01,329500,Delhi,1955.0,2051.560179126521,2030.7814,2018.7069733351723
2022-07-02,329500,Delhi,2035.39,2198.6051282697076,2193.0232,2128.6543096006835
2022-07-03,329500,Delhi,2235.27,2037.3036505521497,1987.0609,2009.929699544342
2022-07-04,329500,Delhi,2154.44,1994.524595978766,1996.8146,1990.5292824313817
2022-07-05,329500,Delhi,2096.53,1974.189611534214,1990.7623,1995.06914052529
2022-07-06,329500,Delhi,2481.03,2060.0893216122076,2000.6039,1973.2164059171628
2022-07-07,329500,Delhi,1883.22,2044.4918771362115,2013.5386,2014.8575477838408
2022-07-08,329500,Delhi,1762.94,2044.1903257593465,1987.1454,1985.0499380963197
2022-07-09,329500,Delhi,1338.83,2120.9699787309046,2082.3215,2042.3819956653854
2022-07-10,329500,Delhi,1899.54,2198.4559392731767,2190.215,2149.6047183406517
2022-07-01,329500,HR-NCR,941.14,1195.2447342289636,1201.345,1196.3711442283363
2022-07-02,329500,HR-NCR,890.01,1160.8622435393868,1167.4495,1258.1358330515304
2022-07-03,329500,HR-NCR,1624.55,1268.4853255760424,1254.0059,1236.6817034786905
2022-07-04,329500,HR-NCR,611.95,1087.3110880856432,1109.3746,1101.1329122244883
2022-07-05,329500,HR-NCR,1805.18,903.0991793763544,996.14026,1105.1554819717576
2022-07-06,329500,HR-NCR,1256.01,1107.187190714695,1141.4001,1156.7160422612574
2022-07-07,329500,HR-NCR,2620.54,1147.5172672942945,1107.5457,1104.1759771689756
2022-07-08,329500,HR-NCR,104.69,1252.274660542828,1399.0499,1300.4657197213082
2022-07-09,329500,HR-NCR,862.9,1157.6335296009663,1128.2036,1152.2741036000418
2022-07-10,329500,HR-NCR,1868.99,1319.5712828769024,1268.1301,1277.2638824463513
2022-07-01,329500,Mumbai,354.32,266.32669798041553,270.31296,264.1323142713527
2022-07-02,329500,Mumbai,292.39,313.20422909294336,315.18118,333.26448801578175
2022-07-03,329500,Mumbai,235.81,308.56315230056634,304.81912,308.18420819637333
2022-07-04,329500,Mumbai,228.3,262.4611107889055,265.35507,258.0718406802189
2022-07-05,329500,Mumbai,98.27,264.5616428992247,266.3164,273.9092096424732
2022-07-06,329500,Mumbai,167.69,263.6732026578344,261.8913,256.34714576498624
2022-07-07,329500,Mumbai,270.03,258.65530126503336,259.63193,258.98512862437445
2022-07-08,329500,Mumbai,647.96,245.4133587894536,249.51945,252.0437877440416
2022-07-09,329500,Mumbai,415.63,316.58042238514616,315.19568,322.8437994539528
2022-07-10,329500,Mumbai,312.43,330.3410725056986,326.66336,341.11304647692344
2022-07-01,329549,Bengaluru,243.29,220.4443108281173,222.89333,219.4282555196294
2022-07-02,329549,Bengaluru,271.84,251.25020764913927,250.80641,260.8310326188526
2022-07-03,329549,Bengaluru,319.25,261.4788043186945,262.28897,270.7469419205692
2022-07-04,329549,Bengaluru,173.92,229.22312166728295,230.76443,228.64279040045176
2022-07-05,329549,Bengaluru,235.94,219.99248704726315,222.95377,219.9108094386229
2022-07-06,329549,Bengaluru,232.44,220.4443108281173,224.42593,219.1878319437197
2022-07-07,329549,Bengaluru,210.21,220.61867164690193,224.42593,221.09378497507925
2022-07-08,329549,Bengaluru,231.83,220.61867164690193,223.33144,220.06845872088513
2022-07-09,329549,Bengaluru,255.91,251.78465822278298,251.57884,263.0574049913856
2022-07-10,329549,Bengaluru,328.84,252.41498210052364,249.3726,265.2670481579235
2022-07-01,329549,Delhi,343.58,525.7847646991788,522.6954,542.719812118294
2022-07-02,329549,Delhi,650.22,605.9415943806474,584.06244,605.9884541408434
2022-07-03,329549,Delhi,468.49,585.2572421743938,581.292,573.29897951385
2022-07-04,329549,Delhi,428.94,504.2377976656677,507.15524,505.4482597315209
2022-07-05,329549,Delhi,404.31,506.1327680897672,518.7397,532.3562258522918
2022-07-06,329549,Delhi,341.95,501.6642470121535,488.07465,505.35104133695324
2022-07-07,329549,Delhi,730.65,503.61144629180126,491.9162,493.7740597464659
2022-07-08,329549,Delhi,595.57,510.9480176518282,506.3184,520.6826261204974
2022-07-09,329549,Delhi,434.95,578.4597657323847,555.9487,570.3400111973697
2022-07-10,329549,Delhi,516.53,575.7226010844196,552.8334,560.9358349198155
2022-07-01,329549,HR-NCR,259.36,247.25336873186131,254.28168,247.63400895507024
2022-07-02,329549,HR-NCR,539.56,286.93129783264595,292.21436,297.85322063163284
2022-07-03,329549,HR-NCR,232.11,323.406386733803,322.01144,326.88280158812495
2022-07-04,329549,HR-NCR,184.63,270.472115833574,279.8941,275.762886923084
2022-07-05,329549,HR-NCR,278.55,250.19956410580428,259.82712,259.8575544408698
2022-07-06,329549,HR-NCR,225.34,250.56139433617105,256.2088,249.22357400839027
2022-07-07,329549,HR-NCR,391.21,251.72178354018678,257.69827,250.64658582566895
2022-07-08,329549,HR-NCR,148.85,250.3433895460209,260.97974,250.76455294997717
2022-07-09,329549,HR-NCR,530.81,289.49120601715657,292.02658,307.9128410382645
2022-07-10,329549,HR-NCR,291.53,317.758597300662,308.58633,311.1878950310891
2022-07-01,332744,Bengaluru,1222.82,1142.957589187819,1159.7062,1171.2942772830975
2022-07-02,332744,Bengaluru,1228.22,1311.6606998464051,1307.978,1301.0676172874855
2022-07-03,332744,Bengaluru,1411.48,1304.9376164916375,1303.7736,1295.6455762386527
2022-07-04,332744,Bengaluru,1217.7,1131.9657905570175,1152.0642,1161.90941778871
2022-07-05,332744,Bengaluru,1177.92,1131.9657905570175,1152.9642,1165.0046619888135
2022-07-06,332744,Bengaluru,1156.59,1134.6520292684186,1153.1785,1164.9132055006069
2022-07-07,332744,Bengaluru,1147.45,1142.1199272587237,1150.8921,1160.3317479925915
2022-07-08,332744,Bengaluru,1205.34,1143.4752346255991,1156.222,1171.009404929548
2022-07-09,332744,Bengaluru,1463.69,1311.8908935750203,1297.1769,1281.779154176754
2022-07-10,332744,Bengaluru,1353.25,1308.5025223227747,1301.2808,1293.3755936501418
2022-07-01,333324,Delhi,975.85,916.8434505166662,928.46484,933.4381871031153
2022-07-02,333324,Delhi,807.82,1097.6564287000856,1050.0001,1012.6939209064022
2022-07-03,333324,Delhi,953.36,1006.9678661953292,1022.3639,1018.0711400925965
2022-07-04,333324,Delhi,818.89,911.1366606294288,915.0743,898.9621584194606
2022-07-05,333324,Delhi,348.49,902.0790448431997,906.402,937.1742735927363
2022-07-06,333324,Delhi,549.8,825.8758284236438,858.0726,854.5609842864556
2022-07-07,333324,Delhi,631.14,863.6033433611489,860.4301,834.3935964218628
2022-07-08,333324,Delhi,529.89,852.6169279565514,877.3847,929.4631938249546
2022-07-09,333324,Delhi,791.76,929.502190870221,920.1753,903.5529938025263
2022-07-10,333324,Delhi,155.98,956.2111834498924,926.7927,965.6682486682271
2022-07-01,333324,HR-NCR,353.96,276.6548300718919,279.82727,271.24263734679676
2022-07-02,333324,HR-NCR,324.56,320.3474969198572,319.62012,321.61268878226326
2022-07-03,333324,HR-NCR,262.53,320.579937324158,319.68692,317.6984226774579
2022-07-04,333324,HR-NCR,214.66,278.4090400336061,286.22852,280.97579254817845
2022-07-05,333324,HR-NCR,263.46,275.82757858695874,279.24463,270.23459148647885
2022-07-06,333324,HR-NCR,97.18,276.48245730514196,279.24463,276.36326390744654
2022-07-07,333324,HR-NCR,231.2,265.16570369117767,274.89914,274.50062214107464
2022-07-08,333324,HR-NCR,202.51,264.45926804179896,269.5935,261.0905868858562
2022-07-09,333324,HR-NCR,346.71,311.29608502315455,308.75287,312.1117321667855
2022-07-10,333324,HR-NCR,358.61,313.6760312658232,311.67053,330.58625280494505
2022-07-01,333427,Delhi,396.83,408.2839820257068,419.4901,414.19370088372705
2022-07-02,333427,Delhi,515.49,478.9958780219486,478.4103,483.5447238449137
2022-07-03,333427,Delhi,495.76,487.22200332160656,483.56088,487.6684162904755
2022-07-04,333427,Delhi,407.35,425.0668697056046,442.35522,432.8615288393592
2022-07-05,333427,Delhi,441.88,446.3259678858767,446.75293,444.4462213292652
2022-07-06,333427,Delhi,400.27,433.87759028519196,429.30542,437.07862382415533
2022-07-07,333427,Delhi,312.18,426.08294139339756,424.64868,431.8819151150601
2022-07-08,333427,Delhi,362.17,425.7883244202234,413.66388,417.40714368145143
2022-07-09,333427,Delhi,507.66,483.2230803995347,469.55313,488.9008512225374
2022-07-10,333427,Delhi,421.7,482.60225039242226,469.33725,483.1320875491523
2022-07-01,333427,HR-NCR,149.38,178.98780508244917,180.6277,174.55409664734262
2022-07-02,333427,HR-NCR,198.85,197.60373564064727,203.73708,208.22011157281057
2022-07-03,333427,HR-NCR,220.62,197.3616643389721,199.30984,208.47378893460737
2022-07-04,333427,HR-NCR,135.86,179.83856258579146,181.96233,173.98863800781612
2022-07-05,333427,HR-NCR,154.93,172.22396382577276,174.35747,169.55994535222965
2022-07-06,333427,HR-NCR,164.23,168.8135509989826,172.79051,168.14381372728724
2022-07-07,333427,HR-NCR,132.79,167.9183460045463,170.63432,162.77460463687726
2022-07-08,333427,HR-NCR,215.2,167.9183460045463,170.63432,162.49881329647593
2022-07-09,333427,HR-NCR,128.35,193.35915767023565,193.71846,201.53763574985004
2022-07-10,333427,HR-NCR,166.33,194.9602305869713,194.28633,209.17343238249683
2022-07-01,333764,Delhi,1032.73,632.8999222835023,647.432,638.8838900215072
2022-07-02,333764,Delhi,981.22,749.606808083895,736.1055,722.5556987288651
2022-07-03,333764,Delhi,698.12,740.4925691888548,756.1465,731.0767551525654
2022-07-04,333764,Delhi,587.11,666.4492229754835,681.6041,658.2344434313277
2022-07-05,333764,Delhi,735.49,666.3081620657053,688.3222,675.2382075083631
2022-07-06,333764,Delhi,656.81,690.4125524414392,685.948,689.4348838950586
2022-07-07,333764,Delhi,804.54,691.207169536274,694.9297,686.6967940746019
2022-07-08,333764,Delhi,1199.91,697.7621120619001,697.56744,700.624785010523
2022-07-09,333764,Delhi,744.77,795.8067667270171,815.06177,802.376212181074
2022-07-10,333764,Delhi,809.1,817.2364772269403,818.0293,811.375098136047
2022-07-01,333764,HR-NCR,436.18,409.9281847134733,406.70584,407.6797488173434
2022-07-02,333764,HR-NCR,365.66,463.64506119758505,452.93457,458.61950266339335
2022-07-03,333764,HR-NCR,615.94,463.26517751003985,453.97076,460.3156600572617
2022-07-04,333764,HR-NCR,345.85,415.4951132293462,410.26062,415.7944780190976
2022-07-05,333764,HR-NCR,396.5,404.13942730683,406.90317,407.4001508502441
2022-07-06,333764,HR-NCR,372.03,404.5534779811732,403.5495,405.09608497675373
2022-07-07,333764,HR-NCR,363.66,396.41049680796357,398.3855,401.27905352728163
2022-07-08,333764,HR-NCR,359.09,391.9415263247113,389.75742,391.3050459288149
2022-07-09,333764,HR-NCR,537.22,446.50341385828045,445.27982,452.8272804264249
2022-07-10,333764,HR-NCR,516.54,463.4793445433705,456.90182,471.7462366436089
2022-07-01,333785,Delhi,4219.48,4662.052892213576,4593.442,4641.090421527182
2022-07-02,333785,Delhi,6296.93,5000.972686189876,4826.1675,4851.62498860722
2022-07-03,333785,Delhi,5673.79,4931.530472677876,4870.11,4846.509659515883
2022-07-04,333785,Delhi,3857.48,4467.367796386922,4338.992,4488.517262660687
2022-07-05,333785,Delhi,3791.12,4341.138901711303,4311.3276,4392.498450975798
2022-07-06,333785,Delhi,5613.13,4462.259789098556,4431.3257,4481.379590109191
2022-07-07,333785,Delhi,4524.42,4401.022107081872,4375.6753,4486.994829982363
2022-07-08,333785,Delhi,3897.17,4512.4268501146325,4474.984,4531.325898716655
2022-07-09,333785,Delhi,5009.8,4928.148255231131,4882.002,4866.902011873556
2022-07-10,333785,Delhi,4486.9,5181.736176868999,5040.3257,4954.113128136072
2022-07-01,333785,HR-NCR,2922.06,3357.445441135116,3342.3235,3392.114738683372
2022-07-02,333785,HR-NCR,3599.79,3701.5968159903327,3640.1545,3614.1591608091812
2022-07-03,333785,HR-NCR,3170.13,3536.399478398324,3530.9187,3531.1718505400927
2022-07-04,333785,HR-NCR,2867.96,3268.660437767367,3245.176,3336.6895500186038
2022-07-05,333785,HR-NCR,3166.86,3341.5977561271543,3347.5325,3376.2270228890347
2022-07-06,333785,HR-NCR,3374.44,3101.3561359189553,3099.747,3190.942137035544
2022-07-07,333785,HR-NCR,3022.19,3116.791837152589,3125.306,3209.6982337007676
2022-07-08,333785,HR-NCR,3448.14,3330.5822348997785,3336.17,3336.427100269039
2022-07-09,333785,HR-NCR,3673.43,3687.67489820088,3656.1687,3598.650708783657
2022-07-10,333785,HR-NCR,3222.92,3505.7950960796156,3470.3862,3449.2130721511617
2022-07-01,335816,Bengaluru,338.34,168.82512656420406,171.63034,171.04831702376876
2022-07-02,335816,Bengaluru,294.75,205.85701622722803,205.9252,214.5210937408886
2022-07-03,335816,Bengaluru,242.24,205.7126951582983,206.82037,211.82001776535446
2022-07-04,335816,Bengaluru,128.39,182.16008856492294,184.13173,173.9489672305525
2022-07-05,335816,Bengaluru,429.61,179.60455548085784,183.69199,170.35321335458414
2022-07-06,335816,Bengaluru,156.59,192.1154502723533,199.34712,185.00630112950634
2022-07-07,335816,Bengaluru,225.64,194.96798450442606,204.07957,201.0921747820181
2022-07-08,335816,Bengaluru,203.72,188.51622450162859,197.21321,191.49965479718674
2022-07-09,335816,Bengaluru,201.65,215.46255608722774,219.49232,222.4002206059214
2022-07-10,335816,Bengaluru,91.64,221.23386479122598,222.19432,225.56322547125149
2022-07-01,336628,Delhi,105.53,381.44395140992316,390.53445,389.3658751718922
2022-07-02,336628,Delhi,1116.03,440.84454209556196,444.00705,439.2299576057481
2022-07-03,336628,Delhi,318.07,499.4335702163636,481.2187,502.36749331179493
2022-07-04,336628,Delhi,653.03,406.95872888731856,414.1053,395.12394118769794
2022-07-05,336628,Delhi,458.32,422.235034708985,423.88245,433.56811397454135
2022-07-06,336628,Delhi,199.49,424.8969956015803,422.46997,421.5070554381626
2022-07-07,336628,Delhi,95.94,427.12054783340426,422.90878,424.3860828167531
2022-07-08,336628,Delhi,107.61,429.24854251066273,430.58505,428.8587735891303
2022-07-09,336628,Delhi,282.88,490.56973778000406,436.9469,460.813058557536
2022-07-10,336628,Delhi,172.88,450.1139005874749,433.34094,441.6628569195435
2022-07-01,339152,Bengaluru,488.63,448.84714507985547,454.57913,447.04625060372103
2022-07-02,339152,Bengaluru,438.92,514.8768298880951,514.092,518.6299804517394
2022-07-03,339152,Bengaluru,587.74,514.2559998809828,505.68143,508.3876590501388
2022-07-04,339152,Bengaluru,325.32,456.32390998457106,460.14987,459.28881408404715
2022-07-05,339152,Bengaluru,446.99,446.3259678858767,449.18704,445.61452033146304
2022-07-06,339152,Bengaluru,530.45,433.5626661259628,444.78934,443.4099482942595
2022-07-07,339152,Bengaluru,504.04,451.62176145858444,447.01196,449.0659259888849
2022-07-08,339152,Bengaluru,435.14,450.5180954858317,447.01196,447.30296100459145
2022-07-09,339152,Bengaluru,404.88,511.0841260731908,506.23758,506.56449522179037
2022-07-10,339152,Bengaluru,475.74,507.96458083754914,505.29797,508.61652392973855
2022-07-01,339152,Mumbai,148.68,187.26467508842015,187.13882,184.81160860631508
2022-07-02,339152,Mumbai,265.94,213.67459610142316,211.87737,223.5614726826576
2022-07-03,339152,Mumbai,298.47,217.54890409659558,218.9132,232.3564633769062
2022-07-04,339152,Mumbai,205.26,189.52405248813125,193.16982,191.34686942516853
2022-07-05,339152,Mumbai,148.64,189.9229862106194,193.41167,191.18412825620325
2022-07-06,339152,Mumbai,248.42,189.52405248813125,193.16982,186.87004976750382
2022-07-07,339152,Mumbai,165.88,189.60882678092273,195.63971,189.73622852102756
2022-07-08,339152,Mumbai,218.61,190.54917081025818,196.97433,192.04011068840927
2022-07-09,339152,Mumbai,251.99,217.64952032309716,219.07013,230.59120483330145
2022-07-10,339152,Mumbai,183.45,221.23460216688508,222.12521,236.5429931196921
2022-07-01,339153,Mumbai,150.85,155.0897177450406,160.42809,151.75117648688425
2022-07-02,339153,Mumbai,212.15,178.89285544033152,182.91684,190.96767504137003
2022-07-03,339153,Mumbai,206.07,177.460670513673,181.54105,189.09954739051614
2022-07-04,339153,Mumbai,100.65,155.8250001029206,160.76523,149.2834301083479
2022-07-05,339153,Mumbai,86.49,155.52909410530253,160.42809,152.4133090873238
2022-07-06,339153,Mumbai,77.33,155.52909410530253,160.42809,153.1666534685338
2022-07-07,339153,Mumbai,127.72,154.56393465986645,160.16661,149.96743105951373
2022-07-08,339153,Mumbai,142.26,154.7855382353702,160.42809,153.5505221661648
2022-07-09,339153,Mumbai,189.49,177.05016455310957,181.02202,189.13019393327153
2022-07-10,339153,Mumbai,220.54,177.05016455310957,181.27957,190.12399718086277
2022-07-01,339179,Bengaluru,369.58,264.13448713512093,262.13278,259.28707691596526
2022-07-02,339179,Bengaluru,786.62,293.304299539334,297.30573,294.6100582413644
2022-07-03,339179,Bengaluru,233.81,329.6589672677751,329.3746,318.89596124402414
2022-07-04,339179,Bengaluru,81.11,252.16045220428967,275.66788,247.78193436438016
2022-07-05,339179,Bengaluru,79.42,262.3727996251287,273.3535,258.31528260868225
2022-07-06,339179,Bengaluru,61.34,258.3813850343557,267.21085,253.65631080238586
2022-07-07,339179,Bengaluru,171.65,288.6638921638303,268.38763,276.39554832848205
2022-07-08,339179,Bengaluru,123.99,253.94442019995117,263.7187,262.5256264360872
2022-07-09,339179,Bengaluru,345.95,269.49217029110247,291.57043,311.9711549602415
2022-07-10,339179,Bengaluru,604.96,281.96246169264236,285.77054,294.5284849039702
2022-07-01,339179,Delhi,785.39,485.1823172398067,496.09277,507.4097155616181
2022-07-02,339179,Delhi,697.76,588.7353593400762,584.60266,584.2868128570722
2022-07-03,339179,Delhi,568.28,588.1145293329639,586.7194,594.0221690469461
2022-07-04,339179,Delhi,361.82,488.13023250517756,493.74188,490.14304265953
2022-07-05,339179,Delhi,542.99,482.7283032379207,492.31985,484.06375637574035
2022-07-06,339179,Delhi,304.46,487.2027247726491,493.74188,487.84184334662655
2022-07-07,339179,Delhi,515.35,481.3409995887018,485.88596,477.7111889984671
2022-07-08,339179,Delhi,633.81,484.8665823080558,494.91107,497.44737649909024
2022-07-09,339179,Delhi,404.26,588.7208090996785,566.0911,573.106161793683
2022-07-10,339179,Delhi,445.78,557.4529455303285,557.6193,562.524597256422
2022-07-01,339179,HR-NCR,296.65,246.186423495349,244.73688,238.81666726386334
2022-07-02,339179,HR-NCR,359.64,286.49816437726736,285.29272,285.76172086713206
2022-07-03,339179,HR-NCR,291.53,292.06429678500734,292.18018,303.047721584494
2022-07-04,339179,HR-NCR,290.52,247.25336873186131,255.16684,248.6470703968609
2022-07-05,339179,HR-NCR,292.14,247.25336873186131,254.76874,246.52766272272294
2022-07-06,339179,HR-NCR,320.79,260.5605253675944,264.29532,254.0263879096207
2022-07-07,339179,HR-NCR,179.37,267.68852048169447,269.49902,262.4627069864111
2022-07-08,339179,HR-NCR,375.41,261.39256586717687,265.5429,250.9357281613709
2022-07-09,339179,HR-NCR,174.73,315.0728506480172,312.28232,315.6090141770103
2022-07-10,339179,HR-NCR,185.97,306.8299099647485,307.0218,312.62948759777953
2022-07-01,339309,Delhi,1497.94,1833.2982927440885,1730.4106,1793.3755702892672
2022-07-02,339309,Delhi,1602.69,1987.7219248153522,2015.846,1978.9885427280394
2022-07-03,339309,Delhi,1715.6,1903.6890022216878,1923.4427,1918.2083262450524
2022-07-04,339309,Delhi,1676.94,1757.6173108047483,1788.5099,1827.6953036504694
2022-07-05,339309,Delhi,1929.72,1709.444900725747,1723.8596,1771.0109216418034
2022-07-06,339309,Delhi,1511.35,1706.628747256038,1733.5793,1770.1540409759123
2022-07-07,339309,Delhi,1762.8,1705.4031962641773,1729.8082,1759.3088028851182
2022-07-08,339309,Delhi,1615.67,1726.4845876785475,1742.8826,1768.4925249792923
2022-07-09,339309,Delhi,1953.81,1958.766647362963,1947.9431,1934.8364538245853
2022-07-10,339309,Delhi,1328.09,1873.6166700475035,1865.9686,1851.5286417205525
2022-07-01,339309,HR-NCR,513.26,482.7283032379207,491.012,490.03786390823234
2022-07-02,339309,HR-NCR,460.86,556.9741904026166,559.56116,565.2690605504208
2022-07-03,339309,HR-NCR,578.62,549.3065394943936,534.906,543.710361129752
2022-07-04,339309,HR-NCR,462.52,485.39659250606866,477.27112,479.6091696687939
2022-07-05,339309,HR-NCR,575.51,469.92409467470037,472.06586,469.64252272378053
2022-07-06,339309,HR-NCR,524.33,487.0080251228355,493.44818,483.4084042027662
2022-07-07,339309,HR-NCR,456.27,482.4732927749049,488.8369,484.8505685423952
2022-07-08,339309,HR-NCR,432.06,483.54222216743136,489.69363,487.01945312454694
2022-07-09,339309,HR-NCR,653.34,558.0818475445609,559.42505,558.7649431125169
2022-07-10,339309,HR-NCR,640.51,556.5083891956748,546.4525,549.3916679103023
2022-07-01,341746,Delhi,393.14,400.2022098000924,391.30978,392.2069393006925
2022-07-02,341746,Delhi,218.54,463.43413485156026,443.63046,452.1148567590562
2022-07-03,341746,Delhi,137.64,442.35990210784377,422.8729,434.5371495464475
2022-07-04,341746,Delhi,384.53,374.635430340336,371.3828,366.82429680837055
2022-07-05,341746,Delhi,344.94,377.93331025176457,371.6146,377.78681792675616
2022-07-06,341746,Delhi,393.07,379.70705430286836,382.43845,394.915362380967
2022-07-07,341746,Delhi,423.63,380.04299984020304,376.66278,385.7380055433708
2022-07-08,341746,Delhi,460.62,379.45204383985254,380.0475,384.0290783746153
2022-07-09,341746,Delhi,562.68,434.34944591903866,430.7411,439.36789959152907
2022-07-10,341746,Delhi,704.0,464.4571346394211,445.9047,455.17704606607174
2022-07-01,341746,HR-NCR,125.49,189.52405248813125,192.58247,184.43721996858568
2022-07-02,341746,HR-NCR,312.07,216.03741770585307,217.32101,221.47249562222208
2022-07-03,341746,HR-NCR,205.44,221.23545557104217,228.5005,243.50748453080567
2022-07-04,341746,HR-NCR,205.8,193.67173011623075,197.22394,200.00866381743714
2022-07-05,341746,HR-NCR,78.95,185.50816145091028,190.32268,189.93815344215358
2022-07-06,341746,HR-NCR,85.71,179.60455548085784,181.1948,173.54737007249975
2022-07-07,341746,HR-NCR,109.29,179.42890504273606,181.05469,175.85826778401741
2022-07-08,341746,HR-NCR,209.83,179.07257937524065,180.29056,173.43546803003412
2022-07-09,341746,HR-NCR,100.26,204.42548176980915,205.30566,212.4153236359054
2022-07-10,341746,HR-NCR,107.71,206.88021930830715,206.18275,221.45389188253125
2022-07-01,341974,Delhi,213.52,251.3415668214584,254.76833,243.91040368472926
2022-07-02,341974,Delhi,281.58,289.8886669658673,286.88245,286.60046184732187
2022-07-03,341974,Delhi,321.77,290.4814281191128,292.0074,301.37558948085797
2022-07-04,341974,Delhi,156.58,245.8789886083361,246.41331,241.56434918929898
2022-07-05,341974,Delhi,167.95,246.72974611167845,251.75647,242.67959854689752
2022-07-06,341974,Delhi,127.34,238.95432286973917,244.39418,238.81004265462605
2022-07-07,341974,Delhi,228.25,235.42759547639324,242.25778,242.1415539425459
2022-07-08,341974,Delhi,335.47,233.78011462455348,239.48285,233.02915390121868
2022-07-09,341974,Delhi,350.0,269.26393002349255,275.4433,286.41763543181395
2022-07-10,341974,Delhi,393.88,270.24867861759793,276.3298,293.03278268284237
2022-07-01,344107,Bengaluru,160.98,189.52405248813125,192.58247,187.06321169593713
2022-07-02,344107,Bengaluru,190.04,218.1652871137379,218.65564,238.43670599934617
2022-07-03,344107,Bengaluru,369.42,214.0498035631252,210.2694,225.88463815308606
2022-07-04,344107,Bengaluru,184.28,193.79456178882697,196.69966,197.34040588607886
2022-07-05,344107,Bengaluru,125.91,189.52405248813125,193.16982,189.01415774309586
2022-07-06,344107,Bengaluru,162.32,187.26467508842015,187.72617,181.41609230726476
2022-07-07,344107,Bengaluru,207.38,187.34944938121163,187.13882,185.36560542029997
2022-07-08,344107,Bengaluru,182.29,187.34944938121163,187.72617,184.93906707492502
2022-07-09,344107,Bengaluru,189.58,215.07682130339973,213.79932,228.3959200653414
2022-07-10,344107,Bengaluru,177.85,214.6250970325563,212.11871,229.16790406859207
2022-07-01,349944,Delhi,467.98,646.1338110666019,637.7096,652.8975708151382
2022-07-02,349944,Delhi,990.25,737.3661316477804,704.31744,712.9580271795081
2022-07-03,349944,Delhi,801.81,742.5329030520176,729.01074,741.2558674698548
2022-07-04,349944,Delhi,650.52,645.7815883526316,640.57513,645.1629948116292
2022-07-05,349944,Delhi,661.96,645.7815883526316,644.90216,644.4051325805455
2022-07-06,349944,Delhi,553.58,647.6778478668689,649.24603,653.476278835806
2022-07-07,349944,Delhi,590.62,646.8626388567274,633.4362,627.3393233028855
2022-07-08,349944,Delhi,695.07,650.4853923485288,640.9544,644.9493834696226
2022-07-09,349944,Delhi,556.81,750.7891932462644,728.26324,741.5766276805317
2022-07-10,349944,Delhi,722.36,722.4959548960942,721.19946,722.708354586078
2022-07-01,349944,HR-NCR,389.63,409.2894304754394,421.09924,419.67460780220733
2022-07-02,349944,HR-NCR,458.58,471.1794627397804,466.15933,477.16002342074137
2022-07-03,349944,HR-NCR,394.1,469.1564330369252,461.2017,465.5657163093466
2022-07-04,349944,HR-NCR,319.24,409.94430919362264,408.9827,408.8048196649447
2022-07-05,349944,HR-NCR,296.97,409.94430919362264,408.26837,412.441748087995
2022-07-06,349944,HR-NCR,400.98,403.13397885709736,403.3359,407.04683927548473
2022-07-07,349944,HR-NCR,390.15,403.17776807316136,403.11557,406.4608333589831
2022-07-08,349944,HR-NCR,368.03,402.568226940758,402.1632,401.88855213779544
2022-07-09,349944,HR-NCR,445.46,463.06680918390975,448.98248,453.7559216497293
2022-07-10,349944,HR-NCR,594.44,465.77931790399793,456.66516,468.1212443685426
2022-07-01,350169,Delhi,208.71,188.11543259176244,188.47345,186.44781526432462
2022-07-02,350169,Delhi,383.06,214.81087503046362,213.79932,221.05071010527593
2022-07-03,350169,Delhi,325.81,221.92527967261591,223.77821,233.40485039342065
2022-07-04,350169,Delhi,194.13,204.02344866851507,203.92548,203.2035526574683
2022-07-05,350169,Delhi,285.06,196.88520351163274,199.08414,189.5790194978749
2022-07-06,350169,Delhi,157.9,204.02344866851507,210.12175,203.32536371517898
2022-07-07,350169,Delhi,285.14,196.49836252910285,202.12968,188.82423180828766
2022-07-08,350169,Delhi,147.42,209.44104954518735,211.84467,199.5327073176542
2022-07-09,350169,Delhi,434.87,239.31659502376553,241.25171,242.7049763968448
2022-07-10,350169,Delhi,271.14,243.9070494324243,248.69438,256.78691417613607
2022-07-01,352443,Bengaluru,483.44,837.4151306930552,837.0448,836.1495257415254
2022-07-02,352443,Bengaluru,751.69,958.73162270875,946.0466,934.4478382336355
2022-07-03,352443,Bengaluru,1167.86,950.722945549296,949.1374,956.1363216431868
2022-07-04,352443,Bengaluru,1445.61,821.2085909264723,819.13776,808.3023918160779
2022-07-05,352443,Bengaluru,1077.45,845.9521446181598,858.19257,881.7351176763857
2022-07-06,352443,Bengaluru,839.59,845.8495839192467,867.5692,882.0274257938769
2022-07-07,352443,Bengaluru,534.79,843.710854563845,843.2667,842.805100624732
2022-07-08,352443,Bengaluru,1152.38,828.6600389531468,829.9333,825.2215845342129
2022-07-09,352443,Bengaluru,689.12,947.3880770104721,937.6912,912.2149984475552
2022-07-10,352443,Bengaluru,1707.91,933.2065323922394,956.03357,974.2496435672717
2022-07-01,352443,Delhi,3446.99,1665.5643950396586,1665.1246,1744.7965468608916
2022-07-02,352443,Delhi,1530.97,1825.230111919869,1827.7529,1905.9345107426452
2022-07-03,352443,Delhi,1562.2,1632.011689244265,1765.2909,1686.9930922770632
2022-07-04,352443,Delhi,1881.82,1600.4477346442013,1697.3911,1706.7093706125484
2022-07-05,352443,Delhi,1503.57,1835.0953055583568,1728.5361,1724.3414344504317
2022-07-06,352443,Delhi,1090.54,1703.2686561399123,1752.5857,1765.4903041770913
2022-07-07,352443,Delhi,956.03,1754.2228666693138,1743.297,1731.146248047291
2022-07-08,352443,Delhi,1069.81,1719.6144110498485,1572.9025,1695.684618216519
2022-07-09,352443,Delhi,1459.05,1794.2560999602576,1807.9607,1789.8279061099797
2022-07-10,352443,Delhi,1683.31,1791.0636444662202,1859.0764,1776.3734985805163
2022-07-01,352443,HR-NCR,1138.73,908.7853337480543,916.9885,922.5452484184207
2022-07-02,352443,HR-NCR,372.78,1114.6517872940549,1065.6235,1090.1313108581166
2022-07-03,352443,HR-NCR,879.15,1064.780248473465,1016.2234,1025.1823560818766
2022-07-04,352443,HR-NCR,947.59,892.4090919867225,885.854,900.7730577116135
2022-07-05,352443,HR-NCR,1048.57,897.0487026223009,882.8918,927.7142673213201
2022-07-06,352443,HR-NCR,1063.49,844.1482255453175,848.94684,858.258654204338
2022-07-07,352443,HR-NCR,999.89,896.6432378671661,902.5948,935.7626059247659
2022-07-08,352443,HR-NCR,1290.36,851.3677742662665,853.74896,877.4503537444991
2022-07-09,352443,HR-NCR,1831.13,1023.4134493697029,1017.2644,987.7943475039195
2022-07-10,352443,HR-NCR,597.47,1064.7996474466877,1077.1266,1053.4311339218063
2022-07-01,352443,Mumbai,364.93,309.15929503575677,311.7669,306.39756778212285
2022-07-02,352443,Mumbai,200.94,354.2479085794767,357.87485,376.5943019506734
2022-07-03,352443,Mumbai,399.63,344.1825749759677,349.35532,362.472238984771
2022-07-04,352443,Mumbai,595.18,303.232185447831,305.95355,302.53778418763744
2022-07-05,352443,Mumbai,286.31,325.42386458068876,328.2084,327.96429653342005
2022-07-06,352443,Mumbai,365.14,309.18454246803185,315.6531,312.90447573197133
2022-07-07,352443,Mumbai,308.27,321.5818220654378,326.46585,322.58065797212754
2022-07-08,352443,Mumbai,244.21,310.20061415582484,319.32507,316.62589574106846
2022-07-09,352443,Mumbai,201.37,350.662090484973,346.1771,354.20849846953445
2022-07-10,352443,Mumbai,586.75,350.05160108179416,345.45374,354.15406796541066
2022-07-01,353470,Delhi,352.56,151.3168852280597,161.42447,146.69681729753194
2022-07-02,353470,Delhi,78.13,207.99595185914606,206.9156,230.55355543761857
2022-07-03,353470,Delhi,181.82,177.84681391665893,182.20258,194.8793907429819
2022-07-04,353470,Delhi,319.87,156.21373635001095,160.86745,157.19207731598974
2022-07-05,353470,Delhi,296.42,166.31020035908344,170.62408,161.59604776991364
2022-07-06,353470,Delhi,299.46,166.30932517656652,170.47542,157.86091978747763
2022-07-07,353470,Delhi,236.46,172.433852871921,173.7807,160.09432918605478
2022-07-08,353470,Delhi,123.97,180.6055954277543,184.43748,177.1080755753701
2022-07-09,353470,Delhi,396.98,204.1498490300761,205.94202,198.91813300553
2022-07-10,353470,Delhi,124.83,212.480711675672,217.92398,217.51010783889194
2022-07-01,353470,HR-NCR,192.32,164.24457909450572,168.49998,157.49594013094426
2022-07-02,353470,HR-NCR,149.15,194.64277726082352,197.6607,203.1538967688766
2022-07-03,353470,HR-NCR,222.37,189.57715383431815,197.103,198.02254216457658
2022-07-04,353470,HR-NCR,95.29,170.7729751874517,178.752,157.85524166483532
2022-07-05,353470,HR-NCR,38.3,170.9021969713372,179.57356,161.74496118855652
2022-07-06,353470,HR-NCR,117.97,175.2056240525623,179.4329,175.0811820324996
2022-07-07,353470,HR-NCR,147.18,164.72608091765363,169.25194,178.22981272622712
2022-07-08,353470,HR-NCR,278.01,162.15564227189577,165.27766,162.1176133771959
2022-07-09,353470,HR-NCR,241.7,194.22869745777385,194.28893,210.00167091766775
2022-07-10,353470,HR-NCR,148.56,189.78226119960263,189.02968,198.55462126576467
2022-07-01,355012,Bengaluru,257.56,258.70722665906567,261.48428,259.0814914895255
2022-07-02,355012,Bengaluru,314.95,304.9948749470224,304.4467,315.0999221219676
2022-07-03,355012,Bengaluru,286.41,288.00965076800986,289.434,298.8134846820856
2022-07-04,355012,Bengaluru,324.74,246.4026112285189,251.06166,246.88290057516244
2022-07-05,355012,Bengaluru,286.3,259.31676779146903,261.70016,261.0309592709887
2022-07-06,355012,Bengaluru,212.33,262.3693481700266,263.60962,257.7581088014009
2022-07-07,355012,Bengaluru,307.77,263.6003223920973,264.9443,259.6565388374795
2022-07-08,355012,Bengaluru,291.41,263.7203231606476,266.7022,258.8280995500249
2022-07-09,355012,Bengaluru,345.05,314.22587941948416,308.68558,316.2125206033285
2022-07-10,355012,Bengaluru,231.42,313.6163382870808,308.4697,313.6991458091534
2022-07-01,355051,Delhi,359.23,301.65583076922337,299.75217,300.1692928316011
2022-07-02,355051,Delhi,359.03,343.2581096843352,341.10556,350.2225221518014
2022-07-03,355051,Delhi,381.41,343.86765081673855,341.32144,353.1571390852136
2022-07-04,355051,Delhi,268.79,303.30277046588594,306.9938,302.4323599487385
2022-07-05,355051,Delhi,324.39,307.9765480269554,307.89404,304.0094280968692
2022-07-06,355051,Delhi,342.87,309.3470327768226,311.5981,310.97198521352095
2022-07-07,355051,Delhi,332.9,308.9926197147484,307.1486,302.0168905280756
2022-07-08,355051,Delhi,346.21,310.67802862384474,314.35812,314.08187249688234
2022-07-09,355051,Delhi,315.6,350.05160108179416,346.89233,354.7558303484487
2022-07-10,355051,Delhi,379.94,350.05160108179416,346.89233,356.69039638268936
2022-07-01,355051,HR-NCR,202.73,192.14084646243006,198.77345,192.97985823745302
2022-07-02,355051,HR-NCR,235.03,220.3828336413203,225.70691,236.5197809107227
2022-07-03,355051,HR-NCR,256.45,220.75804110302235,225.80968,236.77432038220854
2022-07-04,355051,HR-NCR,190.43,195.5605982597835,198.77345,195.11874061673856
2022-07-05,355051,HR-NCR,184.52,195.5605982597835,199.08612,194.48127562532056
2022-07-06,355051,HR-NCR,195.13,195.5605982597835,198.1371,192.61137527203414
2022-07-07,355051,HR-NCR,201.9,193.02857857827615,198.44977,192.00018958291037
2022-07-08,355051,HR-NCR,184.37,196.58571658191042,200.42075,196.78236630416728
2022-07-09,355051,HR-NCR,219.39,216.21377745279602,220.37825,232.43576286934012
2022-07-10,355051,HR-NCR,249.47,220.00873671185147,220.6358,233.79276411839547
2022-07-01,357316,Delhi,243.51,246.13597640885135,245.763,242.4633532095471
2022-07-02,357316,Delhi,397.57,287.79693361509857,284.4037,290.3334190519583
2022-07-03,357316,Delhi,272.8,288.00965076800986,288.41748,293.75125446757886
2022-07-04,357316,Delhi,363.67,247.25336873186131,253.2966,253.75228990938194
2022-07-05,357316,Delhi,256.65,247.25336873186131,255.02888,250.89443162536494
2022-07-06,357316,Delhi,296.37,247.9334948823197,257.43222,255.35526536345847
2022-07-07,357316,Delhi,252.24,261.39256586717687,265.38812,252.29265943765438
2022-07-08,357316,Delhi,272.59,260.4522218378414,264.05344,254.0040665214598
2022-07-09,357316,Delhi,237.89,312.5025745346655,309.21072,312.9469702031866
2022-07-10,357316,Delhi,254.39,304.80606031905995,303.1922,308.29225713780147
2022-07-01,357316,HR-NCR,373.34,248.97570888375597,256.0745,253.65538250967074
2022-07-02,357316,HR-NCR,220.2,306.72348910450785,304.78687,304.71128679461407
2022-07-03,357316,HR-NCR,279.26,313.333721904159,307.67487,308.11965634694087
2022-07-04,357316,HR-NCR,197.19,266.856479982112,268.96652,259.67004082640887
2022-07-05,357316,HR-NCR,320.37,262.72483973060787,266.6314,257.8674290191662
2022-07-06,357316,HR-NCR,213.74,267.1376724100821,269.68597,269.4994857772172
2022-07-07,357316,HR-NCR,159.89,269.0048102752752,268.3669,262.8484483531078
2022-07-08,357316,HR-NCR,231.62,259.1793486685299,258.44775,256.6003012583912
2022-07-09,357316,HR-NCR,414.57,303.43926237851366,297.85815,301.79834192684166
2022-07-10,357316,HR-NCR,287.09,305.3644701135844,299.70688,305.1705925926122
2022-07-01,360216,Delhi,175.84,229.22312166728295,229.6392,225.93045980359813
2022-07-02,360216,Delhi,260.44,259.5053636779005,257.64352,266.3188536451884
2022-07-03,360216,Delhi,281.01,259.8805711396025,257.9011,269.0296771247831
2022-07-04,360216,Delhi,257.7,229.22312166728295,229.23183,225.97911167097186
2022-07-05,360216,Delhi,215.5,229.22312166728295,229.23183,223.40045086914895
2022-07-06,360216,Delhi,245.08,228.7712978864288,229.10674,224.06858963333133
2022-07-07,360216,Delhi,240.81,229.3974824860676,230.76443,226.2645462766168
2022-07-08,360216,Delhi,212.86,220.61867164690193,224.42593,220.04702717938423
2022-07-09,360216,Delhi,288.0,251.78465822278298,251.42406,262.28091545681565
2022-07-10,360216,Delhi,251.81,252.15986568448503,252.67332,262.9436657339523
2022-07-01,361153,Bengaluru,199.02,157.23903077085984,164.61984,157.27738151053845
2022-07-02,361153,Bengaluru,262.62,181.12139801197299,186.48267,197.68164446870784
2022-07-03,361153,Bengaluru,158.34,179.51065105018483,183.54744,190.42072088307953
2022-07-04,361153,Bengaluru,140.95,157.49165728748645,162.54945,158.5953571680233
2022-07-05,361153,Bengaluru,177.4,157.49165728748645,162.21231,154.7813741978553
2022-07-06,361153,Bengaluru,175.1,157.49165728748645,162.21231,157.20027829808365
2022-07-07,361153,Bengaluru,209.27,157.35657685595865,161.55449,152.97990874715936
2022-07-08,361153,Bengaluru,157.72,157.3762240223196,162.54945,149.7150764822273
2022-07-09,361153,Bengaluru,86.95,186.3354584391434,187.42264,198.89614457476114
2022-07-10,361153,Bengaluru,217.43,180.2420405220414,183.54744,190.66306224718022
2022-07-01,361153,Delhi,359.15,291.1902168522914,294.6963,287.1026709404228
2022-07-02,361153,Delhi,461.21,332.065735883684,334.5032,346.6766463250632
2022-07-03,361153,Delhi,268.12,338.8815815219967,339.57654,342.39346946632884
2022-07-04,361153,Delhi,337.96,303.3946757566217,304.79486,294.72401255624374
2022-07-05,361153,Delhi,321.66,303.232185447831,306.67044,302.23010177465017
2022-07-06,361153,Delhi,374.79,303.3946757566217,307.62173,299.6454658857671
2022-07-07,361153,Delhi,255.59,304.9283832860823,308.02036,309.850076105987
2022-07-08,361153,Delhi,398.57,304.79625662169883,310.77316,310.2374066983182
2022-07-09,361153,Delhi,508.75,345.9093331826787,340.9318,351.52152923809587
2022-07-10,361153,Delhi,376.35,349.83299031491947,349.99677,355.1989738981961
2022-07-01,362191,Delhi,255.9,245.97348610006068,244.06624,244.34508974263315
2022-07-02,362191,Delhi,410.8,287.02841211201024,277.0776,285.96306419767865
2022-07-03,362191,Delhi,306.49,286.8733718389694,285.3734,294.38919383941027
2022-07-04,362191,Delhi,189.1,258.6366416410107,259.6841,249.82964533815775
2022-07-05,362191,Delhi,284.85,256.073393555509,258.34943,250.29977075464916
2022-07-06,362191,Delhi,286.93,258.8697169678564,264.8116,262.7304161332395
2022-07-07,362191,Delhi,239.7,259.01685835973916,260.97134,249.2925222928153
2022-07-08,362191,Delhi,263.9,257.37495279563467,262.27542,259.362536403303
2022-07-09,362191,Delhi,393.69,289.3712113659326,305.50058,312.53180209451546
2022-07-10,362191,Delhi,349.38,287.4691168412068,288.99603,298.9803916069614
2022-07-01,362624,Delhi,178.33,167.83357171175481,170.63432,164.84479380180537
2022-07-02,362624,Delhi,182.8,192.82647225579728,192.9543,203.58696528771142
2022-07-03,362624,Delhi,218.08,194.35489139470482,195.1079,205.05234192177144
2022-07-04,362624,Delhi,193.89,167.83357171175481,171.45589,165.41393385184526
2022-07-05,362624,Delhi,192.57,168.31911916313572,172.67435,167.4349503458227
2022-07-06,362624,Delhi,172.94,168.31911916313572,172.67435,166.2278196925013
2022-07-07,362624,Delhi,162.55,168.4038934559272,172.67435,167.71461174067
2022-07-08,362624,Delhi,180.23,168.4038934559272,172.67435,165.72025509771666
2022-07-09,362624,Delhi,209.25,193.64459471910826,194.85587,205.6578633612371
2022-07-10,362624,Delhi,217.83,195.10198997369338,195.94368,205.86406601357146
2022-07-01,362796,Bengaluru,258.31,227.59754536883423,223.86044,211.64621131908402
2022-07-02,362796,Bengaluru,19.13,263.3757027357368,262.61237,287.9287540506657
2022-07-03,362796,Bengaluru,550.27,243.5333906811517,234.67688,254.3090500347519
2022-07-04,362796,Bengaluru,37.78,239.09876043533154,226.02405,231.59819561771033
2022-07-05,362796,Bengaluru,267.6,221.96589822695677,220.04747,222.24403254502556
2022-07-06,362796,Bengaluru,270.11,204.33994921038803,203.51337,201.68339135065622
2022-07-07,362796,Bengaluru,229.85,209.36084697939486,211.36664,210.00906089735375
2022-07-08,362796,Bengaluru,158.17,210.87480661556756,208.97163,202.09771531527505
2022-07-09,362796,Bengaluru,109.91,240.7529880834656,241.22705,243.52678729916383
2022-07-10,362796,Bengaluru,147.03,222.72307192757418,223.5272,242.495255884946
2022-07-01,362796,Delhi,680.97,1102.7826654064197,1105.2544,1120.314567704021
2022-07-02,362796,Delhi,1106.21,1186.6869674386714,1192.2998,1163.224498660286
2022-07-03,362796,Delhi,1248.84,1209.8099236549604,1242.2887,1223.741864975083
2022-07-04,362796,Delhi,1302.66,1046.008861267299,1068.9509,1105.0599449290112
2022-07-05,362796,Delhi,1705.93,1030.4005893175854,1041.3047,1048.3558060374696
2022-07-06,362796,Delhi,923.1,1113.8450112865266,1104.2881,1108.0761920249715
2022-07-07,362796,Delhi,1194.83,1135.149314550285,1101.8416,1112.1604691464731
2022-07-08,362796,Delhi,1007.19,1100.9642045673306,1091.9247,1087.7267719951196
2022-07-09,362796,Delhi,1151.86,1316.6887299389489,1215.9247,1182.725630801646
2022-07-10,362796,Delhi,998.85,1318.3183664867684,1287.0758,1279.6161368667863
2022-07-01,362796,HR-NCR,573.9,479.0122921961828,486.1076,485.7464223599801
2022-07-02,362796,HR-NCR,444.17,562.52499443834,562.77826,559.1840311244197
2022-07-03,362796,HR-NCR,526.48,537.4502284755471,540.2896,530.9136896970449
2022-07-04,362796,HR-NCR,413.77,474.0776915930848,491.012,481.114305323645
2022-07-05,362796,HR-NCR,621.93,460.8342469422446,474.323,480.7505751856439
2022-07-06,362796,HR-NCR,330.46,479.63355699326013,483.48615,477.0650469938797
2022-07-07,362796,HR-NCR,477.74,471.1176306126567,461.29434,463.9624138956215
2022-07-08,362796,HR-NCR,477.4,480.8618601581381,475.82202,485.3798297554722
2022-07-09,362796,HR-NCR,444.96,540.2752311573902,532.5967,537.534017705076
2022-07-10,362796,HR-NCR,389.25,523.7924786947464,523.0022,522.6497019642757
2022-07-01,362796,Mumbai,179.36,208.03167000054663,208.94128,205.85028071850203
2022-07-02,362796,Mumbai,235.68,238.84077133556187,238.24435,247.69837748146745
2022-07-03,362796,Mumbai,217.93,240.37005958489894,240.68654,255.34882035963446
2022-07-04,362796,Mumbai,206.76,205.4148760262478,205.66737,199.93921552585118
2022-07-05,362796,Mumbai,123.9,207.59023878143935,207.17252,204.19335298440888
2022-07-06,362796,Mumbai,199.4,200.08204944236704,199.45406,194.84789736764705
2022-07-07,362796,Mumbai,253.69,197.05668883210515,197.72646,197.8891355818583
2022-07-08,362796,Mumbai,240.71,199.31606623181622,203.56308,195.5305926515347
2022-07-09,362796,Mumbai,365.71,235.89758060207112,236.88167,243.65760648705478
2022-07-10,362796,Mumbai,162.41,240.09073620795573,240.62636,249.54204684223873
2022-07-01,363541,Delhi,925.75,659.5347639558591,676.52905,679.5925776852743
2022-07-02,363541,Delhi,467.86,765.4417745210145,762.41595,769.3999233195264
2022-07-03,363541,Delhi,462.6,744.4080053506292,741.6027,732.0995088593237
2022-07-04,363541,Delhi,580.56,650.6021198999571,636.0799,651.1126793663611
2022-07-05,363541,Delhi,409.73,656.568324607743,660.99976,659.1325113334038
2022-07-06,363541,Delhi,460.48,654.7971918603415,662.04,677.3438664000206
2022-07-07,363541,Delhi,608.53,635.3293742598281,625.571,645.7202509979542
2022-07-08,363541,Delhi,367.46,653.1846635425667,630.58417,655.2954004511541
2022-07-09,363541,Delhi,793.8,683.6591637275734,670.1959,689.0480778078826
2022-07-10,363541,Delhi,786.15,707.4095009337615,676.12384,698.1171923329675
2022-07-01,363541,HR-NCR,324.07,519.8092577813732,526.57605,525.0557329168861
2022-07-02,363541,HR-NCR,172.87,594.2668263510893,591.1939,581.483472387233
2022-07-03,363541,HR-NCR,795.13,596.0795480544241,603.3828,628.2348559998314
2022-07-04,363541,HR-NCR,469.91,525.4207088767768,529.5865,541.2449211239522
2022-07-05,363541,HR-NCR,687.5,524.2406136946929,530.2132,544.3275415748901
2022-07-06,363541,HR-NCR,300.58,514.0941911781098,521.91925,537.2665730139864
2022-07-07,363541,HR-NCR,456.45,483.80699466626095,493.6758,498.52568954586957
2022-07-08,363541,HR-NCR,562.58,482.53591251545214,490.15176,484.5724942711742
2022-07-09,363541,HR-NCR,594.85,560.5094235551834,555.83374,530.1232817741413
2022-07-10,363541,HR-NCR,831.99,603.3754519588751,565.4966,581.9497632380666
2022-07-01,363887,Bengaluru,300.81,263.0307592454241,265.32788,258.8708429808931
2022-07-02,363887,Bengaluru,278.82,310.8535120172418,309.454,318.3487633559253
2022-07-03,363887,Bengaluru,308.28,309.69943122960683,305.5935,307.0229291505982
2022-07-04,363887,Bengaluru,228.52,264.0440070575571,269.08624,266.97742642484974
2022-07-05,363887,Bengaluru,256.56,263.2201056733689,264.9443,259.9358651307065
2022-07-06,363887,Bengaluru,248.31,262.3693481700266,264.3247,254.93496776011483
2022-07-07,363887,Bengaluru,227.57,264.42422377628554,267.799,265.4571229834885
2022-07-08,363887,Bengaluru,215.06,263.6003223920973,264.3519,263.4558365522153
2022-07-09,363887,Bengaluru,271.47,303.82131172495457,301.39368,309.42506900814277
2022-07-10,363887,Bengaluru,211.93,288.64394324968043,290.13052,303.23807584300636
2022-07-01,364177,Delhi,275.16,263.8815167487664,267.3895,264.3698550764568
2022-07-02,364177,Delhi,338.12,310.7462417521902,303.85608,307.6930568477594
2022-07-03,364177,Delhi,367.28,311.62620783871955,307.25488,306.49032644623406
2022-07-04,364177,Delhi,246.53,276.30499305497864,281.52832,277.4896446499324
2022-07-05,364177,Delhi,383.31,269.3887858699732,272.7181,270.53270542077655
2022-07-06,364177,Delhi,233.62,270.58552742289663,275.8509,268.1175133365477
2022-07-07,364177,Delhi,165.13,270.96574414162507,275.8509,267.0291797408876
2022-07-08,364177,Delhi,240.76,267.55767220248623,273.12177,270.34489519266674
2022-07-09,364177,Delhi,417.32,310.6486478705066,310.0446,312.8200680365526
2022-07-10,364177,Delhi,391.25,316.7390868039764,315.94617,326.70585329238384
2022-07-01,364304,Bengaluru,197.39,208.03167000054663,211.67415,204.17771504681158
2022-07-02,364304,Bengaluru,235.03,238.84077133556187,240.71214,247.0606486502866
2022-07-03,364304,Bengaluru,242.88,239.21597879726392,240.9697,248.77394494227067
2022-07-04,364304,Bengaluru,201.34,208.88242750388892,213.00876,209.1245434048275
2022-07-05,364304,Bengaluru,213.01,208.03167000054663,211.67415,205.19581375745722
2022-07-06,364304,Bengaluru,188.51,208.03167000054663,208.94128,203.8668489450455
2022-07-07,364304,Bengaluru,187.93,208.1164442933381,208.94128,203.50616887054525
2022-07-08,364304,Bengaluru,222.55,208.1164442933381,208.80112,201.43582295956875
2022-07-09,364304,Bengaluru,254.91,239.10671760849797,238.24435,247.84360063921383
2022-07-10,364304,Bengaluru,230.59,239.21342076949244,240.70955,249.76110085285387
2022-07-01,364304,Delhi,250.97,309.3470327768226,311.5981,312.8936424554263
2022-07-02,364304,Delhi,475.83,350.2814358055973,343.0007,358.9123712086088
2022-07-03,364304,Delhi,255.94,349.71692365181934,347.58865,361.83658870452064
2022-07-04,364304,Delhi,319.15,306.9280616389659,305.41074,306.3151265170841
2022-07-05,364304,Delhi,285.69,308.7374916444192,310.11337,310.33300976311875
2022-07-06,364304,Delhi,304.07,306.4001933483478,303.4645,302.89842333778057
2022-07-07,364304,Delhi,354.28,304.248257135624,303.28146,299.72167317695886
2022-07-08,364304,Delhi,234.84,309.68297831415725,310.482,305.89191042822404
2022-07-09,364304,Delhi,360.44,346.07182349146944,345.45374,360.0901651607838
2022-07-10,364304,Delhi,240.43,344.7582287389036,343.1218,354.1036860581693
2022-07-01,364304,HR-NCR,186.77,209.75520897488403,212.08652,207.18853760021904
2022-07-02,364304,HR-NCR,227.25,240.27651420586304,241.31361,251.403633439676
2022-07-03,364304,HR-NCR,220.77,239.21597879726392,241.12448,250.2585873003124
2022-07-04,364304,HR-NCR,191.87,208.03167000054663,211.67415,208.41424587137948
2022-07-05,364304,HR-NCR,201.01,208.03167000054663,211.67415,203.93340830336703
2022-07-06,364304,HR-NCR,220.55,208.03167000054663,211.67415,203.99405146159523
2022-07-07,364304,HR-NCR,230.24,208.1164442933381,211.67415,206.79370637351337
2022-07-08,364304,HR-NCR,231.61,208.1164442933381,211.67415,207.24447575608374
2022-07-09,364304,HR-NCR,219.18,239.10671760849797,240.71214,251.36197815881715
2022-07-10,364304,HR-NCR,226.37,239.48192507020002,240.9697,250.2677506386078
2022-07-01,365339,Bengaluru,445.67,558.8809988831694,556.31903,533.9511681596035
2022-07-02,365339,Bengaluru,592.61,657.6781808261813,643.2351,654.4348797937431
2022-07-03,365339,Bengaluru,549.59,643.8057620446325,632.0236,639.4075005001968
2022-07-04,365339,Bengaluru,453.77,559.5244797819928,560.66736,563.1125907210895
2022-07-05,365339,Bengaluru,384.36,553.262935650673,547.5206,554.3126412765052
2022-07-06,365339,Bengaluru,662.8,534.8667245810981,540.66046,536.8311608040655
2022-07-07,365339,Bengaluru,539.45,549.0726506672411,546.146,548.1747550879288
2022-07-08,365339,Bengaluru,615.06,558.154020299769,543.5999,541.7014862704169
2022-07-09,365339,Bengaluru,355.81,687.0626458056257,645.1609,663.0246233225292
2022-07-10,365339,Bengaluru,645.83,618.4073999997092,605.5246,628.8792401885294
2022-07-01,365339,Delhi,1255.58,1258.4261329754315,1232.6755,1238.300372393345
2022-07-02,365339,Delhi,1516.26,1388.1291724472806,1374.8066,1365.2951159024994
2022-07-03,365339,Delhi,1194.78,1388.222426216357,1376.5455,1371.319064739257
2022-07-04,365339,Delhi,1735.54,1238.5069579931649,1226.8159,1225.48857779543
2022-07-05,365339,Delhi,1272.55,1239.7342949677854,1234.8705,1255.4422707769572
2022-07-06,365339,Delhi,1269.56,1285.9618851270072,1276.0297,1279.1760549126273
2022-07-07,365339,Delhi,1261.93,1231.2518314864237,1225.5745,1223.305935574899
2022-07-08,365339,Delhi,1173.07,1264.9144435973294,1263.9192,1265.3406131048139
2022-07-09,365339,Delhi,1473.4,1409.131871452708,1402.8896,1389.6743187757372
2022-07-10,365339,Delhi,1361.3,1415.4376965444712,1408.3945,1395.9515188142136
2022-07-01,365339,HR-NCR,743.44,506.1327680897672,517.15857,527.0076144521537
2022-07-02,365339,HR-NCR,622.71,600.2836822801337,594.05554,587.1772312993504
2022-07-03,365339,HR-NCR,598.03,603.0073704795469,596.5613,603.4014554815365
2022-07-04,365339,HR-NCR,524.54,524.3690170283473,520.0337,517.5449744627329
2022-07-05,365339,HR-NCR,442.97,519.6479300079033,522.4877,521.9362060926086
2022-07-06,365339,HR-NCR,668.17,520.7168594004295,524.92554,524.6532697955511
2022-07-07,365339,HR-NCR,421.01,528.4220768385344,529.3823,533.2285129581501
2022-07-08,365339,HR-NCR,556.21,521.9350838465045,526.2439,530.9242196002335
2022-07-09,365339,HR-NCR,589.48,604.19246910499,598.63007,596.124583988746
2022-07-10,365339,HR-NCR,541.49,603.5716390978777,598.63007,601.3446936431592
2022-07-01,365339,Mumbai,110.97,154.37503227480678,160.16661,149.5439811822732
2022-07-02,365339,Mumbai,170.77,178.4823494797681,182.65536,185.42325630628017
2022-07-03,365339,Mumbai,284.77,177.05016455310957,181.27957,182.42272679461036
2022-07-04,365339,Mumbai,132.82,154.37503227480678,160.16661,151.44861727447966
2022-07-05,365339,Mumbai,98.23,155.52169577576714,161.79996,152.66851913819136
2022-07-06,365339,Mumbai,123.37,154.37503227480678,160.16661,148.1955005799444
2022-07-07,365339,Mumbai,147.68,154.37503227480678,160.16661,143.80664077765562
2022-07-08,365339,Mumbai,132.28,155.6112823017603,161.79996,149.50954582964724
2022-07-09,365339,Mumbai,127.65,177.05016455310957,181.02202,181.35290395379025
2022-07-10,365339,Mumbai,168.42,177.17003766857766,181.99466,184.36680791964307
2022-07-01,365455,Bengaluru,279.7,283.64831391726693,283.87796,284.47848826497403
2022-07-02,365455,Bengaluru,305.72,325.5635249367296,321.82632,324.3415752508103
2022-07-03,365455,Bengaluru,248.98,325.5635249367296,322.57178,330.43983182668285
2022-07-04,365455,Bengaluru,340.68,271.9018708061523,276.32758,275.88305412324235
2022-07-05,365455,Bengaluru,227.25,276.23920043670944,278.98648,278.72630735931114
2022-07-06,365455,Bengaluru,364.54,271.9018708061523,276.86935,275.66896253008804
2022-07-07,365455,Bengaluru,331.32,276.34651114929824,278.71414,279.58165020383655
2022-07-08,365455,Bengaluru,252.55,283.5814798123827,285.35883,284.43499956536965
2022-07-09,365455,Bengaluru,357.05,325.87283680081873,319.6417,324.77445877417335
2022-07-10,365455,Bengaluru,393.2,327.0269175884537,321.67154,330.21812054497207
2022-07-01,365455,Delhi,682.07,521.3842826139656,590.0361,587.8891201230878
2022-07-02,365455,Delhi,272.84,676.8285559905491,796.54254,834.2173234735465
2022-07-03,365455,Delhi,760.31,688.2611487853214,760.36194,727.8653309305632
2022-07-04,365455,Delhi,304.17,611.6857387552652,622.868,670.6149904140923
2022-07-05,365455,Delhi,475.4,583.8607764355326,621.75073,651.8736237601695
2022-07-06,365455,Delhi,340.65,640.8591130792911,622.7234,617.561583071332
2022-07-07,365455,Delhi,1161.73,626.5294697037923,603.61176,593.4589594966907
2022-07-08,365455,Delhi,901.17,630.4099325382076,617.38617,629.1965499506932
2022-07-09,365455,Delhi,372.59,812.0893335221954,856.8507,874.2749302429473
2022-07-10,365455,Delhi,318.76,705.1401563312205,675.43616,666.728409183603
2022-07-01,365455,HR-NCR,406.68,652.2398824429795,653.2142,674.9655373440959
2022-07-02,365455,HR-NCR,767.95,772.5437652547752,745.0432,751.1820562277121
2022-07-03,365455,HR-NCR,943.88,744.0123507587386,724.48083,731.483896363021
2022-07-04,365455,HR-NCR,327.64,660.537744448534,631.11414,615.6792452266179
2022-07-05,365455,HR-NCR,320.78,594.7934630604652,621.9182,594.691846786299
2022-07-06,365455,HR-NCR,983.95,663.5670572078587,640.08936,646.592295200158
2022-07-07,365455,HR-NCR,716.79,682.7053136339157,678.6974,738.3835879061478
2022-07-08,365455,HR-NCR,725.51,626.0743130457247,666.47003,665.2246119391485
2022-07-09,365455,HR-NCR,1042.6,714.1633206485783,683.7583,687.9910054077567
2022-07-10,365455,HR-NCR,735.66,735.2492801662285,730.56415,714.0931669173366
2022-07-01,365534,Delhi,256.31,249.26325684081675,252.50014,244.86079916115548
2022-07-02,365534,Delhi,257.8,297.0600272854741,297.05017,291.4546495092831
2022-07-03,365534,Delhi,46.17,279.86944891255837,288.40698,288.2353879185108
2022-07-04,365534,Delhi,11.23,230.03023407556557,244.13998,235.96170721068685
2022-07-05,365534,Delhi,457.59,251.7264804108829,230.07425,261.7047386754247
2022-07-06,365534,Delhi,228.89,245.83777948521998,243.68494,253.1619046901169
2022-07-07,365534,Delhi,285.37,250.38205186357504,242.56615,245.58704094739267
2022-07-08,365534,Delhi,32.27,258.1839784106342,250.4604,249.20789310943195
2022-07-09,365534,Delhi,477.79,316.4385279095057,282.3756,285.81555855359454
2022-07-10,365534,Delhi,289.99,315.7545971271697,294.32428,300.8447649634269
2022-07-01,365534,HR-NCR,355.09,191.8859487302736,187.30467,188.3847096467714
2022-07-02,365534,HR-NCR,109.18,233.87761077297444,223.90042,237.7567413096668
2022-07-03,365534,HR-NCR,118.98,234.0329635103572,223.50015,223.20144045862307
2022-07-04,365534,HR-NCR,98.93,205.69396869166013,200.74652,198.09873858866047
2022-07-05,365534,HR-NCR,293.89,189.64065484475296,184.88152,181.83368429096868
2022-07-06,365534,HR-NCR,203.33,192.42950386308326,188.88696,187.80995342913647
2022-07-07,365534,HR-NCR,50.49,193.97343816149626,191.68642,194.11827373229067
2022-07-08,365534,HR-NCR,140.44,185.63446073980697,182.33095,187.60490831643315
2022-07-09,365534,HR-NCR,611.44,207.36816621750108,203.3505,206.49208707685503
2022-07-10,365534,HR-NCR,247.59,263.616047111547,241.67125,243.21693261483816
2022-07-01,365678,Delhi,198.03,155.7489488296218,161.0859,150.79615555011816
2022-07-02,365678,Delhi,172.01,179.51065105018483,183.28989,191.13608558069132
2022-07-03,365678,Delhi,166.13,177.97643123561033,183.54744,194.00478868692062
2022-07-04,365678,Delhi,153.09,156.04485482723987,161.0859,157.9960892158819
2022-07-05,365678,Delhi,201.36,155.52909410530253,160.42809,153.1371946815192
2022-07-06,365678,Delhi,131.16,157.54321028053022,161.55449,154.60991927599682
2022-07-07,365678,Delhi,244.81,157.35657685595865,161.55449,152.72506653999602
2022-07-08,365678,Delhi,105.14,162.45982178156615,167.14851,160.15737817942588
2022-07-09,365678,Delhi,190.06,186.11560371482412,186.76482,194.3784460648121
2022-07-10,365678,Delhi,96.54,186.71066590084544,189.02968,199.16918117383412
2022-07-01,366321,Delhi,717.35,549.6343426068338,549.9917,555.8633765512307
2022-07-02,366321,Delhi,385.15,642.8099793745214,626.8058,634.0109342457304
2022-07-03,366321,Delhi,413.29,596.2582992020268,594.0113,598.6827975576304
2022-07-04,366321,Delhi,533.15,519.2397167754358,517.3186,509.62103504204185
2022-07-05,366321,Delhi,764.41,523.8593932193047,518.07916,510.50833780655734
2022-07-06,366321,Delhi,522.44,526.1349229999331,531.3135,534.7628066787425
2022-07-07,366321,Delhi,517.38,535.2315898108441,516.60706,512.9616453513023
2022-07-08,366321,Delhi,890.69,542.3240115057979,535.2674,536.2397040375971
2022-07-09,366321,Delhi,1214.73,664.7106703035486,646.91296,656.2359165004793
2022-07-10,366321,Delhi,732.36,588.9822028622572,652.1854,642.6396375107254
2022-07-01,366492,Delhi,30.98,253.0914863389915,236.19952,226.88353276335204
2022-07-02,366492,Delhi,477.31,286.3706295816067,277.54742,281.01414705307997
2022-07-03,366492,Delhi,215.91,287.60380964797787,276.78217,290.6733953089144
2022-07-04,366492,Delhi,73.01,243.07621670281682,239.1029,235.26564232294763
2022-07-05,366492,Delhi,61.56,250.59137515823505,236.94797,238.19754954309667
2022-07-06,366492,Delhi,422.74,246.12052786081722,231.90233,238.0569449132659
2022-07-07,366492,Delhi,9.92,247.13549081219867,239.9351,246.71381995998635
2022-07-08,366492,Delhi,241.78,251.44060333539394,229.60338,234.23789049554327
2022-07-09,366492,Delhi,811.79,306.933984540064,277.32574,317.38127383061635
2022-07-10,366492,Delhi,88.32,299.01567579585975,303.46725,319.20045978695276
2022-07-01,366654,Bengaluru,104.58,154.99212232881712,160.16661,147.20447113131138
2022-07-02,366654,Bengaluru,137.6,177.05016455310957,181.02202,180.45179882978084
2022-07-03,366654,Bengaluru,187.99,177.05016455310957,181.27957,182.78640029542004
2022-07-04,366654,Bengaluru,208.35,155.94461081547107,163.82803,154.22687350326106
2022-07-05,366654,Bengaluru,145.31,154.49490539027488,160.16661,148.93927784421456
2022-07-06,366654,Bengaluru,226.82,154.37503227480678,160.16661,144.54140315001757
2022-07-07,366654,Bengaluru,180.96,154.56393465986645,160.16661,149.61412661384293
2022-07-08,366654,Bengaluru,50.57,154.67921178447716,160.16661,143.03564628587156
2022-07-09,366654,Bengaluru,215.7,179.18902605977158,182.65536,185.1287746816358
2022-07-10,366654,Bengaluru,169.57,177.05016455310957,181.27957,182.4325981752351
2022-07-01,366654,Delhi,276.58,169.96742482347534,175.00491,158.89162596330442
2022-07-02,366654,Delhi,82.34,209.19932784890443,213.69795,210.43984574782064
2022-07-03,366654,Delhi,712.61,210.6643866119564,214.39713,215.86515699335365
2022-07-04,366654,Delhi,150.81,220.3836425296247,215.2772,201.84605483722828
2022-07-05,366654,Delhi,196.55,193.8019131724288,200.89366,181.80947800530802
2022-07-06,366654,Delhi,163.84,196.61525850778355,207.95836,195.5427814182226
2022-07-07,366654,Delhi,118.55,192.39726925137407,202.09615,192.53409449206208
2022-07-08,366654,Delhi,83.1,189.79848937562318,196.46162,188.19349496012623
2022-07-09,366654,Delhi,117.1,212.91303501398377,223.96512,220.11195539007548
2022-07-10,366654,Delhi,124.05,220.16857057676282,226.76315,245.16328542183305
2022-07-01,366654,HR-NCR,134.61,155.22491459563216,160.42809,148.15881670117818
2022-07-02,366654,HR-NCR,153.38,177.460670513673,181.2835,185.8827658570041
2022-07-03,366654,HR-NCR,115.51,178.2306574170136,181.49547,193.41662313302888
2022-07-04,366654,HR-NCR,155.83,154.37503227480678,160.16661,148.6573948159858
2022-07-05,366654,HR-NCR,85.87,154.37503227480678,160.16661,148.284706706686
2022-07-06,366654,HR-NCR,50.88,154.37503227480678,160.16661,145.39621569153272
2022-07-07,366654,HR-NCR,92.63,154.99212232881712,160.16661,144.96864663160596
2022-07-08,366654,HR-NCR,215.15,154.37503227480678,160.16661,142.6604055129314
2022-07-09,366654,HR-NCR,236.37,177.05016455310957,181.02202,184.81842326442765
2022-07-10,366654,HR-NCR,129.94,177.05016455310957,181.27957,186.8027560751521
2022-07-01,366704,Delhi,150.41,189.52405248813125,193.88489,186.99729903028157
2022-07-02,366704,Delhi,144.22,216.03741770585307,217.32101,229.4937121191459
2022-07-03,366704,Delhi,200.92,216.41262516755512,218.29366,230.36205129317946
2022-07-04,366704,Delhi,197.23,189.9229862106194,193.04749,188.76277454050916
2022-07-05,366704,Delhi,210.09,189.52405248813125,192.24533,192.15947168896537
2022-07-06,366704,Delhi,62.68,189.52405248813125,192.24533,192.6061273875935
2022-07-07,366704,Delhi,219.44,183.49751857492836,181.63454,177.79602305557336
2022-07-08,366704,Delhi,247.94,187.34944938121163,186.80168,186.24847265087504
2022-07-09,366704,Delhi,231.28,213.8509558483661,212.48175,226.89058312893786
2022-07-10,366704,Delhi,111.07,219.73124437691592,218.56027,239.33238612543911
2022-07-01,366711,Delhi,295.22,285.36317377529593,284.91553,280.40787951904366
2022-07-02,366711,Delhi,355.61,328.8705536811473,335.12167,343.4468812700767
2022-07-03,366711,Delhi,473.42,332.2282261924747,333.28836,337.7210647380137
2022-07-04,366711,Delhi,379.26,294.1865284834853,302.81964,302.28395920685665
2022-07-05,366711,Delhi,322.86,295.3483226015021,305.61932,303.554820591101
2022-07-06,366711,Delhi,310.76,304.07480190708003,305.7562,303.93503687043136
2022-07-07,366711,Delhi,282.38,304.31884215367893,302.0685,296.42502764569497
2022-07-08,366711,Delhi,194.84,302.67190245701636,299.56882,293.06638446295597
2022-07-09,366711,Delhi,365.25,336.13652857601676,333.87485,341.0817773460177
2022-07-10,366711,Delhi,408.23,340.8661951590774,338.89197,346.1335999799499
2022-07-01,366712,Delhi,457.22,286.9508017980821,282.20273,293.17441934251525
2022-07-02,366712,Delhi,580.42,328.48013955002887,318.5267,324.5473874794157
2022-07-03,366712,Delhi,285.1,350.28335064952,344.8211,369.21448860243584
2022-07-04,366712,Delhi,170.74,288.89636746621625,295.0502,297.9795535801778
2022-07-05,366712,Delhi,147.93,267.92968441458555,273.2199,268.81987288030797
2022-07-06,366712,Delhi,203.78,266.09225381116886,271.1641,261.7412384328554
2022-07-07,366712,Delhi,192.36,251.8914961727411,256.652,241.51631325087948
2022-07-08,366712,Delhi,191.9,252.0175432934362,257.3671,244.8078858840266
2022-07-09,366712,Delhi,173.31,304.53577791130016,302.56442,316.3266969874609
2022-07-10,366712,Delhi,323.95,285.85577627868025,287.64148,303.4962017722455
2022-07-01,367837,Bengaluru,351.85,160.40521820747566,164.98503,156.30430179666436
2022-07-02,367837,Bengaluru,450.6,193.9232560672063,194.14839,198.8178767511923
2022-07-03,367837,Bengaluru,5.75,209.67871623281238,209.67317,209.9493175045078
2022-07-04,367837,Bengaluru,84.66,181.01503022849434,182.83437,173.88860396050902
2022-07-05,367837,Bengaluru,8.5,180.32233624624817,184.10213,176.3329126979531
2022-07-06,367837,Bengaluru,153.63,168.61374939088208,174.02032,160.68530397980714
2022-07-07,367837,Bengaluru,108.82,179.26435234160206,178.44527,185.05160497102017
2022-07-08,367837,Bengaluru,239.89,161.4336017069878,162.12086,161.81455333407848
2022-07-09,367837,Bengaluru,386.23,194.848805378509,188.15744,203.28282714787076
2022-07-10,367837,Bengaluru,8.83,196.0468994259556,197.53476,202.68636060979375
2022-07-01,367837,Delhi,885.5,755.6580725361262,773.65015,778.1773780833701
2022-07-02,367837,Delhi,673.23,850.9972832422876,868.33606,865.8325431833335
2022-07-03,367837,Delhi,1236.51,846.1024405844909,848.87823,845.4165234200779
2022-07-04,367837,Delhi,766.82,760.0464440176412,767.1832,786.3101105802863
2022-07-05,367837,Delhi,754.74,760.1462009637041,773.3066,774.2922194112261
2022-07-06,367837,Delhi,647.7,760.1462009637041,784.48083,775.9642760227069
2022-07-07,367837,Delhi,871.04,765.8377786013085,784.728,781.1948017026141
2022-07-08,367837,Delhi,561.7,763.6025508807928,785.3165,784.6988040221913
2022-07-09,367837,Delhi,808.07,851.9008123841018,858.10864,853.4066353807559
2022-07-10,367837,Delhi,786.89,848.9925506621674,860.785,868.1796448878899
2022-07-01,367837,HR-NCR,270.36,319.6598702180651,328.76108,326.56950553935536
2022-07-02,367837,HR-NCR,390.65,363.9530436597828,361.23938,376.23920315576913
2022-07-03,367837,HR-NCR,300.32,362.45022589499365,360.61737,378.47921405888627
2022-07-04,367837,HR-NCR,350.27,320.00578482218685,319.92828,324.10870762717576
2022-07-05,367837,HR-NCR,405.23,319.6598702180651,319.7124,320.8641472398159
2022-07-06,367837,HR-NCR,324.03,318.88783877687104,318.01566,317.95697130407007
2022-07-07,367837,HR-NCR,277.18,320.310739914629,320.14774,319.7118772626045
2022-07-08,367837,HR-NCR,351.39,320.5134515970674,318.01566,315.6234788396557
2022-07-09,367837,HR-NCR,401.81,363.55788303693805,360.01718,370.4385860046114
2022-07-10,367837,HR-NCR,389.24,362.6334177453055,357.47498,363.7737939058405
2022-07-01,368150,Mumbai,31.77,168.7549142331521,171.96895,172.31732206639703
2022-07-02,368150,Mumbai,262.78,181.09396945077563,183.70522,193.9101664319969
2022-07-03,368150,Mumbai,52.9,179.93741150493065,186.51831,196.64750843736482
2022-07-04,368150,Mumbai,196.12,156.92373317174142,161.29301,159.31292942606316
2022-07-05,368150,Mumbai,156.02,156.11774073267142,161.29301,151.46196502096174
2022-07-06,368150,Mumbai,95.2,157.23990595337676,162.62764,162.83290587175637
2022-07-07,368150,Mumbai,130.53,154.37503227480678,160.16661,152.8959811870377
2022-07-08,368150,Mumbai,78.82,154.37503227480678,160.16661,148.55703074860702
2022-07-09,368150,Mumbai,219.63,177.17003766857766,181.02202,191.7413048249465
2022-07-10,368150,Mumbai,164.8,177.05016455310957,181.27957,183.73599673670088
2022-07-01,368445,Delhi,483.65,568.6955631989277,567.25494,590.2536492778429
2022-07-02,368445,Delhi,609.6,644.6764292291322,636.2746,651.726524157464
2022-07-03,368445,Delhi,680.42,649.6064032577432,639.3172,658.4158233802816
2022-07-04,368445,Delhi,647.25,568.6955631989277,562.61743,582.3238401119306
2022-07-05,368445,Delhi,572.47,569.5597421914638,565.55725,582.3218717953071
2022-07-06,368445,Delhi,695.86,567.7593742426212,561.10516,569.6091506449563
2022-07-07,368445,Delhi,753.81,570.71280265933,565.98224,576.5763900489355
2022-07-08,368445,Delhi,562.78,572.2601619055636,588.1405,580.8841862030406
2022-07-09,368445,Delhi,705.24,656.941277195638,673.6289,658.8514378769838
2022-07-10,368445,Delhi,897.79,658.7702851279854,677.33746,669.3138145583994
2022-07-01,368445,HR-NCR,273.42,245.44986347987785,243.27156,241.75213316562923
2022-07-02,368445,HR-NCR,275.09,288.0200025908545,277.0604,291.69245237924076
2022-07-03,368445,HR-NCR,260.57,285.40767709195944,273.55972,284.78334385235496
2022-07-04,368445,HR-NCR,225.03,244.4043261504607,240.88701,239.52271330825374
2022-07-05,368445,HR-NCR,256.03,244.04319383906852,242.73853,241.7923636271187
2022-07-06,368445,HR-NCR,238.06,238.52519774128098,238.54802,236.79649894088712
2022-07-07,368445,HR-NCR,305.74,238.90541446000935,238.54802,237.5442516104892
2022-07-08,368445,HR-NCR,243.25,245.83008019860623,244.5597,240.86904482665406
2022-07-09,368445,HR-NCR,320.28,287.2974136005939,283.1193,289.30013624906564
2022-07-10,368445,HR-NCR,248.43,288.4814529408897,283.01428,290.03599571950144
2022-07-01,368933,Delhi,273.76,366.61716721928696,369.78622,361.4283533374742
2022-07-02,368933,Delhi,391.43,420.85070005500535,410.19604,415.29761648816543
2022-07-03,368933,Delhi,369.38,421.1656242142345,411.22382,421.8225242903195
2022-07-04,368933,Delhi,311.84,366.93209137851613,368.08676,369.2058788320716
2022-07-05,368933,Delhi,406.39,359.4610961095654,360.8263,357.6978560232628
2022-07-06,368933,Delhi,293.17,357.74112803822743,365.22702,362.3956676305637
2022-07-07,368933,Delhi,319.42,358.02577594461457,347.60083,348.446519406122
2022-07-08,368933,Delhi,319.06,358.0963609626695,347.60083,347.5141870417644
2022-07-09,368933,Delhi,427.46,396.35458871612747,388.3543,403.95178785196185
2022-07-10,368933,Delhi,448.46,412.6312698992552,393.24536,413.50281593292044
2022-07-01,369007,Delhi,282.6,236.01233723023628,242.68475,238.28742873977657
2022-07-02,369007,Delhi,270.18,269.40166898301607,274.75894,284.07775319427293
2022-07-03,369007,Delhi,221.26,268.03456632138,269.29196,284.2328959153976
2022-07-04,369007,Delhi,219.58,233.16329464883577,234.74577,234.94980756327988
2022-07-05,369007,Delhi,196.27,232.1500468367028,232.4295,235.07592513003442
2022-07-06,369007,Delhi,247.42,232.15361355621565,236.27635,237.06251376721505
2022-07-07,369007,Delhi,120.46,232.25567729500224,231.71442,227.69848914306863
2022-07-08,369007,Delhi,236.55,229.3974824860676,229.79399,226.30561785425684
2022-07-09,369007,Delhi,197.3,259.7713099508366,259.65765,268.0935133961556
2022-07-10,369007,Delhi,181.36,250.48984783799455,247.16443,260.1546914866862
2022-07-01,369013,Bengaluru,468.16,510.85427134439686,494.7459,497.66886174192894
2022-07-02,369013,Bengaluru,414.08,579.5216215450979,577.8333,567.4131370457799
2022-07-03,369013,Bengaluru,360.47,580.898129391285,578.67474,568.1475097776399
2022-07-04,369013,Bengaluru,521.05,481.14229692788274,488.85898,498.64127521527536
2022-07-05,369013,Bengaluru,579.98,502.5901922518414,509.3778,501.7990751125113
2022-07-06,369013,Bengaluru,451.05,508.9905746555618,512.69135,513.337319448084
2022-07-07,369013,Bengaluru,349.87,504.2663250099845,501.7463,511.97967839389867
2022-07-08,369013,Bengaluru,400.16,480.8618601581381,476.11572,486.80532615927484
2022-07-09,369013,Bengaluru,442.72,550.7260625293887,535.18445,553.0673430186433
2022-07-10,369013,Bengaluru,726.12,538.5578856174914,532.5967,538.2058257419591
2022-07-01,369013,Delhi,257.01,233.02166050555306,233.04904,226.94295451661776
2022-07-02,369013,Delhi,262.7,267.82490347538214,265.66318,277.2938416265876
2022-07-03,369013,Delhi,294.5,269.35419172471916,268.80914,283.4809905430417
2022-07-04,369013,Delhi,261.03,232.17090300221076,231.71442,227.34044094160024
2022-07-05,369013,Delhi,254.02,234.590820455153,235.43361,232.9050030600601
2022-07-06,369013,Delhi,147.16,234.590820455153,235.43361,231.99272849389362
2022-07-07,369013,Delhi,265.98,232.92751702363012,232.7889,226.0948000459171
2022-07-08,369013,Delhi,192.89,233.1960213243377,233.04904,229.6801350589861
2022-07-09,369013,Delhi,144.76,267.51328027756256,263.33972,273.1879188564048
2022-07-10,369013,Delhi,262.96,261.58226028283985,258.99045,268.8333617885297
2022-07-01,369013,HR-NCR,200.0,195.5605982597835,201.95917,194.76298377829542
2022-07-02,369013,HR-NCR,207.83,229.52368385937564,236.15265,243.60046656889793
2022-07-03,369013,HR-NCR,260.01,240.20756927610827,238.13046,249.49831914111854
2022-07-04,369013,HR-NCR,304.15,206.2656335295901,209.49939,204.64889785554348
2022-07-05,369013,HR-NCR,204.94,209.35627525239587,208.97163,206.99337554047634
2022-07-06,369013,HR-NCR,113.81,206.73948127809706,205.83789,198.6104777257683
2022-07-07,369013,HR-NCR,175.62,205.4996503190393,205.66737,198.37116728246951
2022-07-08,369013,HR-NCR,223.58,206.43999434837474,207.002,205.70697801361734
2022-07-09,369013,HR-NCR,234.23,234.6717151470375,232.56107,241.48470536360762
2022-07-10,369013,HR-NCR,137.7,235.04692260873955,232.81862,240.71433081442655
2022-07-01,369084,Delhi,197.18,235.01994558361127,239.65337,230.70553259241274
2022-07-02,369084,Delhi,316.78,268.59342497847047,274.86804,283.12644008551035
2022-07-03,369084,Delhi,272.02,263.4915051538013,268.6089,272.9186558005946
2022-07-04,369084,Delhi,222.79,235.01994558361127,240.44858,230.44179808486157
2022-07-05,369084,Delhi,177.37,235.01994558361127,240.44858,228.51378896105888
2022-07-06,369084,Delhi,159.1,235.09053060166627,241.9091,234.1648826202956
2022-07-07,369084,Delhi,195.2,234.50496339506057,234.31488,233.4470142261522
2022-07-08,369084,Delhi,282.76,232.6546110174904,232.34605,229.15747801082188
2022-07-09,369084,Delhi,175.05,265.6778736901255,263.2497,275.5979646673179
2022-07-10,369084,Delhi,198.5,265.6236446989098,263.4148,274.12844012589966
2022-07-01,369084,HR-NCR,98.01,154.56393465986645,160.42809,148.7197738817921
2022-07-02,369084,HR-NCR,155.5,177.05016455310957,181.02202,184.96866795375473
2022-07-03,369084,HR-NCR,176.33,177.23906693816923,181.27957,187.7684510682217
2022-07-04,369084,HR-NCR,139.43,154.56393465986645,160.16661,155.09464162979702
2022-07-05,369084,HR-NCR,174.91,154.37503227480678,160.16661,153.03634230539242
2022-07-06,369084,HR-NCR,88.29,154.37503227480678,160.16661,148.70105251634484
2022-07-07,369084,HR-NCR,141.77,154.37503227480678,160.16661,150.67913355123514
2022-07-08,369084,HR-NCR,187.94,154.37503227480678,160.16661,147.61749584400354
2022-07-09,369084,HR-NCR,161.14,178.57193600576124,182.65536,194.04651241079685
2022-07-10,369084,HR-NCR,200.88,177.05016455310957,181.27957,185.2286754172119
2022-07-01,369742,Bengaluru,227.85,235.84984692144562,242.61444,239.27463075901073
2022-07-02,369742,Bengaluru,257.54,268.4100785041718,272.5784,280.5267946892699
2022-07-03,369742,Bengaluru,272.08,269.7768764447181,272.53412,281.41189567507666
2022-07-04,369742,Bengaluru,252.98,234.1181405087909,238.49802,236.80226037422193
2022-07-05,369742,Bengaluru,263.05,233.71920678630275,235.23233,233.24890570322358
2022-07-06,369742,Bengaluru,200.99,238.07337396042684,241.61237,238.3484820545086
2022-07-07,369742,Bengaluru,192.32,238.90541446000935,238.54802,238.5388096393513
2022-07-08,369742,Bengaluru,201.43,233.38102105877348,233.04904,233.77150860383986
2022-07-09,369742,Bengaluru,314.83,265.8797578006086,262.59134,273.462551425376
2022-07-10,369742,Bengaluru,297.9,272.9771398118,265.9991,280.94007564619216
2022-07-01,369752,Bengaluru,785.17,681.7857182298762,681.7728,684.0150514952102
2022-07-02,369752,Bengaluru,724.09,782.8841961901513,772.4314,771.5772577624246
2022-07-03,369752,Bengaluru,952.23,783.0648630268162,771.97754,768.2196553652766
2022-07-04,369752,Bengaluru,635.44,685.1615388412515,679.4677,682.3407708269411
2022-07-05,369752,Bengaluru,610.22,685.2612957873145,681.7941,681.1141517230535
2022-07-06,369752,Bengaluru,732.58,684.3251068310079,677.7784,678.3869333106253
2022-07-07,369752,Bengaluru,592.64,687.2785352477167,687.1068,686.3037356074759
2022-07-08,369752,Bengaluru,688.59,679.7874037657841,685.4175,683.082584310369
2022-07-09,369752,Bengaluru,789.33,785.9170165121759,780.43646,771.4422699262168
2022-07-10,369752,Bengaluru,917.36,786.835053907813,787.61035,783.3017508593872
2022-07-01,369752,Delhi,1311.22,1075.8322925444318,1083.8345,1125.7592847326769
2022-07-02,369752,Delhi,731.05,1228.1521282417027,1222.9006,1288.2195777053234
2022-07-03,369752,Delhi,798.74,1199.4892760029513,1178.6388,1131.0911561946366
2022-07-04,369752,Delhi,1523.49,1048.1549410423154,1023.0048,1062.1463500360496
2022-07-05,369752,Delhi,673.64,1256.3304665651651,1231.2977,1163.461190830066
2022-07-06,369752,Delhi,1471.92,1149.1182600340603,1075.907,1150.337398046291
2022-07-07,369752,Delhi,1832.01,1092.60851274737,1042.2885,1060.7573938663963
2022-07-08,369752,Delhi,564.2,1054.0152067044885,1051.4019,1074.8192932385525
2022-07-09,369752,Delhi,3174.92,1241.5461235764324,1206.9661,1200.5798208652964
2022-07-10,369752,Delhi,906.5,1058.8892685448607,1073.9161,1119.0423661703924
2022-07-01,369752,HR-NCR,411.57,869.448106548662,832.66766,836.173020235963
2022-07-02,369752,HR-NCR,829.92,965.8234067276529,974.2661,996.856972032184
2022-07-03,369752,HR-NCR,940.44,933.9283077633289,937.29736,944.620343367066
2022-07-04,369752,HR-NCR,988.01,813.5099022097778,815.29407,828.8550089804748
2022-07-05,369752,HR-NCR,538.63,815.5814997004061,814.7268,831.9851097998603
2022-07-06,369752,HR-NCR,834.3,805.7491222734449,777.2466,801.4058125865768
2022-07-07,369752,HR-NCR,710.63,806.0154139108909,792.2515,788.1508576749352
2022-07-08,369752,HR-NCR,874.3,813.7127267803262,801.3999,785.4892079142813
2022-07-09,369752,HR-NCR,656.75,930.3612447606446,938.9001,947.2876759603226
2022-07-10,369752,HR-NCR,885.71,921.2405745595148,850.8183,855.6966558382765
2022-07-01,369752,Mumbai,310.38,303.30277046588594,306.67044,300.93697502486805
2022-07-02,369752,Mumbai,339.11,350.04045947263626,347.43207,359.627221161772
2022-07-03,369752,Mumbai,348.98,342.56888157890734,340.03574,347.89284312025063
2022-07-04,369752,Mumbai,303.06,308.8503309216953,311.7669,309.86294182265146
2022-07-05,369752,Mumbai,273.46,308.66690662636427,313.30887,310.0652730743658
2022-07-06,369752,Mumbai,275.98,309.3470327768226,314.425,310.8696952686835
2022-07-07,369752,Mumbai,331.65,309.22569504159407,312.41766,308.3334363647597
2022-07-08,369752,Mumbai,238.38,309.83523617399743,312.63354,311.9070830069494
2022-07-09,369752,Mumbai,367.81,344.8128176498922,338.95346,351.28325934804707
2022-07-10,369752,Mumbai,289.97,350.05160108179416,345.23785,354.74931664024064
2022-07-01,372351,Delhi,140.78,154.37503227480678,160.16661,148.2826600589569
2022-07-02,372351,Delhi,34.93,177.05016455310957,181.02202,177.091510738891
2022-07-03,372351,Delhi,63.01,177.6672546071199,181.27957,175.29735204347656
2022-07-04,372351,Delhi,153.19,158.69338122218733,160.8817,148.43428058545265
2022-07-05,372351,Delhi,193.91,154.76648375356964,160.16661,150.1966319918224
2022-07-06,372351,Delhi,127.62,155.52169577576714,161.79996,150.83990717805005
2022-07-07,372351,Delhi,180.31,154.37503227480678,160.16661,138.27810130907628
2022-07-08,372351,Delhi,203.09,154.37503227480678,160.16661,142.4773159375583
2022-07-09,372351,Delhi,440.72,177.05016455310957,181.02202,174.4994887543697
2022-07-10,372351,Delhi,214.44,183.92586990608876,187.06609,195.60951117584622
2022-07-01,373842,Delhi,439.9,479.0122921961828,484.29916,478.6966517224068
2022-07-02,373842,Delhi,382.02,544.5976674457042,539.77545,545.4032924922898
2022-07-03,373842,Delhi,503.04,538.5467440083336,526.89264,539.6968661959205
2022-07-04,373842,Delhi,469.88,457.64276806060747,465.04904,464.9695532440751
2022-07-05,373842,Delhi,451.12,457.29685345648574,457.67584,463.7693932616454
2022-07-06,373842,Delhi,409.65,454.9106445145695,457.67584,465.6972411196011
2022-07-07,373842,Delhi,636.36,450.5180954858317,455.13528,458.8103755992771
2022-07-08,373842,Delhi,450.91,464.1837147036832,459.25522,465.9372156277395
2022-07-09,373842,Delhi,502.27,520.1972479334307,512.6836,520.3269461611103
2022-07-10,373842,Delhi,621.0,523.7924786947464,514.6482,522.5581131091425
2022-07-01,373842,HR-NCR,208.01,161.1900333190193,165.89207,159.21802308402866
2022-07-02,373842,HR-NCR,229.4,185.93924396788117,188.1143,197.74981202789553
2022-07-03,373842,HR-NCR,215.15,186.8130997864153,188.37186,197.83501005757995
2022-07-04,373842,HR-NCR,175.11,165.7598658825565,168.146,164.5060854600365
2022-07-05,373842,HR-NCR,215.38,162.37504748877467,166.81137,158.61801211729608
2022-07-06,373842,HR-NCR,201.41,164.90910837921422,167.14851,163.20049825278636
2022-07-07,373842,HR-NCR,153.64,167.9183460045463,170.97147,162.4782945301641
2022-07-08,373842,HR-NCR,160.82,167.9183460045463,171.5588,160.18769556727173
2022-07-09,373842,HR-NCR,134.6,193.00283200274023,192.9543,203.1380608046588
2022-07-10,373842,HR-NCR,189.65,187.6082479801657,189.83183,198.3529715461567
2022-07-01,374067,Delhi,171.38,154.37503227480678,160.16661,146.28219307113707
2022-07-02,374067,Delhi,179.98,177.05016455310957,181.02202,186.5219816582116
2022-07-03,374067,Delhi,188.14,177.05016455310957,181.27957,183.09629697660347
2022-07-04,374067,Delhi,154.73,154.67921178447716,160.16661,146.56048320523885
2022-07-05,374067,Delhi,185.33,154.67921178447716,160.16661,147.2365953815339
2022-07-06,374067,Delhi,220.78,154.67921178447716,160.16661,146.21837247724676
2022-07-07,374067,Delhi,164.34,155.52909410530253,160.42809,150.10010103751432
2022-07-08,374067,Delhi,131.27,155.52909410530253,160.42809,151.00204783511884
2022-07-09,374067,Delhi,160.86,177.460670513673,181.2835,185.25083938462984
2022-07-10,374067,Delhi,192.86,177.460670513673,181.54105,187.04413712289178
2022-07-01,374079,Delhi,1115.62,992.3302355049367,1043.7925,1023.7862874326203
2022-07-02,374079,Delhi,1156.34,1126.4551386053197,1169.0907,1129.5944431752978
2022-07-03,374079,Delhi,881.87,1119.2630071614476,1164.0244,1126.392716716032
2022-07-04,374079,Delhi,970.93,995.5562512207575,1051.1746,1049.460469346652
2022-07-05,374079,Delhi,1137.09,983.6056291095571,1027.0425,1027.5805703647382
2022-07-06,374079,Delhi,673.83,1040.392578698126,1037.2574,1038.8303239909128
2022-07-07,374079,Delhi,963.3,993.3353923073198,1030.3108,1022.3736673433939
2022-07-08,374079,Delhi,1209.05,1006.2783767864531,1051.4731,1064.9558129394306
2022-07-09,374079,Delhi,1291.99,1145.3232685992016,1184.1428,1172.563501829645
2022-07-10,374079,Delhi,1159.0,1131.2937761716903,1131.6975,1129.536604223256
2022-07-01,374079,HR-NCR,506.49,418.42850190210555,414.58737,419.7242395435791
2022-07-02,374079,HR-NCR,470.01,478.9958780219486,478.04483,479.7791373427034
2022-07-03,374079,HR-NCR,492.56,490.035642709365,488.45193,482.86186024745035
2022-07-04,374079,HR-NCR,437.45,427.54050175508934,431.4805,433.68907858074164
2022-07-05,374079,HR-NCR,436.87,427.5858393408692,430.05954,429.98714845579786
2022-07-06,374079,HR-NCR,412.32,417.7852268957976,426.3093,425.5858643458466
2022-07-07,374079,HR-NCR,601.63,420.0723807343994,426.9033,424.3195527748464
2022-07-08,374079,HR-NCR,627.21,424.037178460085,426.09192,421.96718723552726
2022-07-09,374079,HR-NCR,384.16,505.1129107455548,493.99805,500.6733895804159
2022-07-10,374079,HR-NCR,562.56,489.42617599633746,484.20618,479.09818955174035
2022-07-01,375328,Delhi,154.08,182.16008856492294,183.10464,177.4961393032699
2022-07-02,375328,Delhi,156.07,208.040556876193,207.84106,217.21500574969104
2022-07-03,375328,Delhi,234.59,205.7126951582983,208.09862,219.30605080272434
2022-07-04,375328,Delhi,182.44,182.16008856492294,181.63454,178.26884167932081
2022-07-05,375328,Delhi,136.45,182.16008856492294,181.63454,180.5822472075396
2022-07-06,375328,Delhi,195.18,181.80376289742753,180.8704,178.04047242323094
2022-07-07,375328,Delhi,208.52,181.888537190219,180.8704,179.66546961472716
2022-07-08,375328,Delhi,218.04,182.24486285771442,181.97168,177.74915399946886
2022-07-09,375328,Delhi,138.63,209.44278207816956,207.92934,220.47385998885468
2022-07-10,375328,Delhi,175.84,205.53272923774583,205.46892,215.8272830022563
2022-07-01,376857,Bengaluru,196.23,157.54321028053022,161.89163,155.28979314598178
2022-07-02,376857,Bengaluru,176.46,179.78205876754788,186.91858,195.02751689510436
2022-07-03,376857,Bengaluru,259.08,186.5343061539025,187.17613,194.90353364834792
2022-07-04,376857,Bengaluru,140.79,162.37504748877467,167.14851,157.0813863233809
2022-07-05,376857,Bengaluru,159.86,162.65400280552646,167.14851,157.99675772071242
2022-07-06,376857,Bengaluru,132.38,165.26543404670963,171.7356,162.42928544040004
2022-07-07,376857,Bengaluru,125.85,162.73877709831794,167.14851,162.2682762741992
2022-07-08,376857,Bengaluru,184.63,162.45982178156615,166.81137,161.11662239662795
2022-07-09,376857,Bengaluru,142.53,186.8341067959755,188.77213,200.40972267091374
2022-07-10,376857,Bengaluru,161.83,186.71066590084544,187.17613,201.15529113356038
2022-07-01,376859,Bengaluru,127.87,168.1418724938092,171.1571,167.15879907793425
2022-07-02,376859,Bengaluru,232.01,193.00555125396616,192.53833,202.16654414836484
2022-07-03,376859,Bengaluru,191.34,192.98182499318006,192.55403,201.19277272231724
2022-07-04,376859,Bengaluru,169.37,167.61371698743554,170.31364,166.23284993847375
2022-07-05,376859,Bengaluru,149.46,168.0126507099237,170.21835,163.54784256265256
2022-07-06,376859,Bengaluru,134.87,162.65400280552646,166.81137,158.01845824613503
2022-07-07,376859,Bengaluru,215.57,168.85869003388174,171.96895,166.6421410994075
2022-07-08,376859,Bengaluru,204.41,164.9938826720057,166.81137,161.29768169027437
2022-07-09,376859,Bengaluru,199.67,193.00283200274023,193.19615,203.29532816484848
2022-07-10,376859,Bengaluru,154.42,194.6039049194759,194.54648,203.3331322143679
2022-07-01,378161,Delhi,278.88,154.67921178447716,160.50375,139.39530755334147
2022-07-02,378161,Delhi,592.66,177.5805436291411,181.87083,178.8976878681554
2022-07-03,378161,Delhi,139.97,174.00792394930943,199.4122,194.57214463904373
2022-07-04,378161,Delhi,154.53,163.38403789931263,170.25096,154.59587835066722
2022-07-05,378161,Delhi,193.57,165.3110628460591,172.66959,154.36791192471367
2022-07-06,378161,Delhi,114.27,169.22950982765224,174.22156,158.8849724841575
2022-07-07,378161,Delhi,181.97,168.46866231995958,171.08784,151.42229458140497
2022-07-08,378161,Delhi,234.0,175.97639409493536,179.53572,163.92398113593242
2022-07-09,378161,Delhi,257.88,203.3669821084327,212.978,230.0007333588694
2022-07-10,378161,Delhi,78.25,202.98361314344885,208.10165,209.99348253293593
2022-07-01,379583,Delhi,272.63,200.88316431887722,205.06808,197.7748436433289
2022-07-02,379583,Delhi,236.58,221.53691442895533,227.87257,242.79387650693258
2022-07-03,379583,Delhi,362.72,220.61335265282625,222.7305,232.7431793138952
2022-07-04,379583,Delhi,86.6,203.17269116517278,205.75928,200.48708251161287
2022-07-05,379583,Delhi,267.11,192.94380428548467,190.81511,187.82557823281516
2022-07-06,379583,Delhi,200.6,200.555897190874,202.62555,192.26940234688334
2022-07-07,379583,Delhi,244.89,206.82425557088854,205.83789,201.79759556197055
2022-07-08,379583,Delhi,151.04,206.82425557088854,206.55298,201.3433807394808
2022-07-09,379583,Delhi,289.3,236.10745801733867,233.00775,236.79264444505688
2022-07-10,379583,Delhi,227.24,239.69180248546758,237.86713,246.8737782789502
2022-07-01,379584,Delhi,111.99,179.02837508904315,179.77284,173.71432981791304
2022-07-02,379584,Delhi,201.74,205.63716150290875,205.26738,214.95566030272346
2022-07-03,379584,Delhi,234.28,206.0123689646108,205.52493,214.74968455772265
2022-07-04,379584,Delhi,154.76,178.98780508244917,180.29056,175.67623437173768
2022-07-05,379584,Delhi,116.93,178.7679503581299,179.63274,173.57375059114221
2022-07-06,379584,Delhi,172.17,178.80164855497105,178.77928,170.77000837642646
2022-07-07,379584,Delhi,129.85,171.45798061522194,172.6857,167.26230121185552
2022-07-08,379584,Delhi,122.57,171.23812589090267,173.26463,167.1986850741343
2022-07-09,379584,Delhi,161.3,194.7171948220311,197.28455,213.25834244486668
2022-07-10,379584,Delhi,190.02,188.21532498839187,189.70648,201.77553653866707
2022-07-01,380156,Delhi,220.42,222.17596108650795,229.44711,223.26785816642598
2022-07-02,380156,Delhi,266.63,248.98451312752394,252.99843,255.4019146625745
2022-07-03,380156,Delhi,347.03,253.6882768937354,259.8886,267.2674382920121
2022-07-04,380156,Delhi,169.06,222.44259590617554,232.30939,220.2284281310202
2022-07-05,380156,Delhi,223.12,222.44259590617554,231.5622,222.16000174246375
2022-07-06,380156,Delhi,167.67,222.44259590617554,233.37177,225.9186047051127
2022-07-07,380156,Delhi,147.75,232.24652506746813,239.49864,230.98711704819704
2022-07-08,380156,Delhi,238.97,218.75024055727758,226.96642,218.1519322658681
2022-07-09,380156,Delhi,480.56,253.95984936668052,261.3326,269.3297307362384
2022-07-10,380156,Delhi,220.49,270.6569686929398,276.10233,291.3747570796621
2022-07-01,380157,Delhi,171.16,424.90437939681385,413.45416,415.0588005963041
2022-07-02,380157,Delhi,448.89,480.11285205402487,471.20776,484.6246462594497
2022-07-03,380157,Delhi,432.96,477.0361042884293,454.34177,462.06634939987816
2022-07-04,380157,Delhi,407.5,424.4798793786095,409.48288,419.85951895245773
2022-07-05,380157,Delhi,338.45,425.03718417845204,429.57938,432.68838817757285
2022-07-06,380157,Delhi,412.11,425.9849025305474,414.68326,429.8807683379904
2022-07-07,380157,Delhi,249.02,420.6800101683871,411.26175,425.1905361103232
2022-07-08,380157,Delhi,488.86,410.2537321107628,408.74084,414.09928582261443
2022-07-09,380157,Delhi,463.26,472.6931111240078,456.66516,472.5599180077993
2022-07-10,380157,Delhi,578.62,472.0722811168954,456.66516,469.1248183697112
2022-07-01,381789,Delhi,100.46,155.7406753175695,161.0859,151.4528809092726
2022-07-02,381789,Delhi,234.77,179.29079632586556,182.63206,194.48051929967522
2022-07-03,381789,Delhi,192.63,179.93741150493065,182.88962,193.48051498911127
2022-07-04,381789,Delhi,143.84,162.1551927644554,164.61984,160.97509663500136
2022-07-05,381789,Delhi,98.89,161.71581640419345,164.61984,157.7717614743198
2022-07-06,381789,Delhi,81.18,156.30664311773108,161.29301,158.65833990759455
2022-07-07,381789,Delhi,210.77,154.37503227480678,160.16661,148.9006329915769
2022-07-08,381789,Delhi,196.19,155.73089975014153,161.29301,150.0640978896693
2022-07-09,381789,Delhi,90.58,185.7050977542607,186.50334,197.91942045615525
2022-07-10,381789,Delhi,104.12,186.08030521596274,186.25684,193.06385695364335
2022-07-01,382102,Delhi,252.73,294.9105165470558,310.21408,288.1018534236042
2022-07-02,382102,Delhi,329.62,334.11932781278136,350.33826,336.10888433308145
2022-07-03,382102,Delhi,540.36,352.5475823850088,367.75385,388.2607447794169
2022-07-04,382102,Delhi,54.52,299.45256536369305,331.13477,326.81568355429994
2022-07-05,382102,Delhi,331.19,300.75137409788766,309.20074,288.3427357186857
2022-07-06,382102,Delhi,140.39,321.23554561440284,327.31525,323.83297351677675
2022-07-07,382102,Delhi,105.02,306.065222688342,311.65155,317.35806646222596
2022-07-08,382102,Delhi,200.19,296.49997818042266,299.29404,294.3983047810524
2022-07-09,382102,Delhi,94.09,325.4071835011848,329.16476,332.1187756952983
2022-07-10,382102,Delhi,84.57,324.1871935372547,337.3431,375.5603975340403
2022-07-01,382102,HR-NCR,160.95,160.4491552732626,160.86745,144.51322746313002
2022-07-02,382102,HR-NCR,244.53,180.98887359294028,184.02469,197.0052096802273
2022-07-03,382102,HR-NCR,341.24,193.81939402286707,194.26115,201.70347420542822
2022-07-04,382102,HR-NCR,10.82,167.81788853121358,172.67435,164.80147050747507
2022-07-05,382102,HR-NCR,21.72,170.39240573551672,171.42473,167.51663206927483
2022-07-06,382102,HR-NCR,53.75,166.44052900697167,170.11102,153.28137678779805
2022-07-07,382102,HR-NCR,244.99,166.05368802444178,169.28946,155.0732036667796
2022-07-08,382102,HR-NCR,97.49,177.44497145870116,179.63274,167.50037309571684
2022-07-09,382102,HR-NCR,270.64,206.68565488716467,207.99925,228.7338160527859
2022-07-10,382102,HR-NCR,241.41,215.5764685281591,211.65451,230.96928370065785
2022-07-01,383252,Delhi,290.32,283.13067807559935,285.5727,282.8722654788438
2022-07-02,383252,Delhi,261.61,326.5551154155739,323.74698,332.71835040362095
2022-07-03,383252,Delhi,204.52,319.8700824518373,315.5343,322.68476680350346
2022-07-04,383252,Delhi,160.22,272.5819969566106,276.54346,281.0875088576961
2022-07-05,383252,Delhi,175.38,263.8815167487664,265.77805,262.9350773719516
2022-07-06,383252,Delhi,302.5,264.11459207561205,267.79727,271.18890750146255
2022-07-07,383252,Delhi,313.77,264.2617334674948,265.2003,265.81376498888113
2022-07-08,383252,Delhi,249.91,264.9418596179531,266.10052,269.3874140453888
2022-07-09,383252,Delhi,234.56,310.7157730577183,306.0407,314.5988906962745
2022-07-10,383252,Delhi,418.62,310.2686191665658,303.0688,310.8883408559126
2022-07-01,383401,Delhi,167.32,229.38561197607362,232.46117,229.03300150789218
2022-07-02,383401,Delhi,212.87,247.41535317792395,248.47157,258.1250610497416
2022-07-03,383401,Delhi,338.68,247.95305094841666,250.65617,264.61566323873626
2022-07-04,383401,Delhi,179.64,216.73776620448285,220.53262,223.85475200786595
2022-07-05,383401,Delhi,250.65,216.66718118642785,219.40742,214.2996995059466
2022-07-06,383401,Delhi,235.63,215.81642368308556,219.91309,214.60582374441262
2022-07-07,383401,Delhi,203.34,215.90119797587704,219.198,213.66466660233974
2022-07-08,383401,Delhi,314.28,216.8415420052125,220.53262,215.00557596481207
2022-07-09,383401,Delhi,412.51,252.38306913338786,247.13766,257.8216163457875
2022-07-10,383401,Delhi,224.75,268.66041329730973,271.51233,277.4696991254631
2022-07-01,383411,Delhi,472.73,479.1909097521619,475.1056,485.727799080731
2022-07-02,383411,Delhi,469.95,546.4929001066354,527.89594,537.0525980579341
2022-07-03,383411,Delhi,417.25,549.3065394943936,532.8751,545.112279555032
2022-07-04,383411,Delhi,443.87,479.8457884703451,472.7963,486.0841902960651
2022-07-05,383411,Delhi,583.08,479.23624733794173,469.7378,469.92820415380845
2022-07-06,383411,Delhi,715.27,485.39659250606866,474.96182,488.3086172326904
2022-07-07,383411,Delhi,417.19,487.34140004169944,478.33868,478.87443859417425
2022-07-08,383411,Delhi,421.37,480.8618601581381,474.24094,478.59767018792076
2022-07-09,383411,Delhi,643.59,540.2752311573902,534.906,539.4700196169284
2022-07-10,383411,Delhi,394.11,556.5083891956748,539.4878,544.5238834941846
2022-07-01,383411,HR-NCR,537.09,383.0475894691512,396.52753,395.70872127505845
2022-07-02,383411,HR-NCR,620.63,442.4765550802488,447.73462,451.18575239777846
2022-07-03,383411,HR-NCR,268.49,453.2769890989631,450.02948,452.41779755743477
2022-07-04,383411,HR-NCR,408.6,390.6308376637441,392.9417,388.05939374595494
2022-07-05,383411,HR-NCR,349.36,390.27057591873506,395.25812,390.39250569908376
2022-07-06,383411,HR-NCR,414.48,390.58550007796424,394.35245,398.24381894824353
2022-07-07,383411,HR-NCR,402.52,383.08473532740607,391.91394,386.34522973169976
2022-07-08,383411,HR-NCR,318.2,391.9415263247113,395.25812,396.5351501615885
2022-07-09,383411,HR-NCR,542.83,450.71947462670863,443.20386,459.2012657815249
2022-07-10,383411,HR-NCR,376.2,454.27890400208366,448.2782,451.8506126727582
2022-07-01,383480,Delhi,1319.87,1098.4905513677309,1102.7191,1102.9085373631879
2022-07-02,383480,Delhi,1059.88,1259.3751396827,1246.4601,1260.4268968224876
2022-07-03,383480,Delhi,1446.26,1259.4460383452415,1231.7357,1233.9860786862264
2022-07-04,383480,Delhi,1098.81,1069.4200388756726,1066.2401,1066.2756663732368
2022-07-05,383480,Delhi,695.85,1091.348955423861,1099.4609,1129.1535514554653
2022-07-06,383480,Delhi,834.12,1088.135265749358,1090.1179,1098.1139032103824
2022-07-07,383480,Delhi,1000.56,1048.6291259583684,1021.864,1039.331956570592
2022-07-08,383480,Delhi,1374.23,1041.5666684556434,1047.3453,1053.093609843488
2022-07-09,383480,Delhi,914.83,1197.2342065370915,1211.79,1194.4280147734278
2022-07-10,383480,Delhi,805.82,1193.4796996777718,1209.2856,1194.3287812354815
2022-07-01,383480,HR-NCR,397.62,506.1327680897672,516.8754,515.0547425426748
2022-07-02,383480,HR-NCR,664.02,575.2357739495876,562.6365,585.2546266766552
2022-07-03,383480,HR-NCR,704.11,580.7091365018122,561.3056,576.6809749063012
2022-07-04,383480,HR-NCR,555.36,512.6197610817976,504.88477,511.75000599787154
2022-07-05,383480,HR-NCR,651.28,512.805779507833,515.94855,514.1595928842378
2022-07-06,383480,HR-NCR,527.2,513.5398157058572,516.5354,508.9275604229879
2022-07-07,383480,HR-NCR,857.55,507.61616844171897,511.55295,512.5845667570316
2022-07-08,383480,HR-NCR,558.48,515.1000202903231,527.9511,516.4430025803372
2022-07-09,383480,HR-NCR,404.46,600.8479508984644,595.7652,587.7197585348017
2022-07-10,383480,HR-NCR,451.46,583.8916293678724,592.5494,592.9914514802858
2022-07-01,383615,Delhi,236.66,192.94380428548467,195.95238,189.30348208080443
2022-07-02,383615,Delhi,221.18,229.14163451293467,231.98364,237.2936417642674
2022-07-03,383615,Delhi,241.06,229.51684197463672,233.53493,239.9418379260222
2022-07-04,383615,Delhi,205.2,202.69884341666582,208.03145,201.2949726222497
2022-07-05,383615,Delhi,255.04,202.24701963581168,205.83061,199.13762489747336
2022-07-06,383615,Delhi,189.45,203.17269116517278,205.89944,198.7820652780214
2022-07-07,383615,Delhi,159.12,204.1978094872997,207.23407,202.51307648861498
2022-07-08,383615,Delhi,217.01,193.02857857827615,198.1371,189.31858560633069
2022-07-09,383615,Delhi,299.51,224.0685317116098,229.14833,238.8325527548377
2022-07-10,383615,Delhi,195.18,231.12894459188084,236.26071,242.91713333031058
2022-07-01,383992,Bengaluru,90.52,154.67921178447716,160.16661,146.71293937528168
2022-07-02,383992,Bengaluru,157.92,177.05016455310957,181.02202,189.21033529334585
2022-07-03,383992,Bengaluru,207.12,177.05016455310957,181.27957,188.56677426638677
2022-07-04,383992,Bengaluru,240.56,154.67921178447716,160.16661,153.23030661960124
2022-07-05,383992,Bengaluru,127.28,157.7329878481068,162.78242,162.77241096846996
2022-07-06,383992,Bengaluru,222.49,155.52169577576714,161.79996,150.70050570688022
2022-07-07,383992,Bengaluru,56.82,155.52909410530253,160.42809,150.28999646852253
2022-07-08,383992,Bengaluru,148.5,155.52909410530253,160.42809,148.65545449176403
2022-07-09,383992,Bengaluru,131.59,178.98244196632467,182.91684,193.770789277023
2022-07-10,383992,Bengaluru,145.33,178.7608383908209,182.91292,190.86924894485125
2022-07-01,385219,Delhi,183.83,167.9627934956403,171.45589,164.40828323007804
2022-07-02,385219,Delhi,193.15,193.1119093046699,194.0918,205.92886397418883
2022-07-03,385219,Delhi,206.64,193.48711676637194,194.34935,203.88899150185136
2022-07-04,385219,Delhi,139.66,167.9627934956403,171.57307,166.542878966214
2022-07-05,385219,Delhi,179.07,167.9627934956403,171.57307,166.38625867754078
2022-07-06,385219,Delhi,235.18,169.04498128852333,172.6857,167.82167752190398
2022-07-07,385219,Delhi,138.09,171.55664399521223,179.19525,170.71082798205225
2022-07-08,385219,Delhi,134.89,171.55664399521223,179.5324,170.14345422750762
2022-07-09,385219,Delhi,135.21,198.38868207924662,197.84773,210.38270796649775
2022-07-10,385219,Delhi,162.69,193.158184740123,193.37563,201.45252048111337
2022-07-01,385219,HR-NCR,162.15,165.26543404670963,167.91264,160.24772504400198
2022-07-02,385219,HR-NCR,177.38,193.1827979232927,194.30577,200.63973559391835
2022-07-03,385219,HR-NCR,213.0,193.20167971749933,194.51428,200.35737889053215
2022-07-04,385219,HR-NCR,187.21,168.71805288562388,172.9162,167.94210470230996
2022-07-05,385219,HR-NCR,121.05,168.18989737925023,171.7356,167.19357347809031
2022-07-06,385219,HR-NCR,230.78,168.58883110173838,172.46187,168.7238555641757
2022-07-07,385219,HR-NCR,130.39,168.0475677884318,171.79303,163.10006051801926
2022-07-08,385219,HR-NCR,234.17,168.4038934559272,172.22002,162.31873237208373
2022-07-09,385219,HR-NCR,178.94,197.51914229170842,199.14279,205.5339293870804
2022-07-10,385219,HR-NCR,145.73,205.64544399512195,206.38248,218.2630465610735
2022-07-01,387474,Delhi,161.09,208.88242750388892,213.00876,204.65023077073792
2022-07-02,387474,Delhi,267.49,238.84077133556187,240.71214,249.42197159683437
2022-07-03,387474,Delhi,184.63,239.21597879726392,240.9697,249.70317739646964
2022-07-04,387474,Delhi,285.56,208.03167000054663,208.80112,204.64923868599655
2022-07-05,387474,Delhi,178.57,208.43060372303478,209.74342,206.54054702879333
2022-07-06,387474,Delhi,269.67,208.03167000054663,208.80112,201.96492396296054
2022-07-07,387474,Delhi,290.75,209.44104954518735,211.84467,206.8400000065289
2022-07-08,387474,Delhi,210.77,214.50569442723707,213.28003,208.53541967284383
2022-07-09,387474,Delhi,259.49,245.26917690534358,241.85475,250.2487885187527
2022-07-10,387474,Delhi,251.51,246.8306414575285,246.9821,251.4979783898226
2022-07-01,388080,Delhi,418.35,382.3318177463727,384.83737,384.4994045189367
2022-07-02,388080,Delhi,556.39,427.16789047763586,433.51312,441.4791520627838
2022-07-03,388080,Delhi,237.99,437.2597294725298,437.35223,439.673580845755
2022-07-04,388080,Delhi,418.49,368.10201398775996,373.66873,372.52484401418155
2022-07-05,388080,Delhi,588.26,367.75609938363823,375.5879,365.8179713627917
2022-07-06,388080,Delhi,922.34,387.66726591302,395.49597,392.0725959328738
2022-07-07,388080,Delhi,89.6,406.1460067278794,414.04184,404.4785000643804
2022-07-08,388080,Delhi,289.99,392.48757898260817,404.64075,400.61744885227085
2022-07-09,388080,Delhi,634.29,434.40857781198514,438.48865,427.89256536040375
2022-07-10,388080,Delhi,610.9,454.400306052913,457.603,455.80533311610367
2022-07-01,388080,HR-NCR,230.88,188.17405104620525,192.58247,185.68787246255417
2022-07-02,388080,HR-NCR,65.34,222.9900069181236,223.67691,230.41654091729626
2022-07-03,388080,HR-NCR,277.34,215.50978290065603,216.52676,226.65371602786527
2022-07-04,388080,HR-NCR,299.64,189.8477528966216,193.16982,185.39886020975302
2022-07-05,388080,HR-NCR,147.55,205.1897655362545,209.00653,210.85602745787176
2022-07-06,388080,HR-NCR,208.59,189.4400378436117,189.23131,182.85893684905858
2022-07-07,388080,HR-NCR,122.2,192.77260323642105,194.0554,192.81548836146126
2022-07-08,388080,HR-NCR,190.89,188.28979341054708,188.47345,184.93103821502018
2022-07-09,388080,HR-NCR,159.87,216.21377745279602,217.32101,220.95891592620987
2022-07-10,388080,HR-NCR,430.6,212.75089456874164,218.53665,224.06689142524647
2022-07-01,388638,Bengaluru,121.42,189.52405248813125,191.95233,185.69747621986107
2022-07-02,388638,Bengaluru,163.67,208.27849485912694,209.48044,223.46310186219773
2022-07-03,388638,Bengaluru,224.79,208.65370232082898,208.71785,221.01145599769268
2022-07-04,388638,Bengaluru,245.58,183.78750880986226,186.17154,187.4100762280691
2022-07-05,388638,Bengaluru,262.22,187.26467508842015,185.22899,179.08646544719502
2022-07-06,388638,Bengaluru,162.08,192.94380428548467,195.36502,193.98562405474792
2022-07-07,388638,Bengaluru,210.29,190.76920117856494,189.92137,185.14700743156519
2022-07-08,388638,Bengaluru,195.39,197.05668883210515,197.01135,190.01215222489367
2022-07-09,388638,Bengaluru,98.26,225.13655985035342,224.45222,237.48451110996024
2022-07-10,388638,Bengaluru,142.98,218.51545489495973,213.89711,226.78517733216302
2022-07-01,388638,Delhi,787.54,393.5463602111889,393.948,385.73541885814086
2022-07-02,388638,Delhi,486.41,483.7267267746122,482.39966,487.57267274368087
2022-07-03,388638,Delhi,398.66,478.68095386271943,464.5173,476.11340391991115
2022-07-04,388638,Delhi,639.97,419.69958405291436,413.5662,432.16372190856896
2022-07-05,388638,Delhi,392.17,424.67047749637084,418.88406,413.72675604413047
2022-07-06,388638,Delhi,364.87,411.65747257631523,415.44257,417.4465134304417
2022-07-07,388638,Delhi,554.05,410.8964581635829,413.77692,404.5986244225856
2022-07-08,388638,Delhi,385.58,425.623184770123,429.1929,429.43176648690803
2022-07-09,388638,Delhi,289.65,474.0956663580289,477.86798,466.98474032120953
2022-07-10,388638,Delhi,395.72,467.0041085517633,471.96017,458.9335595225723
2022-07-01,388638,HR-NCR,234.13,208.03167000054663,213.20674,203.83409633063252
2022-07-02,388638,HR-NCR,272.84,239.83236181440623,243.04572,253.23426935449595
2022-07-03,388638,HR-NCR,215.98,243.7485536869372,243.2765,252.8974780087444
2022-07-04,388638,HR-NCR,79.15,209.35627525239587,212.81805,206.57903095788586
2022-07-05,388638,HR-NCR,136.1,208.03167000054663,208.80112,200.14264525374006
2022-07-06,388638,HR-NCR,188.0,209.5625536543473,210.49179,214.66851166803332
2022-07-07,388638,HR-NCR,187.55,206.43999434837474,206.41466,202.7559303718629
2022-07-08,388638,HR-NCR,200.47,206.6024846571654,208.11139,209.2323754937147
2022-07-09,388638,HR-NCR,93.35,227.33472270848446,229.89973,238.50954110707173
2022-07-10,388638,HR-NCR,186.16,214.22616331006816,212.13492,225.10861278741254
2022-07-01,388639,Delhi,985.47,881.1783599168399,895.69635,886.2580119657149
2022-07-02,388639,Delhi,840.95,1022.7423292686747,1028.0789,1015.2226845780232
2022-07-03,388639,Delhi,756.48,1025.390819806157,1025.6927,1023.9426090408477
2022-07-04,388639,Delhi,1409.91,876.0167725475826,874.2908,873.5427720540628
2022-07-05,388639,Delhi,700.94,907.210225074384,924.3246,929.9656063527807
2022-07-06,388639,Delhi,1094.48,897.2668905612285,909.8233,926.2556600729708
2022-07-07,388639,Delhi,976.66,894.9001302824418,898.1864,912.7207387738886
2022-07-08,388639,Delhi,457.05,894.7254764742976,878.25366,881.4297552215049
2022-07-09,388639,Delhi,1042.68,1084.540383090405,1010.5801,1020.6947861961427
2022-07-10,388639,Delhi,558.02,1019.8726010385062,1002.9734,1021.8205890417655
2022-07-01,388639,HR-NCR,218.34,319.6598702180651,321.36688,322.2976438513217
2022-07-02,388639,HR-NCR,454.57,362.1353017357645,354.8123,366.04622178373165
2022-07-03,388639,HR-NCR,323.98,362.1353017357645,356.01755,372.8204864840704
2022-07-04,388639,HR-NCR,428.37,319.36525324489094,320.5132,325.10873233736453
2022-07-05,388639,HR-NCR,342.99,318.9797440676068,320.25076,319.6364022538126
2022-07-06,388639,HR-NCR,257.41,319.4973799092744,321.0584,320.8945692913634
2022-07-07,388639,HR-NCR,428.96,319.9958157553998,318.96695,317.6550137415064
2022-07-08,388639,HR-NCR,367.78,319.9958157553998,322.14523,319.8366277682169
2022-07-09,388639,HR-NCR,464.52,366.78235332652196,361.24924,374.98327186673663
2022-07-10,388639,HR-NCR,291.76,363.55788303693805,361.1417,370.04346091708834
2022-07-01,389662,Delhi,229.49,212.33909378563888,215.52773,208.88867461207423
2022-07-02,389662,Delhi,275.81,245.81889099405566,249.13585,260.6330026715722
2022-07-03,389662,Delhi,125.29,245.2185388402844,246.79297,254.41917202614255
2022-07-04,389662,Delhi,194.64,214.4918184312363,219.02748,214.3350388656621
2022-07-05,389662,Delhi,206.49,215.1719445816947,219.17133,221.05343133329768
2022-07-06,389662,Delhi,225.35,215.3425759345786,215.36914,212.1976711851575
2022-07-07,389662,Delhi,202.23,213.18108917538783,217.4949,208.89413268941567
2022-07-08,389662,Delhi,174.55,214.6471777420828,217.4949,216.29488555292025
2022-07-09,389662,Delhi,385.24,243.03641957413208,239.34904,255.0202131887579
2022-07-10,389662,Delhi,219.68,245.39489858722735,244.93361,252.70488280613114
2022-07-01,389665,Delhi,240.42,210.47952090829756,206.51541,202.48600878826866
2022-07-02,389665,Delhi,226.39,241.63419437215552,238.57472,250.7119041287016
2022-07-03,389665,Delhi,209.27,243.14568076289802,239.01924,256.7549655743325
2022-07-04,389665,Delhi,126.69,210.47952090829756,210.56366,210.30247971074022
2022-07-05,389665,Delhi,214.68,206.98907466312204,202.06921,203.62017832663537
2022-07-06,389665,Delhi,201.77,204.16874643866961,202.33057,205.8302251308419
2022-07-07,389665,Delhi,231.47,204.18061694866358,200.97098,198.32190009826212
2022-07-08,389665,Delhi,116.21,203.24027291932813,200.2237,197.00468648172838
2022-07-09,389665,Delhi,259.59,233.69724930643187,230.5555,246.48901483757345
2022-07-10,389665,Delhi,191.78,225.72915791219754,225.1462,240.59551007560583
2022-07-01,389668,Delhi,605.37,519.894595493619,522.08167,516.3488577061927
2022-07-02,389668,Delhi,572.87,602.8598389921616,596.1033,596.7722635671777
2022-07-03,389668,Delhi,525.47,602.2390089850493,595.1997,596.8873967188058
2022-07-04,389668,Delhi,577.62,519.894595493619,518.45654,524.0036358887
2022-07-05,389668,Delhi,782.05,525.4453995293424,523.9888,527.3947631517053
2022-07-06,389668,Delhi,491.28,527.4060051507416,535.33154,541.3642648688323
2022-07-07,389668,Delhi,603.53,521.9350838465045,526.1663,527.9618309658532
2022-07-08,389668,Delhi,559.69,527.4858878822279,530.77765,532.1036328708127
2022-07-09,389668,Delhi,458.44,601.0729238693485,599.3113,592.9497947125247
2022-07-10,389668,Delhi,700.3,598.0208350621543,595.3545,593.274232169992
2022-07-01,389668,HR-NCR,118.03,157.27180256316717,161.55449,154.91306603080068
2022-07-02,389668,HR-NCR,99.31,179.29079632586556,182.63206,190.10795553679696
2022-07-03,389668,HR-NCR,220.35,177.05016455310957,181.27957,187.96430250620696
2022-07-04,389668,HR-NCR,134.77,156.61082262740146,161.29301,154.10616975815338
2022-07-05,389668,HR-NCR,208.5,156.83242620290522,161.55449,151.5507778453167
2022-07-06,389668,HR-NCR,196.7,157.54321028053022,161.55449,155.27537990067364
2022-07-07,389668,HR-NCR,134.73,162.45982178156615,165.78172,163.95183997590692
2022-07-08,389668,HR-NCR,179.69,157.84783929764097,162.21231,154.25127601543602
2022-07-09,389668,HR-NCR,136.0,179.86683306033936,186.91858,193.2970135328015
2022-07-10,389668,HR-NCR,146.39,181.24805125275574,184.22424,196.1408213469573
2022-07-01,389683,Bengaluru,208.32,295.9626366911469,302.60376,300.4399161794068
2022-07-02,389683,Bengaluru,340.79,332.2282261924747,334.40448,338.05101146863353
2022-07-03,389683,Bengaluru,327.78,332.4249062099182,331.99237,342.45582536066973
2022-07-04,389683,Bengaluru,348.4,294.2692627285556,298.69403,294.908019769026
2022-07-05,389683,Bengaluru,332.58,304.07480190708003,304.64008,302.7768429984564
2022-07-06,389683,Bengaluru,301.04,302.78036166697694,302.74896,297.76560503784094
2022-07-07,389683,Bengaluru,274.69,308.9926197147484,307.1486,303.82849641434166
2022-07-08,389683,Bengaluru,238.47,309.83523617399743,310.12915,306.8154933922254
2022-07-09,389683,Bengaluru,208.19,343.82122717104795,338.73758,344.50851289402743
2022-07-10,389683,Bengaluru,460.41,340.22926672612664,335.9505,349.31142949116867
2022-07-01,389683,Delhi,388.33,307.6081877894242,304.5125,307.3676797478598
2022-07-02,389683,Delhi,480.76,349.49984443204,344.66287,357.1383556544748
2022-07-03,389683,Delhi,476.0,348.5082539531957,344.97824,352.4614883884127
2022-07-04,389683,Delhi,382.24,308.50441631757354,313.7411,306.92520956442183
2022-07-05,389683,Delhi,285.96,319.294668226836,322.9746,312.2607667841732
2022-07-06,389683,Delhi,229.84,309.66195693605175,319.57248,315.5627466009446
2022-07-07,389683,Delhi,236.49,310.17536672354976,311.7669,304.71547565058313
2022-07-08,389683,Delhi,191.44,308.05227568541295,309.20108,299.4709380688573
2022-07-09,389683,Delhi,474.81,345.29979205027536,345.03156,352.318207864497
2022-07-10,389683,Delhi,363.07,351.62647935337606,352.27762,369.4526532331184
2022-07-01,389683,HR-NCR,195.66,167.83357171175481,170.63432,163.31664247530517
2022-07-02,389683,HR-NCR,206.8,192.82647225579728,192.9543,203.17094008736078
2022-07-03,389683,HR-NCR,125.23,193.20167971749933,193.21185,200.9868754272475
2022-07-04,389683,HR-NCR,184.95,167.83357171175481,170.63432,163.70173879668957
2022-07-05,389683,HR-NCR,193.33,167.83357171175481,170.63432,159.35617643219305
2022-07-06,389683,HR-NCR,117.54,168.31911916313572,172.55716,169.18152156932757
2022-07-07,389683,HR-NCR,136.66,167.44673072922492,170.63432,166.2572747214303
2022-07-08,389683,HR-NCR,131.42,167.82771306411252,170.91525,165.90958215826066
2022-07-09,389683,HR-NCR,261.49,194.00884273345457,193.6311,205.51991539156884
2022-07-10,389683,HR-NCR,255.86,193.37803946444228,193.21185,202.55455647399907
2022-07-01,389684,Delhi,218.65,219.18364040933807,217.82098,211.92986304433998
2022-07-02,389684,Delhi,271.83,251.5542693282352,249.3598,266.6029354564598
2022-07-03,389684,Delhi,203.45,247.790560639626,246.8648,257.2665545295577
2022-07-04,389684,Delhi,210.86,216.82967149521852,220.69678,214.80695347818954
2022-07-05,389684,Delhi,206.57,215.2716776377879,219.40742,213.73213869750091
2022-07-06,389684,Delhi,298.69,212.33909378563888,212.51038,204.9096785142693
2022-07-07,389684,Delhi,194.34,217.07461733205815,222.22935,224.09722603216636
2022-07-08,389684,Delhi,159.28,213.3642121077658,216.14726,211.63332029384654
2022-07-09,389684,Delhi,67.51,240.9245098252401,241.79892,253.33387223214243
2022-07-10,389684,Delhi,195.34,235.04692260873955,232.23128,238.44728294832262
2022-07-01,389684,HR-NCR,221.21,181.80376289742753,180.8704,178.7450099899301
2022-07-02,389684,HR-NCR,270.48,209.48018008817135,205.8306,214.92369978266325
2022-07-03,389684,HR-NCR,227.17,215.18608249216567,212.19136,227.28509199823017
2022-07-04,389684,HR-NCR,196.54,188.11543259176244,187.48808,187.55771619096004
2022-07-05,389684,HR-NCR,135.71,182.79696027034504,183.36118,179.56596106293574
2022-07-06,389684,HR-NCR,122.38,183.1733363770559,185.59038,182.48855255775175
2022-07-07,389684,HR-NCR,269.3,180.79216411177543,185.01053,180.7582926084625
2022-07-08,389684,HR-NCR,230.4,171.81430628271735,175.94702,169.6439269156058
2022-07-09,389684,HR-NCR,259.65,205.25342271262593,208.5227,216.17285179862125
2022-07-10,389684,HR-NCR,323.37,207.99145177875792,213.50882,218.771469417042
2022-07-01,389686,Delhi,312.85,246.46124181097085,250.347,244.0384119374778
2022-07-02,389686,Delhi,290.96,287.63444330630784,285.80435,292.90199652715125
2022-07-03,389686,Delhi,272.94,289.16373155564486,290.13052,299.8884463486406
2022-07-04,389686,Delhi,254.25,247.25336873186131,251.75647,246.11920810418314
2022-07-05,389686,Delhi,299.59,246.4026112285189,251.13686,243.71135062079946
2022-07-06,389686,Delhi,273.53,247.25336873186131,252.39633,250.40971182207457
2022-07-07,389686,Delhi,271.13,246.69324142125413,251.80887,245.56587963664936
2022-07-08,389686,Delhi,288.23,247.7041704686447,255.33109,255.15656678024072
2022-07-09,389686,Delhi,297.53,289.09783595803196,289.74442,298.3423903388364
2022-07-10,389686,Delhi,314.79,288.64394324968043,293.94672,300.01032695987567
2022-07-01,389689,Delhi,247.27,269.8625127939799,272.9834,270.16864400912254
2022-07-02,389689,Delhi,365.69,310.17328060192665,305.54657,309.5868311995299
2022-07-03,389689,Delhi,426.83,316.9695172224748,316.30273,326.6837271195601
2022-07-04,389689,Delhi,303.37,276.50770473741704,279.30573,278.8006959994395
2022-07-05,389689,Delhi,386.7,275.6569472340748,279.43158,278.80270950572094
2022-07-06,389689,Delhi,232.51,282.9681877668086,284.8511,281.1494571550023
2022-07-07,389689,Delhi,277.68,284.02853063599537,285.067,279.94518751070746
2022-07-08,389689,Delhi,232.12,283.34840448553706,285.61063,277.15470210246474
2022-07-09,389689,Delhi,385.53,326.18059391315785,323.13196,328.0991485636461
2022-07-10,389689,Delhi,263.46,332.71170275784954,329.88925,343.67812514052224
2022-07-01,389691,Bengaluru,182.04,178.98780508244917,180.6277,174.50835362747003
2022-07-02,389691,Bengaluru,236.89,205.11967102067572,205.39273,213.64024196414906
2022-07-03,389691,Bengaluru,153.15,206.23222368893008,206.18275,217.34018866842138
2022-07-04,389691,Bengaluru,276.58,171.47186970242075,179.19525,170.91854554837354
2022-07-05,389691,Bengaluru,222.95,179.34413074994458,181.39183,174.82260009688807
2022-07-06,389691,Bengaluru,204.5,179.34413074994458,183.55188,174.87102891279844
2022-07-07,389691,Bengaluru,183.8,181.94870717336042,183.69199,174.6857403955656
2022-07-08,389691,Bengaluru,153.37,181.94870717336042,189.13565,178.14420075618628
2022-07-09,389691,Bengaluru,175.57,207.87666904796913,213.87207,221.58455055955525
2022-07-10,389691,Bengaluru,230.57,205.88905490524124,208.68597,217.20320063906334
2022-07-01,389692,Delhi,124.61,154.37503227480678,160.16661,145.7025949312291
2022-07-02,389692,Delhi,132.63,177.05016455310957,181.02202,181.75712295953943
2022-07-03,389692,Delhi,150.88,177.17003766857766,181.27957,185.98086380113298
2022-07-04,389692,Delhi,173.77,154.37503227480678,160.16661,147.22234128812627
2022-07-05,389692,Delhi,141.91,154.37503227480678,160.16661,148.45433362252464
2022-07-06,389692,Delhi,131.92,154.37503227480678,160.16661,147.77392811950193
2022-07-07,389692,Delhi,147.43,154.37503227480678,160.16661,144.78274733642158
2022-07-08,389692,Delhi,169.02,154.37503227480678,160.16661,146.87624603870591
2022-07-09,389692,Delhi,136.15,177.05016455310957,181.02202,184.1582322216558
2022-07-10,389692,Delhi,155.96,177.05016455310957,181.27957,185.4521455432804
2022-07-01,389699,Delhi,235.44,267.30830376296603,269.34424,261.2347420402457
2022-07-02,389699,Delhi,211.8,307.96256536359664,304.47073,309.4176597252447
2022-07-03,389699,Delhi,265.66,303.72471701377674,302.42145,309.2615303888065
2022-07-04,389699,Delhi,197.05,247.25336873186131,252.5511,251.0285523515156
2022-07-05,389699,Delhi,209.88,246.4026112285189,249.75757,245.09226432944882
2022-07-06,389699,Delhi,236.54,247.25336873186131,251.24707,251.08132908728822
2022-07-07,389699,Delhi,255.36,247.79607575938036,252.9438,253.87877620452088
2022-07-08,389699,Delhi,280.64,247.79607575938036,252.78902,251.19645943057185
2022-07-09,389699,Delhi,320.87,289.09783595803196,285.19482,295.955913995628
2022-07-10,389699,Delhi,379.15,288.4814529408897,286.52982,295.0851017501994
2022-07-01,389700,Delhi,180.73,246.80154495100714,251.22397,246.36994509263346
2022-07-02,389700,Delhi,273.27,286.49816437726736,285.335,292.02821804887765
2022-07-03,389700,Delhi,320.55,287.86496231781365,285.92685,293.02959016881243
2022-07-04,389700,Delhi,228.01,247.0827373789773,252.73807,255.89221312613506
2022-07-05,389700,Delhi,170.73,247.0827373789773,249.75757,248.87604813983125
2022-07-06,389700,Delhi,232.59,246.65361225051907,249.3936,251.36171554299267
2022-07-07,389700,Delhi,261.11,246.35370281878906,243.91145,243.42957459486092
2022-07-08,389700,Delhi,268.53,245.4133587894536,244.57457,243.10343813465016
2022-07-09,389700,Delhi,214.95,289.09783595803196,286.9648,298.7330551742948
2022-07-10,389700,Delhi,375.08,286.30626179699215,277.34415,290.52085282533767
2022-07-01,389701,Delhi,215.23,208.03167000054663,208.80112,200.7202909240935
2022-07-02,389701,Delhi,236.5,238.84077133556187,238.24435,249.90489382756863
2022-07-03,389701,Delhi,349.93,238.4786335907116,237.40913,248.28659154447692
2022-07-04,389701,Delhi,376.03,212.33909378563888,213.28003,212.2732427886121
2022-07-05,389701,Delhi,243.68,215.81642368308556,219.198,214.72012335419384
2022-07-06,389701,Delhi,271.68,215.81642368308556,219.198,213.1881023473028
2022-07-07,389701,Delhi,185.71,219.67832761756648,221.99681,216.6517796215908
2022-07-08,389701,Delhi,177.91,219.67832761756648,219.35356,213.02486074782612
2022-07-09,389701,Delhi,314.45,251.65772529238063,248.47234,256.6552175312941
2022-07-10,389701,Delhi,231.49,252.15986568448503,253.46648,263.3735535212055
2022-07-01,389703,Delhi,246.0,267.84221665990026,270.1871,268.5397355494534
2022-07-02,389703,Delhi,364.38,310.02859215173044,307.69272,311.7892328108399
2022-07-03,389703,Delhi,202.44,316.3991641571665,316.31235,337.0618877220827
2022-07-04,389703,Delhi,318.95,263.0307592454241,262.56152,252.81759618345262
2022-07-05,389703,Delhi,328.58,270.8720645316572,273.73306,277.13113300399885
2022-07-06,389703,Delhi,220.77,265.6465718299572,269.38373,261.73876271586886
2022-07-07,389703,Delhi,224.3,264.74046046976906,265.72137,261.3855720536168
2022-07-08,389703,Delhi,328.99,264.2617334674948,266.52524,258.77129923726585
2022-07-09,389703,Delhi,189.91,316.5560421708172,317.26407,327.70778531421786
2022-07-10,389703,Delhi,267.48,311.64023834935085,310.72635,321.73829629237946
2022-07-01,389703,HR-NCR,139.91,158.1193906723449,163.1368,155.66865221922023
2022-07-02,389703,HR-NCR,181.89,179.78205876754788,183.87723,186.28104088735932
2022-07-03,389703,HR-NCR,53.93,188.3689524145284,190.63715,198.55966261680297
2022-07-04,389703,HR-NCR,131.33,163.71104539256848,165.99275,163.51063624608886
2022-07-05,389703,HR-NCR,178.32,157.18747777781607,162.21231,157.85642139917195
2022-07-06,389703,HR-NCR,315.67,157.18747777781607,162.21231,154.9192621759793
2022-07-07,389703,HR-NCR,202.1,164.35914720363917,168.91013,165.82421011211568
2022-07-08,389703,HR-NCR,26.18,162.81614744906156,167.5755,158.70426159042242
2022-07-09,389703,HR-NCR,365.01,181.41639892386334,184.62451,193.2161729029095
2022-07-10,389703,HR-NCR,165.12,190.74510406010546,197.3189,205.92203548273417
2022-07-01,389714,Delhi,163.92,169.44391501101148,172.71237,170.63984525305534
2022-07-02,389714,Delhi,172.96,193.1119093046699,194.0918,203.42964873567095
2022-07-03,389714,Delhi,237.25,193.48711676637194,194.34935,202.7522623218332
2022-07-04,389714,Delhi,110.28,168.31911916313572,172.67435,165.3580503067212
2022-07-05,389714,Delhi,133.08,168.18989737925023,171.39845,168.4152444283078
2022-07-06,389714,Delhi,199.32,167.83357171175481,170.63432,160.1768031840442
2022-07-07,389714,Delhi,167.02,168.0475677884318,171.57307,167.92704542064297
2022-07-08,389714,Delhi,184.71,167.57595251311042,171.57307,165.4092633351182
2022-07-09,389714,Delhi,168.81,198.38868207924662,199.08449,212.75506573005907
2022-07-10,389714,Delhi,264.44,193.6634765133149,194.34935,203.90891878004558
2022-07-01,389717,Delhi,86.39,154.37503227480678,160.16661,153.9470896834742
2022-07-02,389717,Delhi,229.87,178.86439882620905,182.65536,196.57542211299983
2022-07-03,389717,Delhi,153.45,177.05016455310957,181.27957,188.74676628444584
2022-07-04,389717,Delhi,215.77,154.37503227480678,160.16661,150.87779755869974
2022-07-05,389717,Delhi,178.61,155.94461081547107,163.82803,155.90820951901378
2022-07-06,389717,Delhi,166.7,154.67921178447716,160.16661,150.13188578728426
2022-07-07,389717,Delhi,166.11,154.67921178447716,160.16661,147.6535483869691
2022-07-08,389717,Delhi,114.33,154.67921178447716,160.16661,151.00072879511941
2022-07-09,389717,Delhi,232.25,177.17003766857766,181.02202,186.55572804257733
2022-07-10,389717,Delhi,106.69,177.05016455310957,181.27957,184.04017301358127
2022-07-01,389719,Delhi,216.12,247.25336873186131,250.26106,246.5786606572803
2022-07-02,389719,Delhi,243.55,286.49816437726736,283.79077,288.18380265930466
2022-07-03,389719,Delhi,248.86,289.00124124685414,285.0363,300.3487170997037
2022-07-04,389719,Delhi,194.67,246.13597640885135,245.60822,246.0784896549101
2022-07-05,389719,Delhi,298.22,245.97348610006068,245.04482,246.16730316556902
2022-07-06,389719,Delhi,304.53,245.97348610006068,247.50827,246.48942610661038
2022-07-07,389719,Delhi,328.54,247.6335854505897,249.46582,246.48340636105604
2022-07-08,389719,Delhi,302.45,247.6335854505897,252.9776,250.46818422711345
2022-07-09,389719,Delhi,255.25,303.82131172495457,302.07608,307.1279558133354
2022-07-10,389719,Delhi,288.28,289.473043419734,288.17355,298.024963802483
2022-07-01,389725,Bengaluru,310.55,209.88883311259121,209.65636,202.4460051099552
2022-07-02,389725,Bengaluru,239.8,246.46580102490384,250.05472,260.0333684313118
2022-07-03,389725,Bengaluru,145.71,244.3144074287769,250.00555,265.9752756963722
2022-07-04,389725,Bengaluru,146.18,193.31530437426272,200.51123,188.80752114212407
2022-07-05,389725,Bengaluru,88.27,193.31530437426272,200.91862,189.67053011219693
2022-07-06,389725,Bengaluru,379.43,187.35996034742323,195.58214,185.59214494949126
2022-07-07,389725,Bengaluru,279.09,193.2294473141703,200.92511,200.80096330909564
2022-07-08,389725,Bengaluru,400.24,205.20163604624847,211.08308,216.72550622800668
2022-07-09,389725,Bengaluru,211.98,240.7049507875898,243.34344,252.29897500795715
2022-07-10,389725,Bengaluru,118.96,231.12894459188084,237.18668,233.16718891649086
2022-07-01,389725,Delhi,355.38,277.5664235743571,284.3159,268.09449818244934
2022-07-02,389725,Delhi,895.09,327.10247997910386,326.26816,339.9251142931089
2022-07-03,389725,Delhi,204.76,354.43628344794274,353.94687,369.67607348444045
2022-07-04,389725,Delhi,367.25,298.25947262194285,303.63306,284.7271192748804
2022-07-05,389725,Delhi,200.74,308.66690662636427,314.34637,307.24928497955426
2022-07-06,389725,Delhi,154.61,302.38142794448873,306.03333,291.57317461296924
2022-07-07,389725,Delhi,300.79,303.98803925674684,304.58344,299.9533136349991
2022-07-08,389725,Delhi,137.54,304.7256716036439,313.1505,308.7640845688031
2022-07-09,389725,Delhi,482.08,330.1567985527562,333.90048,353.50954488125456
2022-07-10,389725,Delhi,192.82,346.82605523485023,340.772,352.64893105566347
2022-07-01,389725,HR-NCR,141.91,154.37503227480678,160.16661,139.6232394235654
2022-07-02,389725,HR-NCR,131.77,177.05016455310957,181.02202,181.32807394109312
2022-07-03,389725,HR-NCR,351.24,177.05016455310957,181.27957,177.23452685137786
2022-07-04,389725,HR-NCR,125.67,156.77277282078785,160.70718,146.77721448337368
2022-07-05,389725,HR-NCR,231.21,155.52169577576714,161.79996,146.26012568551252
2022-07-06,389725,HR-NCR,144.2,155.82587528543752,161.79996,148.21097185719114
2022-07-07,389725,HR-NCR,260.4,154.67921178447716,160.16661,135.30228342323727
2022-07-08,389725,HR-NCR,141.14,155.0897177450406,161.35257,146.0840978918425
2022-07-09,389725,HR-NCR,180.0,177.05016455310957,181.60936,177.34764672158408
2022-07-10,389725,HR-NCR,278.55,178.9165415329349,183.14851,184.59154841206902
2022-07-01,389725,Mumbai,168.76,163.1692296327779,168.41266,159.99814492815537
2022-07-02,389725,Mumbai,310.55,179.08160698927483,186.04594,191.1958432162038
2022-07-03,389725,Mumbai,341.25,193.5253801259897,193.21185,200.35475843221096
2022-07-04,389725,Mumbai,219.18,174.22859515360778,177.45216,170.93492934434911
2022-07-05,389725,Mumbai,149.64,169.96742482347534,175.00491,161.19389219366852
2022-07-06,389725,Mumbai,116.09,169.96742482347534,175.72,165.03001715369092
2022-07-07,389725,Mumbai,120.31,170.3861342049218,179.33934,160.77206880297365
2022-07-08,389725,Mumbai,129.81,171.92731529346412,181.61272,168.36621014486255
2022-07-09,389725,Mumbai,118.99,197.03727016200025,203.2915,215.54221783420076
2022-07-10,389725,Mumbai,101.55,193.7343651319377,194.99611,204.94383178068554
2022-07-01,389727,Delhi,168.52,179.83856258579146,182.54967,175.7612449571136
2022-07-02,389727,Delhi,191.23,198.12273580631052,198.43507,205.7554326379282
2022-07-03,389727,Delhi,172.23,194.9797213629078,196.44804,204.11017625575062
2022-07-04,389727,Delhi,113.49,168.18989737925023,171.7356,164.6382928453325
2022-07-05,389727,Delhi,193.61,168.18989737925023,171.39845,167.0662361835258
2022-07-06,389727,Delhi,122.63,167.83357171175481,171.45589,163.43239755686216
2022-07-07,389727,Delhi,205.73,167.9183460045463,170.63432,167.2288209642934
2022-07-08,389727,Delhi,184.15,168.4038934559272,171.57307,165.73721615374393
2022-07-09,389727,Delhi,234.77,194.87046017414187,197.02075,211.7210352831459
2022-07-10,389727,Delhi,215.04,195.24566763584392,196.44804,206.4030404851768
2022-07-01,389735,Delhi,1104.37,908.8850906941173,879.78046,908.3350412531487
2022-07-02,389735,Delhi,1389.3,1053.9843986025955,1066.0573,1064.0090779041413
2022-07-03,389735,Delhi,1629.31,1043.779444844237,1041.7156,1029.6679207458224
2022-07-04,389735,Delhi,628.59,961.9713336249016,943.59186,946.1272256213693
2022-07-05,389735,Delhi,624.02,916.8363748283123,966.7802,961.3921105112295
2022-07-06,389735,Delhi,700.2,907.0503584186544,938.3583,930.7614174828789
2022-07-07,389735,Delhi,652.42,913.0131978288383,921.44226,923.4024844981572
2022-07-08,389735,Delhi,970.08,898.8232926603238,887.87445,908.3422857512935
2022-07-09,389735,Delhi,1525.43,1013.2453685205397,1003.1098,1026.39296928134
2022-07-10,389735,Delhi,881.74,1034.1616518393885,1010.18744,1040.6330037696548
2022-07-01,389735,HR-NCR,384.01,357.52734009848916,346.11996,351.3317313860756
2022-07-02,389735,HR-NCR,311.72,416.07699725429126,411.46503,420.0264482194142
2022-07-03,389735,HR-NCR,408.6,417.1845799768598,413.1172,415.4290636563683
2022-07-04,389735,HR-NCR,327.36,357.52734009848916,350.04205,349.8345946907812
2022-07-05,389735,HR-NCR,428.61,357.6898304072799,367.65286,360.7497407803204
2022-07-06,389735,HR-NCR,303.12,362.4692992940399,368.30536,368.11351522138534
2022-07-07,389735,HR-NCR,180.97,367.63323890707994,365.86414,362.690100561387
2022-07-08,389735,HR-NCR,260.99,360.6798794797968,356.12155,354.76817595762714
2022-07-09,389735,HR-NCR,447.77,413.59757152064225,404.7717,417.2562162291644
2022-07-10,389735,HR-NCR,373.43,415.8922476890522,404.86383,418.90354303437095
2022-07-01,389738,Delhi,119.77,184.65740394756799,189.5754,183.20482040962344
2022-07-02,389738,Delhi,277.96,209.17683580523345,210.8421,225.1774318811042
2022-07-03,389738,Delhi,258.03,211.91486487136544,215.49614,223.44239110717155
2022-07-04,389738,Delhi,239.39,184.65740394756799,189.5754,181.78464041354204
2022-07-05,389738,Delhi,268.96,192.14084646243006,196.30354,191.50015641647127
2022-07-06,389738,Delhi,269.36,193.4654517142793,196.47406,189.54225483315446
2022-07-07,389738,Delhi,201.21,196.96997780442422,202.43608,191.5693571315785
2022-07-08,389738,Delhi,159.94,203.25746545796426,202.43608,192.51365606030174
2022-07-09,389738,Delhi,127.71,231.74532760902315,237.93715,243.13254012014755
2022-07-10,389738,Delhi,193.11,221.39709247567575,224.77414,234.3069048923185
2022-07-01,389740,Delhi,165.15,190.8486577399805,192.71019,181.1953192484326
2022-07-02,389740,Delhi,302.32,217.4731605761542,218.35504,223.94261543934948
2022-07-03,389740,Delhi,194.34,221.05750504428303,225.37927,231.93500972016696
2022-07-04,389740,Delhi,215.75,196.88520351163274,199.97173,194.31839669874853
2022-07-05,389740,Delhi,186.31,196.88520351163274,200.1119,193.94300673698586
2022-07-06,389740,Delhi,211.56,201.84808591332353,208.46182,198.55188924643522
2022-07-07,389740,Delhi,154.26,201.932860206115,208.46182,197.79372016251497
2022-07-08,389740,Delhi,131.97,196.58571658191042,203.60017,198.7937095344546
2022-07-09,389740,Delhi,229.79,220.6487799142564,223.74646,234.49439938803377
2022-07-10,389740,Delhi,153.38,221.02398737595846,225.7296,237.7642563913909
2022-07-01,389815,Delhi,196.61,211.41342225627778,213.35136,208.67643615108636
2022-07-02,389815,Delhi,276.92,241.58230749482266,241.25328,253.12805196349856
2022-07-03,389815,Delhi,201.84,245.31416661158545,248.45296,262.6241969791847
2022-07-04,389815,Delhi,186.64,208.88242750388892,213.00876,207.24424939103034
2022-07-05,389815,Delhi,102.96,208.43060372303478,212.47629,207.20189473422047
2022-07-06,389815,Delhi,108.71,205.4148760262478,205.66737,202.6532516189207
2022-07-07,389815,Delhi,181.09,197.05668883210515,196.08687,194.94348915324878
2022-07-08,389815,Delhi,181.62,197.05668883210515,195.62222,193.99543424691234
2022-07-09,389815,Delhi,229.6,232.3088935426076,225.37965,239.41950627712782
2022-07-10,389815,Delhi,161.79,233.90996645934325,226.25674,241.12205993646023
2022-07-01,389843,Delhi,276.02,219.593553324775,223.09131,217.04448515302292
2022-07-02,389843,Delhi,340.28,267.82490347538214,262.4889,272.4024686340335
2022-07-03,389843,Delhi,269.37,268.80614213138176,271.78317,277.7563836588981
2022-07-04,389843,Delhi,254.43,235.87070308695357,241.14278,235.89530321100187
2022-07-05,389843,Delhi,230.13,235.01994558361127,239.65337,230.75372621775858
2022-07-06,389843,Delhi,234.6,235.87070308695357,241.14278,233.8181849652899
2022-07-07,389843,Delhi,236.47,235.10471987640275,239.65337,228.54376436575484
2022-07-08,389843,Delhi,211.49,235.10471987640275,241.16365,233.87477170033344
2022-07-09,389843,Delhi,250.62,269.2414205978475,275.17307,283.84273043754166
2022-07-10,389843,Delhi,183.82,268.46605721002027,268.8,274.03883482650787
2022-07-01,389944,Delhi,331.94,290.33945934894916,296.74878,283.6267939245476
2022-07-02,389944,Delhi,363.38,333.1955384979636,338.04428,346.51048435107106
2022-07-03,389944,Delhi,385.84,335.39838450429016,338.90216,351.80697164902205
2022-07-04,389944,Delhi,328.55,304.72968062526326,308.58307,319.0675321072762
2022-07-05,389944,Delhi,255.75,298.3300576399978,303.7733,298.3307215902839
2022-07-06,389944,Delhi,229.6,303.9123115982893,303.12668,298.39227253120004
2022-07-07,389944,Delhi,255.13,304.48133246246965,304.82343,301.64788214886744
2022-07-08,389944,Delhi,253.63,294.3972469322925,297.88303,294.4086376355732
2022-07-09,389944,Delhi,225.76,335.97403826722604,334.0709,344.8737990910112
2022-07-10,389944,Delhi,318.45,332.30144159666946,328.38428,339.8936529324006
2022-07-01,389944,HR-NCR,146.79,193.34273800797283,197.06093,194.17937911885357
2022-07-02,389944,HR-NCR,253.48,216.03741770585307,220.37825,228.7429540593284
2022-07-03,389944,HR-NCR,278.76,220.23131068739667,221.49672,231.49161931371378
2022-07-04,389944,HR-NCR,181.82,201.84808591332353,208.46182,203.26422186866387
2022-07-05,389944,HR-NCR,231.72,201.84808591332353,205.58876,198.79790460309218
2022-07-06,389944,HR-NCR,155.72,208.03167000054663,208.80112,200.02691556475474
2022-07-07,389944,HR-NCR,199.22,208.1164442933381,208.16476,201.34370938171125
2022-07-08,389944,HR-NCR,279.48,208.1164442933381,208.80112,201.92846993669963
2022-07-09,389944,HR-NCR,194.42,240.54246047879914,238.69104,249.4747767442409
2022-07-10,389944,HR-NCR,424.81,239.48192507020002,238.14728,248.60185745737306
2022-07-01,390221,Delhi,187.06,204.02344866851507,211.07501,202.85151215502322
2022-07-02,390221,Delhi,223.84,224.10204937993439,228.26038,232.9797100914725
2022-07-03,390221,Delhi,130.8,230.9525848449379,237.7213,243.58527718188827
2022-07-04,390221,Delhi,280.62,202.24701963581168,208.67664,200.90896678159933
2022-07-05,390221,Delhi,190.77,208.03167000054663,211.67415,204.86490743487226
2022-07-06,390221,Delhi,152.86,208.03167000054663,212.38922,204.8037059762436
2022-07-07,390221,Delhi,169.91,208.1164442933381,211.0868,204.13703448588043
2022-07-08,390221,Delhi,167.81,209.05678832267355,209.5484,204.34994417874995
2022-07-09,390221,Delhi,217.6,229.31799425987762,232.24957,240.85153799453175
2022-07-10,390221,Delhi,200.92,227.47565519399726,228.88376,239.01526126843714
2022-07-01,391305,Bengaluru,3012.42,3167.9200730149787,3183.901,3129.976024167796
2022-07-02,391305,Bengaluru,2949.26,3528.903373226833,3539.6897,3409.44090509691
2022-07-03,391305,Bengaluru,3247.5,3370.82784381313,3284.3342,3246.0169395423236
2022-07-04,391305,Bengaluru,2685.34,3001.2748283691258,2969.8113,3017.340493054109
2022-07-05,391305,Bengaluru,3102.88,3036.6404694477887,2971.2686,3014.4923714767765
2022-07-06,391305,Bengaluru,2871.5,3012.938700240209,2971.6943,3014.122188215596
2022-07-07,391305,Bengaluru,2970.87,3050.212720740811,2988.6194,3040.138799424112
2022-07-08,391305,Bengaluru,2725.02,3007.288614654966,2945.1428,2994.03329880121
2022-07-09,391305,Bengaluru,3339.23,3396.98761220909,3256.3726,3235.496766004782
2022-07-10,391305,Bengaluru,3137.12,3397.131933016241,3257.514,3265.3436399180005
2022-07-01,391305,Mumbai,907.91,1134.677313599504,1138.3245,1139.400649870227
2022-07-02,391305,Mumbai,1423.36,1248.751767187886,1247.2516,1247.12941517936
2022-07-03,391305,Mumbai,1698.33,1287.6380284640682,1277.7592,1245.0663564970155
2022-07-04,391305,Mumbai,1390.33,1114.9668672808543,1119.7375,1134.8932124742796
2022-07-05,391305,Mumbai,1087.09,1131.0868733526152,1152.6033,1156.2121427413572
2022-07-06,391305,Mumbai,756.19,1132.9913538837022,1157.8726,1164.3102919043608
2022-07-07,391305,Mumbai,1008.76,1133.1901482149408,1129.4276,1127.2495811679837
2022-07-08,391305,Mumbai,1447.96,1131.044618286352,1121.2235,1122.8113777824913
2022-07-09,391305,Mumbai,1335.45,1329.530034621069,1326.5771,1331.647068556923
2022-07-10,391305,Mumbai,1251.32,1315.277794524966,1288.544,1282.3500923294064
2022-07-01,391306,Bengaluru,4167.02,4048.3491985817222,4040.3323,4070.7218430438334
2022-07-02,391306,Bengaluru,4069.04,4286.104451819803,4299.4106,4269.345583274166
2022-07-03,391306,Bengaluru,4262.87,4385.145496108292,4425.5264,4370.2526435160535
2022-07-04,391306,Bengaluru,3391.3,3911.0867697218505,3939.1536,4002.6500385319537
2022-07-05,391306,Bengaluru,4086.57,3801.018805287754,3794.6016,3892.2771390481394
2022-07-06,391306,Bengaluru,3915.87,3808.286003297192,3813.6802,3914.5740757373815
2022-07-07,391306,Bengaluru,4193.85,4068.360761967722,4160.871,4126.779238822866
2022-07-08,391306,Bengaluru,3892.69,3866.2016983742287,3888.727,3970.4139041484486
2022-07-09,391306,Bengaluru,4577.59,4251.447254934222,4207.1313,4192.549500554165
2022-07-10,391306,Bengaluru,4529.84,4424.297892725092,4363.5586,4296.508377228884
2022-07-01,391306,Delhi,5323.09,4613.597626439266,5548.8535,5617.268671209541
2022-07-02,391306,Delhi,7946.96,5174.608920111206,7276.14,6593.9498274479465
2022-07-03,391306,Delhi,7605.82,8405.69357736358,7997.658,7287.959237816216
2022-07-04,391306,Delhi,6188.58,6437.461918234125,6134.113,6129.049056002179
2022-07-05,391306,Delhi,7941.7,6662.342481680268,6539.6406,6392.080523767818
2022-07-06,391306,Delhi,6037.01,7313.554393767729,7349.0864,6928.397487917005
2022-07-07,391306,Delhi,4767.75,5908.800053936659,6188.9814,6061.302171439808
2022-07-08,391306,Delhi,5070.26,5169.4842629585,5696.7217,5717.34102213554
2022-07-09,391306,Delhi,8117.62,7073.196209081578,7821.9434,7067.618569933162
2022-07-10,391306,Delhi,7579.73,6881.447094758808,6237.1406,6279.184336552033
2022-07-01,391306,HR-NCR,4128.27,4251.21954360412,4139.764,4227.785544121209
2022-07-02,391306,HR-NCR,4382.56,4940.4569405113625,4754.372,4690.316202260469
2022-07-03,391306,HR-NCR,5765.39,5046.078204249164,4825.942,4735.7097277017365
2022-07-04,391306,HR-NCR,4527.97,4326.025325105486,4205.7646,4290.29348168514
2022-07-05,391306,HR-NCR,4142.01,4356.5818979449605,4318.771,4365.209675082166
2022-07-06,391306,HR-NCR,3580.83,4036.7647498209617,4031.9219,4140.046327154217
2022-07-07,391306,HR-NCR,3464.48,4392.614351049843,4263.1333,4315.756073330264
2022-07-08,391306,HR-NCR,3773.52,4249.018552733809,4229.4995,4274.658916003489
2022-07-09,391306,HR-NCR,5806.05,4944.0648241241215,4871.1367,4722.371653486805
2022-07-10,391306,HR-NCR,5649.07,4931.989532083118,5030.1196,4813.020523396626
2022-07-01,391306,Mumbai,1158.22,1405.5009339396074,1406.7573,1392.463241382357
2022-07-02,391306,Mumbai,1640.08,1555.2640425097363,1550.3407,1535.3248789111797
2022-07-03,391306,Mumbai,1716.61,1551.8756712574907,1546.8639,1537.6680779686249
2022-07-04,391306,Mumbai,953.86,1392.7986708830647,1402.383,1421.745517247549
2022-07-05,391306,Mumbai,1790.12,1352.7555970062817,1348.4852,1386.284271950966
2022-07-06,391306,Mumbai,1593.63,1381.0550936534257,1367.8451,1411.336005377968
2022-07-07,391306,Mumbai,1500.32,1428.732245131021,1372.0621,1425.4832959435523
2022-07-08,391306,Mumbai,1056.87,1407.6980840995193,1358.9077,1395.883130837423
2022-07-09,391306,Mumbai,1733.68,1545.7261590608455,1534.9036,1528.0768873685672
2022-07-10,391306,Mumbai,1614.1,1552.926710314325,1556.3107,1560.5916097812083
2022-07-01,391333,Delhi,591.99,619.1881754295458,601.07526,620.3330970692839
2022-07-02,391333,Delhi,801.18,768.4370421306517,697.64795,721.5775710444059
2022-07-03,391333,Delhi,1030.28,692.8604526993099,672.53705,660.5426522460058
2022-07-04,391333,Delhi,1404.45,689.9650641249104,655.37665,618.8903205926016
2022-07-05,391333,Delhi,618.85,574.3413644954163,679.11646,673.1133256834963
2022-07-06,391333,Delhi,1183.02,667.8406849078361,691.18915,674.2816320871644
2022-07-07,391333,Delhi,358.25,698.3876998512067,712.88965,682.8111660470882
2022-07-08,391333,Delhi,530.67,724.3315021072314,689.29626,665.4461768437545
2022-07-09,391333,Delhi,1063.94,807.0966564183648,779.20355,767.8248260352998
2022-07-10,391333,Delhi,241.6,743.9623123526674,759.0013,769.7287554389351
2022-07-01,391333,HR-NCR,428.54,432.3009995174366,480.71884,455.3990657575446
2022-07-02,391333,HR-NCR,444.84,565.5002151863406,569.88324,584.1216464721163
2022-07-03,391333,HR-NCR,827.15,529.8495443674522,542.0387,553.6356123111997
2022-07-04,391333,HR-NCR,604.09,516.6093456346563,494.32706,490.5618870553101
2022-07-05,391333,HR-NCR,499.51,473.0154795156701,512.0552,500.3013916683805
2022-07-06,391333,HR-NCR,374.17,482.0734245197375,491.48428,489.88148872463285
2022-07-07,391333,HR-NCR,643.61,482.53591251545214,487.87793,484.8640001366701
2022-07-08,391333,HR-NCR,796.6,481.41453705885806,488.44092,476.2759028321774
2022-07-09,391333,HR-NCR,164.08,588.2046051574106,580.9116,569.7606305958857
2022-07-10,391333,HR-NCR,809.04,561.4389023122318,561.51776,587.9227275198024
2022-07-01,391607,Delhi,308.85,192.94380428548467,196.25877,191.40700501321285
2022-07-02,391607,Delhi,284.72,239.00326164435253,239.91957,249.69853732004668
2022-07-03,391607,Delhi,216.82,240.65172166756508,238.67609,247.56934542719716
2022-07-04,391607,Delhi,218.97,201.84808591332353,208.46182,199.8267803238896
2022-07-05,391607,Delhi,246.69,203.17269116517278,208.63234,199.6534268497879
2022-07-06,391607,Delhi,195.65,209.35627525239587,211.84467,201.33976217396173
2022-07-07,391607,Delhi,242.2,209.44104954518735,211.84467,201.08474644575566
2022-07-08,391607,Delhi,191.1,209.44104954518735,212.55974,205.46251046911433
2022-07-09,391607,Delhi,253.22,240.54246047879914,241.31361,248.7638573788002
2022-07-10,391607,Delhi,201.15,240.9176679405012,241.30606,250.49889439796502
2022-07-01,391684,Delhi,91.16,150.9607443076635,159.74104,143.70299777845864
2022-07-02,391684,Delhi,88.6,170.26499346428292,178.77417,177.03289161247886
2022-07-03,391684,Delhi,295.95,174.48981627405254,185.00333,186.26774086980686
2022-07-04,391684,Delhi,141.94,152.65220136377548,160.00252,145.45738624807808
2022-07-05,391684,Delhi,26.33,153.33232751423387,160.21841,156.44886693848258
2022-07-06,391684,Delhi,269.7,153.09953524741883,159.95694,150.68362417075494
2022-07-07,391684,Delhi,127.57,152.37221495503437,159.74104,149.40717073386415
2022-07-08,391684,Delhi,123.95,181.69824228544934,168.25362,161.02578234970653
2022-07-09,391684,Delhi,210.09,176.0993747166169,179.19974,169.04690759746387
2022-07-10,391684,Delhi,227.89,176.219247832085,180.17238,182.2777512700299
2022-07-01,391805,Delhi,229.2,169.67588406754635,172.40466,171.71298731156963
2022-07-02,391805,Delhi,241.05,193.1119093046699,194.0918,204.81093660236968
2022-07-03,391805,Delhi,209.64,204.73070923424262,203.75278,209.98207233635094
2022-07-04,391805,Delhi,163.88,179.38673880493732,181.09271,173.6249033470313
2022-07-05,391805,Delhi,147.72,171.47186970242075,179.5324,168.02144490725124
2022-07-06,391805,Delhi,180.86,172.12846571241403,174.58913,171.23038444247243
2022-07-07,391805,Delhi,137.41,169.1297555813148,171.91022,164.34294648373765
2022-07-08,391805,Delhi,198.52,168.0475677884318,171.91022,171.30365859983664
2022-07-09,391805,Delhi,214.07,193.28826905161284,194.92206,207.2976275972288
2022-07-10,391805,Delhi,226.44,195.14459802868612,195.98174,205.25496820829144
2022-07-01,392235,Delhi,215.5,180.2614776254954,183.46202,183.15022684883422
2022-07-02,392235,Delhi,203.13,204.72073729818757,204.59056,209.92756639346237
2022-07-03,392235,Delhi,299.24,205.35636949080288,205.46892,212.35398184359974
2022-07-04,392235,Delhi,101.89,182.16008856492294,182.55902,181.5425802705503
2022-07-05,392235,Delhi,206.67,182.16008856492294,181.63454,174.32488419377512
2022-07-06,392235,Delhi,137.39,182.16008856492294,181.97168,180.20546860338945
2022-07-07,392235,Delhi,329.38,182.24486285771442,181.97168,180.24891047530542
2022-07-08,392235,Delhi,250.7,182.48280084064837,182.55902,178.46713116623357
2022-07-09,392235,Delhi,250.89,216.21377745279602,217.90836,226.42589714518414
2022-07-10,392235,Delhi,288.0,218.0247277847992,219.07013,227.64093267508278
2022-07-01,392375,Delhi,171.87,208.88242750388892,213.00876,206.99101607067308
2022-07-02,392375,Delhi,190.29,238.84077133556187,240.71214,248.16129891164778
2022-07-03,392375,Delhi,244.88,239.21597879726392,237.9925,247.5639501152034
2022-07-04,392375,Delhi,160.66,208.03167000054663,208.94128,201.62228862214195
2022-07-05,392375,Delhi,198.1,208.88242750388892,210.2759,209.23131429951
2022-07-06,392375,Delhi,246.47,205.4148760262478,205.66737,201.49723089478437
2022-07-07,392375,Delhi,206.77,209.05678832267355,210.13573,208.23310642755013
2022-07-08,392375,Delhi,208.35,209.05678832267355,210.13573,203.6330728061613
2022-07-09,392375,Delhi,259.55,229.31799425987762,233.76288,239.30500031366552
2022-07-10,392375,Delhi,215.81,238.2560596151664,237.16728,244.81203844306057
2022-07-01,392399,Delhi,381.94,285.4088950090724,291.1679,291.27468917319106
2022-07-02,392399,Delhi,219.13,330.5213076435567,332.41998,330.828257257496
2022-07-03,392399,Delhi,221.32,324.83409123612006,329.2699,342.26806260681514
2022-07-04,392399,Delhi,217.35,283.64831391726693,285.0079,285.07970150151687
2022-07-05,392399,Delhi,100.36,278.0292321738692,277.02722,270.1296334432142
2022-07-06,392399,Delhi,148.78,275.4134195893361,271.5091,263.7632546729046
2022-07-07,392399,Delhi,77.64,278.14188898883907,273.9599,286.12412410336253
2022-07-08,392399,Delhi,329.23,267.0380125915181,261.274,274.97391042581796
2022-07-09,392399,Delhi,220.3,311.4796683054543,295.65094,316.10113454646023
2022-07-10,392399,Delhi,426.59,311.3171779966636,293.72388,305.8143888216806
2022-07-01,392931,Delhi,242.63,247.41585904065198,251.1626,248.6971077642893
2022-07-02,392931,Delhi,260.81,287.63444330630784,282.37384,290.12710017076495
2022-07-03,392931,Delhi,327.39,287.2723055614576,282.48178,286.341495161002
2022-07-04,392931,Delhi,313.64,247.25336873186131,252.39633,248.57335566501325
2022-07-05,392931,Delhi,296.29,247.9334948823197,252.39633,252.10233578400658
2022-07-06,392931,Delhi,265.02,247.25336873186131,255.18369,252.12960849259406
2022-07-07,392931,Delhi,161.65,256.4346087662992,259.6535,254.32792284089655
2022-07-08,392931,Delhi,235.76,247.6335854505897,252.9776,247.3866188937755
2022-07-09,392931,Delhi,324.51,289.57525042605187,294.61996,305.403230518511
2022-07-10,392931,Delhi,242.22,288.64394324968043,290.2971,299.6982039020981
2022-07-01,394525,Delhi,600.1,448.84714507985547,455.50076,450.50959081803495
2022-07-02,394525,Delhi,601.33,525.4423754221773,522.4209,523.1025738610159
2022-07-03,394525,Delhi,469.77,532.7837312611068,526.29803,528.4536862237738
2022-07-04,394525,Delhi,403.76,456.37168590979866,470.56683,462.4383948639378
2022-07-05,394525,Delhi,543.99,457.95173217466896,459.98514,460.82542709999683
2022-07-06,394525,Delhi,467.04,466.38505097796815,487.15958,481.8325176734337
2022-07-07,394525,Delhi,379.14,458.96780386246195,465.3687,465.4245790791287
2022-07-08,394525,Delhi,469.16,454.6556340515537,459.39114,458.5715879794514
2022-07-09,394525,Delhi,420.93,517.8796832927568,522.2851,527.9401269563373
2022-07-10,394525,Delhi,521.95,512.8649417943975,514.993,520.1566200151899
2022-07-01,394525,HR-NCR,271.55,223.29335340951783,233.1601,230.33644875452575
2022-07-02,394525,HR-NCR,149.35,252.55762416470387,262.60303,266.50247686113397
2022-07-03,394525,HR-NCR,247.13,252.48867923494913,259.8699,267.5420162089833
2022-07-04,394525,HR-NCR,215.83,229.53826138308864,232.97847,230.13720125025682
2022-07-05,394525,HR-NCR,163.25,228.44294918199566,229.4298,227.07035121017628
2022-07-06,394525,HR-NCR,237.86,227.72788506254975,229.25928,226.13505300002026
2022-07-07,394525,HR-NCR,220.88,228.8560721792203,228.85414,229.20403798303855
2022-07-08,394525,HR-NCR,258.92,228.07287723421828,229.2161,229.59468197329497
2022-07-09,394525,HR-NCR,228.46,259.7713099508366,257.64352,265.3038307630403
2022-07-10,394525,HR-NCR,180.6,261.58226028283985,258.0902,265.9121957051738
2022-07-01,394617,Bengaluru,101.72,162.4948159733753,165.89207,155.74856310243587
2022-07-02,394617,Bengaluru,395.39,186.71824353706302,188.56792,194.5486918064843
2022-07-03,394617,Bengaluru,97.64,205.1997904440607,204.19029,204.90000393677937
2022-07-04,394617,Bengaluru,135.23,172.75072454964777,176.31506,169.16580126044155
2022-07-05,394617,Bengaluru,127.67,169.27341529971972,171.61607,161.13667231985693
2022-07-06,394617,Bengaluru,166.72,167.9374173959259,170.79807,165.88019936928703
2022-07-07,394617,Bengaluru,187.2,168.02219168871738,169.9765,157.7141848973847
2022-07-08,394617,Bengaluru,104.93,169.45345598980518,171.57307,162.85613028294875
2022-07-09,394617,Bengaluru,86.92,196.28737786466402,196.37152,215.15832256999056
2022-07-10,394617,Bengaluru,181.29,195.4947727342392,194.62744,203.3788323434806
2022-07-01,394617,Delhi,426.52,552.3876694362318,546.66144,543.1798783743543
2022-07-02,394617,Delhi,592.53,637.426526910781,633.532,631.0715790835135
2022-07-03,394617,Delhi,598.65,639.8577857108629,629.00726,630.3711830499316
2022-07-04,394617,Delhi,536.14,559.5244797819928,560.9281,568.9148521351135
2022-07-05,394617,Delhi,570.05,559.5244797819928,559.347,569.3885717296805
2022-07-06,394617,Delhi,649.46,559.5244797819928,554.0004,572.3606333107825
2022-07-07,394617,Delhi,554.6,562.4779081987016,561.0363,572.1014864061392
2022-07-08,394617,Delhi,447.12,559.829811374189,552.4193,558.654187859393
2022-07-09,394617,Delhi,781.48,624.8616439197793,619.6144,622.4065026080802
2022-07-10,394617,Delhi,711.87,630.3350064720039,626.62573,630.9648443722577
2022-07-01,394617,HR-NCR,173.23,271.56874914447764,274.07233,274.7112194691434
2022-07-02,394617,HR-NCR,214.83,315.6103906256175,309.89093,321.95944718873596
2022-07-03,394617,HR-NCR,265.71,315.4479003168268,307.49042,318.53808566407065
2022-07-04,394617,HR-NCR,239.0,269.2860582216192,269.9092,271.1020164421297
2022-07-05,394617,HR-NCR,186.36,264.7241332080154,268.5909,275.5036724841498
2022-07-06,394617,HR-NCR,199.51,263.0307592454241,261.65018,259.691895394173
2022-07-07,394617,HR-NCR,212.76,261.81973589263566,259.37494,261.8386957652331
2022-07-08,394617,HR-NCR,264.86,261.8903209106906,258.2416,262.65876339817686
2022-07-09,394617,HR-NCR,324.83,304.7652808040257,289.8468,300.74503090959166
2022-07-10,394617,HR-NCR,294.38,309.82507828105895,296.23248,310.18901211977055
2022-07-01,395336,Delhi,733.29,820.9159778044781,823.0783,822.5427500082455
2022-07-02,395336,Delhi,960.52,916.8308567361581,920.61707,899.2038666329797
2022-07-03,395336,Delhi,903.3,922.7412018530136,930.21735,919.1891116943514
2022-07-04,395336,Delhi,818.69,825.2532644625867,822.33887,829.6345296719711
2022-07-05,395336,Delhi,874.07,824.8400138685404,824.1793,827.8452999816399
2022-07-06,395336,Delhi,1011.99,822.4917746942699,821.07043,818.0416213684239
2022-07-07,395336,Delhi,806.99,826.9517121558561,828.56226,829.7843709490085
2022-07-08,395336,Delhi,526.1,825.5126016991696,826.01276,820.7896647086086
2022-07-09,395336,Delhi,981.55,943.8716915411554,932.67236,928.8371223891604
2022-07-10,395336,Delhi,866.55,933.4781562368183,942.1348,935.7626050066223
2022-07-01,395336,HR-NCR,352.88,426.6093741632346,427.0828,429.4032322647508
2022-07-02,395336,HR-NCR,615.27,478.9958780219486,470.88672,479.75965871665517
2022-07-03,395336,HR-NCR,517.68,505.9605803085261,511.6027,514.5829898937318
2022-07-04,395336,HR-NCR,406.12,433.22271156700873,429.30542,430.19784096366425
2022-07-05,395336,HR-NCR,465.41,432.90778740777955,427.0828,425.5775053372745
2022-07-06,395336,HR-NCR,408.96,435.14867243600077,449.18704,443.93053121904023
2022-07-07,395336,HR-NCR,343.62,433.89861166329746,426.8669,424.6488827319373
2022-07-08,395336,HR-NCR,379.47,435.5098654056105,431.4805,435.32343885181035
2022-07-09,395336,HR-NCR,585.09,492.8606453912083,485.93533,496.0599339986138
2022-07-10,395336,HR-NCR,618.72,495.2919041912902,491.1326,502.9952480516081
2022-07-01,395339,Delhi,204.96,179.34413074994458,181.53194,177.6113046277227
2022-07-02,395339,Delhi,238.67,205.33748769659624,205.21136,213.9633083118993
2022-07-03,395339,Delhi,179.92,209.5520432669355,208.18689,219.16963550287545
2022-07-04,395339,Delhi,169.29,179.60455548085784,181.53194,175.8920697197745
2022-07-05,395339,Delhi,191.76,179.60455548085784,181.53194,172.70577384959347
2022-07-06,395339,Delhi,186.65,182.16008856492294,182.55902,179.78273469058524
2022-07-07,395339,Delhi,169.62,180.62967380298477,182.86656,179.26858380830848
2022-07-08,395339,Delhi,169.26,179.68932977364932,181.53194,176.88867586972202
2022-07-09,395339,Delhi,160.73,205.5138474435392,205.97548,215.14802537757245
2022-07-10,395339,Delhi,187.38,205.62863017432798,206.23303,213.17065977341767
2022-07-01,396484,Delhi,252.56,162.65400280552646,166.81137,154.8778888723918
2022-07-02,396484,Delhi,237.55,194.31907685233315,195.05305,208.8086905001232
2022-07-03,396484,Delhi,235.2,193.55800538499474,193.97601,205.76361396565943
2022-07-04,396484,Delhi,225.63,168.31911916313572,172.3372,165.03196794981596
2022-07-05,396484,Delhi,137.05,169.40130695601874,174.8344,168.73668788724194
2022-07-06,396484,Delhi,165.44,169.40130695601874,174.24706,168.56923877685728
2022-07-07,396484,Delhi,146.33,171.81430628271735,174.37431,166.62356037614757
2022-07-08,396484,Delhi,127.63,169.52868930380296,174.41234,169.9845597754873
2022-07-09,396484,Delhi,170.64,193.00283200274023,192.9543,205.45130515805252
2022-07-10,396484,Delhi,140.93,193.37803946444228,193.21185,201.52108251042188
2022-07-01,396489,Delhi,184.18,155.9448732183887,160.42809,152.66150050088353
2022-07-02,396489,Delhi,172.7,179.29079632586556,182.63206,190.87326343086627
2022-07-03,396489,Delhi,192.28,179.29079632586556,182.88962,191.18187306469102
2022-07-04,396489,Delhi,235.05,157.27180256316717,161.55449,156.60664544405898
2022-07-05,396489,Delhi,148.75,157.7630650048495,162.21231,158.28803354518848
2022-07-06,396489,Delhi,183.99,157.7630650048495,162.21231,155.6059607120504
2022-07-07,396489,Delhi,181.84,157.84783929764097,162.21231,153.01428818226
2022-07-08,396489,Delhi,174.15,157.84783929764097,162.54945,160.02973516093715
2022-07-09,396489,Delhi,221.6,179.86683306033936,183.28989,193.02533508569118
2022-07-10,396489,Delhi,118.23,180.2420405220414,183.54744,190.2705722914259
2022-07-01,396897,Delhi,479.73,391.6544294704907,404.74292,402.34506566676953
2022-07-02,396897,Delhi,589.52,450.3023417752677,454.2787,458.9015280621161
2022-07-03,396897,Delhi,528.03,469.51053716457045,467.45752,473.7845125928885
2022-07-04,396897,Delhi,367.83,403.48454858864676,418.54797,410.8722308351192
2022-07-05,396897,Delhi,298.85,391.24037879614747,403.52072,399.1897629403512
2022-07-06,396897,Delhi,290.53,390.9254546369183,395.25812,394.33940768897355
2022-07-07,396897,Delhi,517.63,392.87265391656604,393.93924,391.395756197668
2022-07-08,396897,Delhi,318.65,393.52753263474926,399.65582,402.76179994533004
2022-07-09,396897,Delhi,596.72,438.0334081864696,448.27365,453.4606694971496
2022-07-10,396897,Delhi,554.47,463.1638985497384,458.90942,464.5414972988632
2022-07-01,397485,Delhi,212.94,179.60455548085784,183.10464,177.3148848263879
2022-07-02,397485,Delhi,207.83,208.040556876193,209.04765,217.02055854965403
2022-07-03,397485,Delhi,231.56,208.8146980603832,208.39656,219.41392676130135
2022-07-04,397485,Delhi,142.58,182.16008856492294,184.13173,176.13923435805836
2022-07-05,397485,Delhi,189.4,183.01084606826524,185.46635,179.86105272127622
2022-07-06,397485,Delhi,146.26,181.86393288056894,188.54831,184.31648684894924
2022-07-07,397485,Delhi,255.17,179.68932977364932,181.1948,174.9267057133477
2022-07-08,397485,Delhi,179.54,183.18520688704987,185.46635,182.10135963355293
2022-07-09,397485,Delhi,244.85,205.5138474435392,207.84106,214.41260336298495
2022-07-10,397485,Delhi,153.3,211.35387941175608,215.55101,227.14567835088178
2022-07-01,399908,Bengaluru,155.75,210.20703275573817,213.33406,208.0195824257516
2022-07-02,399908,Bengaluru,350.74,225.4008186177655,231.62804,237.47753983370745
2022-07-03,399908,Bengaluru,134.81,225.6135357706769,231.14798,240.85984941546124
2022-07-04,399908,Bengaluru,240.82,193.4654517142793,199.34712,183.18240161822843
2022-07-05,399908,Bengaluru,168.48,197.2841372341209,204.92561,201.48248480167925
2022-07-06,399908,Bengaluru,191.16,196.41135576312578,203.38852,196.96322269481138
2022-07-07,399908,Bengaluru,207.26,192.22562075522154,200.70921,190.7275978485787
2022-07-08,399908,Bengaluru,213.54,192.90574690567993,200.92511,198.05191234824406
2022-07-09,399908,Bengaluru,124.05,222.8426662565762,228.83383,239.87874693136857
2022-07-10,399908,Bengaluru,158.52,224.44373917331185,226.04442,234.72175756836822
2022-07-01,399908,Delhi,784.29,695.5659953902783,689.4119,696.742208210213
2022-07-02,399908,Delhi,707.84,782.8841961901513,787.4049,779.8342511949254
2022-07-03,399908,Delhi,650.39,788.9654338224167,781.8402,779.8532976390693
2022-07-04,399908,Delhi,839.99,678.7063532616884,674.6255,681.6832875551925
2022-07-05,399908,Delhi,618.16,678.6065963156254,679.4677,679.4587936254086
2022-07-06,399908,Delhi,664.67,677.7701643053819,678.0615,676.9837305490948
2022-07-07,399908,Delhi,694.69,680.7235927220906,679.75085,679.2428536255751
2022-07-08,399908,Delhi,639.68,680.7235927220906,679.4677,683.1069448948812
2022-07-09,399908,Delhi,710.82,782.8559880109349,763.06866,761.4085734572375
2022-07-10,399908,Delhi,815.39,757.5213265151597,763.60956,752.8971262117553
2022-07-01,399908,HR-NCR,203.63,236.956037791681,236.16347,235.71363360383177
2022-07-02,399908,HR-NCR,239.34,266.39737766906495,265.30847,275.8845918975666
2022-07-03,399908,HR-NCR,230.7,267.1546344772079,265.30847,278.0919165410919
2022-07-04,399908,HR-NCR,238.98,232.56983672469892,232.67136,231.16882319871263
2022-07-05,399908,HR-NCR,220.22,232.1500468367028,231.71442,226.22033365133842
2022-07-06,399908,HR-NCR,306.62,233.0008043400451,233.04904,232.96235135793216
2022-07-07,399908,HR-NCR,263.63,232.8396107519262,232.51657,231.95470940828005
2022-07-08,399908,HR-NCR,220.49,233.54351136756415,234.74577,234.24168251955294
2022-07-09,399908,HR-NCR,281.11,266.8691798419448,265.30847,275.1039256364588
2022-07-10,399908,HR-NCR,281.22,268.8135472532468,267.69302,277.0876115379101
2022-07-01,400105,Bengaluru,593.66,392.1747684861145,377.0849,391.2346951943025
2022-07-02,400105,Bengaluru,642.78,441.6227842521051,432.06714,453.7626499883022
2022-07-03,400105,Bengaluru,786.09,442.23586705910964,432.64337,444.2562439389845
2022-07-04,400105,Bengaluru,969.83,395.0985386633298,389.43912,380.4000999667799
2022-07-05,400105,Bengaluru,460.8,418.43962949322,413.6619,385.5390163593949
2022-07-06,400105,Bengaluru,251.74,393.47776682972994,414.11926,396.3829517709835
2022-07-07,400105,Bengaluru,579.73,393.1718053115071,409.5749,388.4169912066062
2022-07-08,400105,Bengaluru,229.39,406.52522665199734,418.9126,407.9194659483585
2022-07-09,400105,Bengaluru,253.78,491.5808059966392,487.31726,479.63028186200296
2022-07-10,400105,Bengaluru,322.67,477.595809225838,479.44296,472.02702414949607
2022-07-01,400105,Delhi,2146.22,2507.052971446133,2518.675,2505.32180448494
2022-07-02,400105,Delhi,3074.97,2949.139433028718,2813.296,2755.3797708332504
2022-07-03,400105,Delhi,2202.18,2793.5206237794982,2747.2832,2676.1473318214094
2022-07-04,400105,Delhi,3096.92,2441.0125172784938,2477.6113,2461.0266628649338
2022-07-05,400105,Delhi,2599.16,2497.530534279703,2504.629,2501.5902381581122
2022-07-06,400105,Delhi,1826.89,2471.814095950218,2491.0527,2471.7667137674694
2022-07-07,400105,Delhi,2364.57,2346.8763681675214,2303.6594,2340.2173055237226
2022-07-08,400105,Delhi,2865.4,2442.919446386663,2464.3687,2422.3395966459148
2022-07-09,400105,Delhi,2118.76,2735.805573761216,2728.4412,2649.5147778990004
2022-07-10,400105,Delhi,3062.12,2778.0684736194657,2717.8298,2637.2781832352766
2022-07-01,400105,HR-NCR,697.42,710.3883756600505,699.10724,689.7371173749021
2022-07-02,400105,HR-NCR,937.22,809.2088795994397,809.2566,809.1569925751289
2022-07-03,400105,HR-NCR,714.17,806.5798936290829,811.7063,807.1004420662324
2022-07-04,400105,HR-NCR,881.62,712.2846351742878,702.328,708.9777057348501
2022-07-05,400105,HR-NCR,858.61,712.0079934906456,707.306,714.5686170032518
2022-07-06,400105,HR-NCR,660.05,735.0043401329991,709.66064,719.6058853004365
2022-07-07,400105,HR-NCR,835.16,737.1213365394643,708.1663,706.6350946637979
2022-07-08,400105,HR-NCR,935.44,737.0215795934014,737.2056,731.8692649379269
2022-07-09,400105,HR-NCR,842.22,852.8319130060518,849.17084,840.53837620842
2022-07-10,400105,HR-NCR,684.27,847.9046743510572,857.734,836.5984943764978
2022-07-01,400105,Mumbai,171.12,193.79456178882697,197.74818,200.61146419991954
2022-07-02,400105,Mumbai,260.91,216.03741770585307,217.32101,225.90130465521557
2022-07-03,400105,Mumbai,231.09,219.83237696490852,220.36111,233.07824114000047
2022-07-04,400105,Mumbai,254.24,200.08204944236704,197.00606,200.53918412745952
2022-07-05,400105,Mumbai,216.61,200.08204944236704,203.78964,198.7349005896608
2022-07-06,400105,Mumbai,258.23,192.94380428548467,195.95238,190.40533291042343
2022-07-07,400105,Mumbai,183.79,202.87320423545046,206.92339,197.70569290931687
2022-07-08,400105,Mumbai,156.38,204.8779356377581,201.11356,200.80652062121547
2022-07-09,400105,Mumbai,113.98,217.64952032309716,215.38127,223.7159598276685
2022-07-10,400105,Mumbai,217.33,215.45202876510177,214.05687,228.32094087080435
2022-07-01,400525,Delhi,310.2,342.0250733662673,346.3232,331.228995050076
2022-07-02,400525,Delhi,319.68,435.5148541451968,408.48914,430.2297757640922
2022-07-03,400525,Delhi,392.03,392.6381200895905,375.95938,388.0347379286281
2022-07-04,400525,Delhi,251.32,341.2588068010838,339.52313,339.7681446196883
2022-07-05,400525,Delhi,501.95,339.90924198020525,336.39914,328.7898775074293
2022-07-06,400525,Delhi,448.54,361.38705697855744,361.529,365.5428191943612
2022-07-07,400525,Delhi,405.95,357.10426043941044,343.66916,340.48384158742545
2022-07-08,400525,Delhi,345.02,367.4707485982892,368.30536,365.3249631065058
2022-07-09,400525,Delhi,453.08,424.2963110590341,414.78207,422.37417745096093
2022-07-10,400525,Delhi,731.39,416.40306302267834,415.92862,423.90260811630577
2022-07-01,401282,Delhi,108.8,267.62952119893,260.99118,266.2468725278826
2022-07-02,401282,Delhi,56.18,317.3784749352788,311.33127,304.59210858220104
2022-07-03,401282,Delhi,65.44,298.20378525285366,277.5003,298.814579883458
2022-07-04,401282,Delhi,143.77,228.0747668141306,224.75185,229.06406113882153
2022-07-05,401282,Delhi,153.73,230.28525527408027,217.11589,228.05425360874403
2022-07-06,401282,Delhi,174.32,223.9278762405149,217.63637,223.52486064571366
2022-07-07,401282,Delhi,350.08,259.91400867732295,257.85773,277.17161573220636
2022-07-08,401282,Delhi,155.3,204.09189712681908,204.74289,195.2913231763567
2022-07-09,401282,Delhi,555.33,233.28781713739536,233.6707,238.1784224898374
2022-07-10,401282,Delhi,318.42,268.91556344619966,257.8729,265.4498648113402
2022-07-01,401894,Delhi,174.75,189.52405248813125,195.63971,191.83129945290588
2022-07-02,401894,Delhi,218.54,220.59344843224693,221.12553,231.92531463942925
2022-07-03,401894,Delhi,260.28,216.41262516755512,218.16591,229.83989571231868
2022-07-04,401894,Delhi,147.23,192.94380428548467,196.25877,192.12480288255983
2022-07-05,401894,Delhi,213.7,189.52405248813125,195.63971,189.9113421681262
2022-07-06,401894,Delhi,181.87,189.9229862106194,196.59665,195.00659918371505
2022-07-07,401894,Delhi,213.07,190.54917081025818,194.50443,193.71900999585446
2022-07-08,401894,Delhi,176.82,189.60882678092273,193.16982,188.53974727720927
2022-07-09,401894,Delhi,189.35,214.24988957085426,212.70654,224.25855676601685
2022-07-10,401894,Delhi,239.06,216.58898491449807,218.16591,229.80142157211304
2022-07-01,401895,Delhi,161.53,188.24529764154806,189.9661,191.5379498370831
2022-07-02,401895,Delhi,37.71,211.2818207518609,207.4254,210.543165129945
2022-07-03,401895,Delhi,86.99,209.91984629965506,209.60742,225.1524494561163
2022-07-04,401895,Delhi,132.48,182.57932165761093,183.15022,186.45219616291422
2022-07-05,401895,Delhi,18.05,170.4332441652994,176.40633,175.73343862411508
2022-07-06,401895,Delhi,242.7,158.2480367249174,161.29301,160.58446659293747
2022-07-07,401895,Delhi,293.7,163.96237023402614,167.72107,168.44827837130129
2022-07-08,401895,Delhi,57.3,157.9871286810616,161.29301,158.22007949994787
2022-07-09,401895,Delhi,268.05,182.3212261053732,183.70522,187.6818766681424
2022-07-10,401895,Delhi,167.25,182.31595347612645,186.47874,195.67498090976233
2022-07-01,403077,Delhi,147.6,162.1147501266816,165.36575,160.1573615800851
2022-07-02,403077,Delhi,144.61,179.34060046772484,182.37059,190.72752886676048
2022-07-03,403077,Delhi,156.2,179.0691927503618,182.62814,190.71752455409546
2022-07-04,403077,Delhi,177.26,155.1640201671549,161.29301,154.81060429989643
2022-07-05,403077,Delhi,199.78,157.46158013074376,162.62764,157.29123462728566
2022-07-06,403077,Delhi,166.74,155.0897177450406,160.42809,150.8392820452045
2022-07-07,403077,Delhi,112.35,157.35657685595865,161.55449,152.7529108603623
2022-07-08,403077,Delhi,95.84,155.8250001029206,161.55449,152.9179802934932
2022-07-09,403077,Delhi,312.13,178.1555102337792,181.82407,190.93638232262262
2022-07-10,403077,Delhi,161.74,179.5954253429763,183.54744,192.52156513146528
2022-07-01,403219,Delhi,198.21,215.81642368308556,217.66542,211.86000083224778
2022-07-02,403219,Delhi,221.55,247.0600573178126,245.92494,254.94951838642368
2022-07-03,403219,Delhi,168.0,246.65428171058554,242.65503,251.20997630261553
2022-07-04,403219,Delhi,141.27,214.05038721212907,212.99329,209.53331269392783
2022-07-05,403219,Delhi,274.3,212.72578196027982,212.97755,210.27409045473553
2022-07-06,403219,Delhi,229.25,214.4918184312363,218.20999,213.83242033053642
2022-07-07,403219,Delhi,172.4,214.5765927240278,217.4949,210.0093769973341
2022-07-08,403219,Delhi,183.55,218.88415347961572,218.82953,218.47486382127784
2022-07-09,403219,Delhi,197.38,246.40804688934958,248.1954,260.0032596579099
2022-07-10,403219,Delhi,223.58,246.78325435105162,248.45296,259.0792372641712
2022-07-01,403776,Delhi,246.39,246.07637388587958,255.47833,254.2685516255434
2022-07-02,403776,Delhi,206.72,287.4490389391704,287.26154,296.5279738129666
2022-07-03,403776,Delhi,228.11,288.5541904232415,289.2303,297.2053694060861
2022-07-04,403776,Delhi,241.78,246.4026112285189,249.83276,244.58210534081712
2022-07-05,403776,Delhi,246.52,246.4026112285189,249.11768,243.315032618177
2022-07-06,403776,Delhi,317.35,247.25336873186131,251.24707,249.32666366154467
2022-07-07,403776,Delhi,336.77,246.69324142125413,251.77676,252.33180282814342
2022-07-08,403776,Delhi,264.01,259.69698451019747,261.70016,263.0320720973477
2022-07-09,403776,Delhi,311.5,304.98926265188237,298.3088,300.7554962454308
2022-07-10,403776,Delhi,250.41,305.3644701135844,301.13474,304.3539027068495
2022-07-01,403799,Bengaluru,285.6,282.11743026346636,283.2722,276.42624757054904
2022-07-02,403799,Bengaluru,375.61,330.1517945733389,327.29224,336.9231647221858
2022-07-03,403799,Bengaluru,310.57,326.1862062082979,326.62732,336.8286480653236
2022-07-04,403799,Bengaluru,265.02,282.9681877668086,285.0059,280.48660722951627
2022-07-05,403799,Bengaluru,241.54,279.5601158276698,282.85452,284.18692459326934
2022-07-06,403799,Bengaluru,365.96,278.0292321738692,277.98654,273.794230454544
2022-07-07,403799,Bengaluru,270.12,288.47024072879873,288.19418,284.86444219902
2022-07-08,403799,Bengaluru,274.98,288.6089565724098,288.7778,286.77028728606285
2022-07-09,403799,Bengaluru,284.32,332.16802498634604,330.12155,343.63491716959686
2022-07-10,403799,Bengaluru,356.67,328.867055846139,327.2087,339.69658508992643
2022-07-01,403799,Delhi,617.92,887.6569908744162,898.6292,917.406175415487
2022-07-02,403799,Delhi,775.23,1025.4668495156018,1008.73694,989.1317036018487
2022-07-03,403799,Delhi,1192.95,1002.9077218813864,999.2138,1006.3959867815852
2022-07-04,403799,Delhi,712.43,875.9170156015197,846.1166,868.9543216663702
2022-07-05,403799,Delhi,675.7,847.6964998227345,851.15204,874.6592996496569
2022-07-06,403799,Delhi,629.95,844.2479824913804,848.38293,856.1105026268267
2022-07-07,403799,Delhi,772.12,844.0517156175105,844.5335,868.8342036577645
2022-07-08,403799,Delhi,641.27,845.5221643508521,848.2577,867.5813194598558
2022-07-09,403799,Delhi,1183.94,948.3033295023662,930.4524,929.1499667598432
2022-07-10,403799,Delhi,668.17,951.4219204926713,968.4193,988.8182235252335
2022-07-01,403799,HR-NCR,250.53,275.82757858695874,278.13052,267.96401145699224
2022-07-02,403799,HR-NCR,314.9,319.8700824518373,315.5343,316.3950741810777
2022-07-03,403799,HR-NCR,337.22,321.0241632394723,324.052,332.88423263036947
2022-07-04,403799,HR-NCR,170.94,275.82757858695874,279.24463,277.0339513364468
2022-07-05,403799,HR-NCR,352.88,270.88862299401933,273.35522,265.63219024535726
2022-07-06,403799,HR-NCR,258.4,278.7093583243275,280.9502,285.75439675696134
2022-07-07,403799,HR-NCR,208.8,280.10282285518895,281.40448,284.04082023268603
2022-07-08,403799,HR-NCR,294.57,276.44299466322275,272.4018,267.6024718836626
2022-07-09,403799,HR-NCR,219.43,324.2787862095297,323.58344,337.18726700773277
2022-07-10,403799,HR-NCR,482.21,316.0821927984974,311.08865,326.81694096491566
2022-07-01,403799,Mumbai,211.03,167.9627934956403,171.57307,165.46786519058966
2022-07-02,403799,Mumbai,254.39,193.1119093046699,194.0918,202.8083863300799
2022-07-03,403799,Mumbai,198.48,197.93633504735658,199.35886,210.4042693490406
2022-07-04,403799,Mumbai,82.54,178.9788952242976,180.29652,175.1491395047425
2022-07-05,403799,Mumbai,107.55,171.37320632243046,172.6857,163.16080582649855
2022-07-06,403799,Mumbai,178.0,167.9627934956403,171.57307,166.35660959022064
2022-07-07,403799,Mumbai,216.64,168.0475677884318,171.57307,167.08637216060845
2022-07-08,403799,Mumbai,202.63,169.52868930380296,172.37523,170.20051515411748
2022-07-09,403799,Mumbai,203.02,193.28826905161284,194.0918,206.2308278726195
2022-07-10,403799,Mumbai,161.02,195.10198997369338,195.94368,208.41125827824249
2022-07-01,403804,Delhi,403.37,285.3619114723902,289.102,280.8193878115365
2022-07-02,403804,Delhi,276.19,330.3766191933605,332.16373,333.8998220620558
2022-07-03,403804,Delhi,196.02,332.065735883684,333.65845,342.43698026761615
2022-07-04,403804,Delhi,414.54,287.23926650672803,288.32004,284.45202486111316
2022-07-05,403804,Delhi,268.86,291.76755734562863,297.98193,293.394063779761
2022-07-06,403804,Delhi,251.67,291.1902168522914,294.6963,291.21148126172176
2022-07-07,403804,Delhi,313.13,291.57043357101986,297.00522,289.1969894388427
2022-07-08,403804,Delhi,254.77,297.1621326742709,299.6843,304.5013508044577
2022-07-09,403804,Delhi,341.99,331.474509864124,329.2206,336.2373314483093
2022-07-10,403804,Delhi,305.78,344.4433045796744,335.129,344.7350289468832
2022-07-01,404347,Delhi,404.79,283.64831391726693,284.83728,285.85439322157214
2022-07-02,404347,Delhi,323.72,325.8784490959588,325.16248,330.5860741007414
2022-07-03,404347,Delhi,253.99,327.19204384852463,326.68845,332.623421725337
2022-07-04,404347,Delhi,505.62,283.8562752508647,287.61252,275.8357980299516
2022-07-05,404347,Delhi,514.92,292.03283331154046,300.18124,301.3999407165894
2022-07-06,404347,Delhi,391.18,294.1865284834853,301.74472,298.1584749750767
2022-07-07,404347,Delhi,382.48,296.13609191969084,302.2953,295.52034507769923
2022-07-08,404347,Delhi,218.98,299.6024574059193,307.58463,296.31886829364504
2022-07-09,404347,Delhi,465.76,344.29864163906785,344.231,342.9689591884019
2022-07-10,404347,Delhi,377.74,346.39244369689465,349.30432,352.5383392936866
2022-07-01,404983,Delhi,587.89,529.2882575914772,532.7492,533.0001717326323
2022-07-02,404983,Delhi,696.45,629.1476497711352,604.52185,604.7331334761453
2022-07-03,404983,Delhi,596.9,665.7691927745624,659.79803,650.8704328608235
2022-07-04,404983,Delhi,448.66,548.9596867920401,567.49023,554.9022219936761
2022-07-05,404983,Delhi,488.55,555.1887229167917,552.15186,562.4363230744029
2022-07-06,404983,Delhi,511.86,551.3823123674609,541.93494,536.8306208197298
2022-07-07,404983,Delhi,499.87,552.6930010284281,543.59186,545.5624389933947
2022-07-08,404983,Delhi,538.68,555.9909152066717,557.8979,561.5375558634711
2022-07-09,404983,Delhi,637.82,648.6308632987847,634.7932,645.5179938444935
2022-07-10,404983,Delhi,468.79,644.7550810221031,638.3053,647.2919833952992
2022-07-01,404983,HR-NCR,323.97,321.2458765281031,327.15286,328.69582893149993
2022-07-02,404983,HR-NCR,462.2,349.5544333430286,345.099,352.1159769757122
2022-07-03,404983,HR-NCR,334.18,362.80082265905264,353.57275,368.7222808759166
2022-07-04,404983,HR-NCR,494.93,316.2276512680755,311.26978,304.96407692015424
2022-07-05,404983,HR-NCR,326.78,329.84391921137785,328.01562,326.28372344354926
2022-07-06,404983,HR-NCR,459.79,318.8172537588161,326.1641,313.8757070912299
2022-07-07,404983,HR-NCR,195.41,345.2428602997036,344.29077,338.81568344708404
2022-07-08,404983,HR-NCR,405.65,330.6975005903801,327.26956,317.8123629115544
2022-07-09,404983,HR-NCR,452.22,396.29702346127897,382.16403,387.34965830250184
2022-07-10,404983,HR-NCR,213.14,396.35458871612747,388.0493,399.06850007627105
2022-07-01,405109,Delhi,342.73,303.32644077340586,308.01385,310.598841792718
2022-07-02,405109,Delhi,159.8,316.3024365508521,324.42215,328.3331542577337
2022-07-03,405109,Delhi,486.49,342.43068820879273,352.14337,372.5680807275084
2022-07-04,405109,Delhi,117.33,282.586235467068,292.1232,314.7489531319875
2022-07-05,405109,Delhi,206.85,255.8538658090654,265.65356,254.4485459344108
2022-07-06,405109,Delhi,764.73,262.8385821568766,268.21103,259.1419397757286
2022-07-07,405109,Delhi,166.12,321.4476768861985,328.8447,320.2241748180737
2022-07-08,405109,Delhi,83.43,271.91453138209295,280.41196,276.8246700708495
2022-07-09,405109,Delhi,310.98,299.38175923839503,304.874,305.46642024051346
2022-07-10,405109,Delhi,442.4,333.1605461333483,327.04007,365.30477855516443
2022-07-01,405109,HR-NCR,167.91,193.26750469397504,196.38652,189.18133740255843
2022-07-02,405109,HR-NCR,154.57,236.11782504641604,235.49298,240.24954507029233
2022-07-03,405109,HR-NCR,50.93,216.7363255760455,220.04845,227.6300429478383
2022-07-04,405109,HR-NCR,363.33,189.28174945950187,190.94917,199.83701901151707
2022-07-05,405109,HR-NCR,145.52,187.58837549691052,187.85391,190.30247663194774
2022-07-06,405109,HR-NCR,90.14,191.67476381716904,192.75883,199.92253541003873
2022-07-07,405109,HR-NCR,67.89,179.39627978373102,180.29056,171.11825745774718
2022-07-08,405109,HR-NCR,369.24,172.2562910444906,174.13835,173.02111680226912
2022-07-09,405109,HR-NCR,74.48,209.4101568191645,206.546,215.5035178927346
2022-07-10,405109,HR-NCR,115.43,206.82187037035655,206.18275,208.421337412765
2022-07-01,405587,Delhi,139.87,178.98780508244917,180.43066,178.40942169846295
2022-07-02,405587,Delhi,262.64,206.06007654261268,207.78336,216.185411366469
2022-07-03,405587,Delhi,184.1,205.86698816328308,206.33754,217.87069658290505
2022-07-04,405587,Delhi,180.07,167.9627934956403,171.57307,166.62695480461227
2022-07-05,405587,Delhi,165.49,171.37320632243046,172.6857,165.56204523537477
2022-07-06,405587,Delhi,192.95,169.40130695601874,173.44983,168.75190811455036
2022-07-07,405587,Delhi,163.08,171.81430628271735,173.78697,166.25616400202017
2022-07-08,405587,Delhi,104.45,171.91296966270764,175.02373,167.15060743581904
2022-07-09,405587,Delhi,258.42,197.162816624213,197.74986,208.57335103111078
2022-07-10,405587,Delhi,271.72,205.27230450683257,204.84811,215.1782257039229
2022-07-01,405595,Delhi,312.68,289.4513718648931,288.51093,287.6286470943119
2022-07-02,405595,Delhi,323.55,331.6962228134662,329.81653,339.20852065495444
2022-07-03,405595,Delhi,281.26,330.5421420258312,326.4567,333.2210006500714
2022-07-04,405595,Delhi,279.42,289.6138621736838,290.20767,287.6864789733527
2022-07-05,405595,Delhi,315.2,290.2939883241421,291.91245,292.1216557881499
2022-07-06,405595,Delhi,312.89,290.1314980153514,290.43158,291.1693954179354
2022-07-07,405595,Delhi,311.6,289.99407889241223,290.20767,289.725191368907
2022-07-08,405595,Delhi,299.0,290.0646639104672,291.91245,292.56298189347905
2022-07-09,405595,Delhi,318.51,330.62359674621877,329.60065,337.83716251966086
2022-07-10,405595,Delhi,380.06,330.62359674621877,328.34058,333.9548770151933
2022-07-01,405599,Delhi,196.66,288.999548084039,287.26334,286.09884920196646
2022-07-02,405599,Delhi,366.14,327.6415767964687,325.76514,333.8942667349276
2022-07-03,405599,Delhi,237.89,331.6962228134662,328.64133,340.90093428599124
2022-07-04,405599,Delhi,257.61,284.00182592047315,282.98972,282.38983366930455
2022-07-05,405599,Delhi,153.55,280.6446770457602,284.02356,287.350692664854
2022-07-06,405599,Delhi,257.86,276.0662578100257,272.58362,272.1008329827352
2022-07-07,405599,Delhi,215.46,276.6443938114068,273.74402,279.71093429114586
2022-07-08,405599,Delhi,171.56,276.80688412019754,272.84378,273.23992054972973
2022-07-09,405599,Delhi,267.04,315.472651666094,309.30945,323.06976317843913
2022-07-10,405599,Delhi,257.76,315.472651666094,306.13953,320.0623594303584
2022-07-01,405806,Bengaluru,390.42,294.0613013949578,294.45825,300.18488110160905
2022-07-02,405806,Bengaluru,262.06,343.33564743773,336.2126,347.26971656706166
2022-07-03,405806,Bengaluru,344.1,338.82699261100805,336.20914,345.671662976114
2022-07-04,405806,Bengaluru,296.92,292.9999364817004,295.88998,290.68357329645
2022-07-05,405806,Bengaluru,378.47,301.97075492845255,301.11508,302.1771213886452
2022-07-06,405806,Bengaluru,307.21,298.2140015971358,299.79565,303.2991457965611
2022-07-07,405806,Bengaluru,374.58,294.3972469322925,293.49692,287.8555394593259
2022-07-08,405806,Bengaluru,309.89,303.98803925674684,303.28506,301.99197922262
2022-07-09,405806,Bengaluru,351.79,348.52800722394136,339.95084,346.842202484395
2022-07-10,405806,Bengaluru,326.53,344.29864163906785,342.61026,350.55934657451246
2022-07-01,405806,Mumbai,114.37,172.00410910145348,173.3625,172.28084497414451
2022-07-02,405806,Mumbai,259.07,193.5212928850147,193.36963,202.9561991042716
2022-07-03,405806,Mumbai,218.4,192.98182499318006,192.55403,201.8014897633015
2022-07-04,405806,Mumbai,136.72,167.61371698743554,170.31364,159.49343186702566
2022-07-05,405806,Mumbai,151.81,167.83357171175481,170.97147,162.1439053661933
2022-07-06,405806,Mumbai,104.67,170.22338743427557,173.83113,171.76394073348436
2022-07-07,405806,Mumbai,146.16,157.6279845733217,161.55449,153.07612033660106
2022-07-08,405806,Mumbai,192.47,157.84783929764097,162.21231,157.12835196964093
2022-07-09,405806,Mumbai,177.63,179.86683306033936,183.28989,192.7568148698223
2022-07-10,405806,Mumbai,294.74,187.93653135587905,189.01482,201.11968772575904
2022-07-01,409341,Delhi,199.92,182.16008856492294,183.54439,178.94414905734592
2022-07-02,409341,Delhi,181.81,208.040556876193,209.04765,216.7315327355969
2022-07-03,409341,Delhi,186.09,208.41576433789504,208.71785,218.7013572907689
2022-07-04,409341,Delhi,193.99,182.16008856492294,183.54439,179.19519663468245
2022-07-05,409341,Delhi,160.61,182.16008856492294,183.54439,181.51052461656374
2022-07-06,409341,Delhi,235.85,182.16008856492294,183.20724,179.66663179340551
2022-07-07,409341,Delhi,153.05,182.48280084064837,183.54439,181.11569606226672
2022-07-08,409341,Delhi,193.04,182.24486285771442,181.97168,179.34081254090844
2022-07-09,409341,Delhi,191.83,208.85378832855804,209.26247,220.65503147567094
2022-07-10,409341,Delhi,196.35,208.99105780732614,208.9597,220.2631818588847
2022-07-01,410605,Delhi,429.41,206.58933393808047,207.002,195.7381137065729
2022-07-02,410605,Delhi,341.71,238.92651276393704,243.01817,246.3547728597926
2022-07-03,410605,Delhi,241.69,246.52907023514535,250.0542,253.1148618716069
2022-07-04,410605,Delhi,255.73,216.31378049253593,221.58252,209.7835477435569
2022-07-05,410605,Delhi,297.09,219.66929282343486,228.81337,224.12258478230973
2022-07-06,410605,Delhi,338.99,221.48641368286536,224.38135,219.40988217114423
2022-07-07,410605,Delhi,108.68,238.23673574268966,239.2461,221.9873453849057
2022-07-08,410605,Delhi,290.89,221.40222943337247,228.22539,217.81136449842887
2022-07-09,410605,Delhi,345.82,267.4710154875822,271.0542,269.94353624898565
2022-07-10,410605,Delhi,212.15,268.83781342812847,273.879,279.2664953447619
2022-07-01,410605,HR-NCR,189.48,155.52909410530253,160.42809,149.12868821786859
2022-07-02,410605,HR-NCR,150.89,177.68052523799227,181.94131,190.81270667630997
2022-07-03,410605,HR-NCR,259.89,178.62435113962394,182.91425,188.4580098494145
2022-07-04,410605,HR-NCR,235.79,155.7489488296218,161.0859,150.62921276516656
2022-07-05,410605,HR-NCR,232.44,157.7630650048495,162.54945,160.22542149225464
2022-07-06,410605,HR-NCR,181.38,162.37504748877467,166.20215,154.30533564740023
2022-07-07,410605,HR-NCR,151.35,162.45982178156615,166.7062,156.1962178763147
2022-07-08,410605,HR-NCR,103.4,162.45982178156615,166.7062,157.8352365053402
2022-07-09,410605,HR-NCR,158.75,179.86683306033936,183.28989,190.47241796788717
2022-07-10,410605,HR-NCR,189.85,180.2420405220414,183.54744,194.05867801450518
2022-07-01,410950,Bengaluru,145.32,162.37504748877467,166.81137,161.1660645206811
2022-07-02,410950,Bengaluru,214.57,185.93924396788117,186.26076,191.9415431721986
2022-07-03,410950,Bengaluru,160.28,194.1181039222205,194.04344,204.8837208163266
2022-07-04,410950,Bengaluru,226.61,162.1551927644554,166.15355,156.6387236319383
2022-07-05,410950,Bengaluru,118.78,167.83357171175481,170.97147,165.70995020717973
2022-07-06,410950,Bengaluru,148.46,167.61371698743554,170.63432,163.13094243654479
2022-07-07,410950,Bengaluru,125.68,168.63883530956247,171.31113,165.0365964743298
2022-07-08,410950,Bengaluru,161.57,157.6279845733217,161.55449,153.56173942684308
2022-07-09,410950,Bengaluru,108.92,186.3354584391434,186.91858,193.8784504851009
2022-07-10,410950,Bengaluru,325.07,180.02218579772213,182.88962,195.77090493331434
2022-07-01,415627,Bengaluru,238.22,181.80376289742753,180.8704,182.2289683290318
2022-07-02,415627,Bengaluru,209.72,208.82051013773804,207.16524,221.2622238312966
2022-07-03,415627,Bengaluru,184.6,209.35820790823075,209.60742,220.84366523607838
2022-07-04,415627,Bengaluru,133.77,178.98780508244917,180.6277,177.1333305819828
2022-07-05,415627,Bengaluru,135.8,179.16688408061805,180.43489,170.70758460543684
2022-07-06,415627,Bengaluru,101.35,178.98780508244917,180.29056,170.18640242440495
2022-07-07,415627,Bengaluru,145.72,171.23812589090267,172.02788,165.5236032806223
2022-07-08,415627,Bengaluru,165.66,171.23812589090267,172.02788,172.16301340322485
2022-07-09,415627,Bengaluru,152.03,198.90666655386042,202.11087,215.57285380402485
2022-07-10,415627,Bengaluru,168.76,186.49081117652617,187.02237,196.40441089729504
2022-07-01,415627,Delhi,297.4,366.59787983217956,366.44907,362.070981467703
2022-07-02,415627,Delhi,363.24,413.2409582972097,413.6381,420.53941154600074
2022-07-03,415627,Delhi,504.53,399.157086494728,393.24536,412.76257902359714
2022-07-04,415627,Delhi,383.73,344.54171277113977,349.67386,355.7620029758486
2022-07-05,415627,Delhi,423.32,343.5466624614523,346.85538,345.04934396215117
2022-07-06,415627,Delhi,411.44,357.6898304072799,351.95468,354.0812482875312
2022-07-07,415627,Delhi,277.17,358.02577594461457,367.59177,356.0596234161377
2022-07-08,415627,Delhi,419.55,358.7059020950729,351.95468,352.7529557150337
2022-07-09,415627,Delhi,464.78,409.81763051149676,392.18814,406.29582446798577
2022-07-10,415627,Delhi,304.8,417.8751786867391,411.5531,418.02918882669894
2022-07-01,415627,HR-NCR,241.73,182.16008856492294,182.55902,179.05506043150146
2022-07-02,415627,HR-NCR,155.03,209.17683580523345,210.38228,222.24866443138683
2022-07-03,415627,HR-NCR,230.29,205.7126951582983,206.23303,213.45225161110142
2022-07-04,415627,HR-NCR,161.29,182.16008856492294,183.54439,179.568521234025
2022-07-05,415627,HR-NCR,179.45,182.16008856492294,181.97168,174.72959269037167
2022-07-06,415627,HR-NCR,115.37,182.5590222874111,183.78624,179.9320369622584
2022-07-07,415627,HR-NCR,201.01,183.18520688704987,183.3063,181.6911076425235
2022-07-08,415627,HR-NCR,158.96,179.68932977364932,183.10464,180.07370617514633
2022-07-09,415627,HR-NCR,211.8,205.5138474435392,205.97548,216.24113504893813
2022-07-10,415627,HR-NCR,185.16,205.88905490524124,206.23303,218.63141053708478
2022-07-01,415931,Delhi,160.68,154.37503227480678,160.16661,150.37103750092757
2022-07-02,415931,Delhi,176.17,177.23906693816923,181.02202,189.8781078077851
2022-07-03,415931,Delhi,179.56,177.05016455310957,181.27957,188.53201479469476
2022-07-04,415931,Delhi,203.32,154.56393465986645,160.16661,151.5557438795636
2022-07-05,415931,Delhi,133.72,155.0897177450406,160.42809,151.73353475803344
2022-07-06,415931,Delhi,170.86,155.0897177450406,160.42809,151.79000901219243
2022-07-07,415931,Delhi,146.64,155.52909410530253,160.42809,150.2245815892416
2022-07-08,415931,Delhi,146.29,155.52909410530253,160.42809,152.08377358046434
2022-07-09,415931,Delhi,166.11,177.460670513673,181.2835,189.7897722896792
2022-07-10,415931,Delhi,161.98,177.460670513673,181.54105,190.10499377967247
2022-07-01,415984,Delhi,368.76,382.3731896587971,391.5029,389.64171268208923
2022-07-02,415984,Delhi,275.39,436.23522675402177,440.78134,454.9358916024486
2022-07-03,415984,Delhi,509.36,428.774692502526,425.48383,431.5630723145858
2022-07-04,415984,Delhi,227.9,379.91485887536487,377.26617,380.99756668929024
2022-07-05,415984,Delhi,489.79,373.17426577893866,375.04413,374.5076985139734
2022-07-06,415984,Delhi,341.16,372.2498004873061,377.0503,371.3573568404525
2022-07-07,415984,Delhi,286.24,373.87541330750247,377.26617,373.43368195318635
2022-07-08,415984,Delhi,547.77,374.19033746673165,378.02542,379.88304006918486
2022-07-09,415984,Delhi,349.18,440.6710797392614,427.32745,438.37486089355593
2022-07-10,415984,Delhi,445.8,436.19620338359977,418.50757,429.4746054645771
2022-07-01,421687,Delhi,229.68,227.89851641543365,229.46869,222.23619648296847
2022-07-02,421687,Delhi,240.87,259.8874130243414,259.50287,271.780888219889
2022-07-03,421687,Delhi,239.35,251.00271619647938,253.96225,268.8504195318168
2022-07-04,421687,Delhi,172.33,217.8590351574888,217.4949,217.90821712028102
2022-07-05,421687,Delhi,212.82,214.4918184312363,217.4949,214.87897821211737
2022-07-06,421687,Delhi,169.26,217.8590351574888,217.65047,213.7519476716827
2022-07-07,421687,Delhi,219.84,217.94380945028027,214.91759,214.3338315378601
2022-07-08,421687,Delhi,198.11,218.34274317276842,215.57957,214.85357985170685
2022-07-09,421687,Delhi,287.63,246.40804688934958,245.72762,260.29898733414905
2022-07-10,421687,Delhi,313.78,247.09817851028077,249.8546,266.62696228693443
2022-07-01,421687,HR-NCR,291.07,230.8462977503615,231.5439,227.51485716215103
2022-07-02,421687,HR-NCR,167.18,265.49754215372195,262.74612,272.68979340182307
2022-07-03,421687,HR-NCR,210.07,265.05051966698676,261.60004,272.94931274502164
2022-07-04,421687,HR-NCR,169.32,231.76764027175878,231.49316,230.3286220466543
2022-07-05,421687,HR-NCR,166.0,231.69705525370378,231.50072,233.81638717507485
2022-07-06,421687,HR-NCR,158.02,228.0610067242243,227.885,230.02289717677178
2022-07-07,421687,HR-NCR,154.08,213.06263308785512,213.93216,217.12165820855878
2022-07-08,421687,HR-NCR,255.0,208.30491780137794,206.17223,205.7637524322264
2022-07-09,421687,HR-NCR,323.38,243.19890988292275,240.79155,255.93433693067112
2022-07-10,421687,HR-NCR,269.14,243.41162703583413,239.45181,252.82369705713583
2022-07-01,421703,Bengaluru,1022.09,1131.9773879377801,1133.5359,1145.3946728204464
2022-07-02,421703,Bengaluru,1310.76,1302.6650219265366,1287.8037,1276.3891235621418
2022-07-03,421703,Bengaluru,1187.47,1299.276650674291,1286.6088,1273.6878217267672
2022-07-04,421703,Bengaluru,1264.57,1118.5013200857363,1125.165,1130.8616147586113
2022-07-05,421703,Bengaluru,1266.69,1124.7110782953873,1134.2308,1144.6093080661633
2022-07-06,421703,Bengaluru,1042.76,1128.0720871452543,1141.207,1156.8236043419333
2022-07-07,421703,Bengaluru,1372.18,1126.9553315413627,1127.657,1139.7915697205947
2022-07-08,421703,Bengaluru,1095.81,1136.158510342498,1146.5544,1161.1110531759273
2022-07-09,421703,Bengaluru,1552.49,1312.603985320333,1307.6029,1292.0674087871973
2022-07-10,421703,Bengaluru,1224.18,1307.47695899609,1298.3859,1289.9411508088574
2022-07-01,421703,Delhi,1145.84,1258.4261329754315,1242.8146,1257.5126919685106
2022-07-02,421703,Delhi,1506.65,1390.585234141918,1370.7065,1357.94173501731
2022-07-03,421703,Delhi,1514.69,1392.5228546690887,1374.2631,1362.4573504628047
2022-07-04,421703,Delhi,1118.29,1248.9030778772046,1254.857,1274.4587032974518
2022-07-05,421703,Delhi,1513.25,1242.2324469815735,1239.4985,1247.200129728483
2022-07-06,421703,Delhi,1185.5,1246.2168391658035,1250.0865,1252.6960120129725
2022-07-07,421703,Delhi,1027.01,1242.1199211989026,1247.5782,1244.1699405952572
2022-07-08,421703,Delhi,1085.3,1267.2602963735612,1249.3282,1260.9905081333086
2022-07-09,421703,Delhi,1751.83,1390.423474278004,1371.1932,1350.0380387856865
2022-07-10,421703,Delhi,1497.99,1416.89628555916,1409.9095,1401.3171805186448
2022-07-01,421703,HR-NCR,757.31,845.1518130898149,851.47797,869.2972375927852
2022-07-02,421703,HR-NCR,1062.31,970.7762867994135,966.0264,966.010468356081
2022-07-03,421703,HR-NCR,944.8,962.6667539447488,965.6081,956.2313703605621
2022-07-04,421703,HR-NCR,999.8,838.8875342048857,850.4787,870.1566978000392
2022-07-05,421703,HR-NCR,822.98,844.1482255453175,848.2984,857.7817574576121
2022-07-06,421703,HR-NCR,827.62,845.6922623455845,847.66815,863.7990912152891
2022-07-07,421703,HR-NCR,822.3,848.8525436646368,846.68494,856.2255720292443
2022-07-08,421703,HR-NCR,871.89,851.8006753355219,854.4098,875.1325314086841
2022-07-09,421703,HR-NCR,1387.8,975.7900597155952,970.09045,970.5338429947899
2022-07-10,421703,HR-NCR,1264.94,963.8153988589602,952.389,957.4045480403944
2022-07-01,421706,Bengaluru,418.37,417.7852268957976,424.7282,422.22099815848253
2022-07-02,421706,Bengaluru,566.29,481.604579150179,482.37006,484.32466004084085
2022-07-03,421706,Bengaluru,575.16,484.3448020643224,486.32678,491.16848004128076
2022-07-04,421706,Bengaluru,527.42,423.021106772292,427.88297,424.4800648598887
2022-07-05,421706,Bengaluru,417.69,426.26941960428053,426.39008,428.1701612951093
2022-07-06,421706,Bengaluru,419.24,426.6093741632346,427.63895,430.6151625592321
2022-07-07,421706,Bengaluru,372.4,427.31648173696607,427.63895,428.74556596688967
2022-07-08,421706,Bengaluru,419.15,427.63140589619525,429.30542,430.6727505401862
2022-07-09,421706,Bengaluru,604.55,491.2439179203558,489.23022,492.0004582480527
2022-07-10,421706,Bengaluru,434.57,504.56952222194127,493.26984,504.18223888231876
2022-07-01,421713,Delhi,234.32,229.87780943640234,224.17508,206.97363704206157
2022-07-02,421713,Delhi,428.55,267.2264778391185,261.48038,277.85087909777843
2022-07-03,421713,Delhi,170.24,287.12647980892945,271.58334,275.3499761002594
2022-07-04,421713,Delhi,536.63,243.02994602693556,237.18117,220.10896127203446
2022-07-05,421713,Delhi,256.34,253.40959850526278,260.0882,249.61922868922306
2022-07-06,421713,Delhi,322.78,252.15893584843232,259.97626,252.10269230275122
2022-07-07,421713,Delhi,360.71,253.47028015901543,262.3169,258.89140214047154
2022-07-08,421713,Delhi,224.05,252.22025724940255,260.33984,239.45163148524685
2022-07-09,421713,Delhi,172.67,293.9169532478671,298.52582,303.8603509281754
2022-07-10,421713,Delhi,270.69,277.37916151059574,285.0838,277.6904966819365
2022-07-01,421713,HR-NCR,857.78,310.86786671483924,321.62714,299.4999003234715
2022-07-02,421713,HR-NCR,159.48,404.2012137607303,399.624,414.10831238086075
2022-07-03,421713,HR-NCR,124.24,374.2569846017925,367.1967,374.34941040515105
2022-07-04,421713,HR-NCR,599.66,315.02650072922063,317.65393,311.498536517105
2022-07-05,421713,HR-NCR,55.37,345.67989308362274,346.25195,332.9088234096198
2022-07-06,421713,HR-NCR,232.11,324.59743471376333,329.4904,317.2370514961228
2022-07-07,421713,HR-NCR,297.58,315.29603182020503,333.12808,327.4339109414255
2022-07-08,421713,HR-NCR,259.16,326.10000353977415,334.12332,346.6931518524033
2022-07-09,421713,HR-NCR,125.78,394.2792183344827,434.54172,445.119432839982
2022-07-10,421713,HR-NCR,494.03,338.2791652490032,340.0203,362.56210235062883
2022-07-01,421721,Bengaluru,310.61,266.3101395180534,271.6114,283.19888411165067
2022-07-02,421721,Bengaluru,348.68,308.06788130828943,299.12482,303.4734452723536
2022-07-03,421721,Bengaluru,194.16,310.17684569762673,308.44565,316.98365656492786
2022-07-04,421721,Bengaluru,545.16,258.4315286942428,260.84955,260.5551759373236
2022-07-05,421721,Bengaluru,288.7,275.3418922679156,276.36102,271.107665908903
2022-07-06,421721,Bengaluru,158.38,267.11895733502126,269.01273,253.00317157267233
2022-07-07,421721,Bengaluru,218.22,268.0897136782148,270.68915,263.44904618698735
2022-07-08,421721,Bengaluru,429.86,267.4095875277565,268.42374,260.00433904153005
2022-07-09,421721,Bengaluru,320.4,316.7653020939819,309.98898,311.94005082451275
2022-07-10,421721,Bengaluru,197.03,317.23915146630173,309.86157,311.8743087752045
2022-07-01,421747,Bengaluru,147.19,236.01233723023628,243.43196,237.56715443813565
2022-07-02,421747,Bengaluru,215.35,267.07067389278257,270.37012,273.12623680810754
2022-07-03,421747,Bengaluru,282.12,267.94621020577546,265.9682,278.1025269667194
2022-07-04,421747,Bengaluru,318.03,233.71920678630275,234.09898,228.3512335054737
2022-07-05,421747,Bengaluru,319.22,235.92043193950062,242.61444,241.30097972462647
2022-07-06,421747,Bengaluru,306.53,235.84984692144562,242.76923,240.11591452770105
2022-07-07,421747,Bengaluru,227.3,240.18529709180984,247.0329,242.08793808685766
2022-07-08,421747,Bengaluru,141.31,235.28971961083855,242.58385,231.96673726635206
2022-07-09,421747,Bengaluru,224.4,268.88188067705164,274.54306,278.56873933770987
2022-07-10,421747,Bengaluru,296.74,269.02281316256426,272.92014,282.8692887623277
2022-07-01,422948,Delhi,369.24,317.15767843850597,321.34384,339.38441477940194
2022-07-02,422948,Delhi,265.46,346.109959591185,340.27112,348.57570198376993
2022-07-03,422948,Delhi,212.36,341.375067477531,338.2438,364.58259096693877
2022-07-04,422948,Delhi,239.42,286.40843399809916,282.81442,288.06470912201337
2022-07-05,422948,Delhi,70.8,282.90985149955355,280.47818,285.39409333609075
2022-07-06,422948,Delhi,379.26,274.8512785779802,265.1111,263.5930231575519
2022-07-07,422948,Delhi,422.97,282.6088465139175,277.92535,285.66327481065855
2022-07-08,422948,Delhi,417.93,283.290068218282,281.0368,290.4338400132042
2022-07-09,422948,Delhi,792.94,325.5041087441022,321.34012,325.4014097651042
2022-07-10,422948,Delhi,558.86,361.32071080784215,364.8143,380.74925385958954
2022-07-01,423735,Bengaluru,1816.57,2015.244179621003,1972.5104,2003.1438462751032
2022-07-02,423735,Bengaluru,2403.53,2220.8466783031363,2200.4287,2166.990905475616
2022-07-03,423735,Bengaluru,1928.74,2271.2727764941596,2230.2078,2198.6730163993952
2022-07-04,423735,Bengaluru,2005.31,1960.4167344557009,1936.8394,1969.7902534146697
2022-07-05,423735,Bengaluru,1821.1,1959.0049981318573,1949.2513,1997.213878912276
2022-07-06,423735,Bengaluru,2015.67,1940.9558451434793,1930.9928,1956.280302678549
2022-07-07,423735,Bengaluru,2128.83,2000.7639065453568,2005.3591,2023.9804277555502
2022-07-08,423735,Bengaluru,1910.57,2056.3048293529187,2032.7937,2039.4783080201653
2022-07-09,423735,Bengaluru,1889.85,2249.4703962121876,2195.7424,2187.2228320812305
2022-07-10,423735,Bengaluru,2275.31,2141.9525931846156,2117.6123,2103.4220372194864
2022-07-01,423735,Delhi,1899.39,2556.1468133880817,2555.8303,2554.5408858245273
2022-07-02,423735,Delhi,2378.47,2677.942639455205,2739.817,2660.3127322166015
2022-07-03,423735,Delhi,2432.42,2871.9892187856544,2825.791,2731.9013730516845
2022-07-04,423735,Delhi,1962.4,2469.455785851808,2486.1995,2452.0094456175293
2022-07-05,423735,Delhi,2657.53,2420.876234951718,2389.5107,2424.034188232022
2022-07-06,423735,Delhi,2297.98,2454.0397064505155,2390.8662,2411.524480712696
2022-07-07,423735,Delhi,1912.89,2366.752094523098,2393.0405,2397.270422084884
2022-07-08,423735,Delhi,2561.66,2273.000976650839,2324.3594,2310.2573066782747
2022-07-09,423735,Delhi,3008.74,2764.7234700020877,2735.348,2653.850701858472
2022-07-10,423735,Delhi,2308.53,2492.4298233461936,2451.655,2423.3139273331176
2022-07-01,423735,HR-NCR,1625.33,1714.0359055634437,1657.9396,1692.171392568113
2022-07-02,423735,HR-NCR,1854.3,2011.613255329398,2029.2142,1989.729723703451
2022-07-03,423735,HR-NCR,2210.82,1959.243176499985,1947.8796,1906.6292930087518
2022-07-04,423735,HR-NCR,1547.4,1708.8726838901716,1651.2869,1685.525579202483
2022-07-05,423735,HR-NCR,1461.8,1653.9042341643158,1664.242,1700.4334274414837
2022-07-06,423735,HR-NCR,1702.2,1612.7683801863097,1606.1476,1654.9137740693923
2022-07-07,423735,HR-NCR,1915.75,1661.837035484674,1666.8976,1691.3066845403616
2022-07-08,423735,HR-NCR,2070.22,1663.2845785496575,1674.1663,1693.7614981250356
2022-07-09,423735,HR-NCR,1954.9,1884.0653449576766,1865.1603,1862.8391270619827
2022-07-10,423735,HR-NCR,2299.67,1956.9972231331187,1941.2781,1915.1824224782706
2022-07-01,423735,Mumbai,427.74,456.68065002386015,462.50848,465.54966551612273
2022-07-02,423735,Mumbai,491.01,520.1861063242729,521.03766,523.1246353046737
2022-07-03,423735,Mumbai,493.69,538.5467440083336,522.446,532.9199085378159
2022-07-04,423735,Mumbai,495.88,471.64790278541005,463.17453,473.2398533652746
2022-07-05,423735,Mumbai,382.9,471.8500555436924,464.4929,474.85552019942025
2022-07-06,423735,Mumbai,458.77,457.64276806060747,457.1197,463.36252753770003
2022-07-07,423735,Mumbai,397.99,454.0007553333705,454.9446,454.2683438894357
2022-07-08,423735,Mumbai,562.23,450.5180954858317,454.9446,455.023355242661
2022-07-09,423735,Mumbai,454.84,523.4304873284801,516.4677,518.3762725129193
2022-07-10,423735,Mumbai,382.99,520.3783985212859,514.092,523.3200151546806
2022-07-01,423857,Bengaluru,626.18,600.2137385679167,596.48755,587.2669525775716
2022-07-02,423857,Bengaluru,815.29,689.4589577475307,686.7206,671.0292121828402
2022-07-03,423857,Bengaluru,544.5,689.1903504543886,693.02386,681.3390668447203
2022-07-04,423857,Bengaluru,453.06,599.2775496116102,604.05023,593.4748354384545
2022-07-05,423857,Bengaluru,503.0,592.4556634250783,595.50757,591.1807746444722
2022-07-06,423857,Bengaluru,679.25,593.7267455758869,597.6827,599.6266014560415
2022-07-07,423857,Bengaluru,452.18,602.230978028319,611.1481,618.3104502572919
2022-07-08,423857,Bengaluru,690.19,595.7439850362891,599.1018,613.635254270117
2022-07-09,423857,Bengaluru,727.34,691.5677826620845,689.2519,691.0479699707881
2022-07-10,423857,Bengaluru,772.62,693.8854825925196,690.8175,689.8249391331007
2022-07-01,424195,Delhi,290.0,170.08143310647714,172.5531,175.58759430252778
2022-07-02,424195,Delhi,326.35,205.11967102067572,205.39273,210.64327618380653
2022-07-03,424195,Delhi,126.92,207.32638855535856,214.61021,226.9304984502084
2022-07-04,424195,Delhi,82.46,171.72953198992587,175.35968,169.07334400153638
2022-07-05,424195,Delhi,184.65,168.31911916313572,172.3372,164.81471069220396
2022-07-06,424195,Delhi,166.28,171.72953198992587,174.68658,170.39901635362696
2022-07-07,424195,Delhi,147.81,178.70734384959366,180.6277,172.54750041935242
2022-07-08,424195,Delhi,138.28,172.2284837238401,175.48886,175.94862169942164
2022-07-09,424195,Delhi,323.07,194.40441223108738,194.14903,205.69310754429694
2022-07-10,424195,Delhi,142.21,205.62863017432798,205.61223,212.614969477764
2022-07-01,424416,Bengaluru,429.74,519.6479300079033,522.1613,525.4102080719039
2022-07-02,424416,Bengaluru,602.19,597.5340079273224,597.6516,607.8312790200995
2022-07-03,424416,Bengaluru,352.48,601.3417745735914,601.4628,606.5555721675845
2022-07-04,424416,Bengaluru,414.41,519.7968047763698,520.95856,530.2847504830739
2022-07-05,424416,Bengaluru,675.49,506.1327680897672,517.15857,528.3536270443169
2022-07-06,424416,Bengaluru,634.28,523.6733747932692,517.56714,526.3949059823619
2022-07-07,424416,Bengaluru,641.27,527.4945691060059,526.0739,531.5762853118125
2022-07-08,424416,Bengaluru,258.7,527.1509946877259,524.8112,528.458376543825
2022-07-09,424416,Bengaluru,714.45,601.3574119037362,597.2393,604.2665602745387
2022-07-10,424416,Bengaluru,1063.98,603.1875198889627,600.3308,603.2184863061725
2022-07-01,424982,Delhi,239.28,273.21176600242563,273.3596,261.1254710605133
2022-07-02,424982,Delhi,464.27,320.79826955875393,320.68076,341.016289384752
2022-07-03,424982,Delhi,532.4,316.2232605053514,313.13846,312.35234565410417
2022-07-04,424982,Delhi,444.5,282.48137377374434,286.09354,283.66113446690633
2022-07-05,424982,Delhi,197.26,284.9819264896582,293.78076,292.7849618255169
2022-07-06,424982,Delhi,389.73,280.45728678721787,290.77448,285.8641402874998
2022-07-07,424982,Delhi,80.43,272.7045891290234,281.92896,267.2351795687862
2022-07-08,424982,Delhi,156.88,274.1334536888697,281.74692,261.41648380738417
2022-07-09,424982,Delhi,281.07,314.13320131826623,315.25592,321.4114687788234
2022-07-10,424982,Delhi,510.34,311.97656435664794,308.9631,311.6577355956052
2022-07-01,425306,Delhi,149.72,183.71692379180726,186.50868,183.73001147497607
2022-07-02,425306,Delhi,204.52,210.97278468470722,211.00212,219.56125909611833
2022-07-03,425306,Delhi,144.44,208.8146980603832,210.26215,219.01130065379039
2022-07-04,425306,Delhi,208.97,182.16008856492294,183.20724,177.13631647254437
2022-07-05,425306,Delhi,147.71,184.41946596463404,183.54439,177.57446968841498
2022-07-06,425306,Delhi,180.38,185.33753009802638,188.8668,189.86190742118325
2022-07-07,425306,Delhi,327.79,182.48280084064837,181.63454,181.26428746106913
2022-07-08,425306,Delhi,175.18,187.34944938121163,187.72617,185.4432079116318
2022-07-09,425306,Delhi,216.74,213.8509558483661,214.93459,222.50791924240377
2022-07-10,425306,Delhi,159.5,217.97734067832235,224.15506,236.56099707086926
2022-07-01,425780,Bengaluru,270.62,271.9018708061523,272.9834,270.2850671687969
2022-07-02,425780,Bengaluru,404.95,316.0527973310845,310.02643,314.03400531804203
2022-07-03,425780,Bengaluru,452.92,327.9593880606995,326.27792,342.8278556194077
2022-07-04,425780,Bengaluru,255.03,285.3467132470739,285.0372,288.02742908298427
2022-07-05,425780,Bengaluru,322.69,289.521956882948,288.35614,284.0016054410554
2022-07-06,425780,Bengaluru,187.31,288.67119937960575,288.482,283.25992816328517
2022-07-07,425780,Bengaluru,315.32,290.9891292020997,292.7063,290.18539917295277
2022-07-08,425780,Bengaluru,167.95,288.47024072879873,288.51093,279.4248943113677
2022-07-09,425780,Bengaluru,408.26,332.9687498564329,326.4778,337.12398999321243
2022-07-10,425780,Bengaluru,279.36,327.13401107990404,320.37555,339.08639322229516
2022-07-01,425780,Delhi,1125.56,727.9084183048689,703.978,707.2706155858344
2022-07-02,425780,Delhi,399.93,847.3029562339945,845.5214,819.363179337327
2022-07-03,425780,Delhi,1329.89,839.6475711697492,832.21313,821.5694074967761
2022-07-04,425780,Delhi,244.54,751.4178208639927,750.7609,786.1422589980499
2022-07-05,425780,Delhi,843.69,716.995215832642,733.6581,713.0642069154487
2022-07-06,425780,Delhi,765.28,737.509211569092,744.0279,742.5617931350408
2022-07-07,425780,Delhi,699.99,740.518736284401,723.7075,720.4487616558256
2022-07-08,425780,Delhi,394.59,772.3700102150566,742.0005,751.625295799182
2022-07-09,425780,Delhi,518.48,838.9581270183656,830.5433,826.0989670937987
2022-07-10,425780,Delhi,861.38,813.5201818427983,815.71655,833.3939321042707
2022-07-01,425780,HR-NCR,758.24,598.6277322578791,599.6726,604.1215307952077
2022-07-02,425780,HR-NCR,421.26,727.1299050684809,701.5012,710.2400516210225
2022-07-03,425780,HR-NCR,752.44,682.7439351810815,681.2031,673.014822062117
2022-07-04,425780,HR-NCR,595.59,602.109998082154,608.6837,624.9273763925369
2022-07-05,425780,HR-NCR,627.88,601.717197649461,601.869,611.4294393309815
2022-07-06,425780,HR-NCR,563.01,604.5450357261299,601.05664,603.5360409651547
2022-07-07,425780,HR-NCR,764.02,569.7766137030235,564.2929,570.5359123068503
2022-07-08,425780,HR-NCR,633.31,605.3103429965068,603.046,621.1654839850108
2022-07-09,425780,HR-NCR,607.42,654.050196324381,666.0254,645.7942088711213
2022-07-10,425780,HR-NCR,808.76,656.3204471885257,680.4332,678.405356170857
2022-07-01,426652,Bengaluru,302.01,344.5727032160323,352.31125,347.20864102081987
2022-07-02,426652,Bengaluru,469.61,396.65837126619874,389.29385,399.8552786124898
2022-07-03,426652,Bengaluru,542.59,395.08444126539234,383.9807,388.2874872691141
2022-07-04,426652,Bengaluru,172.65,349.83869080578864,355.9934,346.12573530136575
2022-07-05,426652,Bengaluru,433.72,343.6172474795072,351.7388,344.41046492100156
2022-07-06,426652,Bengaluru,361.54,346.0205994944451,355.6213,358.3684543225746
2022-07-07,426652,Bengaluru,431.41,344.4708288585095,353.70868,347.02819148182203
2022-07-08,426652,Bengaluru,351.38,364.62430314618416,370.52298,363.34314018668425
2022-07-09,426652,Bengaluru,348.34,417.49957855546484,421.29578,427.78070489551317
2022-07-10,426652,Bengaluru,493.56,409.76006525664826,408.77704,409.3564612881386
2022-07-01,427007,Delhi,78.29,178.6836255727788,180.29056,174.87501747459183
2022-07-02,427007,Delhi,231.96,198.50327546932127,198.42667,215.93017386984909
2022-07-03,427007,Delhi,143.85,198.2780885436933,197.44746,212.94175585609415
2022-07-04,427007,Delhi,42.13,166.4596551569398,169.71503,164.94329705820593
2022-07-05,427007,Delhi,162.19,162.46897849131227,166.19705,161.979690124549
2022-07-06,427007,Delhi,170.14,157.03908325406871,162.62764,161.7855673748888
2022-07-07,427007,Delhi,188.65,154.67093827242485,160.16661,156.00576790852955
2022-07-08,427007,Delhi,95.85,155.6112823017603,161.79996,155.45551568145777
2022-07-09,427007,Delhi,125.3,177.17003766857766,181.02202,185.97774906941027
2022-07-10,427007,Delhi,111.05,178.57193600576124,182.91292,187.84396953037714
2022-07-01,427129,Delhi,153.17,188.11543259176244,188.47345,186.37574157214056
2022-07-02,427129,Delhi,244.09,209.17683580523345,209.79494,224.85669570376953
2022-07-03,427129,Delhi,147.4,208.41576433789504,208.71785,218.99282813263616
2022-07-04,427129,Delhi,184.16,182.16008856492294,181.97168,177.86341064337103
2022-07-05,427129,Delhi,164.15,182.16008856492294,183.54439,184.13124229535114
2022-07-06,427129,Delhi,264.74,182.16008856492294,181.63454,178.1863976209531
2022-07-07,427129,Delhi,207.53,182.48280084064837,181.97168,180.76877015984897
2022-07-08,427129,Delhi,145.71,188.28979341054708,189.06079,184.8292708610938
2022-07-09,427129,Delhi,206.37,208.21691662313594,209.04765,221.8443202669531
2022-07-10,427129,Delhi,254.45,208.99105780732614,207.65442,216.71382443770509
2022-07-01,427133,Delhi,142.83,162.1551927644554,165.1239,157.99290423348444
2022-07-02,427133,Delhi,220.89,179.5622040432286,182.63206,192.84389484653371
2022-07-03,427133,Delhi,197.04,186.5343061539025,187.17613,196.8657762476313
2022-07-04,427133,Delhi,148.59,162.37504748877467,165.27766,162.06865434100985
2022-07-05,427133,Delhi,168.68,162.37504748877467,165.27766,158.3185649782533
2022-07-06,427133,Delhi,183.25,157.7630650048495,165.27766,157.45452974222775
2022-07-07,427133,Delhi,176.08,157.84783929764097,162.21231,156.01273654789006
2022-07-08,427133,Delhi,161.91,157.84783929764097,162.21231,154.7695783247153
2022-07-09,427133,Delhi,151.13,186.73439216163155,187.72073,201.07428804351858
2022-07-10,427133,Delhi,164.94,179.5954253429763,183.54744,192.71800189000598
2022-07-01,428608,Delhi,216.55,182.16008856492294,183.54439,178.46822975290132
2022-07-02,428608,Delhi,210.96,208.040556876193,208.4603,219.31868334565823
2022-07-03,428608,Delhi,164.36,208.65370232082898,208.71785,219.95656034702202
2022-07-04,428608,Delhi,154.22,182.16008856492294,183.54439,183.20319789259486
2022-07-05,428608,Delhi,185.0,182.16008856492294,183.54439,179.78162149826184
2022-07-06,428608,Delhi,182.52,182.16008856492294,183.54439,181.3778379997386
2022-07-07,428608,Delhi,177.81,182.24486285771442,183.54439,180.46013489054639
2022-07-08,428608,Delhi,146.68,182.24486285771442,181.97168,181.9791648337663
2022-07-09,428608,Delhi,220.68,208.21691662313594,206.59471,218.75148179609593
2022-07-10,428608,Delhi,197.64,209.8179895398716,208.18689,219.24559077602652
2022-07-01,428612,Delhi,402.37,389.90537392750593,392.6468,384.24823989422157
2022-07-02,428612,Delhi,497.51,435.8292355117387,446.31958,442.9842549908948
2022-07-03,428612,Delhi,512.57,448.689921289311,449.95435,451.7648621485432
2022-07-04,428612,Delhi,304.63,398.76637233909327,408.0031,407.8856451363958
2022-07-05,428612,Delhi,371.81,397.1263523572324,407.26755,394.0677038617879
2022-07-06,428612,Delhi,419.99,390.58970749224636,405.15356,398.5385124211877
2022-07-07,428612,Delhi,345.61,402.0707204168855,402.6661,391.86549859225266
2022-07-08,428612,Delhi,290.02,396.4414872528561,409.23215,399.81992753376966
2022-07-09,428612,Delhi,660.25,449.72788414786436,452.11044,456.7545550018874
2022-07-10,428612,Delhi,508.54,466.5209264611104,476.19632,486.39222028651324
2022-07-01,428612,HR-NCR,414.77,285.20400799856304,296.79016,286.70994942264133
2022-07-02,428612,HR-NCR,25.13,337.4114810665563,353.33865,350.56384799651994
2022-07-03,428612,HR-NCR,124.23,343.6368748336447,367.18814,366.40386671332084
2022-07-04,428612,HR-NCR,183.92,278.7454783275497,285.17606,291.74083110085604
2022-07-05,428612,HR-NCR,375.81,274.4602440136448,283.73193,281.05903366604764
2022-07-06,428612,HR-NCR,168.14,290.3350889374747,293.9156,293.96473509292105
2022-07-07,428612,HR-NCR,250.37,289.742181299424,292.45602,310.75198743061196
2022-07-08,428612,HR-NCR,97.07,295.26921294777895,287.6053,311.69951543645925
2022-07-09,428612,HR-NCR,638.32,329.65342191966465,334.44003,336.85530993104516
2022-07-10,428612,HR-NCR,178.83,379.9053247886315,356.89203,376.08707651447224
2022-07-01,428741,Delhi,290.09,244.9980396990237,242.73906,240.30604978301605
2022-07-02,428741,Delhi,247.52,288.6260337851521,282.43494,293.23387578631065
2022-07-03,428741,Delhi,270.15,287.566109882503,276.8445,289.8012839699389
2022-07-04,428741,Delhi,262.72,244.59910597653555,241.93687,239.84384320610684
2022-07-05,428741,Delhi,214.84,245.1227285967184,241.93687,238.12677339544274
2022-07-06,428741,Delhi,323.5,245.97348610006068,245.04482,243.0048672212559
2022-07-07,428741,Delhi,202.1,247.6335854505897,250.26106,249.23170723656412
2022-07-08,428741,Delhi,192.68,246.51619312757973,249.3598,251.75279967010704
2022-07-09,428741,Delhi,331.39,286.85387271508705,278.1289,286.0640869818072
2022-07-10,428741,Delhi,328.89,287.83511137108667,285.30392,294.32557939696244
2022-07-01,429458,Bengaluru,62.74,154.37503227480678,160.16661,140.73922169994074
2022-07-02,429458,Bengaluru,166.87,177.787127722588,181.02202,182.94688794097908
2022-07-03,429458,Bengaluru,246.42,177.05016455310957,181.27957,185.14185879112114
2022-07-04,429458,Bengaluru,429.26,156.06448393093916,163.82803,163.8214529582331
2022-07-05,429458,Bengaluru,199.05,156.14165584556045,162.21231,156.28446158030096
2022-07-06,429458,Bengaluru,153.37,158.485699135828,163.35161,157.30451712631907
2022-07-07,429458,Bengaluru,138.22,158.84047601810374,163.88408,156.48052831459017
2022-07-08,429458,Bengaluru,174.83,155.17905291753755,162.01039,145.15086479371965
2022-07-09,429458,Bengaluru,277.01,178.03685090548768,183.29276,185.5809078127177
2022-07-10,429458,Bengaluru,359.64,182.03410905983796,185.08801,192.49987494996776
2022-07-01,429694,Delhi,300.18,279.5601158276698,278.5778,282.17849053267355
2022-07-02,429694,Delhi,303.62,322.5004693985764,320.41013,321.81369064071697
2022-07-03,429694,Delhi,284.51,323.80698403664985,323.07883,331.1685023167582
2022-07-04,429694,Delhi,344.07,276.50770473741704,278.3464,276.366600254307
2022-07-05,429694,Delhi,172.48,283.1964901364129,281.88492,277.2610720753606
2022-07-06,429694,Delhi,293.11,273.89189215288394,274.4757,273.6916175991913
2022-07-07,429694,Delhi,297.86,280.13816247579024,277.3713,273.49889851949814
2022-07-08,429694,Delhi,280.18,276.80688412019754,277.85968,278.9270200781838
2022-07-09,429694,Delhi,317.74,320.9329135592838,314.34726,323.2697948102068
2022-07-10,429694,Delhi,368.26,321.98284953012006,317.693,322.6664503758344
2022-07-01,429717,Delhi,186.97,187.23507269027738,185.14166,186.64333547902393
2022-07-02,429717,Delhi,366.19,214.71210910666875,213.84216,228.20670269843438
2022-07-03,429717,Delhi,161.75,214.82975682467026,211.4272,223.35823234411035
2022-07-04,429717,Delhi,194.22,187.26467508842015,185.52332,180.71464568314596
2022-07-05,429717,Delhi,228.22,188.11543259176244,187.48808,187.28669077792478
2022-07-06,429717,Delhi,342.98,184.56768129514955,186.85794,180.01630180914808
2022-07-07,429717,Delhi,174.04,190.93343203277198,193.34033,188.24403029307803
2022-07-08,429717,Delhi,290.89,188.67405463306088,187.89668,181.37080299639373
2022-07-09,429717,Delhi,187.7,221.06927212045056,222.15773,230.9399164005859
2022-07-10,429717,Delhi,246.19,226.3568965116328,230.9011,239.33916672818796
2022-07-01,429819,Delhi,157.74,157.54321028053022,164.61984,161.27934871925416
2022-07-02,429819,Delhi,181.09,179.5622040432286,182.63206,193.39593503724092
2022-07-03,429819,Delhi,149.95,179.93741150493065,182.88962,193.76604086586832
2022-07-04,429819,Delhi,137.74,156.30664311773108,161.29301,153.78417080251836
2022-07-05,429819,Delhi,158.74,156.30664311773108,161.29301,153.78434717717948
2022-07-06,429819,Delhi,158.8,156.61082262740146,161.29301,154.91868907756748
2022-07-07,429819,Delhi,169.61,156.69559692019294,161.29301,154.97309547265485
2022-07-08,429819,Delhi,166.82,156.9172004956967,161.55449,156.07214863377146
2022-07-09,429819,Delhi,164.14,179.37557061865704,182.63206,193.19093894764225
2022-07-10,429819,Delhi,154.11,179.15396704315327,182.62814,191.36352150721362
2022-07-01,432779,Delhi,174.2,182.4837889734133,181.97168,173.99061245881174
2022-07-02,432779,Delhi,165.68,210.1684262840778,210.01083,228.8668316520633
2022-07-03,432779,Delhi,290.84,207.82864632363714,206.95834,218.83035589308446
2022-07-04,432779,Delhi,180.31,180.003489203346,181.99695,179.37187320694198
2022-07-05,432779,Delhi,496.77,180.45531298420013,184.10213,176.30971291892564
2022-07-06,432779,Delhi,204.13,187.0108637488561,196.46776,190.7643952519007
2022-07-07,432779,Delhi,177.25,190.32617511894827,198.71698,184.12371527837212
2022-07-08,432779,Delhi,289.56,193.87392641556116,199.34712,189.37601016476748
2022-07-09,432779,Delhi,212.6,222.57071350183858,228.6907,233.95194494922384
2022-07-10,432779,Delhi,253.45,222.5491556785607,226.63197,232.31177491009825
2022-07-01,436336,Bengaluru,427.11,409.2537849031192,404.16528,408.18098474823114
2022-07-02,436336,Bengaluru,482.47,471.5854539820634,456.66516,473.3289187386694
2022-07-03,436336,Bengaluru,538.16,469.6597623971494,455.55734,466.4766247881806
2022-07-04,436336,Bengaluru,359.24,415.68981287915983,409.24802,408.22617764836934
2022-07-05,436336,Bengaluru,432.87,408.97450631621024,404.68054,405.31960699753057
2022-07-06,436336,Bengaluru,380.82,409.63534507956115,406.5377,409.3996838502348
2022-07-07,436336,Bengaluru,360.94,410.3055021632324,406.90317,405.6522186778617
2022-07-08,436336,Bengaluru,361.74,404.8405748353938,404.68054,406.7519714318815
2022-07-09,436336,Bengaluru,440.53,467.8013440016874,459.6715,467.87108088606544
2022-07-10,436336,Bengaluru,408.31,464.68179876604574,453.70596,465.0386090386346
2022-07-01,436913,Delhi,114.36,216.66718118642785,219.00005,212.94082072360703
2022-07-02,436913,Delhi,344.24,247.7974025243649,247.35767,257.3168506068015
2022-07-03,436913,Delhi,333.24,246.65428171058554,245.12274,254.36770249232072
2022-07-04,436913,Delhi,163.97,219.18364040933807,220.06865,212.93999908369392
2022-07-05,436913,Delhi,209.85,220.03439791268036,220.68741,218.64527346874212
2022-07-06,436913,Delhi,322.99,215.81642368308556,219.198,213.87960712622646
2022-07-07,436913,Delhi,256.67,221.24748756716647,225.5147,220.37927497210265
2022-07-08,436913,Delhi,151.73,232.24652506746813,239.49864,229.46638719053368
2022-07-09,436913,Delhi,309.33,252.38306913338786,252.26553,263.9055931180644
2022-07-10,436913,Delhi,270.88,252.50316017905126,255.4168,265.8825035351855
2022-07-01,437475,Delhi,145.9,154.37503227480678,160.16661,153.6924706706923
2022-07-02,437475,Delhi,194.26,177.05016455310957,181.02202,186.86326680966445
2022-07-03,437475,Delhi,201.79,177.05016455310957,181.27957,185.9601589842859
2022-07-04,437475,Delhi,187.64,155.37405150458338,161.26749,154.74705257539708
2022-07-05,437475,Delhi,95.85,154.86811416953682,160.16661,149.41532198045147
2022-07-06,437475,Delhi,113.73,154.67921178447716,160.16661,146.89792628595745
2022-07-07,437475,Delhi,139.76,154.67921178447716,160.16661,152.73605427052587
2022-07-08,437475,Delhi,103.19,155.6112823017603,161.79996,155.6282080801484
2022-07-09,437475,Delhi,118.39,177.05016455310957,181.02202,188.31720456995166
2022-07-10,437475,Delhi,124.28,177.05016455310957,181.27957,186.3528155633301
2022-07-01,438113,Bengaluru,358.01,517.2740944053838,520.92847,505.09649550741983
2022-07-02,438113,Bengaluru,348.53,615.8720814835417,595.20276,602.1830121345262
2022-07-03,438113,Bengaluru,429.56,611.4921770659371,595.29694,615.7059954085972
2022-07-04,438113,Bengaluru,777.6,535.1953252863974,513.09827,535.354743173834
2022-07-05,438113,Bengaluru,441.85,540.0120504042644,542.62555,542.9647965804779
2022-07-06,438113,Bengaluru,624.58,539.1282794179785,535.5351,534.4874228895776
2022-07-07,438113,Bengaluru,373.86,548.5573049667929,545.5135,572.0330288110026
2022-07-08,438113,Bengaluru,575.09,520.1579977459793,522.31946,525.5905746312139
2022-07-09,438113,Bengaluru,915.93,603.2649613724615,595.91394,596.3841593603986
2022-07-10,438113,Bengaluru,337.36,629.5869589935294,603.9854,616.2707259716677
2022-07-01,438128,Delhi,355.47,403.1696244294176,406.5003,402.0345128220652
2022-07-02,438128,Delhi,504.28,462.54854566479855,456.2327,460.56131723573134
2022-07-03,438128,Delhi,403.29,471.65514826545444,461.98245,469.3796659550932
2022-07-04,438128,Delhi,387.96,402.80442243818845,403.95694,400.0128451489152
2022-07-05,438128,Delhi,322.7,395.42541556506313,406.5003,404.663242031125
2022-07-06,438128,Delhi,369.53,397.3203859891626,404.51407,408.87818566212036
2022-07-07,438128,Delhi,422.41,390.5961233160246,389.75742,392.92635930879146
2022-07-08,438128,Delhi,374.97,390.5961233160246,396.16287,395.23724362961804
2022-07-09,438128,Delhi,311.83,447.59992939106695,444.91434,452.49833296657306
2022-07-10,438128,Delhi,529.7,446.8493284624022,439.65823,452.74787664509887
2022-07-01,438145,Delhi,259.98,379.25998015718164,382.1845,385.7878479781725
2022-07-02,438145,Delhi,292.69,435.22240184838466,427.6435,435.6899534844205
2022-07-03,438145,Delhi,498.64,432.5898310131261,422.657,432.4540771631054
2022-07-04,438145,Delhi,233.7,377.511506860427,381.4915,378.4542630226119
2022-07-05,438145,Delhi,289.59,378.43597215205955,380.59064,383.3774731607116
2022-07-06,438145,Delhi,339.19,372.69685131091876,366.9868,376.47506526913963
2022-07-07,438145,Delhi,345.56,372.453775357222,368.36716,376.7190665127029
2022-07-08,438145,Delhi,376.53,365.14267156427303,366.7324,369.80047689883224
2022-07-09,438145,Delhi,445.56,418.37127432135634,407.1714,414.2885099335842
2022-07-10,438145,Delhi,415.27,419.46778985414284,413.12256,429.1053350961908
2022-07-01,438489,Delhi,209.5,181.80376289742753,180.8704,175.36813223917744
2022-07-02,438489,Delhi,204.64,209.05844812067198,207.16524,221.84866056153902
2022-07-03,438489,Delhi,439.96,208.41576433789504,206.85226,215.17560298739528
2022-07-04,438489,Delhi,205.74,188.17405104620525,193.16982,192.83867705186296
2022-07-05,438489,Delhi,197.5,193.95705209761763,198.67107,192.33798706231727
2022-07-06,438489,Delhi,157.76,193.5360367323343,196.47406,189.68566109257134
2022-07-07,438489,Delhi,97.72,190.93343203277198,193.34033,184.40267300114732
2022-07-08,438489,Delhi,108.85,183.80169808459874,187.09602,178.65496268302107
2022-07-09,438489,Delhi,195.13,209.6807200611035,210.38228,223.33986609388035
2022-07-10,438489,Delhi,247.02,211.8811826685578,209.23407,229.4467818089717
2022-07-01,439144,Delhi,179.74,184.41946596463404,189.5754,185.06960368722912
2022-07-02,439144,Delhi,240.91,208.040556876193,208.4603,222.0677228352709
2022-07-03,439144,Delhi,149.81,208.65370232082898,208.71785,214.74964513229216
2022-07-04,439144,Delhi,175.54,182.3980265478569,183.54439,180.6000706678325
2022-07-05,439144,Delhi,184.61,183.01084606826524,184.87901,183.54161825946898
2022-07-06,439144,Delhi,271.33,182.23067358297794,183.54439,183.9858260166008
2022-07-07,439144,Delhi,189.61,182.48280084064837,184.13173,178.23437338843232
2022-07-08,439144,Delhi,141.47,186.06107548430984,184.13173,181.4957301628608
2022-07-09,439144,Delhi,325.17,210.0128655026097,208.4603,222.08019653389113
2022-07-10,439144,Delhi,173.92,216.58898491449807,218.16591,225.8897014299579
2022-07-01,439697,Delhi,250.88,202.88927887591623,196.96236,199.61776675292035
2022-07-02,439697,Delhi,902.12,232.0999085366596,223.90042,241.04335743139865
2022-07-03,439697,Delhi,187.35,273.7216288892082,268.49237,280.7623991623287
2022-07-04,439697,Delhi,112.52,227.70706689861677,229.9424,227.0276999952745
2022-07-05,439697,Delhi,315.83,213.72600869065818,220.46921,222.7214314649828
2022-07-06,439697,Delhi,195.93,209.01662468076293,211.5815,200.4144685099749
2022-07-07,439697,Delhi,224.85,215.1099284962689,216.16896,207.5878591462457
2022-07-08,439697,Delhi,354.22,213.18959706315152,214.83434,201.95141300193075
2022-07-09,439697,Delhi,260.98,258.1867192573039,259.3666,280.3474163115088
2022-07-10,439697,Delhi,304.64,240.80879090418057,244.03685,242.65804679339792
2022-07-01,439931,Delhi,177.56,178.98780508244917,180.43066,176.59011315718976
2022-07-02,439931,Delhi,267.57,204.98116202910083,205.21136,216.51059623538998
2022-07-03,439931,Delhi,209.38,206.49264841984333,206.80356,218.37984858806783
2022-07-04,439931,Delhi,139.38,179.24822981336243,180.7678,175.78605731721842
2022-07-05,439931,Delhi,130.42,179.24822981336243,180.43066,172.538901520811
2022-07-06,439931,Delhi,166.59,180.09898731670472,181.76529,180.80828785042894
2022-07-07,439931,Delhi,115.58,179.07257937524065,180.29056,172.0316721768158
2022-07-08,439931,Delhi,158.77,178.70734384959366,179.19525,173.57129032252885
2022-07-09,439931,Delhi,259.46,196.94296189989373,197.80713,210.1550415477043
2022-07-10,439931,Delhi,268.74,206.49816996186618,206.18275,216.51011434166975
2022-07-01,439935,Bengaluru,162.05,204.00625612987895,201.55832,194.31586148696303
2022-07-02,439935,Bengaluru,383.11,223.56967590207796,223.55402,234.33417119063265
2022-07-03,439935,Bengaluru,227.65,237.6050749699289,236.52701,246.40981741902812
2022-07-04,439935,Bengaluru,184.85,209.35627525239587,208.97163,199.73231787925153
2022-07-05,439935,Bengaluru,143.01,208.88242750388892,210.2759,205.648848178821
2022-07-06,439935,Bengaluru,194.27,201.84808591332353,206.83699,200.37886089597552
2022-07-07,439935,Bengaluru,79.77,209.05678832267355,210.13573,203.3437762201077
2022-07-08,439935,Bengaluru,95.3,193.02857857827615,195.95238,188.6522367176871
2022-07-09,439935,Bengaluru,194.8,213.8509558483661,212.89748,232.04303010523032
2022-07-10,439935,Bengaluru,241.22,215.61451907389244,215.65416,235.84839266247798
2022-07-01,439935,Delhi,298.52,289.6138621736838,291.167,287.33056724446925
2022-07-02,439935,Delhi,227.36,331.61868506007136,334.49362,338.8938671112654
2022-07-03,439935,Delhi,445.19,331.2483101061254,328.6456,340.8195024588766
2022-07-04,439935,Delhi,147.58,289.39461111630305,294.66736,292.9445855238055
2022-07-05,439935,Delhi,575.27,284.2301282900774,284.53607,284.49812553251445
2022-07-06,439935,Delhi,273.31,310.37128755053743,308.6988,304.4704871988126
2022-07-07,439935,Delhi,580.59,304.48133246246965,307.46695,303.7858223083014
2022-07-08,439935,Delhi,210.09,315.4469726767809,318.18997,314.53305504606794
2022-07-09,439935,Delhi,646.15,349.88911077300344,344.04218,345.11936654636463
2022-07-10,439935,Delhi,434.96,373.6082188805044,374.39716,388.5348013520048
2022-07-01,439959,Delhi,391.49,209.42686027045087,211.84467,205.8899086653652
2022-07-02,439959,Delhi,244.64,246.2790742488835,246.9821,254.61032021694487
2022-07-03,439959,Delhi,629.76,247.790560639626,248.77661,257.1586157185859
2022-07-04,439959,Delhi,288.88,245.87315000168283,252.22168,246.38767988904516
2022-07-05,439959,Delhi,392.47,238.88476677513165,247.73097,229.67687034035708
2022-07-06,439959,Delhi,120.28,249.85023862071696,257.1015,242.00548834506168
2022-07-07,439959,Delhi,282.38,250.71450132675938,255.56898,237.09837452216044
2022-07-08,439959,Delhi,386.13,253.3303139112924,261.69482,250.92735975739652
2022-07-09,439959,Delhi,227.38,308.57473589043383,307.21582,302.628542659918
2022-07-10,439959,Delhi,209.06,312.7413292868202,315.70456,327.40651509428653
2022-07-01,439970,Delhi,415.0,403.4327785361772,404.0121,412.9957572020879
2022-07-02,439970,Delhi,510.6,464.0860926155284,445.4773,461.17700995679684
2022-07-03,439970,Delhi,412.47,443.8744344034693,437.2615,436.6817382701613
2022-07-04,439970,Delhi,312.22,394.08197105693733,396.42645,390.46077245247534
2022-07-05,439970,Delhi,285.19,391.87913303418134,393.83377,397.61855434107554
2022-07-06,439970,Delhi,339.76,380.9203073250975,388.1238,387.1242524607909
2022-07-07,439970,Delhi,440.65,380.45947614030564,384.88977,383.4431955740146
2022-07-08,439970,Delhi,481.59,382.44796931975367,389.2863,392.79617984016545
2022-07-09,439970,Delhi,391.56,440.07658539889496,440.8929,452.1907915287977
2022-07-10,439970,Delhi,543.46,436.3331518899626,436.73172,437.3671202049737
2022-07-01,439978,Delhi,336.07,269.1235679128285,268.21246,267.56267461764315
2022-07-02,439978,Delhi,350.29,315.31220855674326,309.78006,318.0701912203112
2022-07-03,439978,Delhi,392.03,326.39262510678316,320.60303,328.68966577922066
2022-07-04,439978,Delhi,304.59,284.05274898489904,287.46216,285.8877295658952
2022-07-05,439978,Delhi,229.0,284.05274898489904,287.30737,282.84451145711756
2022-07-06,439978,Delhi,262.11,283.13067807559935,284.4586,279.8713866270049
2022-07-07,439978,Delhi,300.4,283.34840448553706,282.91663,277.2144161864197
2022-07-08,439978,Delhi,224.99,283.5108947943278,284.61337,280.5425816770569
2022-07-09,439978,Delhi,273.99,320.50437493350785,317.71893,324.4537123051564
2022-07-10,439978,Delhi,323.46,317.6608784330048,314.86356,323.3643483478321
2022-07-01,439983,Bengaluru,191.42,205.4148760262478,205.66737,196.4293786386736
2022-07-02,439983,Bengaluru,229.89,235.631634329135,233.46313,245.50408446260656
2022-07-03,439983,Bengaluru,238.78,234.8705628617966,232.23128,242.85472532085635
2022-07-04,439983,Bengaluru,232.61,205.4148760262478,205.08003,198.62315115504256
2022-07-05,439983,Bengaluru,263.92,206.49393589919435,206.68542,207.900448969551
2022-07-06,439983,Bengaluru,156.0,205.4148760262478,205.66737,200.23012915875606
2022-07-07,439983,Bengaluru,203.1,206.43999434837474,207.002,202.17963892826342
2022-07-08,439983,Bengaluru,266.91,205.4996503190393,205.66737,199.95539763981427
2022-07-09,439983,Bengaluru,191.44,243.63929249817127,237.99458,252.52697383333037
2022-07-10,439983,Bengaluru,248.98,237.871021242865,236.52701,247.63833051420414
2022-07-01,439988,Delhi,190.04,155.17905291753755,161.0859,142.35569527690944
2022-07-02,439988,Delhi,141.97,179.13639625725418,182.6564,187.38434961335622
2022-07-03,439988,Delhi,93.98,177.46695499340342,182.96297,189.17876398608186
2022-07-04,439988,Delhi,86.63,154.87487340786717,161.0859,149.5268489503786
2022-07-05,439988,Delhi,340.71,155.3351448340063,160.64398,155.1007418234909
2022-07-06,439988,Delhi,98.43,154.7855382353702,160.42809,153.13488766513694
2022-07-07,439988,Delhi,63.96,154.56393465986645,160.16661,147.43470360112713
2022-07-08,439988,Delhi,84.56,154.99212232881712,160.16661,149.6186857458439
2022-07-09,439988,Delhi,102.13,178.04175503195393,181.23792,193.69124526698465
2022-07-10,439988,Delhi,222.64,177.05016455310957,181.27957,187.6949264784063
2022-07-01,440031,Delhi,657.53,379.70705430286836,382.43845,381.7977014813933
2022-07-02,440031,Delhi,526.25,445.7536451067911,447.33084,453.37433813921643
2022-07-03,440031,Delhi,605.35,434.83764503289444,441.75674,434.43145959203196
2022-07-04,440031,Delhi,214.13,390.18432537492055,401.32047,390.8975928691822
2022-07-05,440031,Delhi,467.05,382.40883523111734,393.8753,381.9000878063401
2022-07-06,440031,Delhi,323.46,383.06371394930056,396.78772,386.2237429948035
2022-07-07,440031,Delhi,289.91,384.07978563709355,391.36755,380.5708104124079
2022-07-08,440031,Delhi,554.74,378.34066479595276,389.01294,380.80383035470726
2022-07-09,440031,Delhi,340.5,453.2217772138668,461.83594,465.30442384910754
2022-07-10,440031,Delhi,734.62,439.8415991244954,443.20386,447.8886623792057
2022-07-01,440033,Delhi,200.31,186.90834942092474,184.46486,184.51579548493908
2022-07-02,440033,Delhi,297.59,213.31827043392775,209.24768,219.45437835206238
2022-07-03,440033,Delhi,453.47,218.7683245983097,217.15857,235.0639837006714
2022-07-04,440033,Delhi,186.41,199.205895748948,202.62555,192.91365406340512
2022-07-05,440033,Delhi,153.31,201.4066546942163,203.96016,196.70745795419728
2022-07-06,440033,Delhi,148.62,190.8486577399805,193.34033,186.64806908099345
2022-07-07,440033,Delhi,132.4,191.87377606210742,194.67494,188.30080523346754
2022-07-08,440033,Delhi,176.88,187.00712752154416,185.63687,182.62675682798962
2022-07-09,440033,Delhi,304.38,209.65265949343708,210.20943,217.31411993996525
2022-07-10,440033,Delhi,176.97,222.51479362901236,223.98877,238.4956052892491
2022-07-01,440057,Delhi,143.38,167.61371698743554,169.9765,162.7761678085319
2022-07-02,440057,Delhi,127.43,186.43789232471326,188.1143,195.93308561433145
2022-07-03,440057,Delhi,107.96,187.45073035862367,188.357,200.49981525610622
2022-07-04,440057,Delhi,152.37,156.52824669323485,161.55449,154.06505898517045
2022-07-05,440057,Delhi,132.34,156.52824669323485,161.55449,160.4830863715295
2022-07-06,440057,Delhi,179.63,156.30664311773108,161.29301,154.38655358055263
2022-07-07,440057,Delhi,177.79,156.61302098602633,161.55449,154.67119686991927
2022-07-08,440057,Delhi,156.39,156.88442870338937,161.55449,154.34281142688394
2022-07-09,440057,Delhi,237.33,179.64697833602008,182.63206,194.11895228606116
2022-07-10,440057,Delhi,121.77,187.71667663155978,188.357,198.11018310080607
2022-07-01,440200,Delhi,267.13,234.590820455153,235.58841,229.73363791306338
2022-07-02,440200,Delhi,213.08,263.0548061530333,267.65555,275.31817651237344
2022-07-03,440200,Delhi,308.81,253.46307936114883,254.90308,260.92277401397445
2022-07-04,440200,Delhi,267.0,230.01210913159562,235.2727,233.80457938888486
2022-07-05,440200,Delhi,246.64,233.7400629518107,234.09898,228.81591497213748
2022-07-06,440200,Delhi,205.66,233.7400629518107,234.09898,228.85377348234027
2022-07-07,440200,Delhi,237.75,234.22377096709033,234.34084,226.38279838383252
2022-07-08,440200,Delhi,334.51,234.76518127393763,238.33163,235.96294659724788
2022-07-09,440200,Delhi,308.21,268.0549489445062,271.25067,275.133495351465
2022-07-10,440200,Delhi,242.64,269.4195784475444,278.46512,283.30751697067296
2022-07-01,440232,Delhi,151.12,187.26467508842015,187.72617,183.42408188241455
2022-07-02,440232,Delhi,238.35,209.83650575566676,209.04765,221.07095197589894
2022-07-03,440232,Delhi,231.29,214.0498035631252,212.72224,222.97312967463438
2022-07-04,440232,Delhi,157.99,190.37480999147354,193.9171,193.1288756406463
2022-07-05,440232,Delhi,162.33,188.11543259176244,189.06079,187.17010649116537
2022-07-06,440232,Delhi,143.94,183.71692379180726,183.54439,180.89575424295282
2022-07-07,440232,Delhi,193.32,182.48280084064837,181.63454,179.95311400159187
2022-07-08,440232,Delhi,186.53,182.48280084064837,183.54439,180.38835546042958
2022-07-09,440232,Delhi,219.72,209.6807200611035,209.79494,223.9681444870183
2022-07-10,440232,Delhi,131.31,208.83006206777193,208.71785,224.0371891452635
2022-07-01,441688,Delhi,179.69,157.49165728748645,162.21231,153.7991979351305
2022-07-02,441688,Delhi,201.79,179.51065105018483,183.28989,191.85685746541296
2022-07-03,441688,Delhi,115.06,179.51065105018483,183.54744,190.58447536712902
2022-07-04,441688,Delhi,168.28,157.49165728748645,162.21231,154.0264668129705
2022-07-05,441688,Delhi,164.08,157.49165728748645,162.21231,159.69380437809923
2022-07-06,441688,Delhi,163.19,157.49165728748645,162.21231,155.03176089631762
2022-07-07,441688,Delhi,178.97,157.84783929764097,162.21231,157.1143882623846
2022-07-08,441688,Delhi,220.67,162.45982178156615,165.27766,158.85886870783946
2022-07-09,441688,Delhi,226.25,186.8341067959755,188.77213,199.00512172936487
2022-07-10,441688,Delhi,162.51,193.37803946444228,193.21185,202.28962277503106
2022-07-01,443549,Delhi,212.13,220.03439791268036,220.84297,215.188597825589
2022-07-02,443549,Delhi,244.93,248.98451312752394,251.60152,262.72663857308606
2022-07-03,443549,Delhi,226.91,247.790560639626,248.47157,262.40601620166484
2022-07-04,443549,Delhi,238.58,215.81642368308556,219.198,214.5888475736181
2022-07-05,443549,Delhi,187.61,217.38558363268552,221.58252,218.76694846621885
2022-07-06,443549,Delhi,170.8,216.2153574055737,220.15494,217.83360623403604
2022-07-07,443549,Delhi,231.81,215.51693675336324,220.3621,218.0597740061667
2022-07-08,443549,Delhi,402.43,215.51693675336324,220.3621,219.574712846997
2022-07-09,443549,Delhi,281.16,253.35381817238292,250.85684,265.94563679634746
2022-07-10,443549,Delhi,307.72,252.88520952549223,252.47388,263.57476801122635
2022-07-01,445188,Delhi,247.84,252.78038456000962,262.31442,249.910655634897
2022-07-02,445188,Delhi,103.86,292.51408404270967,297.13605,303.0054267975488
2022-07-03,445188,Delhi,364.64,291.4660763652877,292.48145,299.1445297093931
2022-07-04,445188,Delhi,149.28,247.8414289670703,255.83264,247.77216939433202
2022-07-05,445188,Delhi,246.47,245.96456126368858,251.95438,244.16939746796075
2022-07-06,445188,Delhi,246.48,257.2112721591486,260.75598,258.0407865119129
2022-07-07,445188,Delhi,211.1,257.8478169560056,260.75598,261.3117948653421
2022-07-08,445188,Delhi,217.12,257.3043677775797,260.241,256.5056081993214
2022-07-09,445188,Delhi,284.21,285.2401065773038,287.9556,296.6593170124593
2022-07-10,445188,Delhi,334.02,304.64357001026923,299.72995,317.0525628099174
2022-07-01,445188,HR-NCR,214.42,232.17090300221076,229.4298,223.26212996965504
2022-07-02,445188,HR-NCR,178.47,265.5015139431826,261.78915,267.9081627797506
2022-07-03,445188,HR-NCR,345.77,266.6309509874842,263.12384,270.2762703059085
2022-07-04,445188,HR-NCR,202.52,233.18415081434372,234.74577,231.71130201318223
2022-07-05,445188,HR-NCR,126.71,233.18415081434372,234.74577,229.58181125993275
2022-07-06,445188,HR-NCR,223.28,220.17580652740972,223.22609,223.55955183462618
2022-07-07,445188,HR-NCR,280.95,219.67832761756648,220.06865,219.83608137581916
2022-07-08,445188,HR-NCR,118.01,228.8560721792203,229.67165,224.84390594714577
2022-07-09,445188,HR-NCR,180.13,249.5219836199363,248.43265,255.31251491669116
2022-07-10,445188,HR-NCR,279.2,251.07460435180133,251.36037,267.57004949530153
2022-07-01,445281,Bengaluru,177.03,167.61371698743554,169.9765,162.61809652289682
2022-07-02,445281,Bengaluru,162.93,192.606617531478,192.29648,201.1935787048211
2022-07-03,445281,Bengaluru,175.58,192.98182499318006,192.55403,201.09967287617707
2022-07-04,445281,Bengaluru,176.46,167.61371698743554,169.9765,162.83958977127227
2022-07-05,445281,Bengaluru,149.3,167.61371698743554,169.9765,164.54743597260804
2022-07-06,445281,Bengaluru,176.35,167.61371698743554,169.9765,163.35499631455235
2022-07-07,445281,Bengaluru,130.6,167.69849128022702,169.9765,162.37347620321697
2022-07-08,445281,Bengaluru,142.7,164.77402794768642,169.9765,161.91306860202513
2022-07-09,445281,Bengaluru,184.88,186.6142520716562,188.1143,197.0620649761489
2022-07-10,445281,Bengaluru,155.12,187.3883932558464,188.61371,200.10331178476173
2022-07-01,445281,Delhi,244.46,234.56996428964504,235.58841,232.21301421275027
2022-07-02,445281,Delhi,235.54,268.7921278506127,272.98843,284.20255573246965
2022-07-03,445281,Delhi,285.97,268.1792547715762,265.5084,275.0427892952422
2022-07-04,445281,Delhi,230.47,233.71920678630275,236.09676,233.18684493125804
2022-07-05,445281,Delhi,262.52,235.84984692144562,240.988,237.84787273753452
2022-07-06,445281,Delhi,311.99,235.39802314059148,240.45554,237.07335830768724
2022-07-07,445281,Delhi,225.55,240.18529709180984,244.89764,239.21384915759327
2022-07-08,445281,Delhi,221.23,236.300648658229,241.78323,241.35596015407688
2022-07-09,445281,Delhi,335.9,269.2674399615983,268.86108,279.0438867325706
2022-07-10,445281,Delhi,250.69,274.54629976139995,269.517,281.5436968582055
2022-07-01,445396,Delhi,430.65,411.21539134443145,425.5923,426.4419393618124
2022-07-02,445396,Delhi,442.94,478.1034737380954,475.66605,476.2160168970083
2022-07-03,445396,Delhi,472.32,480.3209304988593,475.03384,489.7020840536796
2022-07-04,445396,Delhi,479.71,407.6744408933034,404.85712,407.8789512788866
2022-07-05,445396,Delhi,505.53,410.5605126262482,412.599,425.2634188325584
2022-07-06,445396,Delhi,386.62,408.97450631621024,410.5737,412.32997658950495
2022-07-07,445396,Delhi,381.64,409.9905780040032,410.5737,406.67042340379015
2022-07-08,445396,Delhi,424.73,410.96038088141563,412.79633,424.3187828678381
2022-07-09,445396,Delhi,524.73,473.3836354145113,463.16623,473.746973011249
2022-07-10,445396,Delhi,311.18,470.2640901788696,461.2017,471.6387473555447
2022-07-01,445396,HR-NCR,486.85,559.7499286427028,555.23175,559.2336285136871
2022-07-02,445396,HR-NCR,542.03,636.7157868151845,624.72394,643.4492387092782
2022-07-03,445396,HR-NCR,436.04,623.1516160794224,624.13257,638.4195041202086
2022-07-04,445396,HR-NCR,416.01,517.870843907378,523.1918,530.2963430462264
2022-07-05,445396,HR-NCR,631.46,519.7968047763698,522.9046,527.1036796756512
2022-07-06,445396,HR-NCR,606.98,545.429012038539,544.81256,556.429177561989
2022-07-07,445396,HR-NCR,457.32,544.4958410090227,540.73157,544.5484283684357
2022-07-08,445396,HR-NCR,876.11,539.0939117417659,538.29535,543.5229650387088
2022-07-09,445396,HR-NCR,542.49,632.6741397919651,621.9112,628.302448167361
2022-07-10,445396,HR-NCR,884.34,632.2414558878501,622.08606,628.7965535924832
2022-07-01,445675,Bengaluru,3679.91,3390.6646713472146,3367.1787,3355.7680033606093
2022-07-02,445675,Bengaluru,2715.0,3673.269997584559,3555.9917,3546.1356701078357
2022-07-03,445675,Bengaluru,3318.69,3717.33727415251,3647.0862,3577.128155181143
2022-07-04,445675,Bengaluru,2137.98,3407.0228585076297,3356.835,3365.337526689646
2022-07-05,445675,Bengaluru,1787.25,3353.3910363943774,3193.9158,3287.757337202
2022-07-06,445675,Bengaluru,2435.84,3156.2626052761107,3073.533,3172.424514279414
2022-07-07,445675,Bengaluru,3176.36,3068.6711264712303,3010.0186,3077.7011708867212
2022-07-08,445675,Bengaluru,3635.29,3417.4781339807305,3326.994,3339.8039562622216
2022-07-09,445675,Bengaluru,5362.23,3650.7746915898265,3534.2268,3487.3947267040517
2022-07-10,445675,Bengaluru,3301.88,3538.128575756271,3561.7332,3507.485356197965
2022-07-01,445675,Delhi,1056.98,2074.711862717128,1975.1621,2060.878411072879
2022-07-02,445675,Delhi,1115.14,2138.219776955823,2051.182,2032.928774048143
2022-07-03,445675,Delhi,2722.1,2091.7015888213855,2062.9373,2026.9748583638752
2022-07-04,445675,Delhi,1104.61,1790.2450478734374,1817.9119,1909.6163500718158
2022-07-05,445675,Delhi,1348.17,1824.9634911189228,1798.3666,1822.9571293638924
2022-07-06,445675,Delhi,3013.49,1781.846411298317,1762.0619,1833.565267074584
2022-07-07,445675,Delhi,1947.86,1584.5801951343346,1774.3776,1827.1679137347585
2022-07-08,445675,Delhi,1545.47,1897.4080139079617,1961.7102,1971.0308328012902
2022-07-09,445675,Delhi,821.62,1989.659725706379,1963.1982,1918.523122438327
2022-07-10,445675,Delhi,2268.55,2092.129774573825,2028.1456,2003.0800501862698
2022-07-01,445675,HR-NCR,2086.93,2119.2551680554457,2110.7463,2091.474824910363
2022-07-02,445675,HR-NCR,1033.83,2419.8435508653433,2384.1047,2368.849860800791
2022-07-03,445675,HR-NCR,2898.87,2465.466771212416,2457.262,2433.541326023679
2022-07-04,445675,HR-NCR,1829.85,2079.510480654381,2043.036,2062.1705218974244
2022-07-05,445675,HR-NCR,2467.14,1962.0542798834367,1991.5447,2014.2022924538005
2022-07-06,445675,HR-NCR,1690.13,1981.7808640334686,1977.3998,2001.326596609396
2022-07-07,445675,HR-NCR,1757.96,1996.9014816500317,2021.8245,2062.3464503840073
2022-07-08,445675,HR-NCR,2111.36,1993.1028541374524,1973.6624,2012.5837366292076
2022-07-09,445675,HR-NCR,1909.6,2219.641798639387,2215.405,2164.5304957692774
2022-07-10,445675,HR-NCR,1528.23,2162.7570885771293,2135.667,2177.9439554335895
2022-07-01,446707,Bengaluru,963.07,884.609947598998,864.9267,886.1518242144564
2022-07-02,446707,Bengaluru,1544.47,1009.3974853515452,1016.277,1003.1243712079042
2022-07-03,446707,Bengaluru,963.63,1035.3265071133965,1032.2117,1040.3037748102945
2022-07-04,446707,Bengaluru,973.31,890.8889381429678,915.4728,925.4844641712501
2022-07-05,446707,Bengaluru,849.27,888.9844576118808,908.90826,900.7233797318544
2022-07-06,446707,Bengaluru,859.87,895.7390361387208,907.61664,898.9492916196493
2022-07-07,446707,Bengaluru,1074.3,899.271688367285,909.2235,910.3404861786739
2022-07-08,446707,Bengaluru,788.96,924.3778533614093,912.64264,921.4469580932592
2022-07-09,446707,Bengaluru,1106.23,1055.2266420761528,1033.7255,1039.696925567082
2022-07-10,446707,Bengaluru,1122.55,1053.9619336624125,1076.133,1051.2393377989993
2022-07-01,446728,Delhi,81.88,154.37503227480678,160.16661,150.5185016657745
2022-07-02,446728,Delhi,243.19,178.4823494797681,182.65536,184.7454471909527
2022-07-03,446728,Delhi,162.34,177.05016455310957,181.27957,184.70925644267425
2022-07-04,446728,Delhi,145.75,154.37503227480678,160.16661,146.56737233694417
2022-07-05,446728,Delhi,188.47,154.37503227480678,160.16661,149.03954370607588
2022-07-06,446728,Delhi,89.03,155.94461081547107,163.82803,154.3223096213041
2022-07-07,446728,Delhi,172.2,154.37503227480678,160.16661,144.09667858016854
2022-07-08,446728,Delhi,129.42,154.37503227480678,160.16661,145.3748380483812
2022-07-09,446728,Delhi,306.69,177.17003766857766,181.02202,182.43515731067188
2022-07-10,446728,Delhi,154.55,177.05016455310957,181.27957,183.06033788230997
2022-07-01,446729,Delhi,235.62,219.593553324775,223.09131,219.93390864429347
2022-07-02,446729,Delhi,172.24,260.94110654820173,259.94955,267.88844091994105
2022-07-03,446729,Delhi,290.79,251.89391941154892,251.42406,262.2132297152897
2022-07-04,446729,Delhi,258.96,219.99248704726315,222.23866,220.87850762898816
2022-07-05,446729,Delhi,211.68,229.22312166728295,230.76443,225.82658514622852
2022-07-06,446729,Delhi,236.54,219.593553324775,223.09131,217.1894058538723
2022-07-07,446729,Delhi,178.35,228.45713845673214,230.1449,225.54763230424305
2022-07-08,446729,Delhi,185.91,228.45713845673214,229.4298,226.7339493807216
2022-07-09,446729,Delhi,292.0,259.7713099508366,259.50287,267.7512020202378
2022-07-10,446729,Delhi,272.34,260.3563948278062,259.32996,267.89588252152765
2022-07-01,446730,Delhi,181.7,154.67921178447716,160.16661,147.60179137574272
2022-07-02,446730,Delhi,169.19,174.90986918687162,179.19974,179.03636638554937
2022-07-03,446730,Delhi,156.87,177.05016455310957,181.27957,182.30398961741838
2022-07-04,446730,Delhi,96.06,154.67921178447716,160.16661,147.17235706966545
2022-07-05,446730,Delhi,36.51,154.37503227480678,160.16661,146.6460508520093
2022-07-06,446730,Delhi,166.63,156.13878582977748,161.79996,150.060608115957
2022-07-07,446730,Delhi,173.33,154.37503227480678,160.16661,150.9029055050494
2022-07-08,446730,Delhi,218.65,154.37503227480678,160.16661,148.2208610944147
2022-07-09,446730,Delhi,173.29,177.23906693816923,181.02202,190.38057315463655
2022-07-10,446730,Delhi,205.81,179.18375343052483,185.4289,195.93045183529176
2022-07-01,446799,Delhi,145.67,154.67921178447716,160.16661,146.74602946397118
2022-07-02,446799,Delhi,127.26,177.17003766857766,181.02202,184.90490979002988
2022-07-03,446799,Delhi,169.41,177.05016455310957,181.27957,184.25397941883
2022-07-04,446799,Delhi,154.74,154.37503227480678,160.16661,145.96937253845323
2022-07-05,446799,Delhi,141.53,154.37503227480678,160.16661,145.4142587924274
2022-07-06,446799,Delhi,116.0,154.37503227480678,160.16661,145.12407674989163
2022-07-07,446799,Delhi,133.24,154.37503227480678,160.16661,147.49364936176198
2022-07-08,446799,Delhi,220.91,154.37503227480678,160.16661,146.74306201460868
2022-07-09,446799,Delhi,165.37,177.05016455310957,181.02202,187.07062149405832
2022-07-10,446799,Delhi,210.59,177.05016455310957,181.27957,186.4102609797402
2022-07-01,447189,Delhi,169.32,171.37320632243046,172.6857,167.15868429190988
2022-07-02,447189,Delhi,178.86,196.98645687727006,196.5131,206.47379304416634
2022-07-03,447189,Delhi,161.86,197.3616643389721,198.00742,207.1831708603471
2022-07-04,447189,Delhi,230.59,171.37320632243046,172.6857,168.43567511403447
2022-07-05,447189,Delhi,186.52,179.38673880493732,181.09271,177.540302825963
2022-07-06,447189,Delhi,189.9,178.62256955680218,179.19525,174.22225979730084
2022-07-07,447189,Delhi,142.23,171.91296966270764,174.68658,170.16392947529664
2022-07-08,447189,Delhi,171.11,171.45798061522194,173.92245,166.96308799930648
2022-07-09,447189,Delhi,264.01,198.60702712013568,204.82985,214.00836745884934
2022-07-10,447189,Delhi,212.47,205.66232837116914,204.75879,212.4950538707862
2022-07-01,447623,Delhi,251.64,278.7093583243275,278.20242,277.55353528320705
2022-07-02,447623,Delhi,334.67,324.11712098735495,319.73663,331.221341714249
2022-07-03,447623,Delhi,348.66,323.32956956862995,317.11935,334.2399863490079
2022-07-04,447623,Delhi,291.74,280.4821867369695,281.42657,281.3423384036522
2022-07-05,447623,Delhi,400.13,286.2131563066886,283.35663,277.9800936771726
2022-07-06,447623,Delhi,243.4,289.68444719173874,290.95312,292.5516555147671
2022-07-07,447623,Delhi,298.41,287.6004817175182,285.90018,281.32454039910635
2022-07-08,447623,Delhi,186.84,289.8315885836215,288.35614,281.3254491973481
2022-07-09,447623,Delhi,311.95,331.9301113842922,332.08875,342.83339649298273
2022-07-10,447623,Delhi,427.6,324.46621651856685,321.43835,331.7619363543645
2022-07-01,448095,Delhi,963.73,1043.7195203262484,1053.4685,1048.6136313472048
2022-07-02,448095,Delhi,1317.72,1187.7294347048132,1194.7614,1161.877715044377
2022-07-03,448095,Delhi,1118.54,1179.259771774543,1185.4512,1161.6553126457568
2022-07-04,448095,Delhi,1122.81,1034.5350432024454,1047.142,1049.1388250894868
2022-07-05,448095,Delhi,876.69,1034.1296836767888,1047.8416,1057.250725767786
2022-07-06,448095,Delhi,1170.6,1034.1296836767888,1044.7505,1051.3918084077025
2022-07-07,448095,Delhi,1171.83,1044.9466720008454,1064.1987,1072.9894182420173
2022-07-08,448095,Delhi,881.78,1050.8764594400232,1065.6504,1069.7337517753372
2022-07-09,448095,Delhi,1038.69,1200.1795036923409,1218.8523,1204.7545189282305
2022-07-10,448095,Delhi,1266.63,1195.4637823492974,1212.2557,1194.5584044607365
2022-07-01,448095,HR-NCR,527.26,519.6479300079033,525.3022,530.7527436094838
2022-07-02,448095,HR-NCR,769.74,597.5340079273224,595.5415,597.3776412936786
2022-07-03,448095,HR-NCR,557.06,624.4649892714077,605.121,620.6230476063052
2022-07-04,448095,HR-NCR,480.22,544.7508514720384,530.9655,536.4228696115674
2022-07-05,448095,HR-NCR,541.8,519.6479300079033,526.08746,535.1854213622869
2022-07-06,448095,HR-NCR,636.36,544.7508514720384,529.3844,540.4771910846607
2022-07-07,448095,HR-NCR,475.56,546.8978117659512,545.4994,549.677036103111
2022-07-08,448095,HR-NCR,477.74,540.2161191241079,543.5031,547.9298229456144
2022-07-09,448095,HR-NCR,532.99,620.0992838611274,594.28986,606.4599906749231
2022-07-10,448095,HR-NCR,601.67,602.4494317155356,598.63007,606.3869209566615
2022-07-01,448096,Delhi,1168.95,1212.8894538353675,1215.3354,1222.1587216521857
2022-07-02,448096,Delhi,1403.85,1350.2829259963114,1345.1586,1328.7817722372376
2022-07-03,448096,Delhi,1507.82,1360.7341205544903,1359.036,1353.290272085239
2022-07-04,448096,Delhi,1215.35,1203.340956564128,1209.456,1215.6662954631752
2022-07-05,448096,Delhi,1002.78,1195.1479755452651,1204.757,1207.7774702638387
2022-07-06,448096,Delhi,1210.6,1202.0310743676305,1205.1385,1204.560532286959
2022-07-07,448096,Delhi,1116.1,1214.3872374294544,1209.5863,1210.6806218286317
2022-07-08,448096,Delhi,1117.32,1210.3528019065143,1206.3032,1215.5029538135466
2022-07-09,448096,Delhi,1441.14,1356.7282175998798,1342.5725,1335.6949602552686
2022-07-10,448096,Delhi,1232.15,1348.306471232159,1346.854,1345.1465399889087
2022-07-01,448096,HR-NCR,952.34,827.792180175005,828.26575,843.9116291111676
2022-07-02,448096,HR-NCR,1006.72,933.5710578857306,942.4268,940.9916158397668
2022-07-03,448096,HR-NCR,687.36,927.653579170239,936.07776,924.5210818127772
2022-07-04,448096,HR-NCR,915.17,821.267379558276,819.3418,831.2440227106292
2022-07-05,448096,HR-NCR,949.72,835.7738217225987,817.1615,826.6392370616678
2022-07-06,448096,HR-NCR,925.56,840.6007334332713,842.0095,857.5868096216352
2022-07-07,448096,HR-NCR,836.68,840.8303625558882,838.7262,840.7780339691764
2022-07-08,448096,HR-NCR,624.37,843.3131241523727,835.30347,844.8186022008106
2022-07-09,448096,HR-NCR,957.9,945.6609938804683,936.139,928.7049469968999
2022-07-10,448096,HR-NCR,802.15,944.5174804806785,943.92084,929.543570037702
2022-07-01,450561,Delhi,117.73,154.37503227480678,160.16661,139.46879264371714
2022-07-02,450561,Delhi,265.16,178.60222259523619,182.81015,185.42735622241585
2022-07-03,450561,Delhi,123.67,177.05016455310957,181.27957,177.6039668861893
2022-07-04,450561,Delhi,178.71,154.37503227480678,160.16661,137.26589404256333
2022-07-05,450561,Delhi,309.48,154.56393465986645,160.16661,146.84051436326473
2022-07-06,450561,Delhi,196.77,155.52909410530253,160.42809,142.27861930782768
2022-07-07,450561,Delhi,74.01,155.7489488296218,161.42305,145.9148544062563
2022-07-08,450561,Delhi,141.86,155.52909410530253,160.76523,141.86788073855897
2022-07-09,450561,Delhi,151.63,177.5805436291411,182.74403,188.08117434475778
2022-07-10,450561,Delhi,236.99,177.05016455310957,181.27957,183.66905808192806
2022-07-01,453022,Delhi,167.08,154.67921178447716,160.16661,143.16034694758378
2022-07-02,453022,Delhi,213.51,177.460670513673,181.2835,184.25044513727826
2022-07-03,453022,Delhi,168.49,177.460670513673,181.54105,186.2213679338482
2022-07-04,453022,Delhi,100.86,155.0897177450406,160.76523,146.97474134017284
2022-07-05,453022,Delhi,158.77,154.86811416953682,160.16661,149.52547559007667
2022-07-06,453022,Delhi,138.23,154.79908489994526,160.16661,146.91571200362358
2022-07-07,453022,Delhi,224.61,155.0897177450406,160.42809,147.28107718458148
2022-07-08,453022,Delhi,56.67,155.7489488296218,161.0859,149.83799144946005
2022-07-09,453022,Delhi,208.49,177.460670513673,181.2835,188.93944677026167
2022-07-10,453022,Delhi,147.81,178.98244196632467,183.1744,194.52856804296195
2022-07-01,455587,Delhi,309.13,209.35627525239587,209.37012,202.9574155967889
2022-07-02,455587,Delhi,198.13,247.41535317792395,246.91724,255.9324315532137
2022-07-03,455587,Delhi,360.58,245.06909089761453,245.83784,250.7163617950244
2022-07-04,455587,Delhi,249.62,215.81642368308556,219.198,211.1183292126869
2022-07-05,455587,Delhi,201.01,222.0134707777173,225.71596,222.4141661225185
2022-07-06,455587,Delhi,193.15,219.593553324775,219.35356,213.61563980742648
2022-07-07,455587,Delhi,315.7,220.61867164690193,223.33144,219.72303060332882
2022-07-08,455587,Delhi,107.49,221.24748756716647,226.19098,221.18047895624474
2022-07-09,455587,Delhi,182.65,252.649315771225,248.68823,261.3779498189061
2022-07-10,455587,Delhi,251.98,248.0565069125621,248.77661,263.97980082003807
2022-07-01,455780,Delhi,367.4,269.19415293088343,268.21246,270.3625733696002
2022-07-02,455780,Delhi,222.42,321.4562669609483,316.91376,327.5680315163763
2022-07-03,455780,Delhi,369.29,315.4479003168268,307.03568,318.7637295388165
2022-07-04,455780,Delhi,275.18,269.1235679128285,266.82437,265.80464775185925
2022-07-05,455780,Delhi,263.97,273.37425631121636,274.25845,271.42157908950895
2022-07-06,455780,Delhi,251.39,273.21176600242563,272.0555,265.306409450487
2022-07-07,455780,Delhi,192.58,274.06939718917397,276.3919,273.8783226372755
2022-07-08,455780,Delhi,212.08,264.42422377628554,266.49493,263.46036139391543
2022-07-09,455780,Delhi,268.7,310.3337237112774,306.0407,308.4497788195163
2022-07-10,455780,Delhi,309.71,309.8215683429532,306.2428,316.2613378916832
2022-07-01,455780,HR-NCR,203.8,167.83357171175481,170.63432,163.76988148026206
2022-07-02,455780,HR-NCR,198.13,193.1119093046699,194.0918,200.50432211074232
2022-07-03,455780,HR-NCR,214.67,195.70558348829547,196.5142,206.75358524823787
2022-07-04,455780,HR-NCR,153.17,168.31911916313572,172.67435,163.52312071915145
2022-07-05,455780,HR-NCR,162.44,168.31911916313572,172.67435,166.51715806913828
2022-07-06,455780,HR-NCR,134.57,168.31911916313572,172.67435,165.96440101132788
2022-07-07,455780,HR-NCR,247.0,168.0475677884318,171.91022,169.71063751053794
2022-07-08,455780,HR-NCR,145.97,171.45798061522194,173.02284,169.39152529016175
2022-07-09,455780,HR-NCR,207.57,198.38868207924662,197.84773,207.7441932651716
2022-07-10,455780,HR-NCR,231.78,194.0198021808103,195.17961,204.71594351513812
2022-07-01,455783,Delhi,198.88,169.04498128852333,172.6857,166.0789834461636
2022-07-02,455783,Delhi,206.4,197.60373564064727,197.99171,207.66438533046417
2022-07-03,455783,Delhi,221.04,198.11692372895567,199.57367,210.55919657155218
2022-07-04,455783,Delhi,184.34,171.72953198992587,175.02373,169.17217596945315
2022-07-05,455783,Delhi,173.26,178.9788952242976,180.29652,174.13145384674104
2022-07-06,455783,Delhi,150.05,171.82819536991616,180.29652,170.97154403429118
2022-07-07,455783,Delhi,198.36,171.81430628271735,175.02373,169.13300416376669
2022-07-08,455783,Delhi,168.86,179.06366951708907,181.39183,173.9417574068072
2022-07-09,455783,Delhi,181.52,206.11405264201255,205.59401,213.9530986881713
2022-07-10,455783,Delhi,187.76,197.89434975341047,197.53476,208.95238602123138
2022-07-01,455785,Delhi,420.29,426.92429832246376,429.30542,432.5432317407235
2022-07-02,455785,Delhi,520.42,491.7529882492639,488.75696,498.1501253062579
2022-07-03,455785,Delhi,463.99,488.63344301362224,488.3735,497.88221099591
2022-07-04,455785,Delhi,382.95,427.6842636009287,430.16214,432.8567527716745
2022-07-05,455785,Delhi,478.4,426.61533420840226,426.51926,429.9874289421372
2022-07-06,455785,Delhi,421.59,426.3004100491731,424.29663,425.34520704432083
2022-07-07,455785,Delhi,403.12,427.62544585102756,427.0828,427.34618670996264
2022-07-08,455785,Delhi,453.29,427.31648173696607,427.0828,428.8348535166839
2022-07-09,455785,Delhi,546.15,502.1382634218594,505.68143,511.5079538146775
2022-07-10,455785,Delhi,478.38,504.56952222194127,491.1326,499.3328291711248
2022-07-01,455785,HR-NCR,204.04,189.52405248813125,193.16982,187.80146430447354
2022-07-02,455785,HR-NCR,247.56,217.17369663489353,218.65564,230.28136127213014
2022-07-03,455785,HR-NCR,292.21,217.54890409659558,219.50053,232.10436358953177
2022-07-04,455785,HR-NCR,162.43,189.52405248813125,193.16982,191.08096832004804
2022-07-05,455785,HR-NCR,187.05,189.52405248813125,193.16982,187.46528947917267
2022-07-06,455785,HR-NCR,204.94,189.52405248813125,193.16982,186.65213418249584
2022-07-07,455785,HR-NCR,199.46,189.60882678092273,193.16982,189.81893475847104
2022-07-08,455785,HR-NCR,178.78,189.60882678092273,195.63971,191.65784733963815
2022-07-09,455785,HR-NCR,191.35,219.63352925014942,220.37825,229.48123031998261
2022-07-10,455785,HR-NCR,250.74,220.40767043433962,221.90541,234.73783255346632
2022-07-01,456193,Bengaluru,214.1,188.11543259176244,187.48808,183.5795014292444
2022-07-02,456193,Bengaluru,256.28,214.81087503046362,213.79932,223.93714937127217
2022-07-03,456193,Bengaluru,266.54,216.81155889004327,218.40776,227.88920807241314
2022-07-04,456193,Bengaluru,152.7,189.52405248813125,193.16982,190.28415869241783
2022-07-05,456193,Bengaluru,192.23,189.9229862106194,193.41167,188.1452357221687
2022-07-06,456193,Bengaluru,232.94,189.52405248813125,193.16982,187.45433321138108
2022-07-07,456193,Bengaluru,236.45,192.22562075522154,196.30354,192.29991254053485
2022-07-08,456193,Bengaluru,224.27,190.93343203277198,198.30762,189.86138187372924
2022-07-09,456193,Bengaluru,238.1,225.50427458191095,226.82089,236.47084170538594
2022-07-10,456193,Bengaluru,260.97,222.62222055505026,231.31537,242.63521061177397
2022-07-01,458200,Delhi,102.28,182.16008856492294,183.20724,178.69534630949926
2022-07-02,458200,Delhi,203.2,208.040556876193,206.59471,217.79631448999842
2022-07-03,458200,Delhi,166.33,209.78998124986944,208.34167,224.0828068092792
2022-07-04,458200,Delhi,222.38,182.70666655859486,182.96916,185.03558910987618
2022-07-05,458200,Delhi,123.8,181.85590905525257,181.63454,183.21960988414008
2022-07-06,458200,Delhi,206.36,181.49958338775716,180.8704,176.20238449817927
2022-07-07,458200,Delhi,89.01,181.888537190219,180.8704,179.93238984723158
2022-07-08,458200,Delhi,212.44,181.66868246589974,180.21259,172.29364052045875
2022-07-09,458200,Delhi,260.37,209.08645641067415,207.16524,220.83248078672344
2022-07-10,458200,Delhi,181.84,208.23579841734258,206.08815,219.04168653909412
2022-07-01,458321,Delhi,246.7,277.2361973006754,275.43323,279.5583864907773
2022-07-02,458321,Delhi,328.2,314.83835918442344,307.79544,320.68298073530843
2022-07-03,458321,Delhi,316.54,321.0056510416356,314.98016,327.0055443783288
2022-07-04,458321,Delhi,255.31,269.9330978120348,269.85236,273.086187337742
2022-07-05,458321,Delhi,292.61,269.2860582216192,271.55664,273.9536125583887
2022-07-06,458321,Delhi,313.5,269.2860582216192,270.6564,271.6598347708045
2022-07-07,458321,Delhi,326.57,274.4015126203604,275.15253,275.1201389434812
2022-07-08,458321,Delhi,348.57,274.4934179110962,275.94904,273.72477182055763
2022-07-09,458321,Delhi,374.36,321.3334751035614,316.1906,323.89342911034953
2022-07-10,458321,Delhi,251.43,325.87283680081873,319.6417,324.05823556888424
2022-07-01,458325,Delhi,315.74,357.0097042568216,347.60083,348.14949485995027
2022-07-02,458325,Delhi,366.86,399.7779165018404,393.24536,408.89054673276604
2022-07-03,458325,Delhi,296.66,395.56185573341224,391.28082,404.7978618347678
2022-07-04,458325,Delhi,390.27,341.4212971098745,339.43265,344.13502953345886
2022-07-05,458325,Delhi,265.53,341.76721171399623,342.17056,348.58264424181607
2022-07-06,458325,Delhi,294.24,341.7362212691037,338.9376,342.6200208522117
2022-07-07,458325,Delhi,191.65,342.75229295689667,339.4471,340.46784445410646
2022-07-08,458325,Delhi,317.26,331.3776267408384,324.45334,325.2614482431989
2022-07-09,458325,Delhi,379.43,377.05332599830035,367.2243,387.8783551033909
2022-07-10,458325,Delhi,293.18,365.5245948864588,363.9686,379.1496135241675
2022-07-01,458325,HR-NCR,166.68,179.83856258579146,182.54967,176.59765247916576
2022-07-02,458325,HR-NCR,84.95,204.72073729818757,205.17792,213.24733228057232
2022-07-03,458325,HR-NCR,94.31,194.82645601079705,198.52715,208.40740193906134
2022-07-04,458325,HR-NCR,320.8,162.1299685715368,166.15355,161.72315913139636
2022-07-05,458325,HR-NCR,164.62,167.83357171175481,171.45589,166.60859983977372
2022-07-06,458325,HR-NCR,140.27,167.9627934956403,171.45589,163.28710903298793
2022-07-07,458325,HR-NCR,149.93,168.2746716720417,171.39845,169.3319784649027
2022-07-08,458325,HR-NCR,142.0,167.9183460045463,170.63432,164.9024637787347
2022-07-09,458325,HR-NCR,250.7,193.00283200274023,192.9543,201.91001614044882
2022-07-10,458325,HR-NCR,154.34,194.06241023580304,194.83557,206.96745895872837
2022-07-01,458952,Delhi,456.49,455.05282783376225,450.5983,451.06812798077925
2022-07-02,458952,Delhi,423.58,513.2601024172425,505.12976,512.8089511775257
2022-07-03,458952,Delhi,319.14,507.2632259276074,504.6003,507.0206955582626
2022-07-04,458952,Delhi,369.41,433.87759028519196,446.32663,446.61808486133793
2022-07-05,458952,Delhi,515.39,425.38179386483375,444.57785,435.94698753998455
2022-07-06,458952,Delhi,486.62,445.0548857350679,446.64648,448.2709599289376
2022-07-07,458952,Delhi,391.46,445.7560332636317,445.15924,449.8944717950452
2022-07-08,458952,Delhi,360.46,450.5180954858317,443.89252,446.0209964587556
2022-07-09,458952,Delhi,484.36,501.1375969674557,486.03952,502.0431943479416
2022-07-10,458952,Delhi,458.96,490.78335289028684,489.4707,494.3017455137566
2022-07-01,458952,HR-NCR,324.39,318.8172537588161,321.7932,318.5998180761972
2022-07-02,458952,HR-NCR,285.5,361.1437112569202,360.20306,367.14492954234686
2022-07-03,458952,HR-NCR,341.94,361.97281142697375,358.2343,367.23041430753733
2022-07-04,458952,HR-NCR,292.99,319.6598702180651,323.70584,330.2659834897562
2022-07-05,458952,HR-NCR,326.59,319.6598702180651,322.75516,325.2886211941972
2022-07-06,458952,HR-NCR,331.01,318.64662240593213,320.28403,316.9922208007074
2022-07-07,458952,HR-NCR,302.0,319.903910464664,320.84253,320.6409170788335
2022-07-08,458952,HR-NCR,241.25,320.5134515970674,320.84253,322.20487470251527
2022-07-09,458952,HR-NCR,406.53,363.08046856891815,354.9665,365.7382374216867
2022-07-10,458952,HR-NCR,349.84,363.55788303693805,366.4369,377.2561611344058
2022-07-01,459707,Bengaluru,164.77,182.16008856492294,183.54439,177.19663010369328
2022-07-02,459707,Bengaluru,136.02,209.17683580523345,209.79494,222.81690563664182
2022-07-03,459707,Bengaluru,243.43,206.84897408733875,207.56766,219.82821585923875
2022-07-04,459707,Bengaluru,157.57,179.60455548085784,182.7675,177.66666304682852
2022-07-05,459707,Bengaluru,143.09,179.60455548085784,181.1948,175.9607771374494
2022-07-06,459707,Bengaluru,116.35,182.16008856492294,181.63454,177.13233572940032
2022-07-07,459707,Bengaluru,221.7,179.3330041061539,180.43066,177.456745637824
2022-07-08,459707,Bengaluru,223.24,181.888537190219,180.8704,179.0050704425847
2022-07-09,459707,Bengaluru,136.0,208.21691662313594,206.59471,217.61824849087444
2022-07-10,459707,Bengaluru,167.91,209.4616638723762,207.42279,222.7690873969274
2022-07-01,459720,Bengaluru,622.8,648.4681528881265,645.5805,651.2517570782085
2022-07-02,459720,Bengaluru,949.91,743.108101493147,726.1305,720.6456796938483
2022-07-03,459720,Bengaluru,814.35,765.0554046272148,739.27545,745.500666239523
2022-07-04,459720,Bengaluru,635.11,647.8725475166824,665.14703,653.6765833090353
2022-07-05,459720,Bengaluru,847.17,656.1175014578636,663.0285,689.3526734341724
2022-07-06,459720,Bengaluru,745.68,645.6818314065687,642.85223,648.6540922436891
2022-07-07,459720,Bengaluru,605.83,648.5163262717643,642.7886,636.3518843355522
2022-07-08,459720,Bengaluru,407.99,647.5801373154578,633.4362,630.2228294534799
2022-07-09,459720,Bengaluru,983.02,716.340428267802,719.31213,712.0037821356435
2022-07-10,459720,Bengaluru,735.04,720.3205549832601,731.0679,712.17711098744
2022-07-01,459720,Delhi,201.87,303.7095999158509,309.70627,304.1141158676828
2022-07-02,459720,Delhi,284.87,335.5608748130809,338.15778,348.36789010622346
2022-07-03,459720,Delhi,338.46,333.87479064643736,329.46454,332.00369941985235
2022-07-04,459720,Delhi,320.24,296.9195613570327,296.60507,290.3789741894432
2022-07-05,459720,Delhi,265.23,303.232185447831,303.28146,298.9547000244767
2022-07-06,459720,Delhi,258.2,304.72968062526326,305.7562,311.9405175578218
2022-07-07,459720,Delhi,343.86,294.9793848865409,294.9862,299.0795680940103
2022-07-08,459720,Delhi,385.23,300.0381429372298,300.2809,304.91055273972245
2022-07-09,459720,Delhi,257.74,335.5269874436134,336.95172,344.1839213943617
2022-07-10,459720,Delhi,389.92,331.39599354515195,327.72104,334.0351966068703
2022-07-01,459720,Mumbai,192.63,381.7596995255516,390.9748,376.51667674812336
2022-07-02,459720,Mumbai,223.06,435.61923640645176,439.35056,426.5174297573944
2022-07-03,459720,Mumbai,542.19,437.7380445188109,440.447,444.7133613583101
2022-07-04,459720,Mumbai,322.1,390.2378228498032,405.9884,425.33158018190727
2022-07-05,459720,Mumbai,254.48,375.5093524954889,382.87415,375.6935833760085
2022-07-06,459720,Mumbai,470.62,367.0759732331799,378.02975,365.5942150792801
2022-07-07,459720,Mumbai,277.61,377.6501405054493,382.8075,378.11615609904044
2022-07-08,459720,Mumbai,283.46,376.36293387449115,381.1774,370.9161489856341
2022-07-09,459720,Mumbai,545.0,430.5521282874408,423.93808,424.7578609154878
2022-07-10,459720,Mumbai,440.97,445.0065594275061,444.25427,453.430185304535
2022-07-01,463281,Mumbai,122.9,162.37504748877467,166.81137,160.25301762834948
2022-07-02,463281,Mumbai,186.42,186.15909869220044,187.42264,195.2426720879056
2022-07-03,463281,Mumbai,168.07,186.5343061539025,187.17613,193.8842151833212
2022-07-04,463281,Mumbai,174.48,162.65400280552646,166.81137,161.39594717008146
2022-07-05,463281,Mumbai,114.77,162.65400280552646,166.81137,161.22960123434802
2022-07-06,463281,Mumbai,183.03,162.43414808120718,166.15355,163.63723544651256
2022-07-07,463281,Mumbai,243.64,162.0473070986773,166.15355,157.85241024991893
2022-07-08,463281,Mumbai,190.93,167.9183460045463,170.63432,163.37515458414128
2022-07-09,463281,Mumbai,125.1,193.28826905161284,194.0918,203.57469324617736
2022-07-10,463281,Mumbai,174.49,194.6039049194759,194.54648,205.60422532970622
2022-07-01,464204,Delhi,287.3,379.5749043164108,387.6143,381.38906422953795
2022-07-02,464204,Delhi,517.45,437.45784954552244,433.01065,442.1543920044549
2022-07-03,464204,Delhi,433.08,436.5280554243485,433.01065,443.42502126860046
2022-07-04,464204,Delhi,377.73,374.96807666147316,383.22443,379.47471134637954
2022-07-05,464204,Delhi,416.31,374.31319794328994,383.5899,376.4187873339677
2022-07-06,464204,Delhi,373.65,375.24572596720725,379.45465,371.2034817423775
2022-07-07,464204,Delhi,375.4,376.52542418328187,384.10922,379.4228763486618
2022-07-08,464204,Delhi,406.34,376.84034834251105,384.36795,377.11381300485453
2022-07-09,464204,Delhi,459.46,432.8165825787506,432.8144,437.45963243085595
2022-07-10,464204,Delhi,319.34,432.1260582882472,432.8144,436.3476224557028
2022-07-01,464204,HR-NCR,271.53,288.252514318861,289.89093,285.4282330896036
2022-07-02,464204,HR-NCR,311.12,326.862872527913,326.93222,334.3130153474732
2022-07-03,464204,HR-NCR,387.77,326.862872527913,326.27792,338.40881302263705
2022-07-04,464204,HR-NCR,270.86,288.16060902812524,288.1351,288.1852026145098
2022-07-05,464204,HR-NCR,248.63,288.0900240100703,287.38965,283.12819903206895
2022-07-06,464204,HR-NCR,370.86,288.0900240100703,287.38965,285.5817619610973
2022-07-07,464204,HR-NCR,340.79,289.31285718804776,289.89093,290.9484422560526
2022-07-08,464204,HR-NCR,251.36,288.47024072879873,288.34897,284.1743774326317
2022-07-09,464204,HR-NCR,296.45,331.0056460926597,329.60065,335.9078338430771
2022-07-10,464204,HR-NCR,359.46,331.61518722506304,328.86148,339.1407116391767
2022-07-01,467637,Delhi,192.06,210.36952306452883,215.2834,205.44623302321213
2022-07-02,467637,Delhi,285.4,230.57737738323584,239.04604,237.84480136508344
2022-07-03,467637,Delhi,174.46,241.64331214640944,244.22346,257.8216236445438
2022-07-04,467637,Delhi,202.19,208.03167000054663,213.92183,208.57042743561024
2022-07-05,467637,Delhi,166.02,208.71179615100502,213.42264,211.35867820505254
2022-07-06,467637,Delhi,249.22,208.88242750388892,209.68857,203.7902214766766
2022-07-07,467637,Delhi,188.02,208.78828402196598,212.74861,205.84637018736862
2022-07-08,467637,Delhi,199.31,209.05678832267355,213.00876,207.30496270360823
2022-07-09,467637,Delhi,224.0,237.88085215346436,240.0926,247.7365581175389
2022-07-10,467637,Delhi,464.48,239.24765009401077,239.85095,250.2085265589138
2022-07-01,467642,Delhi,230.84,182.16008856492294,183.54439,178.74463056245045
2022-07-02,467642,Delhi,178.84,210.8023122031111,215.29346,223.7019826824773
2022-07-03,467642,Delhi,157.97,209.5520432669355,210.05249,224.15036325381845
2022-07-04,467642,Delhi,171.63,183.01084606826524,183.3063,179.09454740988218
2022-07-05,467642,Delhi,188.19,179.60455548085784,181.53194,176.91289223392118
2022-07-06,467642,Delhi,208.27,179.60455548085784,181.53194,177.71294531828022
2022-07-07,467642,Delhi,197.04,182.24486285771442,183.54439,180.6583533579347
2022-07-08,467642,Delhi,207.44,182.24486285771442,181.97168,178.25830561336332
2022-07-09,467642,Delhi,299.26,208.21691662313594,208.4603,218.46574084157976
2022-07-10,467642,Delhi,192.43,212.75089456874164,217.82156,224.93425597476892
2022-07-01,467644,Bengaluru,205.6,234.56996428964504,235.43361,233.52848058538106
2022-07-02,467644,Bengaluru,255.77,268.9581280975092,267.69302,281.0773849721867
2022-07-03,467644,Bengaluru,318.33,266.86434009426824,262.03104,275.3146065225869
2022-07-04,467644,Bengaluru,277.9,232.1500468367028,231.71442,231.97316090952094
2022-07-05,467644,Bengaluru,332.4,236.956037791681,236.16347,237.49928197829735
2022-07-06,467644,Bengaluru,261.11,238.52519774128098,238.54802,238.69882494503912
2022-07-07,467644,Bengaluru,267.43,238.36400415316206,239.14891,234.27993469229008
2022-07-08,467644,Bengaluru,272.61,247.10996283040683,249.57312,241.78449778220906
2022-07-09,467644,Bengaluru,242.08,287.45990390938465,287.4961,290.4169070432023
2022-07-10,467644,Bengaluru,248.4,269.25708813875366,274.31583,280.3969369140066
2022-07-01,467648,Bengaluru,362.93,247.41585904065198,254.74515,251.5672956899358
2022-07-02,467648,Bengaluru,257.81,303.3495095520747,302.97632,309.13362688460995
2022-07-03,467648,Bengaluru,341.74,288.48706523602976,294.44815,303.2751907074431
2022-07-04,467648,Bengaluru,240.35,247.25336873186131,254.58559,252.90293351595258
2022-07-05,467648,Bengaluru,299.17,247.41585904065198,254.0931,252.03885145136755
2022-07-06,467648,Bengaluru,334.73,245.89037755867966,251.80887,244.5304864729731
2022-07-07,467648,Bengaluru,338.58,251.28373357535637,264.35452,256.039003885355
2022-07-08,467648,Bengaluru,234.17,265.95394436071507,273.99933,269.7903777477137
2022-07-09,467648,Bengaluru,291.64,292.72507259350164,297.76352,300.565798191145
2022-07-10,467648,Bengaluru,312.18,292.88072101755347,301.1534,306.5132639886667
2022-07-01,467648,Delhi,57.07,153.04464835867492,160.16661,136.51920115078576
2022-07-02,467648,Delhi,249.67,173.96714784758086,179.19974,166.26860382920174
2022-07-03,467648,Delhi,201.94,174.4774513212529,180.854,170.50122914061637
2022-07-04,467648,Delhi,285.01,152.59749821885086,160.45613,143.1498014831358
2022-07-05,467648,Delhi,49.43,152.94898254391046,161.37439,153.01964367023052
2022-07-06,467648,Delhi,366.3,151.86125474515558,159.74104,133.90569391078063
2022-07-07,467648,Delhi,340.32,155.04564940544884,161.71153,149.768586073265
2022-07-08,467648,Delhi,70.46,154.2809861252951,161.09752,141.7324109847725
2022-07-09,467648,Delhi,99.51,180.85732960938643,184.219,183.35611014861368
2022-07-10,467648,Delhi,112.36,171.51707416013295,179.88054,169.8766573029496
2022-07-01,467649,Bengaluru,148.95,154.86811416953682,160.16661,146.01378296333937
2022-07-02,467649,Bengaluru,248.68,177.17003766857766,181.02202,186.92130800340698
2022-07-03,467649,Bengaluru,126.64,177.460670513673,181.54105,186.92686014828524
2022-07-04,467649,Bengaluru,217.47,155.52909410530253,160.42809,147.18807195031803
2022-07-05,467649,Bengaluru,247.04,155.64896722077063,160.42809,157.4428470695447
2022-07-06,467649,Bengaluru,90.44,155.7489488296218,161.0859,149.2343400412317
2022-07-07,467649,Bengaluru,195.86,155.7489488296218,161.0859,149.81915724623914
2022-07-08,467649,Bengaluru,173.51,157.57643158027793,162.54945,153.19224963391076
2022-07-09,467649,Bengaluru,106.15,179.86683306033936,183.28989,196.9339091287318
2022-07-10,467649,Bengaluru,183.19,178.98244196632467,183.9641,190.864421437238
2022-07-01,467649,Delhi,253.56,195.5605982597835,202.67296,187.4814573516589
2022-07-02,467649,Delhi,27.65,239.83236181440623,243.68764,256.02776093550614
2022-07-03,467649,Delhi,209.92,230.50843245348108,224.72267,235.23962391524287
2022-07-04,467649,Delhi,259.87,199.6302256615129,203.2176,195.92294464856985
2022-07-05,467649,Delhi,110.39,212.52544669492616,215.58081,224.7443589846474
2022-07-06,467649,Delhi,161.58,187.26467508842015,186.17154,181.83124058996773
2022-07-07,467649,Delhi,223.72,187.34944938121163,186.80168,184.64086550568453
2022-07-08,467649,Delhi,256.28,187.34944938121163,186.80168,190.09756633616786
2022-07-09,467649,Delhi,246.18,220.0155785965904,220.10356,231.2638971220749
2022-07-10,467649,Delhi,197.83,224.12124311072296,223.81157,232.5240164722013
2022-07-01,467649,HR-NCR,196.1,183.71692379180726,181.97168,181.72072450484433
2022-07-02,467649,HR-NCR,131.27,213.67459610142316,210.01184,221.90323877394007
2022-07-03,467649,HR-NCR,160.5,209.43365558237403,207.42279,224.54782042273797
2022-07-04,467649,HR-NCR,195.28,181.80376289742753,180.8704,176.46189804854714
2022-07-05,467649,HR-NCR,266.82,182.65452040076983,182.20503,179.80492201504038
2022-07-06,467649,HR-NCR,198.41,182.16008856492294,181.97168,180.76268344143693
2022-07-07,467649,HR-NCR,132.0,182.48280084064837,181.97168,178.96523165121323
2022-07-08,467649,HR-NCR,189.5,182.24486285771442,181.97168,179.63354196865583
2022-07-09,467649,HR-NCR,233.2,208.21691662313594,206.59471,218.18100637822292
2022-07-10,467649,HR-NCR,173.71,210.05592752280555,208.77423,222.8664320288498
2022-07-01,467651,Bengaluru,203.23,211.69461468424802,213.5169,212.460783496446
2022-07-02,467651,Bengaluru,241.08,241.937603354934,241.37837,253.5564407013568
2022-07-03,467651,Bengaluru,232.49,239.21597879726392,238.6567,252.71983567305548
2022-07-04,467651,Bengaluru,297.5,208.88242750388892,210.13573,209.25500688725953
2022-07-05,467651,Bengaluru,253.07,208.10225501860162,211.67415,211.54226391680226
2022-07-06,467651,Bengaluru,230.39,209.35627525239587,212.10298,205.12566302339394
2022-07-07,467651,Bengaluru,172.57,212.42386807843036,213.28003,206.6732269031554
2022-07-08,467651,Bengaluru,192.03,209.44104954518735,212.10298,202.87700652406045
2022-07-09,467651,Bengaluru,257.45,243.63929249817127,241.82506,249.99247771424646
2022-07-10,467651,Bengaluru,308.4,240.6491636397936,241.15701,251.1666238266586
2022-07-01,467651,Delhi,599.66,624.8381556384827,627.52155,634.8109544016786
2022-07-02,467651,Delhi,716.86,717.5260415274918,715.70886,708.6748602621469
2022-07-03,467651,Delhi,657.66,720.7393526955107,715.8344,716.0009197904976
2022-07-04,467651,Delhi,749.08,625.7743445947892,629.51843,636.0416576828636
2022-07-05,467651,Delhi,671.27,625.7743445947892,627.3964,634.551604799527
2022-07-06,467651,Delhi,781.03,625.7743445947892,628.54395,628.8787990962965
2022-07-07,467651,Delhi,593.31,627.7915840551915,628.6076,634.8653572414892
2022-07-08,467651,Delhi,694.28,621.7665965415162,625.7071,625.9708481081178
2022-07-09,467651,Delhi,515.56,715.0894564082903,711.958,700.5827765416193
2022-07-10,467651,Delhi,854.92,712.3745720529712,715.1514,711.6208759427993
2022-07-01,467651,HR-NCR,449.19,366.2519652280578,365.76373,364.74250444803874
2022-07-02,467651,HR-NCR,424.67,420.85666010017303,417.81393,422.7620265686885
2022-07-03,467651,HR-NCR,517.09,421.57192644623717,422.1525,424.9252291120304
2022-07-04,467651,HR-NCR,340.72,368.4466236741417,376.48813,368.4160912355623
2022-07-05,467651,HR-NCR,399.96,375.34367679274743,378.86053,373.56325995425874
2022-07-06,467651,HR-NCR,355.03,375.39252547586153,383.58698,373.7598421519729
2022-07-07,467651,HR-NCR,283.67,371.628652791546,383.7397,376.9143674992712
2022-07-08,467651,HR-NCR,445.62,369.42704978961444,373.66873,369.24496250153726
2022-07-09,467651,HR-NCR,388.72,423.1032494064687,428.27612,432.22934481864513
2022-07-10,467651,HR-NCR,380.32,423.097289361301,418.36926,424.2063685389469
2022-07-01,467652,Bengaluru,197.22,289.1223458020184,291.79196,292.0595326249862
2022-07-02,467652,Bengaluru,286.83,332.9358055291334,324.78876,330.35982354193226
2022-07-03,467652,Bengaluru,281.94,337.97909330009566,332.96542,347.9895507669713
2022-07-04,467652,Bengaluru,146.4,281.89660368742057,279.8529,279.36218002266537
2022-07-05,467652,Bengaluru,350.4,282.90985149955355,281.03506,285.234582488813
2022-07-06,467652,Bengaluru,273.47,283.22477565878273,281.83588,289.2308943347226
2022-07-07,467652,Bengaluru,294.15,282.4463562051268,278.43292,285.87401197901255
2022-07-08,467652,Bengaluru,516.02,280.82588602533303,275.98212,273.6522651360158
2022-07-09,467652,Bengaluru,291.32,343.45171410083015,334.32446,342.09975062155223
2022-07-10,467652,Bengaluru,178.69,340.22926672612664,335.9505,345.81745619757595
2022-07-01,467652,Delhi,957.51,906.3019076418423,913.7287,929.5084592459878
2022-07-02,467652,Delhi,1086.49,1031.1160912968112,1029.3624,1028.2104678982264
2022-07-03,467652,Delhi,987.73,1052.731886001436,1079.0071,1052.936927938899
2022-07-04,467652,Delhi,925.23,902.3809196445461,928.69904,921.1220520946198
2022-07-05,467652,Delhi,1042.07,906.836793358634,945.5618,936.8671380005236
2022-07-06,467652,Delhi,717.28,909.7674455550695,951.47363,957.9889449740879
2022-07-07,467652,Delhi,745.49,914.7700614233402,930.835,927.9492584944992
2022-07-08,467652,Delhi,587.5,915.7260471008229,933.6931,939.812304897285
2022-07-09,467652,Delhi,1037.58,1059.7779485636297,1056.4547,1048.489528363532
2022-07-10,467652,Delhi,979.86,1049.9994035163365,1055.531,1051.5852952818798
2022-07-01,467652,HR-NCR,658.49,558.2533976311843,553.20685,555.1541827570409
2022-07-02,467652,HR-NCR,656.15,651.1228445024393,642.0154,649.2500715790344
2022-07-03,467652,HR-NCR,625.23,650.1497917813567,638.5718,643.3508030548726
2022-07-04,467652,HR-NCR,659.44,568.4934104406454,562.09216,563.2258216165208
2022-07-05,467652,HR-NCR,549.22,571.5140045959698,589.49176,589.5835264636498
2022-07-06,467652,HR-NCR,611.4,567.9540738924347,560.52,560.760615296089
2022-07-07,467652,HR-NCR,458.41,572.5950551000656,589.40906,587.6109218412632
2022-07-08,467652,HR-NCR,619.34,567.0442510643422,559.65607,566.386094693587
2022-07-09,467652,HR-NCR,512.72,664.0122464152892,683.9189,688.4120206344209
2022-07-10,467652,HR-NCR,659.9,638.9145218182225,630.76917,641.6023391975745
2022-07-01,467652,Mumbai,230.41,155.52909410530253,160.76523,146.34005932763574
2022-07-02,467652,Mumbai,144.3,177.68052523799227,182.52866,188.6633700786518
2022-07-03,467652,Mumbai,157.7,177.68052523799227,182.19887,185.13538118739615
2022-07-04,467652,Mumbai,230.42,155.8688219450899,162.01039,151.3182146183862
2022-07-05,467652,Mumbai,157.98,155.7489488296218,162.01039,152.5341883463593
2022-07-06,467652,Mumbai,147.14,157.49165728748645,162.54945,154.92128025804158
2022-07-07,467652,Mumbai,128.64,157.3762240223196,162.21231,151.4376221932267
2022-07-08,467652,Mumbai,134.13,158.51967902626885,163.28679,158.8901278818112
2022-07-09,467652,Mumbai,146.71,179.5954253429763,183.28989,193.09039514656794
2022-07-10,467652,Mumbai,177.27,177.68052523799227,182.19887,187.0395696755733
2022-07-01,467653,Bengaluru,283.66,215.81642368308556,219.91309,214.28974476711025
2022-07-02,467653,Bengaluru,189.3,248.98451312752394,250.85606,259.71243920392305
2022-07-03,467653,Bengaluru,274.46,248.2234416601855,249.36664,253.7447974174631
2022-07-04,467653,Bengaluru,194.14,222.69359692817568,225.93185,226.82706980055053
2022-07-05,467653,Bengaluru,229.55,216.73776620448285,221.43288,220.92059065093358
2022-07-06,467653,Bengaluru,235.75,216.2153574055737,220.00015,216.39554561268847
2022-07-07,467653,Bengaluru,222.24,215.90119797587704,219.91309,212.08194788954225
2022-07-08,467653,Bengaluru,137.78,219.26841470212955,220.06865,219.39424595505702
2022-07-09,467653,Bengaluru,187.29,246.62760592699988,247.87009,259.74891992159155
2022-07-10,467653,Bengaluru,208.63,246.62076404226096,246.42307,255.85359096363675
2022-07-01,467653,Delhi,218.41,246.6088896304704,250.49774,251.3549430883046
2022-07-02,467653,Delhi,223.6,286.11274196765527,277.5156,284.99072190220363
2022-07-03,467653,Delhi,224.11,285.8677814602377,275.3867,291.9047783765056
2022-07-04,467653,Delhi,131.23,243.24221120740208,243.05312,245.57526891982744
2022-07-05,467653,Delhi,211.19,242.55609827842858,239.5913,240.7528568204752
2022-07-06,467653,Delhi,293.8,242.55609827842858,238.59657,240.07864418981606
2022-07-07,467653,Delhi,207.1,242.6760971182799,238.47255,239.04993701480618
2022-07-08,467653,Delhi,344.92,242.12609848549053,237.84929,231.41054565491422
2022-07-09,467653,Delhi,60.31,302.97656181677553,288.19492,296.7859897815753
2022-07-10,467653,Delhi,176.6,285.9402295783427,273.12323,290.39927443237445
2022-07-01,467653,HR-NCR,202.99,192.14084646243006,196.30354,190.4750667137436
2022-07-02,467653,HR-NCR,253.36,220.76488298776127,223.08226,235.4946353311454
2022-07-03,467653,HR-NCR,227.22,216.41262516755512,218.16591,231.47329770918043
2022-07-04,467653,HR-NCR,157.17,190.37480999147354,194.50443,192.6985625843608
2022-07-05,467653,HR-NCR,131.06,189.52405248813125,193.16982,185.10808326601662
2022-07-06,467653,HR-NCR,148.66,184.65740394756799,189.5754,180.48639895057462
2022-07-07,467653,HR-NCR,266.04,184.74217824035946,189.5754,185.96201902283826
2022-07-08,467653,HR-NCR,226.49,190.00776050341088,193.41167,193.12791950316975
2022-07-09,467653,HR-NCR,294.63,216.21377745279602,217.90836,229.08390493861367
2022-07-10,467653,HR-NCR,252.13,220.40767043433962,222.05704,236.0140788054219
2022-07-01,467655,Bengaluru,195.36,271.3581417345625,273.1981,270.07129364152723
2022-07-02,467655,Bengaluru,266.63,317.96110770131907,316.2445,326.67496469110574
2022-07-03,467655,Bengaluru,322.15,315.4479003168268,308.01132,322.9094850202921
2022-07-04,467655,Bengaluru,222.38,269.2860582216192,270.064,275.24082466167266
2022-07-05,467655,Bengaluru,230.11,263.8815167487664,265.77805,263.27779680666913
2022-07-06,467655,Bengaluru,235.57,263.8815167487664,265.77805,266.8761951168137
2022-07-07,467655,Bengaluru,361.93,264.2617334674948,265.77805,264.7701970398929
2022-07-08,467655,Bengaluru,184.86,269.66627494034765,269.9092,268.87110168025066
2022-07-09,467655,Bengaluru,264.39,310.7157730577183,307.58395,316.7833251739306
2022-07-10,467655,Bengaluru,337.09,311.3253141901217,307.15683,318.20281542391143
2022-07-01,467655,Delhi,491.64,409.2894304754394,412.79633,413.52576544902934
2022-07-02,467655,Delhi,533.47,478.7939980285988,475.303,484.4311626097102
2022-07-03,467655,Delhi,613.66,486.84351729285163,481.60773,489.905809758756
2022-07-04,467655,Delhi,443.74,423.3360309315212,427.7584,426.6275061722403
2022-07-05,467655,Delhi,439.03,417.7852268957976,424.7282,422.9499613505558
2022-07-06,467655,Delhi,478.74,417.47030273656844,422.50558,418.1812811451852
2022-07-07,467655,Delhi,421.49,418.1464198654074,426.51926,425.2047743073816
2022-07-08,467655,Delhi,408.16,418.8012985835906,424.04288,420.56884121952146
2022-07-09,467655,Delhi,546.76,479.9016551705432,482.3897,486.4719027007761
2022-07-10,467655,Delhi,456.16,497.79061941981945,490.83167,499.2738886689706
2022-07-01,467655,HR-NCR,223.65,263.10134426347906,266.07333,266.03294479978587
2022-07-02,467655,HR-NCR,264.13,310.8535120172418,306.2566,313.3062232075738
2022-07-03,467655,HR-NCR,313.5,310.8535120172418,306.0407,313.83150298684075
2022-07-04,467655,HR-NCR,234.0,263.8815167487664,265.2003,261.18400542111584
2022-07-05,467655,HR-NCR,205.92,262.3693481700266,263.5775,257.194823528515
2022-07-06,467655,HR-NCR,245.68,263.2201056733689,264.3519,261.75451798831983
2022-07-07,467655,HR-NCR,232.35,259.01685835973916,261.48428,258.5476846668914
2022-07-08,467655,HR-NCR,182.15,259.69698451019747,260.3961,262.8935494160322
2022-07-09,467655,HR-NCR,236.79,287.6627045936808,290.78815,297.094035799491
2022-07-10,467655,HR-NCR,279.03,288.03791205538283,280.8131,296.1168476137467
2022-07-01,467659,Bengaluru,139.81,215.3425759345786,218.82953,218.03364351050547
2022-07-02,467659,Bengaluru,257.24,241.937603354934,237.5479,249.6000624523032
2022-07-03,467659,Bengaluru,264.6,241.56048994992702,239.45181,251.19770959152103
2022-07-04,467659,Bengaluru,278.83,213.09631488259635,210.23648,205.5368351136399
2022-07-05,467659,Bengaluru,193.19,216.2153574055737,218.46758,214.4965328584703
2022-07-06,467659,Bengaluru,128.33,215.81642368308556,217.66542,212.40656257624835
2022-07-07,467659,Bengaluru,308.36,214.5765927240278,214.62186,208.08454543406248
2022-07-08,467659,Bengaluru,240.36,216.8415420052125,219.00005,217.0239645064363
2022-07-09,467659,Bengaluru,287.78,246.45543399582644,245.12274,252.83735541851263
2022-07-10,467659,Bengaluru,332.02,252.3223559932757,251.74933,264.29979950171776
2022-07-01,467659,Delhi,324.77,287.6793592560315,288.11667,285.8027816102427
2022-07-02,467659,Delhi,323.9,334.6989873955032,334.023,341.3300181009958
2022-07-03,467659,Delhi,775.6,330.98089474339247,326.15594,331.7668827058574
2022-07-04,467659,Delhi,322.82,315.324648155321,318.0653,321.14318341661436
2022-07-05,467659,Delhi,379.71,308.13903833574614,312.11542,303.75735206417016
2022-07-06,467659,Delhi,417.88,307.6536588142313,311.43573,299.6281719361602
2022-07-07,467659,Delhi,188.61,312.0657616285255,319.50754,311.9741395486595
2022-07-08,467659,Delhi,208.68,319.8333254466091,320.54028,306.6735271552787
2022-07-09,467659,Delhi,356.57,350.14791447414865,351.47656,351.30784660127176
2022-07-10,467659,Delhi,336.61,351.3115551941469,350.16052,370.07401412239426
2022-07-01,467659,HR-NCR,191.03,167.83357171175481,171.79303,164.8142488683424
2022-07-02,467659,HR-NCR,262.68,196.76660215295078,195.85529,200.0295009360543
2022-07-03,467659,HR-NCR,167.01,205.45227042738503,206.91467,216.226162469982
2022-07-04,467659,HR-NCR,211.01,171.82819536991616,174.68658,167.37717123697857
2022-07-05,467659,HR-NCR,239.71,179.74306447243274,181.63368,173.80648478549574
2022-07-06,467659,HR-NCR,177.3,179.34413074994458,183.55188,174.25353904893822
2022-07-07,467659,HR-NCR,135.8,179.42890504273606,181.97917,172.0475128957811
2022-07-08,467659,HR-NCR,253.98,179.42890504273606,183.55188,173.70101619298538
2022-07-09,467659,HR-NCR,256.06,205.91278116602734,209.23058,216.6695677382857
2022-07-10,467659,HR-NCR,297.89,211.3369950357089,214.12962,223.86339978786307
2022-07-01,467673,Bengaluru,173.22,187.26467508842015,185.22899,183.1666947682428
2022-07-02,467673,Bengaluru,319.74,213.67459610142316,210.01184,225.34836850795799
2022-07-03,467673,Bengaluru,162.16,223.94488336378,223.22424,237.9539283268724
2022-07-04,467673,Bengaluru,281.91,190.68442688577346,190.22777,188.0863744825697
2022-07-05,467673,Bengaluru,216.79,203.15549862653666,200.2237,194.6843274778648
2022-07-06,467673,Bengaluru,171.91,206.2656335295901,207.002,203.47836571080393
2022-07-07,467673,Bengaluru,172.82,199.31606623181622,203.56308,194.33404186758523
2022-07-08,467673,Bengaluru,130.86,205.89858404152744,198.92159,195.5376672608647
2022-07-09,467673,Bengaluru,215.18,225.1343914128452,219.22769,236.68479093080035
2022-07-10,467673,Bengaluru,185.39,215.61451907389244,215.65416,232.43305930662132
2022-07-01,468128,Delhi,155.38,229.080261279405,225.49396,226.96541126299812
2022-07-02,468128,Delhi,222.8,261.1420056926768,249.38577,269.8045082921971
2022-07-03,468128,Delhi,372.95,243.3081710716887,241.0491,254.04785557104861
2022-07-04,468128,Delhi,132.95,217.8590351574888,214.77742,214.63816324102368
2022-07-05,468128,Delhi,180.4,211.87502445693752,211.48814,206.20662160242165
2022-07-06,468128,Delhi,121.06,219.59712004428783,220.88043,224.25616895641235
2022-07-07,468128,Delhi,142.43,210.56429520108904,210.9008,207.878736528842
2022-07-08,468128,Delhi,131.28,207.32592579069734,202.92603,208.3484025661898
2022-07-09,468128,Delhi,512.95,234.01217346566102,230.5888,250.24403173428757
2022-07-10,468128,Delhi,202.51,240.7162236063071,240.0351,259.0108513550666
2022-07-01,468137,Bengaluru,101.09,154.37503227480678,160.16661,147.96807256749028
2022-07-02,468137,Bengaluru,120.36,177.05016455310957,181.02202,187.11461114205176
2022-07-03,468137,Bengaluru,113.86,177.05016455310957,181.27957,185.6136848896549
2022-07-04,468137,Bengaluru,138.52,154.37503227480678,160.16661,148.01431409800225
2022-07-05,468137,Bengaluru,139.9,154.37503227480678,160.16661,149.43216709254762
2022-07-06,468137,Bengaluru,101.16,154.37503227480678,160.16661,148.98187734286319
2022-07-07,468137,Bengaluru,104.28,154.37503227480678,160.16661,146.37956693029574
2022-07-08,468137,Bengaluru,182.52,154.37503227480678,160.16661,145.52697069517004
2022-07-09,468137,Bengaluru,175.81,177.05016455310957,181.02202,184.5117377410875
2022-07-10,468137,Bengaluru,248.15,177.05016455310957,181.27957,184.27173516413905
2022-07-01,468137,Delhi,105.8,178.98780508244917,180.6277,176.40746416975492
2022-07-02,468137,Delhi,293.8,205.27192597726176,204.17203,209.4335772590743
2022-07-03,468137,Delhi,188.23,205.09594475988962,204.84811,212.66161504609101
2022-07-04,468137,Delhi,217.32,178.98780508244917,180.29056,176.21887218294336
2022-07-05,468137,Delhi,130.2,179.24822981336243,180.43066,175.9288292565991
2022-07-06,468137,Delhi,216.62,179.24822981336243,180.43066,173.67487769540023
2022-07-07,468137,Delhi,188.52,180.62967380298477,182.86656,177.61435185763293
2022-07-08,468137,Delhi,119.75,179.42890504273606,181.39183,172.88735088548782
2022-07-09,468137,Delhi,165.21,206.47928816765955,206.66733,217.02523414345114
2022-07-10,468137,Delhi,196.93,197.75636912680412,198.00742,210.20634055990456
2022-07-01,469737,Delhi,162.23,180.45531298420013,182.52942,179.29739159248595
2022-07-02,469737,Delhi,224.69,205.07706296568298,205.35468,217.17174843907915
2022-07-03,469737,Delhi,221.3,206.23222368893008,206.18275,215.80135364438837
2022-07-04,469737,Delhi,194.6,179.38673880493732,180.53241,178.0115593262864
2022-07-05,469737,Delhi,267.44,178.98780508244917,180.6277,172.31268181958092
2022-07-06,469737,Delhi,116.96,179.34413074994458,182.11928,173.7987243785386
2022-07-07,469737,Delhi,142.11,179.42890504273606,181.97917,174.51319262602073
2022-07-08,469737,Delhi,91.71,179.07257937524065,180.6277,172.31843105923988
2022-07-09,469737,Delhi,107.57,197.162816624213,196.5131,208.3273649654931
2022-07-10,469737,Delhi,313.85,193.4436217889956,193.69153,203.12137546325317
2022-07-01,470636,Bengaluru,830.32,746.3330161360875,767.22705,784.1959335611247
2022-07-02,470636,Bengaluru,746.22,851.9386830457227,886.32336,856.3484682585016
2022-07-03,470636,Bengaluru,759.6,852.5380796633088,891.7169,861.6283974743625
2022-07-04,470636,Bengaluru,464.37,763.3666125599982,794.35876,777.5860028509214
2022-07-05,470636,Bengaluru,396.3,797.5864810063281,785.48694,775.6306627284036
2022-07-06,470636,Bengaluru,615.7,763.0541594499497,769.0353,770.0646184371917
2022-07-07,470636,Bengaluru,986.22,767.7528596052111,773.25195,827.9511218624307
2022-07-08,470636,Bengaluru,1002.36,755.1294402094243,753.76324,769.5393616804417
2022-07-09,470636,Bengaluru,1267.83,844.1990966794764,839.4974,827.8341413923625
2022-07-10,470636,Bengaluru,651.4,881.0146477048548,862.22424,849.926854289663
2022-07-01,470636,Delhi,1601.79,1842.6225471388816,1852.8934,1876.289436629842
2022-07-02,470636,Delhi,2283.65,2117.68203217615,2075.1436,2034.8190555157869
2022-07-03,470636,Delhi,2253.04,2221.357556492044,2134.09,2105.3935756282835
2022-07-04,470636,Delhi,2370.95,1829.1622773612812,1832.35,1878.0777503981446
2022-07-05,470636,Delhi,1920.91,1882.4572255395858,1861.9484,1891.0600812003997
2022-07-06,470636,Delhi,1979.63,1843.507781978724,1829.4976,1869.6720752352394
2022-07-07,470636,Delhi,2038.13,1938.6419876993168,1949.7808,1943.322901641736
2022-07-08,470636,Delhi,1499.24,1992.0888512821082,1961.9148,1945.727369008372
2022-07-09,470636,Delhi,1405.56,2147.5467047747816,2097.227,2067.115881575554
2022-07-10,470636,Delhi,2238.13,2034.381294078302,2000.6105,2028.3785178622143
2022-07-01,470636,HR-NCR,1756.45,1469.3258048477596,1470.1216,1499.9309049415626
2022-07-02,470636,HR-NCR,1960.61,1606.6377125714912,1611.748,1602.462290648742
2022-07-03,470636,HR-NCR,1163.39,1602.648407181049,1618.7706,1600.6366188776578
2022-07-04,470636,HR-NCR,1446.36,1477.0762551729717,1502.48,1503.0630761985822
2022-07-05,470636,HR-NCR,1862.43,1469.4249228475203,1449.3667,1471.5379606177494
2022-07-06,470636,HR-NCR,1419.86,1521.5383095394013,1504.391,1512.5140398614517
2022-07-07,470636,HR-NCR,1854.81,1478.4194176336403,1453.9253,1478.0859433117116
2022-07-08,470636,HR-NCR,1035.33,1574.0097437546945,1581.3688,1608.464651537773
2022-07-09,470636,HR-NCR,1814.45,1813.1017759650074,1763.6234,1767.6668271348467
2022-07-10,470636,HR-NCR,1995.85,1718.69563951892,1702.0317,1676.9214710021092
2022-07-01,470636,Mumbai,415.85,304.5787085367671,306.64926,308.29898936374155
2022-07-02,470636,Mumbai,275.08,350.0318478110485,351.28326,363.12251520883206
2022-07-03,470636,Mumbai,353.7,349.5544333430286,345.099,353.2797562066278
2022-07-04,470636,Mumbai,371.53,309.18454246803185,309.02655,310.85792477175136
2022-07-05,470636,Mumbai,404.08,318.23594938989595,316.92487,322.02267153875437
2022-07-06,470636,Mumbai,384.35,307.6536588142313,308.54993,302.48273549544473
2022-07-07,470636,Mumbai,218.12,320.310739914629,320.14774,318.4119960356366
2022-07-08,470636,Mumbai,398.98,310.7090190687373,313.5723,314.8131374255309
2022-07-09,470636,Mumbai,413.62,349.67050000612875,345.1314,348.5865392408584
2022-07-10,470636,Mumbai,318.27,365.44705713306394,361.24924,371.74597334355747
2022-07-01,474769,Delhi,100.52,319.6598702180651,320.46664,314.39864804354414
2022-07-02,474769,Delhi,458.96,349.1849202728108,343.0007,356.73947439117904
2022-07-03,474769,Delhi,117.77,351.128363343835,349.525,371.3398577677898
2022-07-04,474769,Delhi,223.15,298.288323458623,292.91,306.36181297162886
2022-07-05,474769,Delhi,345.9,288.4703439229226,295.21585,311.25710548221997
2022-07-06,474769,Delhi,168.91,284.5033958438309,279.39658,278.92264855045886
2022-07-07,474769,Delhi,132.7,288.1476278608728,285.50467,294.0983655085164
2022-07-08,474769,Delhi,152.28,276.3688109582138,270.20502,261.8479176016697
2022-07-09,474769,Delhi,436.58,322.54717019859476,312.19632,329.16415058594504
2022-07-10,474769,Delhi,421.72,327.18109994657993,321.81192,340.77296211330946
2022-07-01,474769,HR-NCR,284.93,319.4973799092744,320.15817,319.270373246116
2022-07-02,474769,HR-NCR,394.66,366.66628666342183,360.9086,377.64781639638676
2022-07-03,474769,HR-NCR,369.48,362.45022589499365,358.94406,372.9900235584719
2022-07-04,474769,HR-NCR,253.89,309.18454246803185,310.9753,314.23636278868946
2022-07-05,474769,HR-NCR,293.99,306.9280616389659,306.1562,308.99315634588226
2022-07-06,474769,HR-NCR,209.64,306.7655713301752,303.5592,300.0918234395016
2022-07-07,474769,HR-NCR,269.95,308.4617691684265,304.67532,303.2291874424568
2022-07-08,474769,HR-NCR,229.78,307.9441333267589,304.45142,303.03784192004434
2022-07-09,474769,HR-NCR,420.82,350.6075015739844,343.06915,360.20564172826687
2022-07-10,474769,HR-NCR,265.63,350.2925774147552,342.04138,357.8589834468637
2022-07-01,475461,Delhi,146.28,154.37503227480678,160.16661,147.04284152922037
2022-07-02,475461,Delhi,153.5,177.05016455310957,181.02202,184.11062156555468
2022-07-03,475461,Delhi,130.86,177.05016455310957,181.27957,183.86212445753142
2022-07-04,475461,Delhi,171.42,154.37503227480678,160.16661,144.91691634733937
2022-07-05,475461,Delhi,174.59,154.37503227480678,160.16661,146.9398511518603
2022-07-06,475461,Delhi,131.11,154.67921178447716,160.16661,148.01256719306937
2022-07-07,475461,Delhi,190.37,154.67921178447716,160.16661,150.52651874566774
2022-07-08,475461,Delhi,94.97,154.67921178447716,160.16661,146.3263487285488
2022-07-09,475461,Delhi,108.27,177.05016455310957,181.02202,184.24723056555683
2022-07-10,475461,Delhi,225.45,177.05016455310957,181.27957,182.5032677126203
2022-07-01,475802,Delhi,496.83,604.2940818195219,623.6648,666.3795561614407
2022-07-02,475802,Delhi,372.89,640.4810622977476,669.48755,638.9986508562451
2022-07-03,475802,Delhi,745.48,642.3499372721534,633.7207,637.9963842744912
2022-07-04,475802,Delhi,465.69,560.8737481846937,553.23645,582.4115701979856
2022-07-05,475802,Delhi,201.92,587.5332629193987,562.80023,575.0387929997258
2022-07-06,475802,Delhi,1192.98,529.1310072514651,548.5438,536.8300861044394
2022-07-07,475802,Delhi,1254.07,601.5655357731889,598.06995,608.2412348890497
2022-07-08,475802,Delhi,501.91,638.3299847842803,617.37646,650.5327387149299
2022-07-09,475802,Delhi,553.94,629.7426121297186,677.455,634.0698669530883
2022-07-10,475802,Delhi,1589.03,703.7259081215612,711.29565,699.9508581973907
2022-07-01,475802,HR-NCR,137.86,153.99403874778218,160.16661,139.86941650857457
2022-07-02,475802,HR-NCR,107.23,178.32295952824725,182.91684,189.7489656316003
2022-07-03,475802,HR-NCR,366.13,176.66917102608497,181.54105,182.24640295459812
2022-07-04,475802,HR-NCR,124.36,155.64896722077063,160.76523,154.01185003734625
2022-07-05,475802,HR-NCR,191.96,158.93150087545135,162.26958,159.99879498923227
2022-07-06,475802,HR-NCR,204.33,158.14498438198493,162.62897,153.0636337351311
2022-07-07,475802,HR-NCR,60.87,157.42851671344692,162.21231,153.42916540952456
2022-07-08,475802,HR-NCR,356.78,158.07921098693717,161.79634,151.3459878609366
2022-07-09,475802,HR-NCR,58.97,186.5438692398078,190.12357,193.51215999695472
2022-07-10,475802,HR-NCR,124.87,188.37036421312962,189.28766,196.97295684038625
2022-07-01,477482,Bengaluru,269.97,309.169177493716,308.78525,296.35032554596967
2022-07-02,477482,Bengaluru,232.68,352.54185191428684,353.70242,359.58319526738643
2022-07-03,477482,Bengaluru,432.98,335.2662578399067,337.54785,341.5357017868972
2022-07-04,477482,Bengaluru,315.27,300.61368534788505,307.9976,316.00855941036485
2022-07-05,477482,Bengaluru,295.56,292.24516276351824,296.155,295.99631067041184
2022-07-06,477482,Bengaluru,286.92,292.05742502245243,292.30386,293.57032383057197
2022-07-07,477482,Bengaluru,253.67,291.50648352324646,294.36267,286.41993315739234
2022-07-08,477482,Bengaluru,230.19,296.29858222848156,300.4197,291.0398030050442
2022-07-09,477482,Bengaluru,571.68,331.7106063240184,332.8172,334.288316211678
2022-07-10,477482,Bengaluru,488.91,355.38586628959234,355.05975,363.97982964998596
2022-07-01,477482,Delhi,338.42,507.2549754721092,511.83612,514.471121179641
2022-07-02,477482,Delhi,563.4,554.2068678809454,561.15155,565.8381103321503
2022-07-03,477482,Delhi,641.43,586.4489334270083,584.59607,587.1654165575951
2022-07-04,477482,Delhi,696.96,488.13891372895563,496.1278,495.7296740997501
2022-07-05,477482,Delhi,512.41,512.470886313331,516.1218,517.1162211100004
2022-07-06,477482,Delhi,435.94,504.5467617797292,507.96835,503.25373005648845
2022-07-07,477482,Delhi,400.39,505.22287890856813,509.3778,502.67363163242527
2022-07-08,477482,Delhi,446.91,506.49396105937694,511.99622,505.9094349454602
2022-07-09,477482,Delhi,633.62,587.4531791803383,584.52045,590.6562443310472
2022-07-10,477482,Delhi,590.64,589.9858219272093,584.59607,591.4875831463703
2022-07-01,477482,HR-NCR,309.25,379.100733328202,376.5686,376.59004305433547
2022-07-02,477482,HR-NCR,422.81,427.2718747377369,416.8971,418.9269268931322
2022-07-03,477482,HR-NCR,401.27,429.77058996626613,419.16666,434.0824342003107
2022-07-04,477482,HR-NCR,417.29,369.68864812644426,365.5379,360.3846653469195
2022-07-05,477482,HR-NCR,472.93,377.0260139140493,376.28723,397.9900747165178
2022-07-06,477482,HR-NCR,427.41,363.13154956679256,358.30597,348.9702364359542
2022-07-07,477482,HR-NCR,438.28,364.82774740504385,364.50977,361.1449434269536
2022-07-08,477482,HR-NCR,605.79,375.4718177575856,372.2216,363.9165415039427
2022-07-09,477482,HR-NCR,303.14,440.218284831188,426.93604,419.38524435763054
2022-07-10,477482,HR-NCR,520.18,436.89696352509196,439.66147,433.538084141045
2022-07-01,477483,Delhi,302.31,246.72974611167845,249.62115,244.19539216140063
2022-07-02,477483,Delhi,217.93,286.5571071270065,286.30142,286.864142020387
2022-07-03,477483,Delhi,293.04,287.3633091982068,289.20602,294.30679842560335
2022-07-04,477483,Delhi,233.76,246.72974611167845,250.45238,242.32377564270564
2022-07-05,477483,Delhi,282.46,239.80508037308147,247.78008,242.49286688841914
2022-07-06,477483,Delhi,253.22,243.89327846267858,251.03075,245.9943371928864
2022-07-07,477483,Delhi,247.61,239.2449530624744,245.85643,238.54414624520334
2022-07-08,477483,Delhi,362.68,247.2724531391975,252.3039,247.21026829299632
2022-07-09,477483,Delhi,236.59,287.2974136005939,285.64957,289.8626690646656
2022-07-10,477483,Delhi,270.57,288.6642115411402,288.34833,294.85595907183114
2022-07-01,477483,HR-NCR,245.36,178.62256955680218,179.5324,170.64783887722803
2022-07-02,477483,HR-NCR,202.12,205.07706296568298,205.94202,213.32517339490957
2022-07-03,477483,HR-NCR,176.71,206.5885493564255,206.94685,217.44090005646098
2022-07-04,477483,HR-NCR,194.48,179.34413074994458,181.39183,174.14504990819754
2022-07-05,477483,HR-NCR,209.75,179.34413074994458,181.39183,173.95581242390776
2022-07-06,477483,HR-NCR,183.61,179.34413074994458,182.96454,176.02597464755993
2022-07-07,477483,HR-NCR,182.56,179.42890504273606,182.96454,174.76674067231397
2022-07-08,477483,HR-NCR,164.32,179.42890504273606,183.69199,176.51825690856717
2022-07-09,477483,HR-NCR,221.64,205.5138474435392,207.84106,217.29943836712457
2022-07-10,477483,HR-NCR,177.44,205.88905490524124,208.09862,217.22225628653874
2022-07-01,477787,Bengaluru,155.46,154.99212232881712,160.16661,146.88174710638162
2022-07-02,477787,Bengaluru,112.03,179.15169808266518,182.37059,195.66008003495114
2022-07-03,477787,Bengaluru,166.81,177.34607055072763,181.27957,193.74905331821353
2022-07-04,477787,Bengaluru,277.93,154.37503227480678,160.16661,151.00484260844195
2022-07-05,477787,Bengaluru,113.59,156.38914845003447,161.29301,154.69200176044689
2022-07-06,477787,Bengaluru,95.68,156.11774073267142,161.29301,150.19700333519427
2022-07-07,477787,Bengaluru,131.19,155.069871994913,161.26749,152.38964464877742
2022-07-08,477787,Bengaluru,237.15,154.37503227480678,160.16661,149.50980289756464
2022-07-09,477787,Bengaluru,177.55,177.34607055072763,181.02202,187.83895909514163
2022-07-10,477787,Bengaluru,216.48,180.61384515283115,186.47874,195.88470269073426
2022-07-01,477787,Delhi,473.2,378.7818867561813,380.26337,386.55440149947
2022-07-02,477787,Delhi,427.05,435.22240184838466,427.6435,444.4582143221817
2022-07-03,477787,Delhi,733.35,430.0609409162013,418.83072,419.15149230298215
2022-07-04,477787,Delhi,305.32,397.41244762894837,396.1999,402.98586729380054
2022-07-05,477787,Delhi,477.3,388.78523340666595,384.46667,380.38653120777974
2022-07-06,477787,Delhi,476.19,394.76209720739564,398.8332,393.97866431602023
2022-07-07,477787,Delhi,258.64,405.5695496689662,406.45135,403.98373671636386
2022-07-08,477787,Delhi,462.29,392.8952047219743,393.83377,395.3521201423058
2022-07-09,477787,Delhi,434.64,447.9046099488575,439.66147,442.7302843229318
2022-07-10,477787,Delhi,460.99,450.40332517738676,446.2102,456.9837606511038
2022-07-01,477787,HR-NCR,119.69,167.61371698743554,169.9765,165.93473737854006
2022-07-02,477787,HR-NCR,192.33,192.38501395597424,192.035,201.9522531134056
2022-07-03,477787,HR-NCR,256.15,189.636058428158,188.11038,196.7947974434137
2022-07-04,477787,HR-NCR,119.62,167.61371698743554,170.31364,163.67654883748747
2022-07-05,477787,HR-NCR,179.6,164.68925365489494,166.15355,158.8791146839814
2022-07-06,477787,HR-NCR,122.39,168.0126507099237,170.21835,165.9104391302927
2022-07-07,477787,HR-NCR,146.03,162.51892237399866,166.15355,159.43337751081083
2022-07-08,477787,HR-NCR,148.64,162.23996705724687,165.1239,158.34070707602888
2022-07-09,477787,HR-NCR,157.9,179.64697833602008,182.63206,192.61330995441728
2022-07-10,477787,HR-NCR,164.84,180.02218579772213,182.88962,194.90396568746561
2022-07-01,477788,Bengaluru,118.94,154.37503227480678,160.16661,140.16190697031507
2022-07-02,477788,Bengaluru,81.59,177.17003766857766,181.02202,179.15526241060334
2022-07-03,477788,Bengaluru,267.57,178.4823494797681,182.91292,182.13622497345006
2022-07-04,477788,Bengaluru,169.07,154.37503227480678,160.16661,144.96905195939277
2022-07-05,477788,Bengaluru,112.05,154.37503227480678,160.16661,144.59922741154173
2022-07-06,477788,Bengaluru,86.16,154.67921178447716,160.16661,143.32391821622633
2022-07-07,477788,Bengaluru,103.28,154.37503227480678,160.16661,136.85350900708957
2022-07-08,477788,Bengaluru,130.29,154.37503227480678,160.16661,135.76786580490557
2022-07-09,477788,Bengaluru,189.51,177.05016455310957,181.02202,179.61895778656947
2022-07-10,477788,Bengaluru,199.31,177.17003766857766,181.99466,179.94990248882593
2022-07-01,477788,Delhi,530.51,340.3526879002627,352.75705,353.50476301310107
2022-07-02,477788,Delhi,754.88,387.09717860235554,397.46088,412.4937326808004
2022-07-03,477788,Delhi,224.52,404.4276787601218,408.26712,419.2342614802397
2022-07-04,477788,Delhi,469.62,343.3794946583838,351.4058,328.0568099741649
2022-07-05,477788,Delhi,326.51,365.80983446032275,379.2814,362.31619891976106
2022-07-06,477788,Delhi,588.75,369.12577340635886,378.89236,358.78034161451916
2022-07-07,477788,Delhi,220.49,385.8765996576675,394.06723,373.296463268982
2022-07-08,477788,Delhi,226.21,383.94521834867817,391.1173,379.68689304355985
2022-07-09,477788,Delhi,408.33,439.2830051461973,441.3956,468.1965915395549
2022-07-10,477788,Delhi,241.78,423.6754810519217,420.13254,427.21337652782677
2022-07-01,477788,HR-NCR,168.14,180.19488825328688,182.72646,179.7144526418593
2022-07-02,477788,HR-NCR,180.96,206.21334189472344,206.6893,209.60898849919263
2022-07-03,477788,HR-NCR,241.7,205.08703490173804,206.38248,215.74692697618048
2022-07-04,477788,HR-NCR,179.27,179.74306447243274,182.19398,173.496590537867
2022-07-05,477788,HR-NCR,144.94,179.74306447243274,183.20639,175.19414055712386
2022-07-06,477788,HR-NCR,191.69,171.72953198992587,176.59644,173.48131114716972
2022-07-07,477788,HR-NCR,182.41,179.06366951708907,181.39183,173.9206402226091
2022-07-08,477788,HR-NCR,141.95,179.82783876522421,182.19398,177.93668109703876
2022-07-09,477788,HR-NCR,192.2,204.53186151948353,203.49522,208.366665001678
2022-07-10,477788,HR-NCR,280.89,205.62863017432798,205.61223,217.34348370883333
2022-07-01,477789,Delhi,114.14,263.8815167487664,266.10226,266.40094348992795
2022-07-02,477789,Delhi,140.48,308.96771682363243,305.03754,307.0771193718177
2022-07-03,477789,Delhi,309.04,288.1721410768006,289.7288,301.4848821483683
2022-07-04,477789,Delhi,208.28,247.80136821793613,254.49007,263.2076350654392
2022-07-05,477789,Delhi,237.11,245.5676311686198,250.35216,246.9586954645461
2022-07-06,477789,Delhi,151.18,238.4804751212322,244.72713,241.32913941632478
2022-07-07,477789,Delhi,314.84,233.76429160013527,236.9801,243.5596698919469
2022-07-08,477789,Delhi,318.37,237.32059132928302,237.25877,238.95574867499528
2022-07-09,477789,Delhi,282.36,288.3274657698233,278.1289,288.20730814995335
2022-07-10,477789,Delhi,190.78,285.8407244129647,276.07013,284.32701497283284
2022-07-01,478700,Bengaluru,150.19,154.37503227480678,160.16661,152.73167694892547
2022-07-02,478700,Bengaluru,155.14,177.05016455310957,181.02202,187.03375565971498
2022-07-03,478700,Bengaluru,215.92,177.05016455310957,181.27957,187.05771797849377
2022-07-04,478700,Bengaluru,140.41,154.67921178447716,160.16661,151.13572693674357
2022-07-05,478700,Bengaluru,171.09,154.67921178447716,160.16661,148.0159331907547
2022-07-06,478700,Bengaluru,143.43,155.0897177450406,160.42809,151.01085907162349
2022-07-07,478700,Bengaluru,174.52,154.56393465986645,160.16661,150.61955198445943
2022-07-08,478700,Bengaluru,95.23,155.0897177450406,160.42809,152.73290309166404
2022-07-09,478700,Bengaluru,177.01,177.05016455310957,181.02202,184.9660364353942
2022-07-10,478700,Bengaluru,198.47,177.05016455310957,181.27957,188.45027440454456
2022-07-01,478702,Bengaluru,219.18,234.56996428964504,236.56694,231.82761343269334
2022-07-02,478702,Bengaluru,231.87,267.8040473098742,266.7965,275.7301994797507
2022-07-03,478702,Bengaluru,264.51,268.1792547715762,268.8,279.40894234764204
2022-07-04,478702,Bengaluru,246.16,234.56996428964504,237.4314,236.55983815944714
2022-07-05,478702,Bengaluru,219.21,234.56996428964504,235.43361,235.04317280401543
2022-07-06,478702,Bengaluru,208.01,234.56996428964504,235.43361,233.492082405986
2022-07-07,478702,Bengaluru,257.8,234.95018100837342,235.43361,233.37781654409963
2022-07-08,478702,Bengaluru,233.38,234.95018100837342,235.43361,232.78050372088586
2022-07-09,478702,Bengaluru,265.34,268.27584948275404,265.5084,275.9340148185549
2022-07-10,478702,Bengaluru,248.77,269.03310629089697,265.5084,278.8468766858939
2022-07-01,478703,Bengaluru,282.14,303.232185447831,306.67044,301.4669821772882
2022-07-02,478703,Bengaluru,281.19,343.2581096843352,342.90054,350.01177198175765
2022-07-03,478703,Bengaluru,300.9,339.65361296319077,342.27167,348.6432824345061
2022-07-04,478703,Bengaluru,323.23,299.95284658453414,306.4603,305.2860888300531
2022-07-05,478703,Bengaluru,259.03,299.7903562757434,303.32495,301.85628503275393
2022-07-06,478703,Bengaluru,317.73,299.95284658453414,305.0217,305.15552120052
2022-07-07,478703,Bengaluru,354.69,298.4580418437347,297.88303,298.6406146778195
2022-07-08,478703,Bengaluru,286.09,304.31884215367893,303.84357,301.16261740735797
2022-07-09,478703,Bengaluru,296.84,345.2902321179121,342.95276,354.35628656792375
2022-07-10,478703,Bengaluru,396.46,335.5269874436134,335.73462,342.6467322073221
2022-07-01,478704,Bengaluru,202.4,154.37503227480678,160.16661,148.29653676778727
2022-07-02,478704,Bengaluru,144.17,177.05016455310957,181.02202,181.5373170663009
2022-07-03,478704,Bengaluru,141.71,177.05016455310957,181.27957,181.72062850026896
2022-07-04,478704,Bengaluru,104.67,154.37503227480678,160.16661,145.76925550243476
2022-07-05,478704,Bengaluru,116.29,154.37503227480678,160.16661,145.5062597751647
2022-07-06,478704,Bengaluru,179.94,154.37503227480678,160.16661,144.77564202902573
2022-07-07,478704,Bengaluru,107.37,154.37503227480678,160.16661,149.49223129785278
2022-07-08,478704,Bengaluru,128.71,154.37503227480678,160.16661,147.5039981332524
2022-07-09,478704,Bengaluru,140.23,177.05016455310957,181.02202,183.58638588992665
2022-07-10,478704,Bengaluru,165.41,177.05016455310957,181.27957,182.89849406560666
2022-07-01,478814,Delhi,240.3,171.57714182033203,176.36586,170.19381815573416
2022-07-02,478814,Delhi,224.88,192.67045100484685,193.1725,200.35023283506536
2022-07-03,478814,Delhi,304.64,197.3601546555419,197.93694,204.99202649964647
2022-07-04,478814,Delhi,147.37,179.83856258579146,182.54967,175.54971983815824
2022-07-05,478814,Delhi,86.88,178.62256955680218,180.11974,167.34526247318075
2022-07-06,478814,Delhi,240.06,168.8135509989826,173.24484,166.2779147869244
2022-07-07,478814,Delhi,120.89,169.34423748526265,174.33617,167.6646057540827
2022-07-08,478814,Delhi,343.19,168.67360539452986,172.56479,164.24543217445267
2022-07-09,478814,Delhi,167.61,196.00741632353814,203.58275,210.87797432197968
2022-07-10,478814,Delhi,265.48,200.25717135784035,206.14648,215.43429020675148
2022-07-01,478815,Delhi,102.44,167.83357171175481,170.97147,164.9375376263946
2022-07-02,478815,Delhi,146.61,186.43789232471326,188.1143,192.29151863615937
2022-07-03,478815,Delhi,121.23,186.8130997864153,188.37186,199.49693174609487
2022-07-04,478815,Delhi,127.43,161.85101325478502,166.15355,159.37275065244572
2022-07-05,478815,Delhi,283.24,161.85101325478502,165.1239,161.40988988794336
2022-07-06,478815,Delhi,118.29,167.30953747776516,169.9765,165.25188859430244
2022-07-07,478815,Delhi,168.94,167.39431177055664,169.9765,162.5678156692862
2022-07-08,478815,Delhi,242.2,167.39431177055664,169.9765,166.04629825372655
2022-07-09,478815,Delhi,185.48,193.00283200274023,193.7759,201.69779532049213
2022-07-10,478815,Delhi,225.66,194.6039049194759,194.54648,205.9393477704745
2022-07-01,478882,Bengaluru,315.81,187.03625993893286,192.70908,181.35950218037948
2022-07-02,478882,Bengaluru,140.56,215.68513006277294,222.55653,231.42251109273738
2022-07-03,478882,Bengaluru,208.39,213.98772294875175,220.11765,230.5760187011769
2022-07-04,478882,Bengaluru,194.73,187.03625993893286,192.70908,183.52919823919706
2022-07-05,478882,Bengaluru,228.49,185.97630119151836,192.07272,185.23861426439794
2022-07-06,478882,Bengaluru,323.66,189.52405248813125,195.66719,189.7105929514036
2022-07-07,478882,Bengaluru,200.51,201.932860206115,208.46182,196.11229214148156
2022-07-08,478882,Bengaluru,129.79,209.8399832676755,212.80159,205.31230781030052
2022-07-09,478882,Bengaluru,178.91,229.31799425987762,236.25449,236.60469316571556
2022-07-10,478882,Bengaluru,210.36,230.68479220042403,233.81978,242.36224223813525
2022-07-01,478893,Delhi,359.24,378.7759267110136,378.04074,378.7131655584672
2022-07-02,478893,Delhi,403.79,431.1112661338987,423.73624,426.4605550060349
2022-07-03,478893,Delhi,415.27,434.60157184127223,433.01065,441.47116747584397
2022-07-04,478893,Delhi,365.47,373.17426577893866,378.71075,377.3389994150723
2022-07-05,478893,Delhi,306.11,367.2720459374702,370.0021,370.1728381695014
2022-07-06,478893,Delhi,369.95,366.9630818234087,370.0021,368.9207423122679
2022-07-07,478893,Delhi,389.38,367.63323890707994,371.02988,369.49510755790095
2022-07-08,478893,Delhi,434.34,367.9481630663091,372.22473,374.93096106851385
2022-07-09,478893,Delhi,354.16,424.64222566315584,416.56946,422.30544863791556
2022-07-10,478893,Delhi,367.11,419.6893296699326,416.44415,421.4706345473126
2022-07-01,478893,HR-NCR,268.39,341.4212971098745,338.8605,337.84171704659343
2022-07-02,478893,HR-NCR,405.14,393.228991490872,377.9677,388.08138556483465
2022-07-03,478893,HR-NCR,295.35,393.54391565010116,380.89423,397.50782902412345
2022-07-04,478893,HR-NCR,284.49,329.84391921137785,337.2999,333.9483730652231
2022-07-05,478893,HR-NCR,278.38,329.84391921137785,328.76108,328.8392148187064
2022-07-06,478893,HR-NCR,269.75,318.9797440676068,328.01562,325.400607983241
2022-07-07,478893,HR-NCR,334.25,319.9958157553998,328.76108,327.5374429816924
2022-07-08,478893,HR-NCR,309.19,319.9958157553998,328.01562,325.945976480994
2022-07-09,478893,HR-NCR,343.73,367.46497969130473,362.88693,383.2069840330224
2022-07-10,478893,HR-NCR,430.06,363.2429588777089,357.69086,370.8210040059222
2022-07-01,478894,Delhi,266.69,269.2860582216192,270.8112,270.1833478291779
2022-07-02,478894,Delhi,334.06,314.61880014677325,310.51224,319.12156550514595
2022-07-03,478894,Delhi,250.98,317.79861739252834,314.05988,323.7538227832667
2022-07-04,478894,Delhi,288.69,269.2860582216192,269.9092,270.13367033716486
2022-07-05,478894,Delhi,282.71,269.19415293088343,268.95966,268.35532812757486
2022-07-06,478894,Delhi,261.22,269.1235679128285,270.2469,268.9328145434074
2022-07-07,478894,Delhi,225.96,269.66627494034765,272.09842,272.76938596601303
2022-07-08,478894,Delhi,303.94,264.2617334674948,266.68002,265.3001010895235
2022-07-09,478894,Delhi,338.41,310.5532827489276,309.07306,318.1160293127946
2022-07-10,478894,Delhi,311.41,316.0821927984974,310.35745,321.5076159597069
2022-07-01,478894,HR-NCR,169.74,162.65400280552646,166.81137,161.72028980028315
2022-07-02,478894,HR-NCR,171.69,186.15909869220044,188.77213,199.91140223562746
2022-07-03,478894,HR-NCR,236.71,186.71338515207137,189.17401,199.1645380440952
2022-07-04,478894,HR-NCR,147.74,162.43414808120718,166.15355,160.01656430419766
2022-07-05,478894,HR-NCR,105.22,162.1551927644554,165.1239,157.800312691288
2022-07-06,478894,HR-NCR,161.69,157.10383392026827,161.55449,156.64672478262116
2022-07-07,478894,HR-NCR,109.07,161.80059069698493,165.1239,158.00254266465814
2022-07-08,478894,HR-NCR,221.11,156.967004637556,161.29301,155.3789803246775
2022-07-09,478894,HR-NCR,163.49,186.11560371482412,186.76482,195.80826456683425
2022-07-10,478894,HR-NCR,201.62,180.02218579772213,182.88962,194.52033631855397
2022-07-01,478895,Delhi,254.26,276.6100916968001,274.1285,278.5512475862238
2022-07-02,478895,Delhi,398.49,320.46467648210404,315.1284,331.68830573105924
2022-07-03,478895,Delhi,222.51,323.4920598774207,320.20422,335.56339154436387
2022-07-04,478895,Delhi,333.91,277.60906441927915,273.05966,276.61659799228414
2022-07-05,478895,Delhi,415.54,276.0781807654786,272.63904,270.3862250950975
2022-07-06,478895,Delhi,282.59,286.7237466581691,283.8583,282.27258434412573
2022-07-07,478895,Delhi,161.19,291.98528375556634,290.81985,285.6587666319463
2022-07-08,478895,Delhi,345.2,288.3733166175666,288.6207,293.10592034918125
2022-07-09,478895,Delhi,422.49,332.69893954423236,328.48288,349.1629623265413
2022-07-10,478895,Delhi,277.37,324.381583539578,320.36188,328.7074938147807
2022-07-01,478895,HR-NCR,362.1,295.2825105406886,305.95807,295.42178377470293
2022-07-02,478895,HR-NCR,79.6,339.4628818479035,347.3931,363.1063288099853
2022-07-03,478895,HR-NCR,312.07,333.09071186193466,335.33124,348.9330579204638
2022-07-04,478895,HR-NCR,131.3,278.8799896772115,282.61322,275.11098500130487
2022-07-05,478895,HR-NCR,180.06,280.64057076901696,282.74887,277.6713484398792
2022-07-06,478895,HR-NCR,87.89,280.6894196826648,283.36847,279.9931250877855
2022-07-07,478895,HR-NCR,345.03,263.47566016152086,274.3722,284.6042751186086
2022-07-08,478895,HR-NCR,98.6,266.1560142423299,267.42233,268.5712398554294
2022-07-09,478895,HR-NCR,315.97,314.3555522886198,308.39987,324.3812725292873
2022-07-10,478895,HR-NCR,159.26,308.7714221953109,302.7908,323.587094930717
2022-07-01,479278,Delhi,140.24,154.79908489994526,160.8817,154.917730618372
2022-07-02,479278,Delhi,248.93,177.05016455310957,181.02202,183.57857372781885
2022-07-03,479278,Delhi,133.92,179.29079632586556,182.88962,190.2231684883983
2022-07-04,479278,Delhi,145.11,156.83242620290522,161.55449,150.60007504869492
2022-07-05,479278,Delhi,121.78,157.27180256316717,161.55449,153.14839177268894
2022-07-06,479278,Delhi,174.91,155.52909410530253,160.42809,149.27453714725308
2022-07-07,479278,Delhi,174.03,157.35657685595865,161.55449,154.93406024337196
2022-07-08,479278,Delhi,174.35,157.57643158027793,162.21231,160.85312590575046
2022-07-09,479278,Delhi,213.66,177.87644962675915,182.63206,193.91994966474365
2022-07-10,479278,Delhi,143.48,179.37557061865704,182.88962,191.92822441535142
2022-07-01,479278,HR-NCR,139.13,154.37503227480678,160.16661,142.6952103795561
2022-07-02,479278,HR-NCR,98.72,177.05016455310957,181.02202,178.30496564516935
2022-07-03,479278,HR-NCR,252.21,177.05016455310957,181.27957,185.32384481114536
2022-07-04,479278,HR-NCR,172.23,154.7855382353702,160.42809,150.3991104066924
2022-07-05,479278,HR-NCR,126.64,155.22491459563216,160.42809,152.224199176054
2022-07-06,479278,HR-NCR,134.63,154.56393465986645,160.16661,147.58740471239375
2022-07-07,479278,HR-NCR,86.55,154.37503227480678,160.16661,147.68959402782954
2022-07-08,479278,HR-NCR,149.13,154.37503227480678,160.16661,148.95117974230374
2022-07-09,479278,HR-NCR,227.72,177.05016455310957,181.02202,183.6921809672315
2022-07-10,479278,HR-NCR,344.12,178.69180912122934,182.91292,193.43802330109028
2022-07-01,479581,Delhi,696.42,525.1190939311557,532.459,520.0546338584547
2022-07-02,479581,Delhi,838.31,616.3934461287024,624.32983,609.3676573588091
2022-07-03,479581,Delhi,525.4,640.4468058004593,632.82935,619.8264556920058
2022-07-04,479581,Delhi,359.76,553.9736757462695,564.0053,573.5248393306056
2022-07-05,479581,Delhi,667.87,541.5215689511291,544.5246,531.5594143131282
2022-07-06,479581,Delhi,597.13,536.1498411142431,553.96277,549.6302995562264
2022-07-07,479581,Delhi,687.67,544.8390013463796,544.4118,533.4574152036784
2022-07-08,479581,Delhi,635.35,574.3736745454189,576.7303,556.925478022432
2022-07-09,479581,Delhi,782.77,692.285281120815,687.1786,672.714725731137
2022-07-10,479581,Delhi,611.27,693.6070835875099,693.9036,678.837680523655
2022-07-01,479964,Delhi,228.99,334.97125557766117,343.00464,332.3900438943561
2022-07-02,479964,Delhi,301.77,380.9866080555298,388.52457,393.75242274158603
2022-07-03,479964,Delhi,462.52,365.71319603324184,377.57294,376.23006133686175
2022-07-04,479964,Delhi,442.81,336.29447189888083,350.1147,346.6788713416047
2022-07-05,479964,Delhi,199.01,337.6108916354695,361.94308,363.439641469651
2022-07-06,479964,Delhi,457.41,313.10371870214414,333.02167,321.3634413532343
2022-07-07,479964,Delhi,288.94,325.02860994554743,342.25836,341.7224143484983
2022-07-08,479964,Delhi,316.82,325.0674397179322,341.5543,346.1535636303665
2022-07-09,479964,Delhi,258.12,364.66009461592057,361.32867,365.0397067219197
2022-07-10,479964,Delhi,488.21,363.16873353623714,355.98755,366.4972841205867
2022-07-01,479964,HR-NCR,202.68,246.72974611167845,251.75647,241.969865319343
2022-07-02,479964,HR-NCR,252.92,273.1690423920752,277.31458,273.7820652061233
2022-07-03,479964,HR-NCR,429.39,287.8242464008724,287.7527,306.61355121527885
2022-07-04,479964,HR-NCR,316.47,247.0827373789773,249.97346,255.08546469428694
2022-07-05,479964,HR-NCR,180.79,256.47232727799724,257.52518,250.4013920257472
2022-07-06,479964,HR-NCR,318.16,246.4026112285189,251.52682,244.67980034737607
2022-07-07,479964,HR-NCR,533.89,259.1793486685299,263.18103,261.600186301288
2022-07-08,479964,HR-NCR,232.73,276.2279785409498,275.55698,267.16384028596093
2022-07-09,479964,HR-NCR,141.39,314.35914056130775,311.0057,306.3822090744094
2022-07-10,479964,HR-NCR,351.05,314.7128538198673,308.77472,313.412267061408
2022-07-01,479966,Delhi,367.28,349.6335930159299,353.5566,360.4840942676076
2022-07-02,479966,Delhi,689.75,395.24693157418307,387.14905,391.39757288967024
2022-07-03,479966,Delhi,496.69,424.5265837162336,430.6049,433.1107570119131
2022-07-04,479966,Delhi,231.6,366.22905255061414,382.45847,373.4540265744478
2022-07-05,479966,Delhi,552.7,346.71430917889927,358.34668,344.33851948207257
2022-07-06,479966,Delhi,547.13,377.5707022205823,385.77713,373.6977209454162
2022-07-07,479966,Delhi,280.13,382.7415050772338,386.74265,372.35326051617386
2022-07-08,479966,Delhi,869.16,376.92676088135613,384.40552,371.65839504823583
2022-07-09,479966,Delhi,321.18,458.2309043105538,454.24826,464.7726377154754
2022-07-10,479966,Delhi,257.94,447.19355871012334,449.49582,444.61903352727774
2022-07-01,480044,Delhi,336.98,231.67619908819583,231.34593,232.90459239697617
2022-07-02,480044,Delhi,294.06,272.1301301772181,264.39236,278.1673150986308
2022-07-03,480044,Delhi,227.33,272.50533763892014,265.9991,280.18878461234505
2022-07-04,480044,Delhi,271.13,237.43345225970083,238.87593,237.96479038959035
2022-07-05,480044,Delhi,169.31,232.54898055919097,232.51657,228.77948549881012
2022-07-06,480044,Delhi,198.67,232.1500468367028,231.71442,229.27198842888586
2022-07-07,480044,Delhi,247.92,233.54351136756415,233.21318,230.8806285195648
2022-07-08,480044,Delhi,256.39,233.1960213243377,233.20383,230.8553272321098
2022-07-09,480044,Delhi,317.75,266.5216897987183,263.27863,271.6372841314107
2022-07-10,480044,Delhi,196.55,269.1955965996877,267.69302,280.86342379102484
2022-07-01,480595,Bengaluru,242.34,208.03167000054663,208.94128,202.4048824823315
2022-07-02,480595,Bengaluru,255.09,240.27651420586304,238.69104,245.78577343165452
2022-07-03,480595,Bengaluru,177.05,239.91437646101278,240.06604,246.2933973158058
2022-07-04,480595,Bengaluru,237.58,208.03167000054663,211.67415,203.64667851071397
2022-07-05,480595,Bengaluru,235.57,209.35627525239587,211.84467,206.96289275189926
2022-07-06,480595,Bengaluru,230.35,210.20703275573817,213.17928,208.98901389260246
2022-07-07,480595,Bengaluru,189.29,210.3813935745228,212.91913,207.42827833000663
2022-07-08,480595,Bengaluru,224.84,209.44104954518735,211.84467,205.23570379222662
2022-07-09,480595,Bengaluru,217.41,239.31659502376553,239.82419,247.91017156476315
2022-07-10,480595,Bengaluru,302.79,239.48192507020002,240.9697,249.11190434055888
2022-07-01,480901,Delhi,176.04,154.37503227480678,160.16661,130.9982429886814
2022-07-02,480901,Delhi,133.01,177.05016455310957,181.02202,165.25751310173763
2022-07-03,480901,Delhi,91.71,180.96256292241105,186.8306,177.5414513021362
2022-07-04,480901,Delhi,17.14,154.37503227480678,160.16661,127.22927419170162
2022-07-05,480901,Delhi,86.12,154.99212232881712,160.16661,126.39906463065725
2022-07-06,480901,Delhi,92.08,154.37503227480678,160.16661,127.88944896678916
2022-07-07,480901,Delhi,637.29,154.37503227480678,160.16661,130.94780484766926
2022-07-08,480901,Delhi,319.47,162.63004178396517,164.48346,147.51802964262987
2022-07-09,480901,Delhi,340.97,186.653110968849,182.24333,179.58130427490553
2022-07-10,480901,Delhi,20.93,188.25868546767268,183.34784,178.8587696157168
2022-07-01,480925,Delhi,861.97,534.4340083579755,524.94073,513.525163980069
2022-07-02,480925,Delhi,588.31,658.2476039966667,652.17993,665.253426691385
2022-07-03,480925,Delhi,498.16,614.8735688454993,608.62146,615.6085623632038
2022-07-04,480925,Delhi,341.66,502.2620943208232,518.64233,534.0281860082715
2022-07-05,480925,Delhi,609.36,499.93264842805763,493.83813,498.8141906384453
2022-07-06,480925,Delhi,592.66,504.1871228806973,470.61697,472.11658080810776
2022-07-07,480925,Delhi,171.35,510.0445892493543,493.4167,485.724573706878
2022-07-08,480925,Delhi,547.98,502.15882483966396,491.85736,493.8539055780976
2022-07-09,480925,Delhi,432.32,567.6599952700183,558.22095,549.5777045775696
2022-07-10,480925,Delhi,1244.6,574.1098611589438,583.76605,573.4745055394932
2022-07-01,480925,HR-NCR,70.67,212.2921652686716,211.83626,196.42280499134168
2022-07-02,480925,HR-NCR,199.1,238.03662172163712,240.68697,243.20642153848465
2022-07-03,480925,HR-NCR,233.34,238.41182918333917,242.2417,247.78957678590018
2022-07-04,480925,HR-NCR,69.3,210.6275797667066,213.83278,221.28559271996892
2022-07-05,480925,HR-NCR,35.71,198.2951540221259,201.53055,191.66793877804787
2022-07-06,480925,HR-NCR,268.64,199.18745828880176,194.45398,209.80845629845157
2022-07-07,480925,HR-NCR,306.33,194.55969017913554,193.93878,193.50604622053075
2022-07-08,480925,HR-NCR,212.55,201.7084337117946,196.30453,192.54041044029765
2022-07-09,480925,HR-NCR,277.8,232.22277451442696,225.23505,242.87670674036485
2022-07-10,480925,HR-NCR,167.81,231.3721165210954,224.74532,240.01750249295387
2022-07-01,480950,Bengaluru,423.63,344.06429830311987,345.21973,340.861946041375
2022-07-02,480950,Bengaluru,715.79,395.18936631933457,385.12027,386.48028602274366
2022-07-03,480950,Bengaluru,505.62,430.2854277806253,435.29932,439.8894846513358
2022-07-04,480950,Bengaluru,372.2,376.5148009452215,388.70425,383.1109616453049
2022-07-05,480950,Bengaluru,300.3,375.59033565358897,383.5238,370.41554691102624
2022-07-06,480950,Bengaluru,371.06,369.2775762351115,382.77835,365.0253629879909
2022-07-07,480950,Bengaluru,335.17,377.2159484737853,386.43344,373.00633725022226
2022-07-08,480950,Bengaluru,396.97,376.88173692744874,384.74225,370.63216596316204
2022-07-09,480950,Bengaluru,491.73,433.2024263114635,436.32312,448.8589346817865
2022-07-10,480950,Bengaluru,305.94,436.86546942794627,428.4331,436.0076679850586
2022-07-01,481202,Bengaluru,265.37,233.7400629518107,236.81186,231.3538131968436
2022-07-02,481202,Bengaluru,241.7,266.6677683808337,268.33063,276.4429931956745
2022-07-03,481202,Bengaluru,242.26,268.1792547715762,268.6452,274.4930314138686
2022-07-04,481202,Bengaluru,202.9,234.99908941810332,239.65337,231.04428854261
2022-07-05,481202,Bengaluru,213.8,234.99908941810332,239.65337,232.41102716107855
2022-07-06,481202,Bengaluru,235.8,235.84984692144562,241.14278,237.80731255887
2022-07-07,481202,Bengaluru,234.35,236.230063640174,240.988,237.18827375007425
2022-07-08,481202,Bengaluru,230.67,236.230063640174,241.88824,238.61938972296886
2022-07-09,481202,Bengaluru,321.13,269.2674399615983,266.8576,280.818301430227
2022-07-10,481202,Bengaluru,234.67,268.8135472532468,265.5084,278.102399528851
2022-07-01,481495,Delhi,341.88,334.0007737672683,343.96332,336.0682638135116
2022-07-02,481495,Delhi,326.67,365.40305908253674,382.00772,380.2412321097275
2022-07-03,481495,Delhi,367.02,368.68731964636646,378.01498,385.5320166311298
2022-07-04,481495,Delhi,420.93,324.9528822870899,339.72192,339.1660990826606
2022-07-05,481495,Delhi,280.09,332.4976078846613,337.24063,328.1161440110542
2022-07-06,481495,Delhi,398.01,333.14179912280645,332.9157,328.62679892123566
2022-07-07,481495,Delhi,326.44,345.19383840224884,349.84012,342.2024963336203
2022-07-08,481495,Delhi,471.03,345.08036999091286,353.92456,347.9480930183176
2022-07-09,481495,Delhi,310.21,396.35458871612747,396.2225,399.8943090860818
2022-07-10,481495,Delhi,286.09,396.35458871612747,396.52753,409.10838410195436
2022-07-01,481504,Delhi,293.19,451.9354827004565,458.9661,457.0426796937567
2022-07-02,481504,Delhi,564.99,529.8962846039082,519.879,530.6905330277946
2022-07-03,481504,Delhi,746.54,527.9886884237357,514.85974,519.4970962559487
2022-07-04,481504,Delhi,576.8,481.42202284832126,485.98795,476.202256551407
2022-07-05,481504,Delhi,364.12,485.7974964042445,488.7678,482.2478268922189
2022-07-06,481504,Delhi,248.44,476.3761933672236,466.08566,470.388594864244
2022-07-07,481504,Delhi,441.8,477.83332789688217,466.44138,454.537863209108
2022-07-08,481504,Delhi,242.71,480.244353748227,469.40363,461.8519370141829
2022-07-09,481504,Delhi,546.45,599.7232147754014,541.14343,565.027668877892
2022-07-10,481504,Delhi,528.84,536.2851386530583,512.9044,528.996252123214
2022-07-01,481504,HR-NCR,297.94,277.61776139930686,279.6948,283.6388517840381
2022-07-02,481504,HR-NCR,376.33,321.1426294225178,317.4139,321.89350825553885
2022-07-03,481504,HR-NCR,537.68,321.8396029281879,320.5747,329.8465302358009
2022-07-04,481504,HR-NCR,636.79,291.39315473383704,291.65973,290.39473492711625
2022-07-05,481504,HR-NCR,468.78,322.1232780037123,311.5683,301.96503936175935
2022-07-06,481504,HR-NCR,117.49,312.1371593045428,320.3489,302.6323304939747
2022-07-07,481504,HR-NCR,370.53,304.248257135624,308.9746,292.37594715709196
2022-07-08,481504,HR-NCR,124.63,311.93682706039556,317.44434,306.0487882364711
2022-07-09,481504,HR-NCR,335.79,342.5953617160143,340.05692,338.02945881979474
2022-07-10,481504,HR-NCR,110.42,351.14906488535615,348.4191,356.3419352440985
2022-07-01,481506,Delhi,341.9,256.9241510588513,258.93692,253.66543366265407
2022-07-02,481506,Delhi,351.93,305.6715412666375,303.53525,310.5307197294549
2022-07-03,481506,Delhi,284.27,311.7235936027987,305.44748,306.42072071019203
2022-07-04,481506,Delhi,289.69,267.11895733502126,267.70865,254.3017473891852
2022-07-05,481506,Delhi,294.56,267.96971483836353,270.5022,260.96531352966906
2022-07-06,481506,Delhi,247.94,268.13220514715425,272.7767,266.79441835161845
2022-07-07,481506,Delhi,223.4,268.4205165751469,271.24765,266.7472853266916
2022-07-08,481506,Delhi,236.93,268.34993155709196,270.5022,262.99379739729005
2022-07-09,481506,Delhi,216.79,309.4395189965123,307.4314,314.2320286277694
2022-07-10,481506,Delhi,266.78,287.25558748585604,288.6596,292.77623220264456
2022-07-01,482088,Delhi,151.02,203.17269116517278,203.15115,199.26670249078956
2022-07-02,482088,Delhi,223.86,222.66630650963324,227.81369,234.48752721868416
2022-07-03,482088,Delhi,202.42,229.91577569712487,237.02852,244.72730783256782
2022-07-04,482088,Delhi,230.34,201.84808591332353,200.1076,200.30339772421277
2022-07-05,482088,Delhi,209.72,201.84808591332353,205.00142,196.31675726764445
2022-07-06,482088,Delhi,123.21,201.84808591332353,208.46182,197.07963626475092
2022-07-07,482088,Delhi,188.14,201.932860206115,205.72893,194.16684549737772
2022-07-08,482088,Delhi,132.71,202.6129863565734,208.09038,204.49420261777408
2022-07-09,482088,Delhi,137.09,227.49721301727513,231.92957,242.3999105348792
2022-07-10,482088,Delhi,166.04,214.22616331006816,212.13492,227.87828630675116
2022-07-01,482552,Delhi,186.54,168.6843292150971,171.96895,165.19534170340515
2022-07-02,482552,Delhi,153.84,189.702309266279,192.9543,199.92431895801133
2022-07-03,482552,Delhi,280.23,193.20167971749933,193.21185,200.7281155873895
2022-07-04,482552,Delhi,247.14,167.9627934956403,172.49756,166.97366552875295
2022-07-05,482552,Delhi,200.52,171.47186970242075,174.84694,170.11752178502414
2022-07-06,482552,Delhi,172.8,178.9788952242976,180.88387,170.64357251963378
2022-07-07,482552,Delhi,153.75,179.42890504273606,181.97917,167.94278478697652
2022-07-08,482552,Delhi,158.52,179.42890504273606,183.55188,172.92618332947922
2022-07-09,482552,Delhi,163.07,205.6523564351141,208.60977,214.8249774781302
2022-07-10,482552,Delhi,156.53,205.62863017432798,206.91467,214.0722675537275
2022-07-01,482620,Delhi,222.06,268.7209994052588,271.09756,260.6925763870114
2022-07-02,482620,Delhi,141.66,307.6105652395733,304.36368,308.96866392631404
2022-07-03,482620,Delhi,129.16,309.07902924024125,305.05835,321.58270062972514
2022-07-04,482620,Delhi,201.98,264.4961546984809,253.41617,250.22134396757352
2022-07-05,482620,Delhi,315.47,265.77603733028144,256.97275,255.42181469521458
2022-07-06,482620,Delhi,223.58,257.5577018913352,257.6888,262.49273358375007
2022-07-07,482620,Delhi,148.02,255.61157397217963,257.76797,253.3018741618456
2022-07-08,482620,Delhi,298.04,255.31967557410078,256.79178,250.8364836988752
2022-07-09,482620,Delhi,564.29,303.0626816985837,302.41998,301.79555920465435
2022-07-10,482620,Delhi,182.73,329.05885583285885,326.73743,351.2291789867786
2022-07-01,482733,Delhi,474.34,289.6138621736838,292.5166,291.1386425264972
2022-07-02,482733,Delhi,252.14,334.0372809552281,332.6085,338.26918559170446
2022-07-03,482733,Delhi,263.25,332.0207069050586,330.31143,335.34003362266856
2022-07-04,482733,Delhi,310.43,291.43443568395395,290.66037,287.37631275822315
2022-07-05,482733,Delhi,301.25,298.868880315319,299.79565,303.73227674847055
2022-07-06,482733,Delhi,326.91,293.3811752444995,292.3828,285.5339551042832
2022-07-07,482733,Delhi,230.29,294.8746614003124,300.38058,297.5080264972127
2022-07-08,482733,Delhi,311.18,290.48646730180474,289.47025,290.58024266503577
2022-07-09,482733,Delhi,288.87,330.4631242723754,335.13382,342.83217879989866
2022-07-10,482733,Delhi,270.29,330.6803174675598,335.61176,345.91333355357494
2022-07-01,482755,Delhi,168.23,168.6843292150971,171.96895,167.19995189108144
2022-07-02,482755,Delhi,139.3,193.22540597828544,193.75645,203.8490798759318
2022-07-03,482755,Delhi,197.57,186.31445142958322,188.37186,189.84950013981089
2022-07-04,482755,Delhi,167.17,167.83357171175481,171.34941,164.9228489190356
2022-07-05,482755,Delhi,226.27,167.83357171175481,170.63432,165.66409333714037
2022-07-06,482755,Delhi,221.89,168.31911916313572,172.3372,168.19591212433082
2022-07-07,482755,Delhi,99.46,171.81430628271735,173.44983,170.8843580737101
2022-07-08,482755,Delhi,216.3,168.0475677884318,171.57307,161.8687074571584
2022-07-09,482755,Delhi,191.81,204.53186151948353,203.49522,209.2057319437387
2022-07-10,482755,Delhi,292.47,205.62863017432798,204.84811,213.02750959237977
2022-07-01,483032,Delhi,186.88,196.24072441024188,199.53268,196.44307763763905
2022-07-02,483032,Delhi,187.21,219.45716950320647,220.99731,230.1547939376878
2022-07-03,483032,Delhi,171.81,219.83237696490852,221.25487,230.87323616010704
2022-07-04,483032,Delhi,125.39,199.23129193902474,190.81511,189.04244966625942
2022-07-05,483032,Delhi,207.86,190.68442688577346,190.32379,189.5711949751581
2022-07-06,483032,Delhi,165.47,192.94380428548467,190.22777,191.37913755350667
2022-07-07,483032,Delhi,184.47,190.76920117856494,189.58423,188.59392206523182
2022-07-08,483032,Delhi,154.0,197.05668883210515,196.08687,192.29847177555015
2022-07-09,483032,Delhi,214.33,218.4965731007531,216.30093,231.97093834964997
2022-07-10,483032,Delhi,245.2,218.87178056245514,216.25209,231.76464723584186
2022-07-01,483166,Delhi,140.8,209.36861822116995,211.83246,202.34922831826134
2022-07-02,483166,Delhi,180.26,225.5620287174652,227.0777,239.97503050394633
2022-07-03,483166,Delhi,410.41,219.02668529272097,221.90106,244.32089651681193
2022-07-04,483166,Delhi,106.19,196.63516090952064,200.04271,197.49894480834308
2022-07-05,483166,Delhi,100.43,187.58837549691052,187.72617,176.95837754477384
2022-07-06,483166,Delhi,86.29,187.58837549691052,187.72617,183.28284447712252
2022-07-07,483166,Delhi,193.5,183.65378321776774,184.59885,175.79828351082136
2022-07-08,483166,Delhi,99.35,187.20153451438063,186.80168,177.0963467580061
2022-07-09,483166,Delhi,742.85,214.69463146037947,212.09326,228.47924445015903
2022-07-10,483166,Delhi,110.46,250.5288283966212,259.01764,279.3650993941511
2022-07-01,483187,Delhi,528.5,388.6844470688698,390.38174,386.0610156637712
2022-07-02,483187,Delhi,119.35,458.15286694365136,466.22662,476.8676569309863
2022-07-03,483187,Delhi,362.35,439.8395972980825,447.28714,447.99752359155195
2022-07-04,483187,Delhi,240.01,378.33912816554476,373.83316,379.56713996321844
2022-07-05,483187,Delhi,129.67,369.53756561280824,370.67508,378.8759030900132
2022-07-06,483187,Delhi,804.04,356.19046276036806,354.87912,354.6757420593405
2022-07-07,483187,Delhi,128.13,399.4401185443093,383.98196,408.5828451053054
2022-07-08,483187,Delhi,308.11,375.30704943968044,360.92618,366.1367407526249
2022-07-09,483187,Delhi,399.01,433.9152366443216,414.8546,423.65826050367724
2022-07-10,483187,Delhi,624.07,433.621235939911,417.33707,430.87430281363174
2022-07-01,483224,Delhi,231.32,155.52169577576714,161.79996,156.05727374918558
2022-07-02,483224,Delhi,222.01,177.05016455310957,181.02202,182.7758947598648
2022-07-03,483224,Delhi,258.93,178.905264519472,185.4289,190.6938524343362
2022-07-04,483224,Delhi,87.98,154.86811416953682,160.16661,145.96826211125594
2022-07-05,483224,Delhi,88.81,154.67921178447716,160.16661,148.07065484987933
2022-07-06,483224,Delhi,105.27,154.67921178447716,160.16661,140.0572369116314
2022-07-07,483224,Delhi,139.12,155.069871994913,160.70718,146.17898147931635
2022-07-08,483224,Delhi,35.69,156.03533492689877,161.79996,151.05734472714374
2022-07-09,483224,Delhi,123.98,175.52695924088195,179.19974,173.17265835631932
2022-07-10,483224,Delhi,372.18,180.75142344647978,181.27957,184.39358693387828
2022-07-01,483246,Delhi,104.8,154.37503227480678,160.16661,148.9959343021328
2022-07-02,483246,Delhi,93.17,179.0251376349401,185.32613,199.50765708168808
2022-07-03,483246,Delhi,129.96,177.05016455310957,181.27957,184.12864144034108
2022-07-04,483246,Delhi,206.25,154.76648375356964,160.16661,144.51411682873518
2022-07-05,483246,Delhi,278.18,154.37503227480678,160.16661,140.34247203836955
2022-07-06,483246,Delhi,207.07,154.37503227480678,160.16661,147.44076619152713
2022-07-07,483246,Delhi,345.85,154.86811416953682,160.16661,148.59924721594876
2022-07-08,483246,Delhi,164.97,155.52909410530253,161.35257,146.66950858898568
2022-07-09,483246,Delhi,81.33,179.12381006765494,183.87723,187.86500644377392
2022-07-10,483246,Delhi,122.85,181.24805125275574,184.81158,190.83680492127507
2022-07-01,483248,Delhi,218.73,208.355370409037,208.80112,194.98208209837594
2022-07-02,483248,Delhi,49.37,244.0790959801665,238.84787,249.20774551183587
2022-07-03,483248,Delhi,498.24,234.85929605187653,229.40227,234.4019798517284
2022-07-04,483248,Delhi,138.03,214.94402765904925,219.34184,224.68768563641464
2022-07-05,483248,Delhi,33.19,214.97148400277595,216.2206,225.16884275247034
2022-07-06,483248,Delhi,340.1,197.99387481437438,197.4215,192.5624201561883
2022-07-07,483248,Delhi,649.81,210.70305879764118,211.24513,205.12859576786903
2022-07-08,483248,Delhi,410.25,211.88418009560434,228.8812,225.62379658599593
2022-07-09,483248,Delhi,307.83,241.95527653959437,257.77362,242.52577254104304
2022-07-10,483248,Delhi,472.07,248.12047060002507,264.83774,263.7719308752885
2022-07-01,483357,Delhi,297.21,273.72742486835045,266.63644,273.54909386352847
2022-07-02,483357,Delhi,143.99,322.4625975382495,307.52072,318.12411095243965
2022-07-03,483357,Delhi,278.63,309.46154823253227,295.10007,296.88542483808953
2022-07-04,483357,Delhi,308.54,265.9759279717168,267.79037,274.38847756694616
2022-07-05,483357,Delhi,257.01,246.4026112285189,251.64293,240.92443753482254
2022-07-06,483357,Delhi,302.21,265.63336346834006,269.7177,266.9907081838903
2022-07-07,483357,Delhi,97.33,251.39720198669227,258.16403,257.82225602734405
2022-07-08,483357,Delhi,301.47,235.90395480782462,247.15877,237.69073426260178
2022-07-09,483357,Delhi,81.44,293.359556837836,294.438,311.6503737302992
2022-07-10,483357,Delhi,235.1,269.1085655164671,265.66318,269.62967989064975
2022-07-01,483357,HR-NCR,114.79,164.82106771893612,166.3858,153.3506812443282
2022-07-02,483357,HR-NCR,161.0,182.8762581528949,186.52428,183.2136137897794
2022-07-03,483357,HR-NCR,68.62,202.4919509432236,195.63184,218.42843348342606
2022-07-04,483357,HR-NCR,109.01,160.50408455292222,165.77148,158.36968626342025
2022-07-05,483357,HR-NCR,136.98,155.99830475545855,164.73634,162.27788898769148
2022-07-06,483357,HR-NCR,174.6,152.37221495503437,159.74104,146.94768050347994
2022-07-07,483357,HR-NCR,144.03,153.13763969319558,160.28162,160.9862545473684
2022-07-08,483357,HR-NCR,316.02,152.37221495503437,159.74104,152.95126630987446
2022-07-09,483357,HR-NCR,246.94,174.1126654755098,180.59645,183.2283552632101
2022-07-10,483357,HR-NCR,110.09,185.78353807509225,187.94629,191.34117973911026
2022-07-01,483409,Delhi,145.45,171.8489764628849,161.37439,151.6325237964994
2022-07-02,483409,Delhi,208.08,183.59146853926495,179.57224,171.4522834311674
2022-07-03,483409,Delhi,61.09,188.32752589727681,180.41713,170.4513508564681
2022-07-04,483409,Delhi,32.5,165.73864656543049,160.66553,136.60557175973278
2022-07-05,483409,Delhi,146.47,165.73864656543049,160.07819,142.71005579557044
2022-07-06,483409,Delhi,59.94,163.89096875597474,160.07819,142.59238139857345
2022-07-07,483409,Delhi,101.68,166.36288558270843,161.52917,160.05655399218898
2022-07-08,483409,Delhi,280.53,162.78362806735748,159.74104,140.16563042350148
2022-07-09,483409,Delhi,387.33,195.9392894182854,178.77417,179.14658529484254
2022-07-10,483409,Delhi,101.31,193.67632775871903,181.93677,184.78082087236476
2022-07-01,483694,Delhi,440.64,566.6371668602792,555.8974,572.0073103980133
2022-07-02,483694,Delhi,727.21,636.304319528439,627.69434,628.6439383913266
2022-07-03,483694,Delhi,535.46,649.2222840488282,637.8785,639.8415561995818
2022-07-04,483694,Delhi,310.73,567.7593742426212,555.8974,562.620787084288
2022-07-05,483694,Delhi,775.08,554.7772556300462,548.7023,567.9536358513916
2022-07-06,483694,Delhi,422.72,557.5781539707236,550.09674,565.809694382747
2022-07-07,483694,Delhi,691.01,540.3100045895294,529.48883,533.9025042468356
2022-07-08,483694,Delhi,706.77,560.5638475722133,542.6964,548.6786870941836
2022-07-09,483694,Delhi,494.91,645.6295443846717,637.9197,644.3348532228374
2022-07-10,483694,Delhi,832.98,624.240813912667,617.72723,615.690178626602
2022-07-01,483694,Mumbai,222.36,243.95250236960655,240.43413,240.38019591816126
2022-07-02,483694,Mumbai,266.81,286.0037918176419,277.14044,293.6109363517093
2022-07-03,483694,Mumbai,282.17,286.9885404117473,275.96024,294.11354894675554
2022-07-04,483694,Mumbai,166.25,243.88070353027786,240.88701,240.4947982212434
2022-07-05,483694,Mumbai,259.82,237.026622809736,235.03824,235.56761307131285
2022-07-06,483694,Mumbai,286.59,236.956037791681,234.63086,231.2730567905249
2022-07-07,483694,Mumbai,140.74,237.3362545104094,236.31825,236.84805358104433
2022-07-08,483694,Mumbai,202.36,233.38102105877348,233.04904,231.63800585643247
2022-07-09,483694,Mumbai,317.09,266.8691798419448,265.46326,277.02646601071325
2022-07-10,483694,Mumbai,306.37,267.059387569211,265.46326,278.3778757766302
2022-07-01,483695,Mumbai,440.17,390.549854505644,391.98004,397.5067074190686
2022-07-02,483695,Mumbai,389.55,446.49227224912255,439.65823,452.04826807691126
2022-07-03,483695,Mumbai,571.06,448.9909874776518,441.62277,456.72312478131244
2022-07-04,483695,Mumbai,311.8,396.1006585413676,397.4532,401.81630022264113
2022-07-05,483695,Mumbai,581.15,389.8949757874608,394.74286,395.22937826611695
2022-07-06,483695,Mumbai,401.29,396.6709583224555,404.69376,402.7441153915154
2022-07-07,483695,Mumbai,290.06,397.6815789587724,410.898,407.06507117948075
2022-07-08,483695,Mumbai,436.11,391.9415263247113,392.12982,390.9419448557634
2022-07-09,483695,Mumbai,579.67,446.8790139895547,446.0895,451.3117339423352
2022-07-10,483695,Mumbai,267.62,473.11716176301144,463.7469,475.8020135809453
2022-07-01,483705,Delhi,204.33,191.53518438911576,191.84334,188.3299819891323
2022-07-02,483705,Delhi,259.22,215.1103389717243,216.09636,224.93938977344337
2022-07-03,483705,Delhi,233.34,220.96865589394898,223.04933,239.23815424952483
2022-07-04,483705,Delhi,127.57,192.94380428548467,195.95238,189.1495504496002
2022-07-05,483705,Delhi,315.07,187.26467508842015,187.72617,184.54915238320675
2022-07-06,483705,Delhi,165.43,199.23129193902474,204.95241,195.0595010491491
2022-07-07,483705,Delhi,257.89,202.87320423545046,200.72714,198.2979449953041
2022-07-08,483705,Delhi,256.22,196.96997780442422,199.56303,187.3205399315497
2022-07-09,483705,Delhi,201.14,240.54246047879914,238.92868,247.88467614334184
2022-07-10,483705,Delhi,178.97,233.3464005257588,238.2517,247.33980947392757
2022-07-01,483705,HR-NCR,172.87,154.37503227480678,160.16661,146.67283552395858
2022-07-02,483705,HR-NCR,284.52,177.05016455310957,181.02202,184.3008466991459
2022-07-03,483705,HR-NCR,165.78,177.05016455310957,181.27957,186.6640681763477
2022-07-04,483705,HR-NCR,126.22,154.67921178447716,160.16661,147.9516526109868
2022-07-05,483705,HR-NCR,214.19,154.67921178447716,160.16661,149.92297710206154
2022-07-06,483705,HR-NCR,203.74,155.52909410530253,160.42809,151.32177827883987
2022-07-07,483705,HR-NCR,143.37,155.52909410530253,160.76523,149.9384803141566
2022-07-08,483705,HR-NCR,135.02,155.52909410530253,160.76523,151.34238196984518
2022-07-09,483705,HR-NCR,145.09,177.5805436291411,181.99858,189.41292347327644
2022-07-10,483705,HR-NCR,125.03,177.460670513673,181.54105,187.70937193416358
2022-07-01,483845,Delhi,225.27,208.03167000054663,208.80112,200.4804512328181
2022-07-02,483845,Delhi,373.0,239.22282068200283,241.91742,256.9802029026104
2022-07-03,483845,Delhi,321.12,239.21597879726392,241.68785,255.42843987509337
2022-07-04,483845,Delhi,105.1,213.94707238593864,215.97675,211.1927831787445
2022-07-05,483845,Delhi,192.25,208.03167000054663,213.20674,201.1075053045724
2022-07-06,483845,Delhi,265.65,209.35627525239587,213.37726,202.95332020725368
2022-07-07,483845,Delhi,165.97,209.44104954518735,213.37726,208.92491553587277
2022-07-08,483845,Delhi,290.63,209.8399832676755,213.0542,208.48126555765805
2022-07-09,483845,Delhi,206.21,243.40501752198202,244.33124,259.31953945756226
2022-07-10,483845,Delhi,149.08,243.78022498368406,242.16687,254.94567837583563
2022-07-01,483851,Delhi,470.06,191.00923980345198,197.20882,180.9820705159306
2022-07-02,483851,Delhi,176.01,230.62461863623278,252.79451,249.14513867661054
2022-07-03,483851,Delhi,89.9,243.6764968353122,256.0417,260.24661974302217
2022-07-04,483851,Delhi,240.26,210.20985281759204,218.11147,203.6193768377705
2022-07-05,483851,Delhi,66.95,207.1009484096433,219.4729,214.37980610209436
2022-07-06,483851,Delhi,108.14,198.51672952580347,208.64429,203.83679254609135
2022-07-07,483851,Delhi,89.19,187.57429577605882,196.52742,182.0597854535131
2022-07-08,483851,Delhi,191.14,193.33563592668432,200.33595,204.78696859718167
2022-07-09,483851,Delhi,232.05,222.21070784934773,222.7769,231.86893197562043
2022-07-10,483851,Delhi,13.79,228.0695622418024,231.14436,245.56178941224334
2022-07-01,483854,Delhi,1289.93,1406.2608998494259,1389.6212,1376.182621466679
2022-07-02,483854,Delhi,1652.27,1564.6978526721473,1574.2672,1577.501488847635
2022-07-03,483854,Delhi,1762.64,1542.48409987873,1541.8525,1536.9610167100727
2022-07-04,483854,Delhi,1679.33,1406.7875720417524,1421.9587,1445.8532028751913
2022-07-05,483854,Delhi,1922.81,1442.590194938933,1460.5312,1489.3913253557876
2022-07-06,483854,Delhi,1280.2,1413.000143364439,1432.2491,1461.7271261846995
2022-07-07,483854,Delhi,1173.84,1362.9970444868889,1383.5946,1381.456827856004
2022-07-08,483854,Delhi,937.05,1418.0143349987216,1413.1552,1412.6266712105391
2022-07-09,483854,Delhi,2347.16,1550.093608546259,1548.3506,1535.5309324574046
2022-07-10,483854,Delhi,1683.01,1701.1740163345155,1690.6454,1664.8538448696922
2022-07-01,483854,HR-NCR,2387.04,1066.3103283636026,1038.7817,982.4066510288917
2022-07-02,483854,HR-NCR,2383.89,1442.536502149611,1862.2684,1504.6414526111757
2022-07-03,483854,HR-NCR,690.15,1553.1091459171912,1638.2747,1452.6434712513524
2022-07-04,483854,HR-NCR,1508.09,1407.1502761870056,1475.108,1322.708620492025
2022-07-05,483854,HR-NCR,950.88,1438.2447053975068,1413.4424,1275.58097839683
2022-07-06,483854,HR-NCR,762.86,1317.7672204759913,1608.5829,1439.4196792056546
2022-07-07,483854,HR-NCR,1577.92,1359.0397750758682,1433.8539,1307.4512599526136
2022-07-08,483854,HR-NCR,888.18,1425.4789366698842,1415.5272,1410.4574707875834
2022-07-09,483854,HR-NCR,386.46,1487.087230278164,1608.542,1556.0471941448116
2022-07-10,483854,HR-NCR,831.26,1432.4881063485047,1588.2686,1433.3304328825561
2022-07-01,483855,Delhi,166.81,162.1551927644554,166.15355,156.9975517828349
2022-07-02,483855,Delhi,177.12,186.43789232471326,188.1143,191.21909432394358
2022-07-03,483855,Delhi,173.15,194.1181039222205,193.88866,208.7250982950595
2022-07-04,483855,Delhi,99.98,161.99477172094524,166.15355,155.54575233415238
2022-07-05,483855,Delhi,173.41,161.71581640419345,165.1239,162.6868803392607
2022-07-06,483855,Delhi,190.44,161.30531044363002,165.89207,158.9000240849742
2022-07-07,483855,Delhi,91.18,166.73333183479093,169.71503,160.2474038482729
2022-07-08,483855,Delhi,255.38,161.55376292856258,165.89207,155.9488415999688
2022-07-09,483855,Delhi,265.42,193.06841432729357,193.11807,201.67272640038942
2022-07-10,483855,Delhi,146.0,213.8257394994013,210.84207,227.18796050843312
2022-07-01,483856,Delhi,100.08,162.65400280552646,167.73586,156.3859265011422
2022-07-02,483856,Delhi,164.03,186.15909869220044,189.48721,199.12205061788268
2022-07-03,483856,Delhi,274.72,186.31445142958322,189.08694,201.61035782591046
2022-07-04,483856,Delhi,175.35,164.90910837921422,166.81137,162.05165379261538
2022-07-05,483856,Delhi,112.84,167.83357171175481,170.63432,159.8348344985734
2022-07-06,483856,Delhi,61.37,167.83357171175481,170.63432,160.54470046535803
2022-07-07,483856,Delhi,113.99,167.61416649487592,170.63432,162.03067982433922
2022-07-08,483856,Delhi,210.15,163.79785665768694,169.84273,165.34462684031635
2022-07-09,483856,Delhi,202.14,181.09269851537297,184.62451,200.9990235985325
2022-07-10,483856,Delhi,135.83,180.2420405220414,185.00798,201.5962512396005
2022-07-01,483951,Bengaluru,221.38,188.11543259176244,188.47345,188.86145806987324
2022-07-02,483951,Bengaluru,197.09,214.07352982391131,213.26685,223.18641248615586
2022-07-03,483951,Bengaluru,171.42,216.81155889004327,212.9641,224.2617376209676
2022-07-04,483951,Bengaluru,172.76,187.26467508842015,187.09602,185.78844837120045
2022-07-05,483951,Bengaluru,208.78,188.11543259176244,188.47345,187.4211851952186
2022-07-06,483951,Bengaluru,228.95,183.71692379180726,183.54439,182.20181638973736
2022-07-07,483951,Bengaluru,226.63,187.34944938121163,187.72617,186.58050111568937
2022-07-08,483951,Bengaluru,257.45,189.60882678092273,193.16982,186.80097489581388
2022-07-09,483951,Bengaluru,283.02,216.21377745279602,217.90836,226.129944876072
2022-07-10,483951,Bengaluru,265.54,224.65361658857938,225.28325,232.1232663498356
2022-07-01,483970,Delhi,179.59,182.3980265478569,183.54439,180.2750763574211
2022-07-02,483970,Delhi,269.6,209.14626948745982,207.66919,220.60493403038265
2022-07-03,483970,Delhi,212.15,214.44873728561336,212.61975,224.88973014793646
2022-07-04,483970,Delhi,135.3,188.11543259176244,188.43065,187.56146216046554
2022-07-05,483970,Delhi,152.63,183.01084606826524,185.2062,182.99691709986288
2022-07-06,483970,Delhi,170.72,182.16008856492294,181.97168,180.0281238039985
2022-07-07,483970,Delhi,192.57,182.24486285771442,181.97168,179.05613056520107
2022-07-08,483970,Delhi,237.41,182.24486285771442,181.97168,177.36674879152648
2022-07-09,483970,Delhi,175.46,208.21691662313594,209.76274,222.6952891040523
2022-07-10,483970,Delhi,209.78,208.592124084838,208.71785,220.11908128147223
2022-07-01,484056,Delhi,315.12,219.593553324775,223.09131,220.8571517569451
2022-07-02,484056,Delhi,276.27,266.4182338345729,265.76828,274.71358890237525
2022-07-03,484056,Delhi,236.75,268.3626012458749,265.66318,272.31306444378714
2022-07-04,484056,Delhi,226.39,230.79228161688292,234.28232,228.16228007635627
2022-07-05,484056,Delhi,234.19,221.162713274375,227.47362,220.93449675825752
2022-07-06,484056,Delhi,207.17,229.94152411354062,232.9477,221.13600750886445
2022-07-07,484056,Delhi,301.2,230.42523212882026,236.36815,227.61944249477696
2022-07-08,484056,Delhi,223.2,235.10471987640275,241.99486,234.6456442136217
2022-07-09,484056,Delhi,323.06,269.85096173025084,275.87915,285.7511968369064
2022-07-10,484056,Delhi,421.12,269.4541377507588,272.5784,278.84694698551516
2022-07-01,484060,Delhi,18.98,154.37503227480678,160.16661,142.76559262833413
2022-07-02,484060,Delhi,154.93,179.52235457348235,185.17134,184.25570960409743
2022-07-03,484060,Delhi,286.21,180.75142344647978,181.99466,185.32406560844058
2022-07-04,484060,Delhi,60.17,154.37503227480678,160.16661,147.30900026857756
2022-07-05,484060,Delhi,332.99,156.13878582977748,161.79996,147.40499994044706
2022-07-06,484060,Delhi,80.52,153.80513636272252,160.16661,145.53728381006874
2022-07-07,484060,Delhi,80.13,153.80513636272252,160.16661,142.05142525835683
2022-07-08,484060,Delhi,116.46,153.80513636272252,160.16661,137.1835411504153
2022-07-09,484060,Delhi,336.29,178.00204009367698,182.65536,183.80981594400706
2022-07-10,484060,Delhi,74.55,177.55208701501863,182.74011,191.28858662646547
2022-07-01,484060,HR-NCR,77.3,161.85188843730194,167.2267,163.44949581193822
2022-07-02,484060,HR-NCR,135.59,181.00815977318695,183.92111,200.21098588002496
2022-07-03,484060,HR-NCR,362.3,177.05016455310957,181.27957,187.19598412954798
2022-07-04,484060,HR-NCR,93.08,157.82064155854627,161.29301,155.46128806166908
2022-07-05,484060,HR-NCR,159.11,155.52169577576714,161.79996,153.2058141413366
2022-07-06,484060,HR-NCR,111.68,154.37503227480678,160.16661,145.64355124627735
2022-07-07,484060,HR-NCR,143.38,155.6112823017603,161.79996,153.0985766694604
2022-07-08,484060,HR-NCR,106.37,155.6112823017603,161.79996,151.59164263758157
2022-07-09,484060,HR-NCR,234.44,177.05016455310957,181.02202,181.51185413373824
2022-07-10,484060,HR-NCR,172.6,179.2008752924777,182.84027,192.1635171913347
2022-07-01,484064,Bengaluru,253.13,247.41585904065198,251.31795,246.7966974090076
2022-07-02,484064,Bengaluru,256.12,288.29461637457825,289.24155,301.2265997403902
2022-07-03,484064,Bengaluru,443.28,268.34174508036693,268.82635,279.60533688330224
2022-07-04,484064,Bengaluru,218.26,245.8789886083361,250.57997,245.17936021603867
2022-07-05,484064,Bengaluru,276.78,246.72974611167845,251.35265,248.9141210563085
2022-07-06,484064,Bengaluru,188.73,247.25336873186131,250.45238,242.5015484608681
2022-07-07,484064,Bengaluru,208.39,247.18054784846183,250.45238,245.15021620868174
2022-07-08,484064,Bengaluru,264.58,240.18529709180984,244.1024,236.95267250405834
2022-07-09,484064,Bengaluru,288.58,274.77712349399553,277.26355,285.1502661638096
2022-07-10,484064,Bengaluru,184.74,287.72768444504874,285.43875,295.36252916457994
2022-07-01,484064,Delhi,395.93,480.4874182096995,489.51685,485.4590030794387
2022-07-02,484064,Delhi,397.73,553.8546451669752,557.7621,553.9467065929733
2022-07-03,484064,Delhi,298.37,556.3533603955043,563.0402,573.9150740353812
2022-07-04,484064,Delhi,366.81,471.15953125318896,465.2691,485.75919759959726
2022-07-05,484064,Delhi,271.05,455.3352470151735,453.12836,460.8081755939554
2022-07-06,484064,Delhi,675.72,453.56524150588285,455.03046,465.27694696473714
2022-07-07,484064,Delhi,560.82,463.4931904131798,457.57492,474.9177462935154
2022-07-08,484064,Delhi,472.08,455.60130769501535,462.91388,462.6332825611889
2022-07-09,484064,Delhi,433.71,536.0591703889622,520.48145,525.637704965754
2022-07-10,484064,Delhi,592.7,526.1066812380598,512.14703,518.3720366230548
2022-07-01,484064,HR-NCR,182.24,270.8138297925009,276.27972,272.3632849133852
2022-07-02,484064,HR-NCR,300.69,311.6422855487908,312.90775,322.95161112158235
2022-07-03,484064,HR-NCR,426.51,309.86192153839755,308.8286,316.0820485271936
2022-07-04,484064,HR-NCR,332.23,270.74801773168736,277.39285,271.9283963236774
2022-07-05,484064,HR-NCR,145.39,270.6561124409516,276.59634,271.0907992255318
2022-07-06,484064,HR-NCR,224.42,264.62046162991777,266.84018,261.49576497934936
2022-07-07,484064,HR-NCR,290.38,264.2617334674948,266.10226,260.48234423911117
2022-07-08,484064,HR-NCR,256.74,266.94813107008287,269.97122,266.3077405186569
2022-07-09,484064,HR-NCR,305.04,309.80126666621373,307.1718,311.8760756590772
2022-07-10,484064,HR-NCR,314.97,311.1983592173421,308.33572,319.3427557565362
2022-07-01,484067,Delhi,252.34,321.4367489336524,329.3424,313.8370260888284
2022-07-02,484067,Delhi,539.82,366.03730877058706,367.3107,389.7947992006637
2022-07-03,484067,Delhi,355.8,370.99874099224195,365.495,370.2087856578097
2022-07-04,484067,Delhi,188.21,322.4653617201012,335.5738,331.9361999892493
2022-07-05,484067,Delhi,480.32,319.04555612842034,322.94897,319.34347825378865
2022-07-06,484067,Delhi,183.81,332.4976078846613,333.10266,335.1666785437578
2022-07-07,484067,Delhi,292.33,330.618601544425,326.50583,327.6990330434999
2022-07-08,484067,Delhi,206.12,340.83572714200506,332.374,321.0428920877017
2022-07-09,484067,Delhi,413.83,394.48312243808715,376.15298,398.3319822684362
2022-07-10,484067,Delhi,558.79,395.37114612300553,379.24274,394.9434417342752
2022-07-01,484343,Bengaluru,71.22,167.9627934956403,171.91022,168.37655263347173
2022-07-02,484343,Bengaluru,304.16,192.82647225579728,192.9543,197.3176891714262
2022-07-03,484343,Bengaluru,316.41,198.69766224276592,198.07309,209.51102332478672
2022-07-04,484343,Bengaluru,150.27,180.19488825328688,184.8865,182.5985386648738
2022-07-05,484343,Bengaluru,157.94,171.72953198992587,175.35968,165.60505066399375
2022-07-06,484343,Bengaluru,161.15,179.34413074994458,183.55188,171.6505073211892
2022-07-07,484343,Bengaluru,113.81,179.42890504273606,182.69426,175.83917176724475
2022-07-08,484343,Bengaluru,63.74,180.3692490720715,182.72646,172.03002633513083
2022-07-09,484343,Bengaluru,236.3,193.00283200274023,194.49095,200.88341691610347
2022-07-10,484343,Bengaluru,76.8,199.50226455488504,199.76962,219.3252731922613
2022-07-01,485160,Delhi,173.37,155.22491459563216,160.42809,151.9328692554992
2022-07-02,485160,Delhi,162.03,177.460670513673,181.2835,189.8835931055808
2022-07-03,485160,Delhi,141.76,177.460670513673,181.54105,189.16486129208528
2022-07-04,485160,Delhi,138.84,155.52909410530253,160.42809,153.58711056131736
2022-07-05,485160,Delhi,165.92,154.56393465986645,160.16661,152.98936283144178
2022-07-06,485160,Delhi,103.26,154.86811416953682,160.16661,153.60360806534376
2022-07-07,485160,Delhi,133.3,154.37503227480678,160.16661,150.76045155223073
2022-07-08,485160,Delhi,172.36,154.37503227480678,160.16661,152.83706392635
2022-07-09,485160,Delhi,146.6,177.05016455310957,181.02202,187.3914531907379
2022-07-10,485160,Delhi,182.33,177.05016455310957,181.27957,188.86664625625698
2022-07-01,485478,Delhi,188.89,164.90910837921422,167.14851,163.3162723397464
2022-07-02,485478,Delhi,250.67,187.0566807715207,189.57428,199.0279351688758
2022-07-03,485478,Delhi,160.12,190.43384239547646,190.38112,197.17049725282692
2022-07-04,485478,Delhi,113.66,168.18989737925023,172.32294,163.96517088743056
2022-07-05,485478,Delhi,163.47,167.83357171175481,170.63432,163.10655608803313
2022-07-06,485478,Delhi,94.87,167.9627934956403,171.57307,165.84760600961368
2022-07-07,485478,Delhi,154.86,167.9183460045463,170.63432,162.23744722695798
2022-07-08,485478,Delhi,180.24,167.9183460045463,170.63432,167.88995164935267
2022-07-09,485478,Delhi,208.39,193.4017657252284,193.19615,206.4158972522493
2022-07-10,485478,Delhi,162.01,193.37803946444228,193.21185,202.28301083618584
2022-07-01,485516,Delhi,153.95,154.37503227480678,160.16661,147.81225056731185
2022-07-02,485516,Delhi,95.97,177.05016455310957,181.02202,178.1423483476822
2022-07-03,485516,Delhi,247.71,177.05016455310957,181.27957,183.40698404172713
2022-07-04,485516,Delhi,78.25,154.37503227480678,160.16661,146.44857043446888
2022-07-05,485516,Delhi,148.17,154.37503227480678,160.16661,145.65239377008132
2022-07-06,485516,Delhi,122.8,154.37503227480678,160.16661,148.8006597632119
2022-07-07,485516,Delhi,78.07,154.37503227480678,160.16661,148.65336747216168
2022-07-08,485516,Delhi,160.06,154.37503227480678,160.16661,148.31014397999263
2022-07-09,485516,Delhi,263.62,177.05016455310957,181.02202,180.61778713212084
2022-07-10,485516,Delhi,150.45,177.17003766857766,181.27957,190.0318303946184
2022-07-01,486016,Delhi,460.4,375.61537757426754,404.1484,383.8845850774149
2022-07-02,486016,Delhi,19.66,522.026723557358,496.11594,491.0332410936878
2022-07-03,486016,Delhi,91.71,592.5896220240081,562.6652,538.8549465440612
2022-07-04,486016,Delhi,57.57,531.2290481319981,412.28934,424.0790626762902
2022-07-05,486016,Delhi,500.41,466.0978246571393,416.69006,407.1238220654471
2022-07-06,486016,Delhi,313.67,440.2839150396662,518.7305,505.2952774162192
2022-07-07,486016,Delhi,68.44,433.4851104095186,396.75998,379.2199568669045
2022-07-08,486016,Delhi,0.99,439.9035680105918,407.86066,412.5954621563876
2022-07-09,486016,Delhi,140.13,653.8375809997755,626.79785,582.1743847598286
2022-07-10,486016,Delhi,1216.62,392.0452103982808,432.14542,381.41499464562884
2022-07-01,486016,Mumbai,407.64,379.24127501630437,376.76624,381.5479875405577
2022-07-02,486016,Mumbai,133.75,430.6338516658788,410.22662,413.96314739575865
2022-07-03,486016,Mumbai,558.17,430.55814138499113,418.72345,431.3686448241165
2022-07-04,486016,Mumbai,189.59,380.65103068365426,376.11142,391.25043413786767
2022-07-05,486016,Mumbai,330.8,355.7381000111974,360.4022,359.93083272957114
2022-07-06,486016,Mumbai,370.17,359.6638077920038,358.54462,360.61261558048295
2022-07-07,486016,Mumbai,640.48,365.14267156427303,361.48993,366.4365477013611
2022-07-08,486016,Mumbai,777.09,378.52671767490887,369.76257,379.2554952884752
2022-07-09,486016,Mumbai,290.2,447.897694154585,437.20135,431.40217342758626
2022-07-10,486016,Mumbai,398.65,437.4962688065066,432.146,439.6347792242
2022-07-01,486017,Mumbai,451.04,398.5872202179564,394.51935,394.0428419202477
2022-07-02,486017,Mumbai,469.32,469.07899040551905,447.83716,463.84313530111825
2022-07-03,486017,Mumbai,722.35,464.28581702934065,454.34656,473.24695288178475
2022-07-04,486017,Mumbai,305.33,417.0700564236866,413.86627,419.37581721290684
2022-07-05,486017,Mumbai,453.3,401.48157023491007,397.69592,393.3527680164434
2022-07-06,486017,Mumbai,365.71,404.75563073945557,409.07825,413.9679566839365
2022-07-07,486017,Mumbai,343.21,392.87265391656604,396.52753,396.85798953560624
2022-07-08,486017,Mumbai,494.02,382.52299243268607,390.70694,382.70639319844173
2022-07-09,486017,Mumbai,346.0,437.71848402724044,440.46793,447.55353339054665
2022-07-10,486017,Mumbai,579.92,440.146279682286,446.2102,457.86774052385033
2022-07-01,486018,Delhi,559.94,444.7399615758387,445.25742,444.3239976694125
2022-07-02,486018,Delhi,306.13,520.4276339238185,518.9884,523.4253782383519
2022-07-03,486018,Delhi,556.44,497.9110610442733,500.53683,503.78710428229147
2022-07-04,486018,Delhi,704.7,452.0714715714139,452.77338,451.68721176805775
2022-07-05,486018,Delhi,471.12,456.1837164398824,455.29352,453.6929710892784
2022-07-06,486018,Delhi,555.42,449.5020237980387,464.77472,464.952870445432
2022-07-07,486018,Delhi,435.9,456.26359917136887,460.84024,458.1214610517478
2022-07-08,486018,Delhi,827.19,450.2031713266025,456.2405,460.0455849372788
2022-07-09,486018,Delhi,424.74,551.2590065144567,531.6309,529.7987844330218
2022-07-10,486018,Delhi,637.32,521.9385563805395,518.26624,511.16333958352067
2022-07-01,486018,HR-NCR,361.92,246.75650003633797,253.51245,257.3113198626841
2022-07-02,486018,HR-NCR,287.27,303.79656037568736,299.20905,306.2534015644775
2022-07-03,486018,HR-NCR,309.76,304.89266794070454,299.5521,301.4562066507804
2022-07-04,486018,HR-NCR,159.44,259.3755865221621,264.4114,252.24757972304224
2022-07-05,486018,HR-NCR,228.02,258.68920614004213,264.42444,255.8336153908812
2022-07-06,486018,HR-NCR,183.66,257.6042772093096,261.20407,262.6567940025141
2022-07-07,486018,HR-NCR,304.04,246.76382643930913,252.52217,251.1125200728279
2022-07-08,486018,HR-NCR,303.43,259.8594748189882,264.29715,270.0463020599608
2022-07-09,486018,HR-NCR,264.02,287.27931374664223,288.97632,297.5311183903436
2022-07-10,486018,HR-NCR,209.23,302.8250477988795,297.26047,301.37887776347634
2022-07-01,486124,Delhi,1123.96,1206.972525073925,1003.2131,1074.8518490499405
2022-07-02,486124,Delhi,458.42,1301.2362201041033,1298.1263,1323.7896453902179
2022-07-03,486124,Delhi,2337.02,1320.4637106591956,1280.8347,1303.9681914241098
2022-07-04,486124,Delhi,191.85,1085.834922786278,1113.538,1157.08166135049
2022-07-05,486124,Delhi,1140.17,850.3496146949175,961.2304,1025.4973744485399
2022-07-06,486124,Delhi,536.11,1253.762539623222,1141.1953,1186.4182542483602
2022-07-07,486124,Delhi,245.4,1200.5639699134651,1156.9034,1268.6619268451623
2022-07-08,486124,Delhi,3006.94,1219.9927090623207,1378.5413,1302.1609825533437
2022-07-09,486124,Delhi,1063.08,1627.2254217021086,1675.2102,1614.009877746712
2022-07-10,486124,Delhi,135.91,1272.6961728717247,1433.6168,1418.4993018171783
2022-07-01,486124,HR-NCR,177.65,512.5395668345355,421.7186,459.00426462093105
2022-07-02,486124,HR-NCR,524.49,517.0629547142873,446.50522,448.2663186674852
2022-07-03,486124,HR-NCR,770.7,569.2649919131775,755.28906,667.2710682220813
2022-07-04,486124,HR-NCR,410.49,422.10267704064415,439.1146,443.249984692821
2022-07-05,486124,HR-NCR,227.06,418.00627067352826,403.7834,388.8738332753853
2022-07-06,486124,HR-NCR,258.91,424.75819994212816,406.99228,392.86636579776143
2022-07-07,486124,HR-NCR,601.14,416.36995920553096,419.5377,404.3451109208448
2022-07-08,486124,HR-NCR,318.37,474.59852882219036,435.0913,448.4422975761476
2022-07-09,486124,HR-NCR,109.98,588.1088794128772,517.84064,528.9627293192184
2022-07-10,486124,HR-NCR,321.04,619.4377386642261,518.8394,554.1063774952137
2022-07-01,486125,Mumbai,455.14,526.4698161944351,531.1426,532.1678011584132
2022-07-02,486125,Mumbai,620.8,597.5340079273224,598.5464,600.3883780495293
2022-07-03,486125,Mumbai,604.14,603.0073704795469,603.3446,605.570368670973
2022-07-04,486125,Mumbai,516.24,526.4698161944351,531.1426,535.4954179095603
2022-07-05,486125,Mumbai,508.81,520.7168594004295,527.84564,530.8678690407264
2022-07-06,486125,Mumbai,522.27,520.9190121587118,527.9353,534.2545887885382
2022-07-07,486125,Mumbai,461.55,521.9350838465045,527.9353,535.8570975710103
2022-07-08,486125,Mumbai,357.08,520.6107237058802,523.0898,523.838412258895
2022-07-09,486125,Mumbai,643.06,597.2944847160405,588.02673,596.264421253356
2022-07-10,486125,Mumbai,569.71,600.269132039736,594.8383,598.346750276928
2022-07-01,486339,Bengaluru,117.26,234.36038559284404,244.36176,232.61229215145764
2022-07-02,486339,Bengaluru,330.61,266.0765091955921,282.8334,301.9972293741163
2022-07-03,486339,Bengaluru,154.6,266.86434009426824,263.70746,279.7915849864717
2022-07-04,486339,Bengaluru,137.95,232.60314382116837,230.41869,226.83308243214958
2022-07-05,486339,Bengaluru,360.63,232.62399998667632,230.0113,230.6542168290137
2022-07-06,486339,Bengaluru,224.04,232.1500468367028,231.71442,233.0956915912948
2022-07-07,486339,Bengaluru,96.2,236.39591048107394,233.70361,230.6110384466111
2022-07-08,486339,Bengaluru,164.89,232.8937740139036,230.0113,227.14648251862818
2022-07-09,486339,Bengaluru,75.43,267.5931885543993,263.90268,282.7209584794679
2022-07-10,486339,Bengaluru,391.97,264.02971962000714,253.67165,267.7755330751439
2022-07-01,486339,Delhi,59.69,160.5457800677668,165.4665,150.55936316733462
2022-07-02,486339,Delhi,93.12,185.91017023521553,188.14235,198.67134270169205
2022-07-03,486339,Delhi,124.77,185.66828764290725,187.68481,187.29381881057049
2022-07-04,486339,Delhi,110.22,167.06089429634545,172.65216,167.5941776101383
2022-07-05,486339,Delhi,128.3,157.9775877022679,161.53487,155.06467365463064
2022-07-06,486339,Delhi,210.33,157.3072462624167,161.29301,158.57455486598676
2022-07-07,486339,Delhi,506.73,185.242902867717,166.68407,176.77662329186393
2022-07-08,486339,Delhi,20.99,152.7800738566055,161.12892,150.3727946465634
2022-07-09,486339,Delhi,503.05,202.60524691141632,189.26015,205.47505652893557
2022-07-10,486339,Delhi,234.11,195.75729682975407,189.65973,197.2533460696606
2022-07-01,486339,HR-NCR,280.38,154.37503227480678,160.16661,147.6682395916615
2022-07-02,486339,HR-NCR,192.5,177.460670513673,181.2835,186.7330917716971
2022-07-03,486339,HR-NCR,470.21,178.89285544033152,183.1744,190.07654905941192
2022-07-04,486339,HR-NCR,131.78,155.206711748968,163.90091,157.31663332852202
2022-07-05,486339,HR-NCR,161.66,158.1193906723449,163.90091,153.01257147402555
2022-07-06,486339,HR-NCR,96.26,162.73137315627008,168.49998,155.55924851377188
2022-07-07,486339,HR-NCR,145.57,163.756491478397,168.3009,160.60980251690472
2022-07-08,486339,HR-NCR,217.17,158.8731012771088,165.39032,162.9817095680909
2022-07-09,486339,HR-NCR,137.94,177.76286099102148,183.29276,189.70469551113428
2022-07-10,486339,HR-NCR,104.94,174.0423871785958,184.57043,198.3965987385346
2022-07-01,486342,Delhi,107.83,182.16008856492294,181.97168,171.90089583026818
2022-07-02,486342,Delhi,132.65,209.03214735503735,208.6762,220.3713147850929
2022-07-03,486342,Delhi,396.4,207.4842388986877,206.80356,221.22763694306877
2022-07-04,486342,Delhi,182.17,182.04170088036147,181.79489,183.50995108409842
2022-07-05,486342,Delhi,257.37,181.80376289742753,181.79489,176.39958128536318
2022-07-06,486342,Delhi,113.43,183.24878405119918,184.04843,183.78503379272493
2022-07-07,486342,Delhi,244.06,182.24486285771442,183.54439,175.71303488849588
2022-07-08,486342,Delhi,241.81,182.24486285771442,184.13173,177.163811047548
2022-07-09,486342,Delhi,155.62,212.25341908080097,214.93799,219.15314604419675
2022-07-10,486342,Delhi,114.58,212.39068855956907,215.95811,225.1661966232416
2022-07-01,486376,Delhi,1371.66,1048.7769455280334,1008.45245,1016.6050519370797
2022-07-02,486376,Delhi,1440.25,1239.6109652419416,1166.1926,1158.4397375315468
2022-07-03,486376,Delhi,1358.58,1236.9573374086267,1193.7693,1185.2336503962922
2022-07-04,486376,Delhi,1837.06,1114.392136361666,1068.1785,1057.7434698134243
2022-07-05,486376,Delhi,1294.48,1113.8078665015444,1111.4353,1120.953335750703
2022-07-06,486376,Delhi,648.69,1118.620883755702,1110.3611,1087.7930721039645
2022-07-07,486376,Delhi,925.38,1135.726312963859,1141.9174,1144.2845245061058
2022-07-08,486376,Delhi,379.01,1127.2840106923761,1090.5773,1089.3518900983172
2022-07-09,486376,Delhi,820.9,1301.4484681230333,1251.1996,1215.6713496076916
2022-07-10,486376,Delhi,724.54,1259.1713491151334,1265.0037,1245.3514285851227
2022-07-01,486376,HR-NCR,895.52,770.2105929272747,791.50696,790.4306192834108
2022-07-02,486376,HR-NCR,946.81,852.5569481284563,886.5558,880.8263656717862
2022-07-03,486376,HR-NCR,1245.51,859.0811249789004,882.27637,850.6449000974092
2022-07-04,486376,HR-NCR,334.78,800.6326715812719,809.6478,826.6108199567776
2022-07-05,486376,HR-NCR,251.81,785.5130518560085,783.5253,793.5914896294513
2022-07-06,486376,HR-NCR,1033.23,712.8990703293442,728.1994,721.4031705330058
2022-07-07,486376,HR-NCR,707.62,760.6400638870782,746.69244,739.3700928001153
2022-07-08,486376,HR-NCR,691.98,755.8302138415556,768.7047,749.8490780736415
2022-07-09,486376,HR-NCR,687.87,866.3896198702859,887.14465,897.2047582292756
2022-07-10,486376,HR-NCR,935.62,841.9058982697305,831.6734,835.6827402076217
2022-07-01,486377,Delhi,214.18,246.87212996906214,249.99945,250.83097424541668
2022-07-02,486377,Delhi,317.86,288.7766189504702,288.2047,296.0135898460213
2022-07-03,486377,Delhi,363.96,288.5541904232415,289.4599,300.25322263743914
2022-07-04,486377,Delhi,269.81,247.0827373789773,251.27756,250.84866598142165
2022-07-05,486377,Delhi,458.84,246.4026112285189,253.10345,249.1910097740553
2022-07-06,486377,Delhi,270.97,268.5177143244384,273.7452,273.4112085502503
2022-07-07,486377,Delhi,180.86,267.68852048169447,269.34424,257.91958991590434
2022-07-08,486377,Delhi,232.34,263.1050564493363,266.6314,255.11501140461746
2022-07-09,486377,Delhi,274.93,306.8264527350019,301.4026,297.33388838178837
2022-07-10,486377,Delhi,296.8,313.49416501350976,309.95618,316.0104879940258
2022-07-01,486377,HR-NCR,174.73,156.44378854972803,162.18678,157.05420587119235
2022-07-02,486377,HR-NCR,174.99,177.460670513673,181.2835,187.94467000324863
2022-07-03,486377,HR-NCR,150.11,178.1555102337792,182.64192,190.16227525922406
2022-07-04,486377,HR-NCR,164.1,155.52909410530253,160.42809,149.82700382172686
2022-07-05,486377,HR-NCR,161.94,155.52909410530253,160.42809,151.81277201006398
2022-07-06,486377,HR-NCR,190.67,155.52909410530253,160.42809,148.9303414968827
2022-07-07,486377,HR-NCR,226.04,155.64896722077063,160.42809,151.14902249449136
2022-07-08,486377,HR-NCR,228.23,155.7489488296218,161.0859,151.8236066914889
2022-07-09,486377,HR-NCR,158.62,179.86683306033936,183.28989,191.69269535330915
2022-07-10,486377,HR-NCR,235.22,180.2420405220414,183.54744,189.57155457315838
2022-07-01,487659,Delhi,272.75,280.42296020033046,278.89114,276.93465592112193
2022-07-02,487659,Delhi,403.56,325.30091387265884,318.10587,331.37068982978974
2022-07-03,487659,Delhi,263.61,320.84316073284486,316.52768,328.56853352537973
2022-07-04,487659,Delhi,361.16,277.1656122826205,276.56317,275.8598438703956
2022-07-05,487659,Delhi,373.15,283.4456022348285,286.9241,285.02696631015846
2022-07-06,487659,Delhi,255.57,282.9681877668086,284.8511,278.9341452818268
2022-07-07,487659,Delhi,158.84,282.4080604562016,282.38647,270.3772819112407
2022-07-08,487659,Delhi,243.09,284.1910209447861,285.35883,281.8005490100659
2022-07-09,487659,Delhi,258.53,327.37283219257546,323.09268,336.29262570424874
2022-07-10,487659,Delhi,367.42,316.0821927984974,316.91376,328.02391336391105
2022-07-01,487659,HR-NCR,217.75,208.88242750388892,210.13573,209.9743000450036
2022-07-02,487659,HR-NCR,268.1,237.7044924065214,236.40031,238.42765754835645
2022-07-03,487659,HR-NCR,211.23,239.21597879726392,239.40216,252.90503287914507
2022-07-04,487659,HR-NCR,167.84,209.04491781267959,211.83246,204.66742537836407
2022-07-05,487659,HR-NCR,215.54,201.84808591332353,205.72893,198.28431671382407
2022-07-06,487659,HR-NCR,190.95,208.03167000054663,208.80112,201.31125058183625
2022-07-07,487659,HR-NCR,155.27,208.1164442933381,208.80112,202.61588895117413
2022-07-08,487659,HR-NCR,206.3,205.4996503190393,208.16476,203.43112384753942
2022-07-09,487659,HR-NCR,295.4,235.89758060207112,234.05048,244.47616108637968
2022-07-10,487659,HR-NCR,242.19,238.65499333765456,236.89972,247.4617355578014
2022-07-01,487707,Delhi,267.4,228.7712978864288,230.23196,225.09213684686947
2022-07-02,487707,Delhi,237.38,260.20376134164945,260.3173,271.78772282144814
2022-07-03,487707,Delhi,231.74,266.6309509874842,263.27863,274.6926276463243
2022-07-04,487707,Delhi,242.29,227.89851641543365,230.59392,226.78739639780144
2022-07-05,487707,Delhi,236.32,228.37236416394066,229.4298,223.29950754189684
2022-07-06,487707,Delhi,189.76,229.22312166728295,230.76443,224.32771485631307
2022-07-07,487707,Delhi,197.7,228.45713845673214,229.4298,224.63932049262
2022-07-08,487707,Delhi,239.22,229.3974824860676,229.79399,224.61780163573664
2022-07-09,487707,Delhi,279.32,261.58910216757874,259.94955,270.71900645715294
2022-07-10,487707,Delhi,261.26,261.58226028283985,258.4976,270.2275992007424
2022-07-01,487707,HR-NCR,180.65,154.37503227480678,160.16661,147.86193302803636
2022-07-02,487707,HR-NCR,133.17,177.05016455310957,181.02202,188.18667307877922
2022-07-03,487707,HR-NCR,204.65,177.05016455310957,181.27957,186.42845023527067
2022-07-04,487707,HR-NCR,143.71,154.37503227480678,160.16661,151.2623752766631
2022-07-05,487707,HR-NCR,131.2,154.37503227480678,160.16661,150.68015263993877
2022-07-06,487707,HR-NCR,174.54,154.37503227480678,160.16661,148.18013863067063
2022-07-07,487707,HR-NCR,155.9,154.37503227480678,160.16661,150.02246558834
2022-07-08,487707,HR-NCR,157.89,154.67921178447716,160.16661,149.140951089252
2022-07-09,487707,HR-NCR,205.51,178.57193600576124,182.39522,189.5381257061862
2022-07-10,487707,HR-NCR,172.98,177.23906693816923,181.27957,190.73290145498973
2022-07-01,487712,Bengaluru,344.46,343.6172474795072,347.60083,343.2775696390353
2022-07-02,487712,Bengaluru,457.78,396.03448299290807,384.56454,392.7990363614212
2022-07-03,487712,Bengaluru,368.53,396.65837126619874,394.08688,412.04494708592085
2022-07-04,487712,Bengaluru,326.07,344.2267886119106,347.8167,348.1744218849184
2022-07-05,487712,Bengaluru,321.88,344.54171277113977,348.84448,347.12014780169955
2022-07-06,487712,Bengaluru,411.5,344.2267886119106,344.50665,344.36676507592387
2022-07-07,487712,Bengaluru,324.25,344.4708288585095,342.59402,339.1848166357526
2022-07-08,487712,Bengaluru,404.55,345.08036999091286,346.11996,341.19169798200335
2022-07-09,487712,Bengaluru,399.9,397.76602840814314,391.28082,404.1237814162077
2022-07-10,487712,Bengaluru,441.34,396.66951287535665,390.91534,402.6934534603339
2022-07-01,487712,Delhi,710.41,568.6955631989277,568.6856,588.5417709309265
2022-07-02,487712,Delhi,678.85,655.3758408046978,644.07336,659.265515286477
2022-07-03,487712,Delhi,616.57,650.1497917813567,643.5444,651.1236297106457
2022-07-04,487712,Delhi,460.92,571.9853831558129,595.5095,603.1348213102914
2022-07-05,487712,Delhi,715.76,562.2085702068979,559.65607,576.9718987687577
2022-07-06,487712,Delhi,441.49,568.4934104406454,565.8906,576.4634137950106
2022-07-07,487712,Delhi,338.46,564.2258096673002,564.60004,574.6451499275853
2022-07-08,487712,Delhi,536.25,564.2258096673002,557.8979,581.4814850896998
2022-07-09,487712,Delhi,781.03,652.3360581794093,636.4484,656.2744048406857
2022-07-10,487712,Delhi,944.06,654.3240386382664,644.13043,669.1079998530756
2022-07-01,487712,HR-NCR,356.73,341.7362212691037,343.4425,347.61876637579905
2022-07-02,487712,HR-NCR,716.01,392.75636423137615,384.37897,395.46267600076703
2022-07-03,487712,HR-NCR,467.8,418.0779328083376,397.5176,415.7753365766436
2022-07-04,487712,HR-NCR,354.48,343.6172474795072,347.60083,344.7589665036644
2022-07-05,487712,HR-NCR,395.9,344.3077717700107,347.60083,345.16342227740034
2022-07-06,487712,HR-NCR,558.53,357.1564994757352,346.28345,337.43486601554116
2022-07-07,487712,HR-NCR,326.82,375.37376114266726,381.07806,371.8438500814485
2022-07-08,487712,HR-NCR,303.86,364.79719159502,375.0798,356.39012745932877
2022-07-09,487712,HR-NCR,377.26,418.7194938779162,429.82733,426.2811093410413
2022-07-10,487712,HR-NCR,552.86,413.87908107929184,424.36044,422.5690448827274
2022-07-01,487713,Bengaluru,890.13,839.757017289221,836.6167,845.6058784229822
2022-07-02,487713,Bengaluru,1143.85,947.2400464448064,945.5577,937.5712779673979
2022-07-03,487713,Bengaluru,1040.11,946.0285599418373,954.9002,950.574220485965
2022-07-04,487713,Bengaluru,883.06,838.5353114909154,847.8886,854.6301602552962
2022-07-05,487713,Bengaluru,935.41,844.5061362764264,849.1324,862.7742668633393
2022-07-06,487713,Bengaluru,701.65,846.0444850595547,848.29803,858.6083497123146
2022-07-07,487713,Bengaluru,864.46,851.3563982675286,849.275,864.2955517457469
2022-07-08,487713,Bengaluru,1047.4,851.3353052611212,848.11237,858.2813719364274
2022-07-09,487713,Bengaluru,1157.37,975.7806842860613,971.72955,978.8846218265877
2022-07-10,487713,Bengaluru,781.1,969.4921809066004,977.38074,981.0973732241735
2022-07-01,487713,Delhi,528.72,330.229428388662,328.87656,330.30665051822467
2022-07-02,487713,Delhi,370.72,395.56185573341224,387.49106,400.58855280527024
2022-07-03,487713,Delhi,528.21,392.441440072147,380.39078,395.7328321032616
2022-07-04,487713,Delhi,220.28,340.7411709594162,341.20923,340.9513649812958
2022-07-05,487713,Delhi,257.22,341.2588068010838,337.16376,333.4735916401995
2022-07-06,487713,Delhi,219.58,341.4212971098745,338.9376,335.43076557916027
2022-07-07,487713,Delhi,476.71,331.1749150584,329.5619,328.5886065519115
2022-07-08,487713,Delhi,467.29,331.82979377658324,329.1964,336.4348122699492
2022-07-09,487713,Delhi,579.99,379.85881750033644,374.46893,386.16146484996665
2022-07-10,487713,Delhi,236.14,402.20302993475,386.7201,398.6522567296224
2022-07-01,487713,HR-NCR,211.88,246.89223642046912,252.3039,247.0616737270043
2022-07-02,487713,HR-NCR,287.4,274.3603847038685,278.4688,290.3625954390792
2022-07-03,487713,HR-NCR,322.83,286.9323145887085,277.0034,283.90112669425946
2022-07-04,487713,HR-NCR,224.08,247.0827373789773,250.63766,249.37114521618207
2022-07-05,487713,HR-NCR,266.57,246.80154495100714,249.16824,244.31482503427543
2022-07-06,487713,HR-NCR,194.78,246.4026112285189,249.64145,243.69090285722268
2022-07-07,487713,HR-NCR,252.4,246.69324142125413,249.75757,241.02689974968544
2022-07-08,487713,HR-NCR,158.91,247.86666077743536,254.67436,254.87703969688963
2022-07-09,487713,HR-NCR,280.36,288.6542950725251,280.6411,298.5134560027007
2022-07-10,487713,HR-NCR,250.72,286.30626179699215,273.7145,287.3845632252927
2022-07-01,487714,Bengaluru,587.8,477.6049034421239,476.25458,466.8282773866165
2022-07-02,487714,Bengaluru,497.24,562.52499443834,563.0567,552.943028062524
2022-07-03,487714,Bengaluru,618.67,554.9768525493172,558.0546,553.4247109320661
2022-07-04,487714,Bengaluru,577.83,489.40131465598637,496.4879,507.0033548990113
2022-07-05,487714,Bengaluru,432.49,489.40131465598637,495.62326,497.4308283551485
2022-07-06,487714,Bengaluru,536.71,481.4572210871119,488.8369,479.6162706255454
2022-07-07,487714,Bengaluru,293.96,489.4898786112509,494.04218,493.2041550138277
2022-07-08,487714,Bengaluru,441.3,474.4775598482522,483.86267,475.60309561947
2022-07-09,487714,Bengaluru,786.63,547.322052058501,548.84357,543.134286885695
2022-07-10,487714,Bengaluru,716.08,562.5593126330454,564.04095,564.883967417993
2022-07-01,487714,Delhi,899.15,989.3908009610564,981.42755,999.0121734401397
2022-07-02,487714,Delhi,971.88,1134.5963457049309,1102.9078,1105.8131572760187
2022-07-03,487714,Delhi,1019.68,1125.0160254458867,1102.1234,1095.3146438433473
2022-07-04,487714,Delhi,881.46,973.6621521164847,973.991,973.8264120588979
2022-07-05,487714,Delhi,919.3,974.5273823705642,947.80597,958.4084664009022
2022-07-06,487714,Delhi,950.11,915.6249810507502,957.88324,965.9132454147133
2022-07-07,487714,Delhi,947.79,917.2484221570342,939.4704,956.2954769154479
2022-07-08,487714,Delhi,1199.31,914.7610599006805,934.9078,941.919849137226
2022-07-09,487714,Delhi,997.86,1119.6303103164355,1088.096,1072.1219801206
2022-07-10,487714,Delhi,1180.06,1123.799164776761,1096.4829,1081.8396359985188
2022-07-01,487714,HR-NCR,386.78,382.139248657668,391.34872,387.1111875166179
2022-07-02,487714,HR-NCR,335.78,439.35477198966345,441.62277,453.766928004454
2022-07-03,487714,HR-NCR,591.83,438.34809824983813,440.8929,448.9488789204023
2022-07-04,487714,HR-NCR,378.21,387.8037691851051,392.31046,388.9856751635149
2022-07-05,487714,HR-NCR,469.66,381.7183109406139,391.5029,390.65607813188967
2022-07-06,487714,HR-NCR,538.67,382.7487897900714,391.65268,390.5974360458687
2022-07-07,487714,HR-NCR,403.77,397.32182801901934,395.37946,389.7407205277499
2022-07-08,487714,HR-NCR,444.53,391.28664760652805,395.25812,396.3604063005291
2022-07-09,487714,HR-NCR,517.55,448.69675591357304,452.64142,454.86394792686724
2022-07-10,487714,HR-NCR,415.3,448.2904536815704,453.89523,457.7415877341664
2022-07-01,487714,Mumbai,258.19,243.88070353027786,240.88701,237.23285537365433
2022-07-02,487714,Mumbai,284.96,286.8191832714009,271.61877,292.0511679998451
2022-07-03,487714,Mumbai,230.58,274.0744975885201,268.22888,280.403605829064
2022-07-04,487714,Mumbai,170.5,237.67444023793868,237.2134,233.27225166730625
2022-07-05,487714,Mumbai,224.58,232.86412027499665,231.78575,232.1773278115178
2022-07-06,487714,Mumbai,261.82,233.0008043400451,233.04904,232.88011623442443
2022-07-07,487714,Mumbai,274.91,233.38102105877348,233.04904,231.30764839944032
2022-07-08,487714,Mumbai,278.52,238.90541446000935,238.54802,237.0884125477515
2022-07-09,487714,Mumbai,194.97,269.42993027038904,273.545,291.6481197427345
2022-07-10,487714,Mumbai,268.16,267.2443873036468,265.30847,276.8779362403405
2022-07-01,488111,Bengaluru,103.68,167.9627934956403,171.57307,169.7857765515935
2022-07-02,488111,Bengaluru,225.34,192.606617531478,192.29648,196.04342488458155
2022-07-03,488111,Bengaluru,169.87,193.48711676637194,194.34935,200.2023444103052
2022-07-04,488111,Bengaluru,110.0,171.74915296321848,172.9016,175.9913716600593
2022-07-05,488111,Bengaluru,124.84,166.77777932588495,170.65378,164.19441695936925
2022-07-06,488111,Bengaluru,152.37,166.4596551569398,169.71503,164.7131529821424
2022-07-07,488111,Bengaluru,79.81,166.54442944973127,169.71503,162.39400120611782
2022-07-08,488111,Bengaluru,150.78,166.54442944973127,169.71503,165.1706791897692
2022-07-09,488111,Bengaluru,262.49,186.20374611109278,187.85283,200.27925778438717
2022-07-10,488111,Bengaluru,225.85,194.39645927429711,196.14316,208.38436101505124
2022-07-01,488111,Delhi,188.7,179.6187078614722,180.96736,174.99175140830624
2022-07-02,488111,Delhi,95.96,204.75443549502873,205.39273,210.77468544049282
2022-07-03,488111,Delhi,193.19,195.61498617425676,195.89984,213.12265658450892
2022-07-04,488111,Delhi,211.43,168.16029498110746,171.31113,169.51550679550337
2022-07-05,488111,Delhi,286.51,167.30953747776516,169.9765,163.28104565594927
2022-07-06,488111,Delhi,298.73,167.9627934956403,171.57307,163.8841575296622
2022-07-07,488111,Delhi,235.88,180.79216411177543,185.01053,181.89155436536387
2022-07-08,488111,Delhi,227.57,171.91296966270764,177.18378,170.02808585191875
2022-07-09,488111,Delhi,250.84,206.68916558292707,208.2543,209.48712615225432
2022-07-10,488111,Delhi,41.18,209.68761937997232,214.31876,214.0682772567812
2022-07-01,488115,Bengaluru,171.94,156.8599838368822,162.94502,149.37912793232204
2022-07-02,488115,Bengaluru,246.99,180.0663784896555,185.11264,187.24122575210646
2022-07-03,488115,Bengaluru,99.66,178.13685765094488,186.62515,201.58443735174387
2022-07-04,488115,Bengaluru,156.01,155.53537858503296,162.18718,151.08659411847444
2022-07-05,488115,Bengaluru,214.28,155.53537858503296,162.18718,149.09274728819997
2022-07-06,488115,Bengaluru,71.6,158.44309108083527,164.88628,149.3094271386775
2022-07-07,488115,Bengaluru,259.25,157.78484238094234,165.60136,155.88318698862335
2022-07-08,488115,Bengaluru,150.2,164.92760998194163,174.5919,160.68364035737545
2022-07-09,488115,Bengaluru,358.9,195.57406440783453,201.0277,204.13963755173268
2022-07-10,488115,Bengaluru,254.11,212.51587967251942,217.48605,229.846612175144
2022-07-01,488115,Delhi,236.88,235.94068795761495,244.7334,250.04817918718206
2022-07-02,488115,Delhi,200.13,267.6183561491296,271.16357,272.85502732781595
2022-07-03,488115,Delhi,241.63,269.1708452504205,268.86108,283.6832079854744
2022-07-04,488115,Delhi,242.67,233.02166050555306,233.04904,229.51344779007144
2022-07-05,488115,Delhi,304.07,232.17090300221076,231.71442,222.00209943182176
2022-07-06,488115,Delhi,189.66,234.7324545984357,237.28511,230.62620374179411
2022-07-07,488115,Delhi,133.39,234.9276715827283,238.41846,234.1066312621257
2022-07-08,488115,Delhi,284.05,221.92761371762487,225.73059,228.6910717532297
2022-07-09,488115,Delhi,270.0,261.20705282113784,259.94955,268.9099937903695
2022-07-10,488115,Delhi,313.32,266.8968972604203,263.12384,270.3737202032738
