product_id,city_name,mean_daily_demand,std_daily_demand,active_days_in_window,unit_cost,cost_data_status,lead_time_days_param,target_service_level_param,lead_time_demand,safety_stock,reorder_point,target_stock_level,lead_time_source,service_level_source
19512,Delhi,8690.15,878.87,20,,ORIGINAL_VALID_IN_MASTER,3,0.95,26070.449999999997,2505,28576,89407,NOT_AVAILABLE_IN_SOURCE (Configured Parameter),NOT_AVAILABLE_IN_SOURCE (Configured Parameter)
19512,HR-NCR,6977.45,311.44,20,,ORIGINAL_VALID_IN_MASTER,3,0.95,20932.35,888,21821,70663,NOT_AVAILABLE_IN_SOURCE (Configured Parameter),NOT_AVAILABLE_IN_SOURCE (Configured Parameter)
12872,Delhi,6825.95,777.87,20,,ORIGINAL_VALID_IN_MASTER,3,0.95,20477.85,2217,22695,70477,NOT_AVAILABLE_IN_SOURCE (Configured Parameter),NOT_AVAILABLE_IN_SOURCE (Configured Parameter)
391306,Delhi,5958.55,914.39,20,,ORIGINAL_VALID_IN_MASTER,3,0.95,17875.65,2606,20482,62192,NOT_AVAILABLE_IN_SOURCE (Configured Parameter),NOT_AVAILABLE_IN_SOURCE (Configured Parameter)
12872,HR-NCR,4529.6,288.36,20,,ORIGINAL_VALID_IN_MASTER,3,0.95,13588.800000000001,822,14411,46118,NOT_AVAILABLE_IN_SOURCE (Configured Parameter),NOT_AVAILABLE_IN_SOURCE (Configured Parameter)
333785,Delhi,4527.95,631.12,20,,ORIGINAL_VALID_IN_MASTER,3,0.95,13583.849999999999,1799,15383,47079,NOT_AVAILABLE_IN_SOURCE (Configured Parameter),NOT_AVAILABLE_IN_SOURCE (Configured Parameter)
3881,Delhi,4230.7,1196.43,20,,ORIGINAL_VALID_IN_MASTER,3,0.95,12692.099999999999,3409,16102,45716,NOT_AVAILABLE_IN_SOURCE (Configured Parameter),NOT_AVAILABLE_IN_SOURCE (Configured Parameter)
391306,HR-NCR,4178.45,436.27,20,,ORIGINAL_VALID_IN_MASTER,3,0.95,12535.349999999999,1244,13780,43029,NOT_AVAILABLE_IN_SOURCE (Configured Parameter),NOT_AVAILABLE_IN_SOURCE (Configured Parameter)
37083,Bengaluru,3910.5,454.63,20,,ORIGINAL_VALID_IN_MASTER,3,0.95,11731.5,1296,13028,40401,NOT_AVAILABLE_IN_SOURCE (Configured Parameter),NOT_AVAILABLE_IN_SOURCE (Configured Parameter)
391306,Bengaluru,3884.95,323.37,20,,ORIGINAL_VALID_IN_MASTER,3,0.95,11654.849999999999,922,12577,39772,NOT_AVAILABLE_IN_SOURCE (Configured Parameter),NOT_AVAILABLE_IN_SOURCE (Configured Parameter)
3898,Delhi,3729.2,400.59,20,,ORIGINAL_VALID_IN_MASTER,3,0.95,11187.599999999999,1142,12330,38434,NOT_AVAILABLE_IN_SOURCE (Configured Parameter),NOT_AVAILABLE_IN_SOURCE (Configured Parameter)
3881,HR-NCR,3719.1,845.73,20,,ORIGINAL_VALID_IN_MASTER,3,0.95,11157.3,2410,13568,39601,NOT_AVAILABLE_IN_SOURCE (Configured Parameter),NOT_AVAILABLE_IN_SOURCE (Configured Parameter)
445675,Bengaluru,3234.05,600.13,20,,ORIGINAL_VALID_IN_MASTER,3,0.95,9702.150000000001,1710,11413,34051,NOT_AVAILABLE_IN_SOURCE (Configured Parameter),NOT_AVAILABLE_IN_SOURCE (Configured Parameter)
309921,Bengaluru,3222.65,350.8,20,,ORIGINAL_VALID_IN_MASTER,3,0.95,9667.95,1000,10668,33227,NOT_AVAILABLE_IN_SOURCE (Configured Parameter),NOT_AVAILABLE_IN_SOURCE (Configured Parameter)
333785,HR-NCR,3196.8,302.06,20,,ORIGINAL_VALID_IN_MASTER,3,0.95,9590.400000000001,861,10452,32829,NOT_AVAILABLE_IN_SOURCE (Configured Parameter),NOT_AVAILABLE_IN_SOURCE (Configured Parameter)
391305,Bengaluru,2911.05,187.46,20,,ORIGINAL_VALID_IN_MASTER,3,0.95,8733.150000000001,535,9269,29646,NOT_AVAILABLE_IN_SOURCE (Configured Parameter),NOT_AVAILABLE_IN_SOURCE (Configured Parameter)
3898,HR-NCR,2805.95,422.09,20,,ORIGINAL_VALID_IN_MASTER,3,0.95,8417.849999999999,1203,9621,29263,NOT_AVAILABLE_IN_SOURCE (Configured Parameter),NOT_AVAILABLE_IN_SOURCE (Configured Parameter)
19512,Mumbai,2773.85,176.35,20,,ORIGINAL_VALID_IN_MASTER,3,0.95,8321.55,503,8825,28242,NOT_AVAILABLE_IN_SOURCE (Configured Parameter),NOT_AVAILABLE_IN_SOURCE (Configured Parameter)
3889,Bengaluru,2748.15,255.37,20,,ORIGINAL_VALID_IN_MASTER,3,0.95,8244.45,728,8973,28210,NOT_AVAILABLE_IN_SOURCE (Configured Parameter),NOT_AVAILABLE_IN_SOURCE (Configured Parameter)
19925,Delhi,2647.55,338.76,20,,ORIGINAL_VALID_IN_MASTER,3,0.95,7942.650000000001,966,8909,27442,NOT_AVAILABLE_IN_SOURCE (Configured Parameter),NOT_AVAILABLE_IN_SOURCE (Configured Parameter)
160704,Delhi,2643.55,246.24,20,,ORIGINAL_VALID_IN_MASTER,3,0.95,7930.650000000001,702,8633,27138,NOT_AVAILABLE_IN_SOURCE (Configured Parameter),NOT_AVAILABLE_IN_SOURCE (Configured Parameter)
400105,Delhi,2480.3,465.09,20,,ORIGINAL_VALID_IN_MASTER,3,0.95,7440.900000000001,1326,8767,26129,NOT_AVAILABLE_IN_SOURCE (Configured Parameter),NOT_AVAILABLE_IN_SOURCE (Configured Parameter)
423735,Delhi,2263.05,343.87,20,,ORIGINAL_VALID_IN_MASTER,3,0.95,6789.150000000001,980,7770,23611,NOT_AVAILABLE_IN_SOURCE (Configured Parameter),NOT_AVAILABLE_IN_SOURCE (Configured Parameter)
10088,Delhi,2232.7,191.83,20,,ORIGINAL_VALID_IN_MASTER,3,0.95,6698.099999999999,547,7246,22874,NOT_AVAILABLE_IN_SOURCE (Configured Parameter),NOT_AVAILABLE_IN_SOURCE (Configured Parameter)
52,Delhi,2091.8,716.65,20,,ORIGINAL_VALID_IN_MASTER,3,0.95,6275.400000000001,2042,8318,22960,NOT_AVAILABLE_IN_SOURCE (Configured Parameter),NOT_AVAILABLE_IN_SOURCE (Configured Parameter)
17748,Delhi,2025.0,239.77,20,,ORIGINAL_VALID_IN_MASTER,3,0.95,6075.0,684,6759,20934,NOT_AVAILABLE_IN_SOURCE (Configured Parameter),NOT_AVAILABLE_IN_SOURCE (Configured Parameter)
105,Delhi,1983.9,582.78,20,,ORIGINAL_VALID_IN_MASTER,3,0.95,5951.700000000001,1661,7613,21500,NOT_AVAILABLE_IN_SOURCE (Configured Parameter),NOT_AVAILABLE_IN_SOURCE (Configured Parameter)
86446,Delhi,1969.0,215.96,20,,ORIGINAL_VALID_IN_MASTER,3,0.95,5907.0,616,6523,20306,NOT_AVAILABLE_IN_SOURCE (Configured Parameter),NOT_AVAILABLE_IN_SOURCE (Configured Parameter)
445675,Delhi,1952.15,815.91,20,,ORIGINAL_VALID_IN_MASTER,3,0.95,5856.450000000001,2325,8182,21847,NOT_AVAILABLE_IN_SOURCE (Configured Parameter),NOT_AVAILABLE_IN_SOURCE (Configured Parameter)
259923,Bengaluru,1932.3,251.63,20,,ORIGINAL_VALID_IN_MASTER,3,0.95,5796.9,717,6514,20040,NOT_AVAILABLE_IN_SOURCE (Configured Parameter),NOT_AVAILABLE_IN_SOURCE (Configured Parameter)
423735,Bengaluru,1929.6,178.19,20,,ORIGINAL_VALID_IN_MASTER,3,0.95,5788.799999999999,508,6297,19804,NOT_AVAILABLE_IN_SOURCE (Configured Parameter),NOT_AVAILABLE_IN_SOURCE (Configured Parameter)
445675,HR-NCR,1892.74,586.13,19,,ORIGINAL_VALID_IN_MASTER,3,0.95,5678.22,1671,7350,20599,NOT_AVAILABLE_IN_SOURCE (Configured Parameter),NOT_AVAILABLE_IN_SOURCE (Configured Parameter)
329500,Delhi,1884.55,275.3,20,,ORIGINAL_VALID_IN_MASTER,3,0.95,5653.65,785,6439,19631,NOT_AVAILABLE_IN_SOURCE (Configured Parameter),NOT_AVAILABLE_IN_SOURCE (Configured Parameter)
470636,Delhi,1818.75,272.65,20,,ORIGINAL_VALID_IN_MASTER,3,0.95,5456.25,777,6234,18965,NOT_AVAILABLE_IN_SOURCE (Configured Parameter),NOT_AVAILABLE_IN_SOURCE (Configured Parameter)
314,Delhi,1802.6,498.36,20,,ORIGINAL_VALID_IN_MASTER,3,0.95,5407.799999999999,1420,6828,19446,NOT_AVAILABLE_IN_SOURCE (Configured Parameter),NOT_AVAILABLE_IN_SOURCE (Configured Parameter)
3888,Delhi,1718.05,310.52,20,,ORIGINAL_VALID_IN_MASTER,3,0.95,5154.15,885,6040,18066,NOT_AVAILABLE_IN_SOURCE (Configured Parameter),NOT_AVAILABLE_IN_SOURCE (Configured Parameter)
339309,Delhi,1714.4,221.44,20,,ORIGINAL_VALID_IN_MASTER,3,0.95,5143.200000000001,631,5775,17775,NOT_AVAILABLE_IN_SOURCE (Configured Parameter),NOT_AVAILABLE_IN_SOURCE (Configured Parameter)
15907,Delhi,1685.55,641.13,20,,ORIGINAL_VALID_IN_MASTER,3,0.95,5056.65,1827,6884,18683,NOT_AVAILABLE_IN_SOURCE (Configured Parameter),NOT_AVAILABLE_IN_SOURCE (Configured Parameter)
423735,HR-NCR,1669.3,200.02,20,,ORIGINAL_VALID_IN_MASTER,3,0.95,5007.9,570,5578,17263,NOT_AVAILABLE_IN_SOURCE (Configured Parameter),NOT_AVAILABLE_IN_SOURCE (Configured Parameter)
23383,Bengaluru,1631.05,269.49,20,,ORIGINAL_VALID_IN_MASTER,3,0.95,4893.15,768,5662,17079,NOT_AVAILABLE_IN_SOURCE (Configured Parameter),NOT_AVAILABLE_IN_SOURCE (Configured Parameter)
486124,Delhi,1606.8,1247.36,10,,ORIGINAL_VALID_IN_MASTER,3,0.95,4820.4,3555,8376,19623,NOT_AVAILABLE_IN_SOURCE (Configured Parameter),NOT_AVAILABLE_IN_SOURCE (Configured Parameter)
17748,HR-NCR,1600.0,327.1,20,,ORIGINAL_VALID_IN_MASTER,3,0.95,4800.0,932,5732,16932,NOT_AVAILABLE_IN_SOURCE (Configured Parameter),NOT_AVAILABLE_IN_SOURCE (Configured Parameter)
352443,Delhi,1595.2,578.29,20,,ORIGINAL_VALID_IN_MASTER,3,0.95,4785.6,1648,6434,17600,NOT_AVAILABLE_IN_SOURCE (Configured Parameter),NOT_AVAILABLE_IN_SOURCE (Configured Parameter)
10088,Bengaluru,1568.25,162.87,20,,ORIGINAL_VALID_IN_MASTER,3,0.95,4704.75,465,5170,16148,NOT_AVAILABLE_IN_SOURCE (Configured Parameter),NOT_AVAILABLE_IN_SOURCE (Configured Parameter)
19924,Delhi,1558.5,236.4,20,,ORIGINAL_VALID_IN_MASTER,3,0.95,4675.5,674,5350,16259,NOT_AVAILABLE_IN_SOURCE (Configured Parameter),NOT_AVAILABLE_IN_SOURCE (Configured Parameter)
159,Delhi,1528.95,543.03,20,,ORIGINAL_VALID_IN_MASTER,3,0.95,4586.85,1548,6135,16838,NOT_AVAILABLE_IN_SOURCE (Configured Parameter),NOT_AVAILABLE_IN_SOURCE (Configured Parameter)
483854,Delhi,1510.95,566.69,20,,ORIGINAL_VALID_IN_MASTER,3,0.95,4532.85,1615,6148,16725,NOT_AVAILABLE_IN_SOURCE (Configured Parameter),NOT_AVAILABLE_IN_SOURCE (Configured Parameter)
34778,Delhi,1510.55,463.74,20,,ORIGINAL_VALID_IN_MASTER,3,0.95,4531.65,1322,5854,16428,NOT_AVAILABLE_IN_SOURCE (Configured Parameter),NOT_AVAILABLE_IN_SOURCE (Configured Parameter)
237680,Bengaluru,1509.05,196.03,20,,ORIGINAL_VALID_IN_MASTER,3,0.95,4527.15,559,5087,15650,NOT_AVAILABLE_IN_SOURCE (Configured Parameter),NOT_AVAILABLE_IN_SOURCE (Configured Parameter)
160704,HR-NCR,1485.75,154.44,20,,ORIGINAL_VALID_IN_MASTER,3,0.95,4457.25,441,4899,15299,NOT_AVAILABLE_IN_SOURCE (Configured Parameter),NOT_AVAILABLE_IN_SOURCE (Configured Parameter)
470636,HR-NCR,1473.3,333.06,20,,ORIGINAL_VALID_IN_MASTER,3,0.95,4419.9,949,5369,15682,NOT_AVAILABLE_IN_SOURCE (Configured Parameter),NOT_AVAILABLE_IN_SOURCE (Configured Parameter)
3888,HR-NCR,1463.9,265.13,20,,ORIGINAL_VALID_IN_MASTER,3,0.95,4391.700000000001,756,5148,15395,NOT_AVAILABLE_IN_SOURCE (Configured Parameter),NOT_AVAILABLE_IN_SOURCE (Configured Parameter)
10088,HR-NCR,1441.15,255.36,20,,ORIGINAL_VALID_IN_MASTER,3,0.95,4323.450000000001,728,5052,15140,NOT_AVAILABLE_IN_SOURCE (Configured Parameter),NOT_AVAILABLE_IN_SOURCE (Configured Parameter)
3913,Delhi,1418.2,193.27,20,,ORIGINAL_VALID_IN_MASTER,3,0.95,4254.6,551,4806,14733,NOT_AVAILABLE_IN_SOURCE (Configured Parameter),NOT_AVAILABLE_IN_SOURCE (Configured Parameter)
3889,Delhi,1332.7,786.77,20,,ORIGINAL_VALID_IN_MASTER,3,0.95,3998.1000000000004,2242,6241,15569,NOT_AVAILABLE_IN_SOURCE (Configured Parameter),NOT_AVAILABLE_IN_SOURCE (Configured Parameter)
3889,HR-NCR,1315.25,442.37,20,,ORIGINAL_VALID_IN_MASTER,3,0.95,3945.75,1261,5207,14414,NOT_AVAILABLE_IN_SOURCE (Configured Parameter),NOT_AVAILABLE_IN_SOURCE (Configured Parameter)
391306,Mumbai,1314.95,215.01,20,,ORIGINAL_VALID_IN_MASTER,3,0.95,3944.8500000000004,613,4558,13763,NOT_AVAILABLE_IN_SOURCE (Configured Parameter),NOT_AVAILABLE_IN_SOURCE (Configured Parameter)
217614,Delhi,1307.0,250.14,20,,ORIGINAL_VALID_IN_MASTER,3,0.95,3921.0,713,4634,13783,NOT_AVAILABLE_IN_SOURCE (Configured Parameter),NOT_AVAILABLE_IN_SOURCE (Configured Parameter)
18546,Delhi,1299.45,310.93,20,,ORIGINAL_VALID_IN_MASTER,3,0.95,3898.3500000000004,886,4785,13881,NOT_AVAILABLE_IN_SOURCE (Configured Parameter),NOT_AVAILABLE_IN_SOURCE (Configured Parameter)
3881,Bengaluru,1296.0,245.73,20,,ORIGINAL_VALID_IN_MASTER,3,0.95,3888.0,701,4589,13661,NOT_AVAILABLE_IN_SOURCE (Configured Parameter),NOT_AVAILABLE_IN_SOURCE (Configured Parameter)
86446,HR-NCR,1289.0,154.45,20,,ORIGINAL_VALID_IN_MASTER,3,0.95,3867.0,441,4308,13331,NOT_AVAILABLE_IN_SOURCE (Configured Parameter),NOT_AVAILABLE_IN_SOURCE (Configured Parameter)
192,Delhi,1276.8,226.74,20,,ORIGINAL_VALID_IN_MASTER,3,0.95,3830.3999999999996,647,4478,13415,NOT_AVAILABLE_IN_SOURCE (Configured Parameter),NOT_AVAILABLE_IN_SOURCE (Configured Parameter)
9483,Delhi,1267.55,270.51,20,,ORIGINAL_VALID_IN_MASTER,3,0.95,3802.6499999999996,771,4574,13447,NOT_AVAILABLE_IN_SOURCE (Configured Parameter),NOT_AVAILABLE_IN_SOURCE (Configured Parameter)
309894,Bengaluru,1257.65,226.2,20,,ORIGINAL_VALID_IN_MASTER,3,0.95,3772.9500000000003,645,4418,13222,NOT_AVAILABLE_IN_SOURCE (Configured Parameter),NOT_AVAILABLE_IN_SOURCE (Configured Parameter)
319610,Delhi,1249.1,204.73,20,,ORIGINAL_VALID_IN_MASTER,3,0.95,3747.2999999999997,584,4332,13075,NOT_AVAILABLE_IN_SOURCE (Configured Parameter),NOT_AVAILABLE_IN_SOURCE (Configured Parameter)
421703,Delhi,1227.85,151.54,20,,ORIGINAL_VALID_IN_MASTER,3,0.95,3683.5499999999997,432,4116,12711,NOT_AVAILABLE_IN_SOURCE (Configured Parameter),NOT_AVAILABLE_IN_SOURCE (Configured Parameter)
365339,Delhi,1217.45,162.17,20,,ORIGINAL_VALID_IN_MASTER,3,0.95,3652.3500000000004,463,4116,12638,NOT_AVAILABLE_IN_SOURCE (Configured Parameter),NOT_AVAILABLE_IN_SOURCE (Configured Parameter)
3913,HR-NCR,1213.2,197.69,20,,ORIGINAL_VALID_IN_MASTER,3,0.95,3639.6000000000004,564,4204,12696,NOT_AVAILABLE_IN_SOURCE (Configured Parameter),NOT_AVAILABLE_IN_SOURCE (Configured Parameter)
329500,HR-NCR,1200.55,655.44,20,,ORIGINAL_VALID_IN_MASTER,3,0.95,3601.6499999999996,1868,5470,13874,NOT_AVAILABLE_IN_SOURCE (Configured Parameter),NOT_AVAILABLE_IN_SOURCE (Configured Parameter)
448096,Delhi,1194.35,126.76,20,,ORIGINAL_VALID_IN_MASTER,3,0.95,3583.0499999999997,362,3946,12306,NOT_AVAILABLE_IN_SOURCE (Configured Parameter),NOT_AVAILABLE_IN_SOURCE (Configured Parameter)
421703,Bengaluru,1169.55,121.59,20,,ORIGINAL_VALID_IN_MASTER,3,0.95,3508.6499999999996,347,3856,12043,NOT_AVAILABLE_IN_SOURCE (Configured Parameter),NOT_AVAILABLE_IN_SOURCE (Configured Parameter)
332744,Bengaluru,1165.65,70.57,20,,ORIGINAL_VALID_IN_MASTER,3,0.95,3496.9500000000003,202,3699,11859,NOT_AVAILABLE_IN_SOURCE (Configured Parameter),NOT_AVAILABLE_IN_SOURCE (Configured Parameter)
217614,HR-NCR,1147.0,199.32,20,,ORIGINAL_VALID_IN_MASTER,3,0.95,3441.0,568,4009,12038,NOT_AVAILABLE_IN_SOURCE (Configured Parameter),NOT_AVAILABLE_IN_SOURCE (Configured Parameter)
17748,Bengaluru,1145.95,197.01,20,,ORIGINAL_VALID_IN_MASTER,3,0.95,3437.8500000000004,562,4000,12022,NOT_AVAILABLE_IN_SOURCE (Configured Parameter),NOT_AVAILABLE_IN_SOURCE (Configured Parameter)
192,HR-NCR,1135.45,444.72,20,,ORIGINAL_VALID_IN_MASTER,3,0.95,3406.3500000000004,1268,4675,12623,NOT_AVAILABLE_IN_SOURCE (Configured Parameter),NOT_AVAILABLE_IN_SOURCE (Configured Parameter)
24194,Delhi,1134.35,85.44,20,,ORIGINAL_VALID_IN_MASTER,3,0.95,3403.0499999999997,244,3648,11588,NOT_AVAILABLE_IN_SOURCE (Configured Parameter),NOT_AVAILABLE_IN_SOURCE (Configured Parameter)
391305,Mumbai,1124.05,187.16,20,,ORIGINAL_VALID_IN_MASTER,3,0.95,3372.1499999999996,534,3907,11775,NOT_AVAILABLE_IN_SOURCE (Configured Parameter),NOT_AVAILABLE_IN_SOURCE (Configured Parameter)
362796,Delhi,1123.5,254.91,20,,ORIGINAL_VALID_IN_MASTER,3,0.95,3370.5,727,4098,11962,NOT_AVAILABLE_IN_SOURCE (Configured Parameter),NOT_AVAILABLE_IN_SOURCE (Configured Parameter)
4927,Delhi,1113.1,143.11,20,,ORIGINAL_VALID_IN_MASTER,3,0.95,3339.2999999999997,408,3748,11539,NOT_AVAILABLE_IN_SOURCE (Configured Parameter),NOT_AVAILABLE_IN_SOURCE (Configured Parameter)
383480,Delhi,1110.2,329.49,20,,ORIGINAL_VALID_IN_MASTER,3,0.95,3330.6000000000004,939,4270,12041,NOT_AVAILABLE_IN_SOURCE (Configured Parameter),NOT_AVAILABLE_IN_SOURCE (Configured Parameter)
486376,Delhi,1084.4,401.15,10,,UNRESOLVED_NO_HISTORY,3,0.95,3253.2000000000003,1143,4397,11987,NOT_AVAILABLE_IN_SOURCE (Configured Parameter),NOT_AVAILABLE_IN_SOURCE (Configured Parameter)
19925,HR-NCR,1080.5,116.76,20,,ORIGINAL_VALID_IN_MASTER,3,0.95,3241.5,333,3575,11138,NOT_AVAILABLE_IN_SOURCE (Configured Parameter),NOT_AVAILABLE_IN_SOURCE (Configured Parameter)
34778,HR-NCR,1062.5,242.25,20,,ORIGINAL_VALID_IN_MASTER,3,0.95,3187.5,691,3879,11316,NOT_AVAILABLE_IN_SOURCE (Configured Parameter),NOT_AVAILABLE_IN_SOURCE (Configured Parameter)
247758,Delhi,1060.9,215.98,10,,ORIGINAL_VALID_IN_MASTER,3,0.95,3182.7000000000003,616,3799,11225,NOT_AVAILABLE_IN_SOURCE (Configured Parameter),NOT_AVAILABLE_IN_SOURCE (Configured Parameter)
369752,Delhi,1053.3,440.04,20,,ORIGINAL_VALID_IN_MASTER,3,0.95,3159.8999999999996,1254,4414,11787,NOT_AVAILABLE_IN_SOURCE (Configured Parameter),NOT_AVAILABLE_IN_SOURCE (Configured Parameter)
314,HR-NCR,1050.25,296.42,20,,ORIGINAL_VALID_IN_MASTER,3,0.95,3150.75,845,3996,11348,NOT_AVAILABLE_IN_SOURCE (Configured Parameter),NOT_AVAILABLE_IN_SOURCE (Configured Parameter)
374079,Delhi,1034.4,223.7,20,,ORIGINAL_VALID_IN_MASTER,3,0.95,3103.2000000000003,638,3742,10982,NOT_AVAILABLE_IN_SOURCE (Configured Parameter),NOT_AVAILABLE_IN_SOURCE (Configured Parameter)
3881,Mumbai,1018.05,183.01,20,,ORIGINAL_VALID_IN_MASTER,3,0.95,3054.1499999999996,522,3577,10703,NOT_AVAILABLE_IN_SOURCE (Configured Parameter),NOT_AVAILABLE_IN_SOURCE (Configured Parameter)
448095,Delhi,1012.05,120.61,20,,ORIGINAL_VALID_IN_MASTER,3,0.95,3036.1499999999996,344,3381,10465,NOT_AVAILABLE_IN_SOURCE (Configured Parameter),NOT_AVAILABLE_IN_SOURCE (Configured Parameter)
4916,Delhi,1002.95,167.32,20,,ORIGINAL_VALID_IN_MASTER,3,0.95,3008.8500000000004,477,3486,10507,NOT_AVAILABLE_IN_SOURCE (Configured Parameter),NOT_AVAILABLE_IN_SOURCE (Configured Parameter)
483854,HR-NCR,1002.4,589.64,20,,ORIGINAL_VALID_IN_MASTER,3,0.95,3007.2,1681,4689,11705,NOT_AVAILABLE_IN_SOURCE (Configured Parameter),NOT_AVAILABLE_IN_SOURCE (Configured Parameter)
352443,HR-NCR,1000.85,344.38,20,,ORIGINAL_VALID_IN_MASTER,3,0.95,3002.55,982,3985,10991,NOT_AVAILABLE_IN_SOURCE (Configured Parameter),NOT_AVAILABLE_IN_SOURCE (Configured Parameter)
487714,Delhi,985.0,92.57,10,,ORIGINAL_VALID_IN_MASTER,3,0.95,2955.0,264,3219,10114,NOT_AVAILABLE_IN_SOURCE (Configured Parameter),NOT_AVAILABLE_IN_SOURCE (Configured Parameter)
12872,Mumbai,962.1,86.46,20,,ORIGINAL_VALID_IN_MASTER,3,0.95,2886.3,247,3134,9868,NOT_AVAILABLE_IN_SOURCE (Configured Parameter),NOT_AVAILABLE_IN_SOURCE (Configured Parameter)
421703,HR-NCR,939.0,147.58,20,,ORIGINAL_VALID_IN_MASTER,3,0.95,2817.0,421,3238,9811,NOT_AVAILABLE_IN_SOURCE (Configured Parameter),NOT_AVAILABLE_IN_SOURCE (Configured Parameter)
253317,Delhi,937.35,310.37,20,,ORIGINAL_VALID_IN_MASTER,3,0.95,2812.05,885,3698,10259,NOT_AVAILABLE_IN_SOURCE (Configured Parameter),NOT_AVAILABLE_IN_SOURCE (Configured Parameter)
253317,Bengaluru,908.85,72.71,20,,ORIGINAL_VALID_IN_MASTER,3,0.95,2726.55,208,2935,9297,NOT_AVAILABLE_IN_SOURCE (Configured Parameter),NOT_AVAILABLE_IN_SOURCE (Configured Parameter)
14795,Delhi,908.5,79.44,20,,ORIGINAL_VALID_IN_MASTER,3,0.95,2725.5,227,2953,9312,NOT_AVAILABLE_IN_SOURCE (Configured Parameter),NOT_AVAILABLE_IN_SOURCE (Configured Parameter)
446707,Bengaluru,908.15,127.53,20,,ORIGINAL_VALID_IN_MASTER,3,0.95,2724.45,364,3089,9446,NOT_AVAILABLE_IN_SOURCE (Configured Parameter),NOT_AVAILABLE_IN_SOURCE (Configured Parameter)
176,Delhi,905.95,239.09,20,,ORIGINAL_VALID_IN_MASTER,3,0.95,2717.8500000000004,682,3400,9742,NOT_AVAILABLE_IN_SOURCE (Configured Parameter),NOT_AVAILABLE_IN_SOURCE (Configured Parameter)
4943,Bengaluru,904.25,109.94,20,,ORIGINAL_VALID_IN_MASTER,3,0.95,2712.75,314,3027,9357,NOT_AVAILABLE_IN_SOURCE (Configured Parameter),NOT_AVAILABLE_IN_SOURCE (Configured Parameter)
388639,Delhi,901.15,242.57,20,,ORIGINAL_VALID_IN_MASTER,3,0.95,2703.45,692,3396,9704,NOT_AVAILABLE_IN_SOURCE (Configured Parameter),NOT_AVAILABLE_IN_SOURCE (Configured Parameter)
253317,HR-NCR,899.9,117.71,20,,ORIGINAL_VALID_IN_MASTER,3,0.95,2699.7,336,3036,9335,NOT_AVAILABLE_IN_SOURCE (Configured Parameter),NOT_AVAILABLE_IN_SOURCE (Configured Parameter)
467652,Delhi,889.75,166.62,20,,ORIGINAL_VALID_IN_MASTER,3,0.95,2669.25,475,3145,9373,NOT_AVAILABLE_IN_SOURCE (Configured Parameter),NOT_AVAILABLE_IN_SOURCE (Configured Parameter)
352443,Bengaluru,887.25,337.96,20,,ORIGINAL_VALID_IN_MASTER,3,0.95,2661.75,963,3625,9836,NOT_AVAILABLE_IN_SOURCE (Configured Parameter),NOT_AVAILABLE_IN_SOURCE (Configured Parameter)
283,Delhi,886.95,164.77,20,,ORIGINAL_VALID_IN_MASTER,3,0.95,2660.8500000000004,470,3131,9340,NOT_AVAILABLE_IN_SOURCE (Configured Parameter),NOT_AVAILABLE_IN_SOURCE (Configured Parameter)
56692,Delhi,886.0,192.43,20,,ORIGINAL_VALID_IN_MASTER,3,0.95,2658.0,549,3207,9409,NOT_AVAILABLE_IN_SOURCE (Configured Parameter),NOT_AVAILABLE_IN_SOURCE (Configured Parameter)
160,Delhi,871.85,260.0,20,,ORIGINAL_VALID_IN_MASTER,3,0.95,2615.55,741,3357,9460,NOT_AVAILABLE_IN_SOURCE (Configured Parameter),NOT_AVAILABLE_IN_SOURCE (Configured Parameter)
487713,Bengaluru,865.2,106.17,10,,ORIGINAL_VALID_IN_MASTER,3,0.95,2595.6000000000004,303,2899,8955,NOT_AVAILABLE_IN_SOURCE (Configured Parameter),NOT_AVAILABLE_IN_SOURCE (Configured Parameter)
389735,Delhi,864.0,258.72,20,,ORIGINAL_VALID_IN_MASTER,3,0.95,2592.0,738,3330,9378,NOT_AVAILABLE_IN_SOURCE (Configured Parameter),NOT_AVAILABLE_IN_SOURCE (Configured Parameter)
17643,Bengaluru,850.45,88.06,20,,ORIGINAL_VALID_IN_MASTER,3,0.95,2551.3500000000004,251,2803,8756,NOT_AVAILABLE_IN_SOURCE (Configured Parameter),NOT_AVAILABLE_IN_SOURCE (Configured Parameter)
403799,Delhi,840.0,224.61,20,,ORIGINAL_VALID_IN_MASTER,3,0.95,2520.0,640,3160,9040,NOT_AVAILABLE_IN_SOURCE (Configured Parameter),NOT_AVAILABLE_IN_SOURCE (Configured Parameter)
26923,Bengaluru,838.15,148.91,20,,ORIGINAL_VALID_IN_MASTER,3,0.95,2514.45,425,2940,8807,NOT_AVAILABLE_IN_SOURCE (Configured Parameter),NOT_AVAILABLE_IN_SOURCE (Configured Parameter)
247758,HR-NCR,836.3,92.5,10,,ORIGINAL_VALID_IN_MASTER,3,0.95,2508.8999999999996,264,2773,8627,NOT_AVAILABLE_IN_SOURCE (Configured Parameter),NOT_AVAILABLE_IN_SOURCE (Configured Parameter)
17772,Bengaluru,833.45,74.26,20,,ORIGINAL_VALID_IN_MASTER,3,0.95,2500.3500000000004,212,2713,8547,NOT_AVAILABLE_IN_SOURCE (Configured Parameter),NOT_AVAILABLE_IN_SOURCE (Configured Parameter)
395336,Delhi,829.2,126.05,20,,ORIGINAL_VALID_IN_MASTER,3,0.95,2487.6000000000004,360,2848,8652,NOT_AVAILABLE_IN_SOURCE (Configured Parameter),NOT_AVAILABLE_IN_SOURCE (Configured Parameter)
333324,Delhi,824.15,332.05,20,,ORIGINAL_VALID_IN_MASTER,3,0.95,2472.45,947,3420,9189,NOT_AVAILABLE_IN_SOURCE (Configured Parameter),NOT_AVAILABLE_IN_SOURCE (Configured Parameter)
52,HR-NCR,818.6,242.86,20,,ORIGINAL_VALID_IN_MASTER,3,0.95,2455.8,692,3148,8878,NOT_AVAILABLE_IN_SOURCE (Configured Parameter),NOT_AVAILABLE_IN_SOURCE (Configured Parameter)
448096,HR-NCR,815.25,107.2,20,,ORIGINAL_VALID_IN_MASTER,3,0.95,2445.75,306,2752,8459,NOT_AVAILABLE_IN_SOURCE (Configured Parameter),NOT_AVAILABLE_IN_SOURCE (Configured Parameter)
470636,Bengaluru,813.6,258.8,20,,ORIGINAL_VALID_IN_MASTER,3,0.95,2440.8,738,3179,8874,NOT_AVAILABLE_IN_SOURCE (Configured Parameter),NOT_AVAILABLE_IN_SOURCE (Configured Parameter)
103115,Delhi,812.55,351.55,20,,ORIGINAL_VALID_IN_MASTER,3,0.95,2437.6499999999996,1002,3440,9128,NOT_AVAILABLE_IN_SOURCE (Configured Parameter),NOT_AVAILABLE_IN_SOURCE (Configured Parameter)
127031,Bengaluru,809.0,117.98,20,,ORIGINAL_VALID_IN_MASTER,3,0.95,2427.0,337,2764,8427,NOT_AVAILABLE_IN_SOURCE (Configured Parameter),NOT_AVAILABLE_IN_SOURCE (Configured Parameter)
159,HR-NCR,807.15,155.31,20,,ORIGINAL_VALID_IN_MASTER,3,0.95,2421.45,443,2865,8515,NOT_AVAILABLE_IN_SOURCE (Configured Parameter),NOT_AVAILABLE_IN_SOURCE (Configured Parameter)
99407,HR-NCR,806.25,131.83,20,,ORIGINAL_VALID_IN_MASTER,3,0.95,2418.75,376,2795,8439,NOT_AVAILABLE_IN_SOURCE (Configured Parameter),NOT_AVAILABLE_IN_SOURCE (Configured Parameter)
369752,HR-NCR,803.5,253.71,20,,ORIGINAL_VALID_IN_MASTER,3,0.95,2410.5,723,3134,8758,NOT_AVAILABLE_IN_SOURCE (Configured Parameter),NOT_AVAILABLE_IN_SOURCE (Configured Parameter)
67372,Delhi,799.8,85.82,20,,ORIGINAL_VALID_IN_MASTER,3,0.95,2399.3999999999996,245,2645,8243,NOT_AVAILABLE_IN_SOURCE (Configured Parameter),NOT_AVAILABLE_IN_SOURCE (Configured Parameter)
15907,HR-NCR,796.85,261.88,20,,ORIGINAL_VALID_IN_MASTER,3,0.95,2390.55,747,3138,8716,NOT_AVAILABLE_IN_SOURCE (Configured Parameter),NOT_AVAILABLE_IN_SOURCE (Configured Parameter)
3885,Delhi,794.95,84.42,20,,ORIGINAL_VALID_IN_MASTER,3,0.95,2384.8500000000004,241,2626,8191,NOT_AVAILABLE_IN_SOURCE (Configured Parameter),NOT_AVAILABLE_IN_SOURCE (Configured Parameter)
176190,Bengaluru,794.35,176.71,20,,ORIGINAL_VALID_IN_MASTER,3,0.95,2383.05,504,2888,8448,NOT_AVAILABLE_IN_SOURCE (Configured Parameter),NOT_AVAILABLE_IN_SOURCE (Configured Parameter)
166849,Bengaluru,764.95,116.59,20,,ORIGINAL_VALID_IN_MASTER,3,0.95,2294.8500000000004,333,2628,7983,NOT_AVAILABLE_IN_SOURCE (Configured Parameter),NOT_AVAILABLE_IN_SOURCE (Configured Parameter)
45533,HR-NCR,764.9,129.99,20,,ORIGINAL_VALID_IN_MASTER,3,0.95,2294.7,371,2666,8020,NOT_AVAILABLE_IN_SOURCE (Configured Parameter),NOT_AVAILABLE_IN_SOURCE (Configured Parameter)
240092,Delhi,760.9,247.32,20,,ORIGINAL_VALID_IN_MASTER,3,0.95,2282.7,705,2988,8314,NOT_AVAILABLE_IN_SOURCE (Configured Parameter),NOT_AVAILABLE_IN_SOURCE (Configured Parameter)
486376,HR-NCR,754.4,282.03,10,,UNRESOLVED_NO_HISTORY,3,0.95,2263.2,804,3068,8348,NOT_AVAILABLE_IN_SOURCE (Configured Parameter),NOT_AVAILABLE_IN_SOURCE (Configured Parameter)
31,Delhi,751.7,193.86,20,,ORIGINAL_VALID_IN_MASTER,3,0.95,2255.1000000000004,553,2809,8070,NOT_AVAILABLE_IN_SOURCE (Configured Parameter),NOT_AVAILABLE_IN_SOURCE (Configured Parameter)
99407,Delhi,751.0,185.9,20,,ORIGINAL_VALID_IN_MASTER,3,0.95,2253.0,530,2783,8040,NOT_AVAILABLE_IN_SOURCE (Configured Parameter),NOT_AVAILABLE_IN_SOURCE (Configured Parameter)
4916,HR-NCR,745.05,121.5,20,,ORIGINAL_VALID_IN_MASTER,3,0.95,2235.1499999999996,347,2583,7798,NOT_AVAILABLE_IN_SOURCE (Configured Parameter),NOT_AVAILABLE_IN_SOURCE (Configured Parameter)
400105,HR-NCR,743.45,154.13,20,,ORIGINAL_VALID_IN_MASTER,3,0.95,2230.3500000000004,440,2671,7875,NOT_AVAILABLE_IN_SOURCE (Configured Parameter),NOT_AVAILABLE_IN_SOURCE (Configured Parameter)
367837,Delhi,742.35,86.98,20,,ORIGINAL_VALID_IN_MASTER,3,0.95,2227.05,248,2476,7672,NOT_AVAILABLE_IN_SOURCE (Configured Parameter),NOT_AVAILABLE_IN_SOURCE (Configured Parameter)
23343,HR-NCR,742.3,205.45,20,,ORIGINAL_VALID_IN_MASTER,3,0.95,2226.8999999999996,586,2813,8009,NOT_AVAILABLE_IN_SOURCE (Configured Parameter),NOT_AVAILABLE_IN_SOURCE (Configured Parameter)
4927,HR-NCR,732.15,143.7,20,,ORIGINAL_VALID_IN_MASTER,3,0.95,2196.45,410,2607,7732,NOT_AVAILABLE_IN_SOURCE (Configured Parameter),NOT_AVAILABLE_IN_SOURCE (Configured Parameter)
23653,Delhi,731.1,339.15,20,,ORIGINAL_VALID_IN_MASTER,3,0.95,2193.3,967,3161,8278,NOT_AVAILABLE_IN_SOURCE (Configured Parameter),NOT_AVAILABLE_IN_SOURCE (Configured Parameter)
45533,Delhi,730.9,130.79,20,,ORIGINAL_VALID_IN_MASTER,3,0.95,2192.7,373,2566,7682,NOT_AVAILABLE_IN_SOURCE (Configured Parameter),NOT_AVAILABLE_IN_SOURCE (Configured Parameter)
23343,Delhi,730.5,310.08,20,,ORIGINAL_VALID_IN_MASTER,3,0.95,2191.5,884,3076,8189,NOT_AVAILABLE_IN_SOURCE (Configured Parameter),NOT_AVAILABLE_IN_SOURCE (Configured Parameter)
425780,Delhi,727.5,280.45,20,,ORIGINAL_VALID_IN_MASTER,3,0.95,2182.5,800,2983,8075,NOT_AVAILABLE_IN_SOURCE (Configured Parameter),NOT_AVAILABLE_IN_SOURCE (Configured Parameter)
105,HR-NCR,724.45,157.97,20,,ORIGINAL_VALID_IN_MASTER,3,0.95,2173.3500000000004,451,2625,7696,NOT_AVAILABLE_IN_SOURCE (Configured Parameter),NOT_AVAILABLE_IN_SOURCE (Configured Parameter)
176,Mumbai,719.9,98.69,20,,ORIGINAL_VALID_IN_MASTER,3,0.95,2159.7,282,2442,7481,NOT_AVAILABLE_IN_SOURCE (Configured Parameter),NOT_AVAILABLE_IN_SOURCE (Configured Parameter)
10557,Delhi,712.8,196.53,20,,ORIGINAL_VALID_IN_MASTER,3,0.95,2138.3999999999996,560,2699,7688,NOT_AVAILABLE_IN_SOURCE (Configured Parameter),NOT_AVAILABLE_IN_SOURCE (Configured Parameter)
391333,Delhi,712.55,401.41,20,,ORIGINAL_VALID_IN_MASTER,3,0.95,2137.6499999999996,1144,3282,8270,NOT_AVAILABLE_IN_SOURCE (Configured Parameter),NOT_AVAILABLE_IN_SOURCE (Configured Parameter)
95031,Delhi,704.65,122.01,20,,ORIGINAL_VALID_IN_MASTER,3,0.95,2113.95,348,2462,7395,NOT_AVAILABLE_IN_SOURCE (Configured Parameter),NOT_AVAILABLE_IN_SOURCE (Configured Parameter)
91891,Delhi,700.85,126.64,20,,ORIGINAL_VALID_IN_MASTER,3,0.95,2102.55,361,2464,7370,NOT_AVAILABLE_IN_SOURCE (Configured Parameter),NOT_AVAILABLE_IN_SOURCE (Configured Parameter)
50,Delhi,699.25,362.63,20,,ORIGINAL_VALID_IN_MASTER,3,0.95,2097.75,1034,3132,8027,NOT_AVAILABLE_IN_SOURCE (Configured Parameter),NOT_AVAILABLE_IN_SOURCE (Configured Parameter)
203,Delhi,698.4,73.92,20,,ORIGINAL_VALID_IN_MASTER,3,0.95,2095.2,211,2307,7195,NOT_AVAILABLE_IN_SOURCE (Configured Parameter),NOT_AVAILABLE_IN_SOURCE (Configured Parameter)
131641,Delhi,695.6,251.91,20,,ORIGINAL_VALID_IN_MASTER,3,0.95,2086.8,718,2805,7674,NOT_AVAILABLE_IN_SOURCE (Configured Parameter),NOT_AVAILABLE_IN_SOURCE (Configured Parameter)
369752,Bengaluru,685.0,62.16,20,,ORIGINAL_VALID_IN_MASTER,3,0.95,2055.0,178,2233,7028,NOT_AVAILABLE_IN_SOURCE (Configured Parameter),NOT_AVAILABLE_IN_SOURCE (Configured Parameter)
217614,Bengaluru,684.7,137.42,20,,ORIGINAL_VALID_IN_MASTER,3,0.95,2054.1000000000004,392,2447,7239,NOT_AVAILABLE_IN_SOURCE (Configured Parameter),NOT_AVAILABLE_IN_SOURCE (Configured Parameter)
365455,Delhi,681.5,436.17,20,,ORIGINAL_VALID_IN_MASTER,3,0.95,2044.5,1243,3288,8058,NOT_AVAILABLE_IN_SOURCE (Configured Parameter),NOT_AVAILABLE_IN_SOURCE (Configured Parameter)
176,HR-NCR,680.4,259.28,20,,ORIGINAL_VALID_IN_MASTER,3,0.95,2041.1999999999998,739,2781,7543,NOT_AVAILABLE_IN_SOURCE (Configured Parameter),NOT_AVAILABLE_IN_SOURCE (Configured Parameter)
4916,Bengaluru,678.8,58.95,20,,ORIGINAL_VALID_IN_MASTER,3,0.95,2036.3999999999999,168,2205,6956,NOT_AVAILABLE_IN_SOURCE (Configured Parameter),NOT_AVAILABLE_IN_SOURCE (Configured Parameter)
95031,Bengaluru,674.45,73.33,20,,ORIGINAL_VALID_IN_MASTER,3,0.95,2023.3500000000001,209,2233,6954,NOT_AVAILABLE_IN_SOURCE (Configured Parameter),NOT_AVAILABLE_IN_SOURCE (Configured Parameter)
28169,Bengaluru,674.3,106.13,20,,ORIGINAL_VALID_IN_MASTER,3,0.95,2022.8999999999999,303,2326,7046,NOT_AVAILABLE_IN_SOURCE (Configured Parameter),NOT_AVAILABLE_IN_SOURCE (Configured Parameter)
333764,Delhi,673.7,179.62,20,,ORIGINAL_VALID_IN_MASTER,3,0.95,2021.1000000000001,512,2534,7249,NOT_AVAILABLE_IN_SOURCE (Configured Parameter),NOT_AVAILABLE_IN_SOURCE (Configured Parameter)
467651,Delhi,665.95,129.1,20,,ORIGINAL_VALID_IN_MASTER,3,0.95,1997.8500000000001,368,2366,7028,NOT_AVAILABLE_IN_SOURCE (Configured Parameter),NOT_AVAILABLE_IN_SOURCE (Configured Parameter)
283,HR-NCR,662.85,170.08,20,,ORIGINAL_VALID_IN_MASTER,3,0.95,1988.5500000000002,485,2474,7114,NOT_AVAILABLE_IN_SOURCE (Configured Parameter),NOT_AVAILABLE_IN_SOURCE (Configured Parameter)
399908,Delhi,658.15,91.24,20,,ORIGINAL_VALID_IN_MASTER,3,0.95,1974.4499999999998,260,2235,6842,NOT_AVAILABLE_IN_SOURCE (Configured Parameter),NOT_AVAILABLE_IN_SOURCE (Configured Parameter)
349944,Delhi,656.4,130.02,20,,ORIGINAL_VALID_IN_MASTER,3,0.95,1969.1999999999998,371,2341,6935,NOT_AVAILABLE_IN_SOURCE (Configured Parameter),NOT_AVAILABLE_IN_SOURCE (Configured Parameter)
34353,Delhi,655.55,83.92,20,,ORIGINAL_VALID_IN_MASTER,3,0.95,1966.6499999999999,240,2207,6796,NOT_AVAILABLE_IN_SOURCE (Configured Parameter),NOT_AVAILABLE_IN_SOURCE (Configured Parameter)
459720,Bengaluru,655.25,213.84,20,,ORIGINAL_VALID_IN_MASTER,3,0.95,1965.75,610,2576,7163,NOT_AVAILABLE_IN_SOURCE (Configured Parameter),NOT_AVAILABLE_IN_SOURCE (Configured Parameter)
363541,Delhi,653.7,254.38,20,,ORIGINAL_VALID_IN_MASTER,3,0.95,1961.1000000000001,725,2687,7262,NOT_AVAILABLE_IN_SOURCE (Configured Parameter),NOT_AVAILABLE_IN_SOURCE (Configured Parameter)
11150,Delhi,641.85,189.53,20,,ORIGINAL_VALID_IN_MASTER,3,0.95,1925.5500000000002,541,2467,6960,NOT_AVAILABLE_IN_SOURCE (Configured Parameter),NOT_AVAILABLE_IN_SOURCE (Configured Parameter)
9483,HR-NCR,637.5,141.35,20,,ORIGINAL_VALID_IN_MASTER,3,0.95,1912.5,403,2316,6778,NOT_AVAILABLE_IN_SOURCE (Configured Parameter),NOT_AVAILABLE_IN_SOURCE (Configured Parameter)
31,HR-NCR,635.6,143.48,20,,ORIGINAL_VALID_IN_MASTER,3,0.95,1906.8000000000002,409,2316,6765,NOT_AVAILABLE_IN_SOURCE (Configured Parameter),NOT_AVAILABLE_IN_SOURCE (Configured Parameter)
319610,HR-NCR,625.65,81.82,20,,ORIGINAL_VALID_IN_MASTER,3,0.95,1876.9499999999998,234,2111,6491,NOT_AVAILABLE_IN_SOURCE (Configured Parameter),NOT_AVAILABLE_IN_SOURCE (Configured Parameter)
368445,Delhi,625.6,119.58,20,,ORIGINAL_VALID_IN_MASTER,3,0.95,1876.8000000000002,341,2218,6597,NOT_AVAILABLE_IN_SOURCE (Configured Parameter),NOT_AVAILABLE_IN_SOURCE (Configured Parameter)
19924,HR-NCR,617.3,71.98,20,,ORIGINAL_VALID_IN_MASTER,3,0.95,1851.8999999999999,206,2058,6379,NOT_AVAILABLE_IN_SOURCE (Configured Parameter),NOT_AVAILABLE_IN_SOURCE (Configured Parameter)
123060,Delhi,616.6,116.06,20,,ORIGINAL_VALID_IN_MASTER,3,0.95,1849.8000000000002,331,2181,6497,NOT_AVAILABLE_IN_SOURCE (Configured Parameter),NOT_AVAILABLE_IN_SOURCE (Configured Parameter)
19469,Delhi,609.2,176.51,20,,ORIGINAL_VALID_IN_MASTER,3,0.95,1827.6000000000001,503,2331,6595,NOT_AVAILABLE_IN_SOURCE (Configured Parameter),NOT_AVAILABLE_IN_SOURCE (Configured Parameter)
487712,Delhi,595.0,137.86,10,,ORIGINAL_VALID_IN_MASTER,3,0.95,1785.0,393,2178,6343,NOT_AVAILABLE_IN_SOURCE (Configured Parameter),NOT_AVAILABLE_IN_SOURCE (Configured Parameter)
18396,Delhi,592.15,140.2,20,,ORIGINAL_VALID_IN_MASTER,3,0.95,1776.4499999999998,400,2177,6322,NOT_AVAILABLE_IN_SOURCE (Configured Parameter),NOT_AVAILABLE_IN_SOURCE (Configured Parameter)
365339,Bengaluru,591.33,279.75,18,,ORIGINAL_VALID_IN_MASTER,3,0.95,1773.9900000000002,798,2572,6712,NOT_AVAILABLE_IN_SOURCE (Configured Parameter),NOT_AVAILABLE_IN_SOURCE (Configured Parameter)
12,Delhi,588.55,242.04,20,,ORIGINAL_VALID_IN_MASTER,3,0.95,1765.6499999999999,690,2456,6576,NOT_AVAILABLE_IN_SOURCE (Configured Parameter),NOT_AVAILABLE_IN_SOURCE (Configured Parameter)
15286,Delhi,586.5,224.13,20,,ORIGINAL_VALID_IN_MASTER,3,0.95,1759.5,639,2399,6504,NOT_AVAILABLE_IN_SOURCE (Configured Parameter),NOT_AVAILABLE_IN_SOURCE (Configured Parameter)
116189,Bengaluru,586.1,118.89,20,,ORIGINAL_VALID_IN_MASTER,3,0.95,1758.3000000000002,339,2098,6200,NOT_AVAILABLE_IN_SOURCE (Configured Parameter),NOT_AVAILABLE_IN_SOURCE (Configured Parameter)
423857,Bengaluru,584.2,80.37,20,,ORIGINAL_VALID_IN_MASTER,3,0.95,1752.6000000000001,229,1982,6071,NOT_AVAILABLE_IN_SOURCE (Configured Parameter),NOT_AVAILABLE_IN_SOURCE (Configured Parameter)
425780,HR-NCR,583.8,158.47,20,,ORIGINAL_VALID_IN_MASTER,3,0.95,1751.3999999999999,452,2204,6290,NOT_AVAILABLE_IN_SOURCE (Configured Parameter),NOT_AVAILABLE_IN_SOURCE (Configured Parameter)
127081,Bengaluru,580.5,71.83,20,,ORIGINAL_VALID_IN_MASTER,3,0.95,1741.5,205,1947,6010,NOT_AVAILABLE_IN_SOURCE (Configured Parameter),NOT_AVAILABLE_IN_SOURCE (Configured Parameter)
3907,Delhi,579.9,135.59,20,,ORIGINAL_VALID_IN_MASTER,3,0.95,1739.6999999999998,387,2127,6186,NOT_AVAILABLE_IN_SOURCE (Configured Parameter),NOT_AVAILABLE_IN_SOURCE (Configured Parameter)
18546,HR-NCR,578.3,107.96,20,,ORIGINAL_VALID_IN_MASTER,3,0.95,1734.8999999999999,308,2043,6091,NOT_AVAILABLE_IN_SOURCE (Configured Parameter),NOT_AVAILABLE_IN_SOURCE (Configured Parameter)
18851,Delhi,577.45,145.65,20,,ORIGINAL_VALID_IN_MASTER,3,0.95,1732.3500000000001,415,2148,6190,NOT_AVAILABLE_IN_SOURCE (Configured Parameter),NOT_AVAILABLE_IN_SOURCE (Configured Parameter)
17643,Delhi,571.6,70.52,20,,ORIGINAL_VALID_IN_MASTER,3,0.95,1714.8000000000002,201,1916,5917,NOT_AVAILABLE_IN_SOURCE (Configured Parameter),NOT_AVAILABLE_IN_SOURCE (Configured Parameter)
438113,Bengaluru,570.9,168.89,20,,ORIGINAL_VALID_IN_MASTER,3,0.95,1712.6999999999998,482,2195,6191,NOT_AVAILABLE_IN_SOURCE (Configured Parameter),NOT_AVAILABLE_IN_SOURCE (Configured Parameter)
483694,Delhi,568.25,157.51,4,0.0,Tier_1_Product_City_Median,3,0.95,1704.75,449,2154,6132,NOT_AVAILABLE_IN_SOURCE (Configured Parameter),NOT_AVAILABLE_IN_SOURCE (Configured Parameter)
3885,HR-NCR,567.35,83.89,20,,ORIGINAL_VALID_IN_MASTER,3,0.95,1702.0500000000002,240,1943,5914,NOT_AVAILABLE_IN_SOURCE (Configured Parameter),NOT_AVAILABLE_IN_SOURCE (Configured Parameter)
24194,HR-NCR,557.05,73.27,20,,ORIGINAL_VALID_IN_MASTER,3,0.95,1671.1499999999999,209,1881,5780,NOT_AVAILABLE_IN_SOURCE (Configured Parameter),NOT_AVAILABLE_IN_SOURCE (Configured Parameter)
394617,Delhi,556.8,110.3,20,,ORIGINAL_VALID_IN_MASTER,3,0.95,1670.3999999999999,315,1986,5883,NOT_AVAILABLE_IN_SOURCE (Configured Parameter),NOT_AVAILABLE_IN_SOURCE (Configured Parameter)
37273,Delhi,556.75,141.8,20,,ORIGINAL_VALID_IN_MASTER,3,0.95,1670.25,405,2076,5973,NOT_AVAILABLE_IN_SOURCE (Configured Parameter),NOT_AVAILABLE_IN_SOURCE (Configured Parameter)
467652,HR-NCR,555.85,89.77,20,,ORIGINAL_VALID_IN_MASTER,3,0.95,1667.5500000000002,256,1924,5815,NOT_AVAILABLE_IN_SOURCE (Configured Parameter),NOT_AVAILABLE_IN_SOURCE (Configured Parameter)
424416,Bengaluru,552.6,128.87,20,,ORIGINAL_VALID_IN_MASTER,3,0.95,1657.8000000000002,368,2026,5894,NOT_AVAILABLE_IN_SOURCE (Configured Parameter),NOT_AVAILABLE_IN_SOURCE (Configured Parameter)
116189,Delhi,551.05,74.5,20,,ORIGINAL_VALID_IN_MASTER,3,0.95,1653.1499999999999,213,1867,5724,NOT_AVAILABLE_IN_SOURCE (Configured Parameter),NOT_AVAILABLE_IN_SOURCE (Configured Parameter)
3918,Delhi,547.95,141.24,20,,ORIGINAL_VALID_IN_MASTER,3,0.95,1643.8500000000001,403,2047,5883,NOT_AVAILABLE_IN_SOURCE (Configured Parameter),NOT_AVAILABLE_IN_SOURCE (Configured Parameter)
445396,HR-NCR,547.4,143.78,20,,ORIGINAL_VALID_IN_MASTER,3,0.95,1642.1999999999998,410,2053,5884,NOT_AVAILABLE_IN_SOURCE (Configured Parameter),NOT_AVAILABLE_IN_SOURCE (Configured Parameter)
207766,Delhi,546.05,120.39,20,,ORIGINAL_VALID_IN_MASTER,3,0.95,1638.1499999999999,344,1983,5805,NOT_AVAILABLE_IN_SOURCE (Configured Parameter),NOT_AVAILABLE_IN_SOURCE (Configured Parameter)
365339,HR-NCR,542.9,79.56,20,,ORIGINAL_VALID_IN_MASTER,3,0.95,1628.6999999999998,227,1856,5656,NOT_AVAILABLE_IN_SOURCE (Configured Parameter),NOT_AVAILABLE_IN_SOURCE (Configured Parameter)
404983,Delhi,542.6,124.59,20,,ORIGINAL_VALID_IN_MASTER,3,0.95,1627.8000000000002,355,1983,5781,NOT_AVAILABLE_IN_SOURCE (Configured Parameter),NOT_AVAILABLE_IN_SOURCE (Configured Parameter)
27153,Bengaluru,540.6,74.78,20,,ORIGINAL_VALID_IN_MASTER,3,0.95,1621.8000000000002,214,1836,5620,NOT_AVAILABLE_IN_SOURCE (Configured Parameter),NOT_AVAILABLE_IN_SOURCE (Configured Parameter)
113945,Mumbai,535.7,172.47,20,,ORIGINAL_VALID_IN_MASTER,3,0.95,1607.1000000000001,492,2100,5849,NOT_AVAILABLE_IN_SOURCE (Configured Parameter),NOT_AVAILABLE_IN_SOURCE (Configured Parameter)
448095,HR-NCR,535.4,78.49,20,,ORIGINAL_VALID_IN_MASTER,3,0.95,1606.1999999999998,224,1831,5578,NOT_AVAILABLE_IN_SOURCE (Configured Parameter),NOT_AVAILABLE_IN_SOURCE (Configured Parameter)
366321,Delhi,533.05,215.42,20,,ORIGINAL_VALID_IN_MASTER,3,0.95,1599.1499999999999,614,2214,5945,NOT_AVAILABLE_IN_SOURCE (Configured Parameter),NOT_AVAILABLE_IN_SOURCE (Configured Parameter)
14795,HR-NCR,531.9,86.38,20,,ORIGINAL_VALID_IN_MASTER,3,0.95,1595.6999999999998,247,1843,5566,NOT_AVAILABLE_IN_SOURCE (Configured Parameter),NOT_AVAILABLE_IN_SOURCE (Configured Parameter)
108085,Delhi,527.65,304.71,20,,ORIGINAL_VALID_IN_MASTER,3,0.95,1582.9499999999998,869,2452,6146,NOT_AVAILABLE_IN_SOURCE (Configured Parameter),NOT_AVAILABLE_IN_SOURCE (Configured Parameter)
486125,Mumbai,525.1,63.14,10,68.807,Tier_1_Product_City_Median,3,0.95,1575.3000000000002,180,1756,5431,NOT_AVAILABLE_IN_SOURCE (Configured Parameter),NOT_AVAILABLE_IN_SOURCE (Configured Parameter)
365455,HR-NCR,524.4,314.05,20,,ORIGINAL_VALID_IN_MASTER,3,0.95,1573.1999999999998,895,2469,6139,NOT_AVAILABLE_IN_SOURCE (Configured Parameter),NOT_AVAILABLE_IN_SOURCE (Configured Parameter)
314,Bengaluru,523.45,145.37,20,,ORIGINAL_VALID_IN_MASTER,3,0.95,1570.3500000000001,415,1986,5650,NOT_AVAILABLE_IN_SOURCE (Configured Parameter),NOT_AVAILABLE_IN_SOURCE (Configured Parameter)
131641,HR-NCR,522.0,151.79,20,,ORIGINAL_VALID_IN_MASTER,3,0.95,1566.0,433,1999,5653,NOT_AVAILABLE_IN_SOURCE (Configured Parameter),NOT_AVAILABLE_IN_SOURCE (Configured Parameter)
389668,Delhi,520.85,98.58,20,,ORIGINAL_VALID_IN_MASTER,3,0.95,1562.5500000000002,281,1844,5490,NOT_AVAILABLE_IN_SOURCE (Configured Parameter),NOT_AVAILABLE_IN_SOURCE (Configured Parameter)
91891,HR-NCR,519.3,151.52,20,,ORIGINAL_VALID_IN_MASTER,3,0.95,1557.8999999999999,432,1990,5625,NOT_AVAILABLE_IN_SOURCE (Configured Parameter),NOT_AVAILABLE_IN_SOURCE (Configured Parameter)
105,Bengaluru,517.95,125.04,20,,ORIGINAL_VALID_IN_MASTER,3,0.95,1553.8500000000001,357,1911,5537,NOT_AVAILABLE_IN_SOURCE (Configured Parameter),NOT_AVAILABLE_IN_SOURCE (Configured Parameter)
169812,Delhi,513.45,109.38,20,,ORIGINAL_VALID_IN_MASTER,3,0.95,1540.3500000000001,312,1853,5447,NOT_AVAILABLE_IN_SOURCE (Configured Parameter),NOT_AVAILABLE_IN_SOURCE (Configured Parameter)
3923,Delhi,510.95,86.59,20,,ORIGINAL_VALID_IN_MASTER,3,0.95,1532.85,247,1780,5357,NOT_AVAILABLE_IN_SOURCE (Configured Parameter),NOT_AVAILABLE_IN_SOURCE (Configured Parameter)
480925,Delhi,510.6,294.45,20,,ORIGINAL_VALID_IN_MASTER,3,0.95,1531.8000000000002,839,2371,5945,NOT_AVAILABLE_IN_SOURCE (Configured Parameter),NOT_AVAILABLE_IN_SOURCE (Configured Parameter)
18857,Delhi,509.45,110.09,20,,ORIGINAL_VALID_IN_MASTER,3,0.95,1528.35,314,1843,5409,NOT_AVAILABLE_IN_SOURCE (Configured Parameter),NOT_AVAILABLE_IN_SOURCE (Configured Parameter)
339309,HR-NCR,509.2,62.56,20,,ORIGINAL_VALID_IN_MASTER,3,0.95,1527.6,179,1707,5271,NOT_AVAILABLE_IN_SOURCE (Configured Parameter),NOT_AVAILABLE_IN_SOURCE (Configured Parameter)
24178,Delhi,505.8,124.67,20,,ORIGINAL_VALID_IN_MASTER,3,0.95,1517.4,356,1874,5414,NOT_AVAILABLE_IN_SOURCE (Configured Parameter),NOT_AVAILABLE_IN_SOURCE (Configured Parameter)
9098,Delhi,505.35,78.32,20,,ORIGINAL_VALID_IN_MASTER,3,0.95,1516.0500000000002,224,1741,5278,NOT_AVAILABLE_IN_SOURCE (Configured Parameter),NOT_AVAILABLE_IN_SOURCE (Configured Parameter)
329549,Delhi,501.35,163.39,20,,ORIGINAL_VALID_IN_MASTER,3,0.95,1504.0500000000002,466,1971,5480,NOT_AVAILABLE_IN_SOURCE (Configured Parameter),NOT_AVAILABLE_IN_SOURCE (Configured Parameter)
383480,HR-NCR,496.65,148.32,20,,ORIGINAL_VALID_IN_MASTER,3,0.95,1489.9499999999998,423,1913,5390,NOT_AVAILABLE_IN_SOURCE (Configured Parameter),NOT_AVAILABLE_IN_SOURCE (Configured Parameter)
18562,Delhi,496.0,105.25,20,,ORIGINAL_VALID_IN_MASTER,3,0.95,1488.0,300,1788,5260,NOT_AVAILABLE_IN_SOURCE (Configured Parameter),NOT_AVAILABLE_IN_SOURCE (Configured Parameter)
479581,Delhi,495.05,258.57,20,,ORIGINAL_VALID_IN_MASTER,3,0.95,1485.15,737,2223,5688,NOT_AVAILABLE_IN_SOURCE (Configured Parameter),NOT_AVAILABLE_IN_SOURCE (Configured Parameter)
23379,Delhi,494.7,42.87,20,,ORIGINAL_VALID_IN_MASTER,3,0.95,1484.1,123,1608,5070,NOT_AVAILABLE_IN_SOURCE (Configured Parameter),NOT_AVAILABLE_IN_SOURCE (Configured Parameter)
475802,Delhi,492.1,264.72,20,,ORIGINAL_VALID_IN_MASTER,3,0.95,1476.3000000000002,755,2232,5676,NOT_AVAILABLE_IN_SOURCE (Configured Parameter),NOT_AVAILABLE_IN_SOURCE (Configured Parameter)
111483,Delhi,491.55,186.0,20,,ORIGINAL_VALID_IN_MASTER,3,0.95,1474.65,530,2005,5446,NOT_AVAILABLE_IN_SOURCE (Configured Parameter),NOT_AVAILABLE_IN_SOURCE (Configured Parameter)
383411,Delhi,490.55,114.49,20,,ORIGINAL_VALID_IN_MASTER,3,0.95,1471.65,327,1799,5233,NOT_AVAILABLE_IN_SOURCE (Configured Parameter),NOT_AVAILABLE_IN_SOURCE (Configured Parameter)
18585,Delhi,489.8,262.13,20,,ORIGINAL_VALID_IN_MASTER,3,0.95,1469.4,747,2217,5645,NOT_AVAILABLE_IN_SOURCE (Configured Parameter),NOT_AVAILABLE_IN_SOURCE (Configured Parameter)
369013,Bengaluru,484.55,96.54,20,,ORIGINAL_VALID_IN_MASTER,3,0.95,1453.65,276,1730,5122,NOT_AVAILABLE_IN_SOURCE (Configured Parameter),NOT_AVAILABLE_IN_SOURCE (Configured Parameter)
486124,HR-NCR,483.73,436.07,11,,ORIGINAL_VALID_IN_MASTER,3,0.95,1451.19,1243,2695,6081,NOT_AVAILABLE_IN_SOURCE (Configured Parameter),NOT_AVAILABLE_IN_SOURCE (Configured Parameter)
312,Delhi,481.8,100.27,20,,ORIGINAL_VALID_IN_MASTER,3,0.95,1445.4,286,1732,5104,NOT_AVAILABLE_IN_SOURCE (Configured Parameter),NOT_AVAILABLE_IN_SOURCE (Configured Parameter)
22982,Bengaluru,481.25,65.49,20,,ORIGINAL_VALID_IN_MASTER,3,0.95,1443.75,187,1631,5000,NOT_AVAILABLE_IN_SOURCE (Configured Parameter),NOT_AVAILABLE_IN_SOURCE (Configured Parameter)
339179,Delhi,480.0,142.92,20,,ORIGINAL_VALID_IN_MASTER,3,0.95,1440.0,408,1848,5208,NOT_AVAILABLE_IN_SOURCE (Configured Parameter),NOT_AVAILABLE_IN_SOURCE (Configured Parameter)
116824,Delhi,478.6,68.9,20,,ORIGINAL_VALID_IN_MASTER,3,0.95,1435.8000000000002,197,1633,4983,NOT_AVAILABLE_IN_SOURCE (Configured Parameter),NOT_AVAILABLE_IN_SOURCE (Configured Parameter)
95031,HR-NCR,477.1,76.67,20,,ORIGINAL_VALID_IN_MASTER,3,0.95,1431.3000000000002,219,1651,4990,NOT_AVAILABLE_IN_SOURCE (Configured Parameter),NOT_AVAILABLE_IN_SOURCE (Configured Parameter)
391333,HR-NCR,475.8,295.91,20,,ORIGINAL_VALID_IN_MASTER,3,0.95,1427.4,844,2272,5602,NOT_AVAILABLE_IN_SOURCE (Configured Parameter),NOT_AVAILABLE_IN_SOURCE (Configured Parameter)
277,Delhi,475.15,193.55,20,,ORIGINAL_VALID_IN_MASTER,3,0.95,1425.4499999999998,552,1978,5304,NOT_AVAILABLE_IN_SOURCE (Configured Parameter),NOT_AVAILABLE_IN_SOURCE (Configured Parameter)
477482,Delhi,475.0,144.59,20,,ORIGINAL_VALID_IN_MASTER,3,0.95,1425.0,412,1837,5162,NOT_AVAILABLE_IN_SOURCE (Configured Parameter),NOT_AVAILABLE_IN_SOURCE (Configured Parameter)
484064,Delhi,471.95,134.88,20,,ORIGINAL_VALID_IN_MASTER,3,0.95,1415.85,385,1801,5105,NOT_AVAILABLE_IN_SOURCE (Configured Parameter),NOT_AVAILABLE_IN_SOURCE (Configured Parameter)
487714,Bengaluru,471.4,90.71,10,,ORIGINAL_VALID_IN_MASTER,3,0.95,1414.1999999999998,259,1674,4973,NOT_AVAILABLE_IN_SOURCE (Configured Parameter),NOT_AVAILABLE_IN_SOURCE (Configured Parameter)
166848,Bengaluru,470.0,65.48,20,,ORIGINAL_VALID_IN_MASTER,3,0.95,1410.0,187,1597,4887,NOT_AVAILABLE_IN_SOURCE (Configured Parameter),NOT_AVAILABLE_IN_SOURCE (Configured Parameter)
481504,Delhi,465.0,167.33,10,,ORIGINAL_VALID_IN_MASTER,3,0.95,1395.0,477,1872,5127,NOT_AVAILABLE_IN_SOURCE (Configured Parameter),NOT_AVAILABLE_IN_SOURCE (Configured Parameter)
373842,Delhi,462.7,55.96,10,,ORIGINAL_VALID_IN_MASTER,3,0.95,1388.1,160,1549,4787,NOT_AVAILABLE_IN_SOURCE (Configured Parameter),NOT_AVAILABLE_IN_SOURCE (Configured Parameter)
362796,HR-NCR,462.65,105.71,20,,ORIGINAL_VALID_IN_MASTER,3,0.95,1387.9499999999998,302,1690,4929,NOT_AVAILABLE_IN_SOURCE (Configured Parameter),NOT_AVAILABLE_IN_SOURCE (Configured Parameter)
363541,HR-NCR,461.25,240.66,20,,ORIGINAL_VALID_IN_MASTER,3,0.95,1383.75,686,2070,5299,NOT_AVAILABLE_IN_SOURCE (Configured Parameter),NOT_AVAILABLE_IN_SOURCE (Configured Parameter)
339152,Bengaluru,460.8,61.1,20,,ORIGINAL_VALID_IN_MASTER,3,0.95,1382.4,175,1558,4783,NOT_AVAILABLE_IN_SOURCE (Configured Parameter),NOT_AVAILABLE_IN_SOURCE (Configured Parameter)
486018,Delhi,459.5,153.53,10,,UNRESOLVED_NO_HISTORY,3,0.95,1378.5,438,1817,5033,NOT_AVAILABLE_IN_SOURCE (Configured Parameter),NOT_AVAILABLE_IN_SOURCE (Configured Parameter)
4943,Delhi,457.05,73.09,20,,ORIGINAL_VALID_IN_MASTER,3,0.95,1371.15,209,1581,4780,NOT_AVAILABLE_IN_SOURCE (Configured Parameter),NOT_AVAILABLE_IN_SOURCE (Configured Parameter)
61743,Delhi,456.6,149.21,20,,ORIGINAL_VALID_IN_MASTER,3,0.95,1369.8000000000002,426,1796,4992,NOT_AVAILABLE_IN_SOURCE (Configured Parameter),NOT_AVAILABLE_IN_SOURCE (Configured Parameter)
283763,Delhi,456.5,184.7,4,,ORIGINAL_VALID_IN_MASTER,3,0.95,1369.5,527,1897,5092,NOT_AVAILABLE_IN_SOURCE (Configured Parameter),NOT_AVAILABLE_IN_SOURCE (Configured Parameter)
13,Delhi,455.2,140.62,20,,ORIGINAL_VALID_IN_MASTER,3,0.95,1365.6,401,1767,4953,NOT_AVAILABLE_IN_SOURCE (Configured Parameter),NOT_AVAILABLE_IN_SOURCE (Configured Parameter)
9098,HR-NCR,454.95,58.3,20,,ORIGINAL_VALID_IN_MASTER,3,0.95,1364.85,167,1532,4717,NOT_AVAILABLE_IN_SOURCE (Configured Parameter),NOT_AVAILABLE_IN_SOURCE (Configured Parameter)
423735,Mumbai,453.85,72.25,20,,ORIGINAL_VALID_IN_MASTER,3,0.95,1361.5500000000002,206,1568,4745,NOT_AVAILABLE_IN_SOURCE (Configured Parameter),NOT_AVAILABLE_IN_SOURCE (Configured Parameter)
311059,Bengaluru,452.85,54.52,20,,ORIGINAL_VALID_IN_MASTER,3,0.95,1358.5500000000002,156,1515,4685,NOT_AVAILABLE_IN_SOURCE (Configured Parameter),NOT_AVAILABLE_IN_SOURCE (Configured Parameter)
18396,HR-NCR,452.4,47.4,20,,ORIGINAL_VALID_IN_MASTER,3,0.95,1357.1999999999998,136,1494,4660,NOT_AVAILABLE_IN_SOURCE (Configured Parameter),NOT_AVAILABLE_IN_SOURCE (Configured Parameter)
39493,Delhi,449.85,115.18,20,,ORIGINAL_VALID_IN_MASTER,3,0.95,1349.5500000000002,329,1679,4828,NOT_AVAILABLE_IN_SOURCE (Configured Parameter),NOT_AVAILABLE_IN_SOURCE (Configured Parameter)
394525,Delhi,448.4,55.33,20,,ORIGINAL_VALID_IN_MASTER,3,0.95,1345.1999999999998,158,1504,4642,NOT_AVAILABLE_IN_SOURCE (Configured Parameter),NOT_AVAILABLE_IN_SOURCE (Configured Parameter)
168,Delhi,447.05,111.88,20,,ORIGINAL_VALID_IN_MASTER,3,0.95,1341.15,319,1661,4790,NOT_AVAILABLE_IN_SOURCE (Configured Parameter),NOT_AVAILABLE_IN_SOURCE (Configured Parameter)
458952,Delhi,445.5,70.9,10,,ORIGINAL_VALID_IN_MASTER,3,0.95,1336.5,203,1540,4658,NOT_AVAILABLE_IN_SOURCE (Configured Parameter),NOT_AVAILABLE_IN_SOURCE (Configured Parameter)
388638,Delhi,444.75,178.66,20,,ORIGINAL_VALID_IN_MASTER,3,0.95,1334.25,510,1845,4958,NOT_AVAILABLE_IN_SOURCE (Configured Parameter),NOT_AVAILABLE_IN_SOURCE (Configured Parameter)
578,Delhi,443.0,84.65,20,,ORIGINAL_VALID_IN_MASTER,3,0.95,1329.0,242,1571,4672,NOT_AVAILABLE_IN_SOURCE (Configured Parameter),NOT_AVAILABLE_IN_SOURCE (Configured Parameter)
388080,Delhi,441.5,238.8,20,,ORIGINAL_VALID_IN_MASTER,3,0.95,1324.5,681,2006,5096,NOT_AVAILABLE_IN_SOURCE (Configured Parameter),NOT_AVAILABLE_IN_SOURCE (Configured Parameter)
3923,HR-NCR,440.25,59.73,20,,ORIGINAL_VALID_IN_MASTER,3,0.95,1320.75,171,1492,4574,NOT_AVAILABLE_IN_SOURCE (Configured Parameter),NOT_AVAILABLE_IN_SOURCE (Configured Parameter)
483187,Delhi,438.33,259.3,3,,ORIGINAL_VALID_IN_MASTER,3,0.95,1314.99,739,2054,5123,NOT_AVAILABLE_IN_SOURCE (Configured Parameter),NOT_AVAILABLE_IN_SOURCE (Configured Parameter)
421706,Bengaluru,435.2,61.66,20,,ORIGINAL_VALID_IN_MASTER,3,0.95,1305.6,176,1482,4528,NOT_AVAILABLE_IN_SOURCE (Configured Parameter),NOT_AVAILABLE_IN_SOURCE (Configured Parameter)
270958,Delhi,433.5,253.85,2,,ORIGINAL_VALID_IN_MASTER,3,0.95,1300.5,724,2025,5059,NOT_AVAILABLE_IN_SOURCE (Configured Parameter),NOT_AVAILABLE_IN_SOURCE (Configured Parameter)
439970,Delhi,433.0,93.23,20,,ORIGINAL_VALID_IN_MASTER,3,0.95,1299.0,266,1565,4596,NOT_AVAILABLE_IN_SOURCE (Configured Parameter),NOT_AVAILABLE_IN_SOURCE (Configured Parameter)
81953,Delhi,431.6,54.94,20,,ORIGINAL_VALID_IN_MASTER,3,0.95,1294.8000000000002,157,1452,4473,NOT_AVAILABLE_IN_SOURCE (Configured Parameter),NOT_AVAILABLE_IN_SOURCE (Configured Parameter)
374079,HR-NCR,430.2,109.02,20,,ORIGINAL_VALID_IN_MASTER,3,0.95,1290.6,311,1602,4613,NOT_AVAILABLE_IN_SOURCE (Configured Parameter),NOT_AVAILABLE_IN_SOURCE (Configured Parameter)
395336,HR-NCR,429.1,80.78,20,,ORIGINAL_VALID_IN_MASTER,3,0.95,1287.3000000000002,231,1519,4522,NOT_AVAILABLE_IN_SOURCE (Configured Parameter),NOT_AVAILABLE_IN_SOURCE (Configured Parameter)
333427,Delhi,426.35,89.21,20,,ORIGINAL_VALID_IN_MASTER,3,0.95,1279.0500000000002,255,1535,4519,NOT_AVAILABLE_IN_SOURCE (Configured Parameter),NOT_AVAILABLE_IN_SOURCE (Configured Parameter)
467655,Delhi,425.0,50.48,20,,ORIGINAL_VALID_IN_MASTER,3,0.95,1275.0,144,1419,4394,NOT_AVAILABLE_IN_SOURCE (Configured Parameter),NOT_AVAILABLE_IN_SOURCE (Configured Parameter)
455785,Delhi,424.6,45.17,20,,ORIGINAL_VALID_IN_MASTER,3,0.95,1273.8000000000002,129,1403,4375,NOT_AVAILABLE_IN_SOURCE (Configured Parameter),NOT_AVAILABLE_IN_SOURCE (Configured Parameter)
349944,HR-NCR,424.4,88.92,20,,ORIGINAL_VALID_IN_MASTER,3,0.95,1273.1999999999998,254,1528,4498,NOT_AVAILABLE_IN_SOURCE (Configured Parameter),NOT_AVAILABLE_IN_SOURCE (Configured Parameter)
176,Bengaluru,420.8,109.24,20,,ORIGINAL_VALID_IN_MASTER,3,0.95,1262.4,312,1575,4520,NOT_AVAILABLE_IN_SOURCE (Configured Parameter),NOT_AVAILABLE_IN_SOURCE (Configured Parameter)
445396,Delhi,420.55,106.45,20,,ORIGINAL_VALID_IN_MASTER,3,0.95,1261.65,304,1566,4510,NOT_AVAILABLE_IN_SOURCE (Configured Parameter),NOT_AVAILABLE_IN_SOURCE (Configured Parameter)
159,Bengaluru,419.82,192.42,17,,ORIGINAL_VALID_IN_MASTER,3,0.95,1259.46,549,1809,4748,NOT_AVAILABLE_IN_SOURCE (Configured Parameter),NOT_AVAILABLE_IN_SOURCE (Configured Parameter)
166848,Delhi,417.3,67.57,20,,ORIGINAL_VALID_IN_MASTER,3,0.95,1251.9,193,1445,4366,NOT_AVAILABLE_IN_SOURCE (Configured Parameter),NOT_AVAILABLE_IN_SOURCE (Configured Parameter)
19257,Delhi,415.0,103.91,20,,ORIGINAL_VALID_IN_MASTER,3,0.95,1245.0,297,1542,4447,NOT_AVAILABLE_IN_SOURCE (Configured Parameter),NOT_AVAILABLE_IN_SOURCE (Configured Parameter)
380157,Delhi,414.15,118.81,20,,ORIGINAL_VALID_IN_MASTER,3,0.95,1242.4499999999998,339,1582,4481,NOT_AVAILABLE_IN_SOURCE (Configured Parameter),NOT_AVAILABLE_IN_SOURCE (Configured Parameter)
333764,HR-NCR,413.7,61.07,20,,ORIGINAL_VALID_IN_MASTER,3,0.95,1241.1,175,1417,4312,NOT_AVAILABLE_IN_SOURCE (Configured Parameter),NOT_AVAILABLE_IN_SOURCE (Configured Parameter)
3924,Delhi,413.1,44.36,20,,ORIGINAL_VALID_IN_MASTER,3,0.95,1239.3000000000002,127,1367,4258,NOT_AVAILABLE_IN_SOURCE (Configured Parameter),NOT_AVAILABLE_IN_SOURCE (Configured Parameter)
56692,HR-NCR,411.8,72.71,20,,ORIGINAL_VALID_IN_MASTER,3,0.95,1235.4,208,1444,4326,NOT_AVAILABLE_IN_SOURCE (Configured Parameter),NOT_AVAILABLE_IN_SOURCE (Configured Parameter)
396897,Delhi,411.7,92.41,20,,ORIGINAL_VALID_IN_MASTER,3,0.95,1235.1,264,1500,4381,NOT_AVAILABLE_IN_SOURCE (Configured Parameter),NOT_AVAILABLE_IN_SOURCE (Configured Parameter)
477482,HR-NCR,411.15,127.69,20,,ORIGINAL_VALID_IN_MASTER,3,0.95,1233.4499999999998,364,1598,4476,NOT_AVAILABLE_IN_SOURCE (Configured Parameter),NOT_AVAILABLE_IN_SOURCE (Configured Parameter)
179,Delhi,410.8,60.12,20,,ORIGINAL_VALID_IN_MASTER,3,0.95,1232.4,172,1405,4280,NOT_AVAILABLE_IN_SOURCE (Configured Parameter),NOT_AVAILABLE_IN_SOURCE (Configured Parameter)
440031,Delhi,409.85,111.92,20,,ORIGINAL_VALID_IN_MASTER,3,0.95,1229.5500000000002,319,1549,4418,NOT_AVAILABLE_IN_SOURCE (Configured Parameter),NOT_AVAILABLE_IN_SOURCE (Configured Parameter)
18841,Delhi,408.35,123.97,20,,ORIGINAL_VALID_IN_MASTER,3,0.95,1225.0500000000002,354,1580,4438,NOT_AVAILABLE_IN_SOURCE (Configured Parameter),NOT_AVAILABLE_IN_SOURCE (Configured Parameter)
486016,Delhi,408.0,557.83,6,,UNRESOLVED_NO_HISTORY,3,0.95,1224.0,1590,2814,5670,NOT_AVAILABLE_IN_SOURCE (Configured Parameter),NOT_AVAILABLE_IN_SOURCE (Configured Parameter)
467651,HR-NCR,407.2,62.57,20,,ORIGINAL_VALID_IN_MASTER,3,0.95,1221.6,179,1401,4251,NOT_AVAILABLE_IN_SOURCE (Configured Parameter),NOT_AVAILABLE_IN_SOURCE (Configured Parameter)
10557,HR-NCR,407.05,110.6,20,,ORIGINAL_VALID_IN_MASTER,3,0.95,1221.15,316,1538,4387,NOT_AVAILABLE_IN_SOURCE (Configured Parameter),NOT_AVAILABLE_IN_SOURCE (Configured Parameter)
436336,Bengaluru,406.75,48.14,20,,ORIGINAL_VALID_IN_MASTER,3,0.95,1220.25,138,1359,4206,NOT_AVAILABLE_IN_SOURCE (Configured Parameter),NOT_AVAILABLE_IN_SOURCE (Configured Parameter)
487714,HR-NCR,405.8,85.25,10,,ORIGINAL_VALID_IN_MASTER,3,0.95,1217.4,243,1461,4301,NOT_AVAILABLE_IN_SOURCE (Configured Parameter),NOT_AVAILABLE_IN_SOURCE (Configured Parameter)
3907,HR-NCR,405.75,66.05,20,,ORIGINAL_VALID_IN_MASTER,3,0.95,1217.25,189,1407,4247,NOT_AVAILABLE_IN_SOURCE (Configured Parameter),NOT_AVAILABLE_IN_SOURCE (Configured Parameter)
13876,Mumbai,403.4,94.47,20,,ORIGINAL_VALID_IN_MASTER,3,0.95,1210.1999999999998,270,1481,4304,NOT_AVAILABLE_IN_SOURCE (Configured Parameter),NOT_AVAILABLE_IN_SOURCE (Configured Parameter)
438128,Delhi,401.8,69.05,20,,ORIGINAL_VALID_IN_MASTER,3,0.95,1205.4,197,1403,4215,NOT_AVAILABLE_IN_SOURCE (Configured Parameter),NOT_AVAILABLE_IN_SOURCE (Configured Parameter)
23343,Bengaluru,398.55,60.32,20,,ORIGINAL_VALID_IN_MASTER,3,0.95,1195.65,172,1368,4158,NOT_AVAILABLE_IN_SOURCE (Configured Parameter),NOT_AVAILABLE_IN_SOURCE (Configured Parameter)
43,Bengaluru,397.05,190.72,20,,ORIGINAL_VALID_IN_MASTER,3,0.95,1191.15,544,1736,4515,NOT_AVAILABLE_IN_SOURCE (Configured Parameter),NOT_AVAILABLE_IN_SOURCE (Configured Parameter)
3471,Delhi,396.75,156.0,20,,ORIGINAL_VALID_IN_MASTER,3,0.95,1190.25,445,1636,4413,NOT_AVAILABLE_IN_SOURCE (Configured Parameter),NOT_AVAILABLE_IN_SOURCE (Configured Parameter)
477787,Delhi,394.35,99.1,20,,ORIGINAL_VALID_IN_MASTER,3,0.95,1183.0500000000002,283,1467,4227,NOT_AVAILABLE_IN_SOURCE (Configured Parameter),NOT_AVAILABLE_IN_SOURCE (Configured Parameter)
73577,Delhi,393.3,65.09,20,,ORIGINAL_VALID_IN_MASTER,3,0.95,1179.9,186,1366,4119,NOT_AVAILABLE_IN_SOURCE (Configured Parameter),NOT_AVAILABLE_IN_SOURCE (Configured Parameter)
82898,Delhi,392.9,112.78,20,,ORIGINAL_VALID_IN_MASTER,3,0.95,1178.6999999999998,322,1501,4251,NOT_AVAILABLE_IN_SOURCE (Configured Parameter),NOT_AVAILABLE_IN_SOURCE (Configured Parameter)
317610,Bengaluru,392.8,69.39,20,,ORIGINAL_VALID_IN_MASTER,3,0.95,1178.4,198,1377,4126,NOT_AVAILABLE_IN_SOURCE (Configured Parameter),NOT_AVAILABLE_IN_SOURCE (Configured Parameter)
605,Delhi,392.65,86.35,20,,ORIGINAL_VALID_IN_MASTER,3,0.95,1177.9499999999998,247,1425,4174,NOT_AVAILABLE_IN_SOURCE (Configured Parameter),NOT_AVAILABLE_IN_SOURCE (Configured Parameter)
486017,Mumbai,391.3,124.07,10,,UNRESOLVED_NO_HISTORY,3,0.95,1173.9,354,1528,4267,NOT_AVAILABLE_IN_SOURCE (Configured Parameter),NOT_AVAILABLE_IN_SOURCE (Configured Parameter)
341746,Delhi,391.1,119.09,20,,ORIGINAL_VALID_IN_MASTER,3,0.95,1173.3000000000002,340,1514,4251,NOT_AVAILABLE_IN_SOURCE (Configured Parameter),NOT_AVAILABLE_IN_SOURCE (Configured Parameter)
428612,Delhi,385.82,135.06,11,,ORIGINAL_VALID_IN_MASTER,3,0.95,1157.46,385,1543,4244,NOT_AVAILABLE_IN_SOURCE (Configured Parameter),NOT_AVAILABLE_IN_SOURCE (Configured Parameter)
17,Delhi,385.3,59.17,20,,ORIGINAL_VALID_IN_MASTER,3,0.95,1155.9,169,1325,4022,NOT_AVAILABLE_IN_SOURCE (Configured Parameter),NOT_AVAILABLE_IN_SOURCE (Configured Parameter)
383411,HR-NCR,383.8,62.38,20,,ORIGINAL_VALID_IN_MASTER,3,0.95,1151.4,178,1330,4016,NOT_AVAILABLE_IN_SOURCE (Configured Parameter),NOT_AVAILABLE_IN_SOURCE (Configured Parameter)
459720,Mumbai,383.35,116.72,20,,ORIGINAL_VALID_IN_MASTER,3,0.95,1150.0500000000002,333,1484,4167,NOT_AVAILABLE_IN_SOURCE (Configured Parameter),NOT_AVAILABLE_IN_SOURCE (Configured Parameter)
237680,Mumbai,383.35,60.04,20,,ORIGINAL_VALID_IN_MASTER,3,0.95,1150.0500000000002,172,1323,4006,NOT_AVAILABLE_IN_SOURCE (Configured Parameter),NOT_AVAILABLE_IN_SOURCE (Configured Parameter)
464204,Delhi,380.25,47.13,20,,ORIGINAL_VALID_IN_MASTER,3,0.95,1140.75,135,1276,3938,NOT_AVAILABLE_IN_SOURCE (Configured Parameter),NOT_AVAILABLE_IN_SOURCE (Configured Parameter)
286009,Delhi,380.05,85.53,20,,ORIGINAL_VALID_IN_MASTER,3,0.95,1140.15,244,1385,4045,NOT_AVAILABLE_IN_SOURCE (Configured Parameter),NOT_AVAILABLE_IN_SOURCE (Configured Parameter)
171258,Delhi,378.2,55.83,20,,ORIGINAL_VALID_IN_MASTER,3,0.95,1134.6,160,1295,3942,NOT_AVAILABLE_IN_SOURCE (Configured Parameter),NOT_AVAILABLE_IN_SOURCE (Configured Parameter)
253144,Delhi,377.1,115.75,20,,ORIGINAL_VALID_IN_MASTER,3,0.95,1131.3000000000002,330,1462,4101,NOT_AVAILABLE_IN_SOURCE (Configured Parameter),NOT_AVAILABLE_IN_SOURCE (Configured Parameter)
104887,Delhi,374.75,49.8,20,,ORIGINAL_VALID_IN_MASTER,3,0.95,1124.25,142,1267,3890,NOT_AVAILABLE_IN_SOURCE (Configured Parameter),NOT_AVAILABLE_IN_SOURCE (Configured Parameter)
486016,Mumbai,374.2,142.76,10,,UNRESOLVED_NO_HISTORY,3,0.95,1122.6,407,1530,4149,NOT_AVAILABLE_IN_SOURCE (Configured Parameter),NOT_AVAILABLE_IN_SOURCE (Configured Parameter)
104616,Delhi,373.9,58.08,20,,ORIGINAL_VALID_IN_MASTER,3,0.95,1121.6999999999998,166,1288,3905,NOT_AVAILABLE_IN_SOURCE (Configured Parameter),NOT_AVAILABLE_IN_SOURCE (Configured Parameter)
117641,Delhi,372.95,205.87,20,,ORIGINAL_VALID_IN_MASTER,3,0.95,1118.85,587,1706,4317,NOT_AVAILABLE_IN_SOURCE (Configured Parameter),NOT_AVAILABLE_IN_SOURCE (Configured Parameter)
400105,Bengaluru,372.3,208.74,20,,ORIGINAL_VALID_IN_MASTER,3,0.95,1116.9,595,1712,4318,NOT_AVAILABLE_IN_SOURCE (Configured Parameter),NOT_AVAILABLE_IN_SOURCE (Configured Parameter)
483695,Mumbai,371.75,73.25,4,0.004,Tier_2_Product_Median,3,0.95,1115.25,209,1325,3927,NOT_AVAILABLE_IN_SOURCE (Configured Parameter),NOT_AVAILABLE_IN_SOURCE (Configured Parameter)
480950,Bengaluru,371.2,118.2,20,,ORIGINAL_VALID_IN_MASTER,3,0.95,1113.6,337,1451,4049,NOT_AVAILABLE_IN_SOURCE (Configured Parameter),NOT_AVAILABLE_IN_SOURCE (Configured Parameter)
95609,Delhi,370.7,204.58,20,,ORIGINAL_VALID_IN_MASTER,3,0.95,1112.1,583,1696,4290,NOT_AVAILABLE_IN_SOURCE (Configured Parameter),NOT_AVAILABLE_IN_SOURCE (Configured Parameter)
415984,Delhi,370.45,82.56,20,,ORIGINAL_VALID_IN_MASTER,3,0.95,1111.35,236,1348,3941,NOT_AVAILABLE_IN_SOURCE (Configured Parameter),NOT_AVAILABLE_IN_SOURCE (Configured Parameter)
17748,Mumbai,368.65,54.6,20,,ORIGINAL_VALID_IN_MASTER,3,0.95,1105.9499999999998,156,1262,3843,NOT_AVAILABLE_IN_SOURCE (Configured Parameter),NOT_AVAILABLE_IN_SOURCE (Configured Parameter)
17643,HR-NCR,367.9,72.25,20,,ORIGINAL_VALID_IN_MASTER,3,0.95,1103.6999999999998,206,1310,3885,NOT_AVAILABLE_IN_SOURCE (Configured Parameter),NOT_AVAILABLE_IN_SOURCE (Configured Parameter)
368933,Delhi,367.6,58.2,10,,ORIGINAL_VALID_IN_MASTER,3,0.95,1102.8000000000002,166,1269,3842,NOT_AVAILABLE_IN_SOURCE (Configured Parameter),NOT_AVAILABLE_IN_SOURCE (Configured Parameter)
478893,Delhi,365.95,53.86,20,,ORIGINAL_VALID_IN_MASTER,3,0.95,1097.85,154,1252,3814,NOT_AVAILABLE_IN_SOURCE (Configured Parameter),NOT_AVAILABLE_IN_SOURCE (Configured Parameter)
18575,Delhi,365.85,149.51,20,,ORIGINAL_VALID_IN_MASTER,3,0.95,1097.5500000000002,426,1524,4085,NOT_AVAILABLE_IN_SOURCE (Configured Parameter),NOT_AVAILABLE_IN_SOURCE (Configured Parameter)
55360,Delhi,365.4,42.69,20,,ORIGINAL_VALID_IN_MASTER,3,0.95,1096.1999999999998,122,1219,3776,NOT_AVAILABLE_IN_SOURCE (Configured Parameter),NOT_AVAILABLE_IN_SOURCE (Configured Parameter)
11006,Delhi,364.85,71.21,20,,ORIGINAL_VALID_IN_MASTER,3,0.95,1094.5500000000002,203,1298,3852,NOT_AVAILABLE_IN_SOURCE (Configured Parameter),NOT_AVAILABLE_IN_SOURCE (Configured Parameter)
189821,Bengaluru,364.7,42.44,20,,ORIGINAL_VALID_IN_MASTER,3,0.95,1094.1,121,1216,3768,NOT_AVAILABLE_IN_SOURCE (Configured Parameter),NOT_AVAILABLE_IN_SOURCE (Configured Parameter)
67372,HR-NCR,363.2,40.13,20,,ORIGINAL_VALID_IN_MASTER,3,0.95,1089.6,115,1205,3747,NOT_AVAILABLE_IN_SOURCE (Configured Parameter),NOT_AVAILABLE_IN_SOURCE (Configured Parameter)
39410,Bengaluru,362.95,147.76,20,,ORIGINAL_VALID_IN_MASTER,3,0.95,1088.85,422,1511,4052,NOT_AVAILABLE_IN_SOURCE (Configured Parameter),NOT_AVAILABLE_IN_SOURCE (Configured Parameter)
438145,Delhi,359.1,76.54,20,,ORIGINAL_VALID_IN_MASTER,3,0.95,1077.3000000000002,219,1297,3810,NOT_AVAILABLE_IN_SOURCE (Configured Parameter),NOT_AVAILABLE_IN_SOURCE (Configured Parameter)
400525,Delhi,358.65,160.31,20,,ORIGINAL_VALID_IN_MASTER,3,0.95,1075.9499999999998,457,1533,4044,NOT_AVAILABLE_IN_SOURCE (Configured Parameter),NOT_AVAILABLE_IN_SOURCE (Configured Parameter)
201,Delhi,358.05,102.76,20,,ORIGINAL_VALID_IN_MASTER,3,0.95,1074.15,293,1368,3874,NOT_AVAILABLE_IN_SOURCE (Configured Parameter),NOT_AVAILABLE_IN_SOURCE (Configured Parameter)
106,Delhi,354.75,81.16,20,,ORIGINAL_VALID_IN_MASTER,3,0.95,1064.25,232,1297,3780,NOT_AVAILABLE_IN_SOURCE (Configured Parameter),NOT_AVAILABLE_IN_SOURCE (Configured Parameter)
15366,Delhi,353.1,86.51,20,,ORIGINAL_VALID_IN_MASTER,3,0.95,1059.3000000000002,247,1307,3778,NOT_AVAILABLE_IN_SOURCE (Configured Parameter),NOT_AVAILABLE_IN_SOURCE (Configured Parameter)
12,HR-NCR,352.45,139.12,20,,ORIGINAL_VALID_IN_MASTER,3,0.95,1057.35,397,1455,3922,NOT_AVAILABLE_IN_SOURCE (Configured Parameter),NOT_AVAILABLE_IN_SOURCE (Configured Parameter)
484067,Delhi,351.6,127.73,20,,ORIGINAL_VALID_IN_MASTER,3,0.95,1054.8000000000002,364,1419,3880,NOT_AVAILABLE_IN_SOURCE (Configured Parameter),NOT_AVAILABLE_IN_SOURCE (Configured Parameter)
487712,HR-NCR,351.5,70.77,10,,ORIGINAL_VALID_IN_MASTER,3,0.95,1054.5,202,1257,3717,NOT_AVAILABLE_IN_SOURCE (Configured Parameter),NOT_AVAILABLE_IN_SOURCE (Configured Parameter)
3914,Delhi,351.5,101.68,20,,ORIGINAL_VALID_IN_MASTER,3,0.95,1054.5,290,1345,3805,NOT_AVAILABLE_IN_SOURCE (Configured Parameter),NOT_AVAILABLE_IN_SOURCE (Configured Parameter)
336628,Delhi,351.45,203.03,20,,ORIGINAL_VALID_IN_MASTER,3,0.95,1054.35,579,1634,4094,NOT_AVAILABLE_IN_SOURCE (Configured Parameter),NOT_AVAILABLE_IN_SOURCE (Configured Parameter)
206314,Delhi,348.95,140.34,20,,ORIGINAL_VALID_IN_MASTER,3,0.95,1046.85,400,1447,3890,NOT_AVAILABLE_IN_SOURCE (Configured Parameter),NOT_AVAILABLE_IN_SOURCE (Configured Parameter)
415627,Delhi,348.3,84.11,20,,ORIGINAL_VALID_IN_MASTER,3,0.95,1044.9,240,1285,3723,NOT_AVAILABLE_IN_SOURCE (Configured Parameter),NOT_AVAILABLE_IN_SOURCE (Configured Parameter)
422948,Delhi,345.0,150.35,20,,ORIGINAL_VALID_IN_MASTER,3,0.95,1035.0,429,1464,3879,NOT_AVAILABLE_IN_SOURCE (Configured Parameter),NOT_AVAILABLE_IN_SOURCE (Configured Parameter)
487712,Bengaluru,343.9,40.52,10,,ORIGINAL_VALID_IN_MASTER,3,0.95,1031.6999999999998,116,1148,3555,NOT_AVAILABLE_IN_SOURCE (Configured Parameter),NOT_AVAILABLE_IN_SOURCE (Configured Parameter)
203,HR-NCR,343.75,79.58,20,,ORIGINAL_VALID_IN_MASTER,3,0.95,1031.25,227,1259,3665,NOT_AVAILABLE_IN_SOURCE (Configured Parameter),NOT_AVAILABLE_IN_SOURCE (Configured Parameter)
479966,Delhi,342.55,151.75,20,,ORIGINAL_VALID_IN_MASTER,3,0.95,1027.65,433,1461,3859,NOT_AVAILABLE_IN_SOURCE (Configured Parameter),NOT_AVAILABLE_IN_SOURCE (Configured Parameter)
114916,Delhi,341.85,48.03,20,,ORIGINAL_VALID_IN_MASTER,3,0.95,1025.5500000000002,137,1163,3556,NOT_AVAILABLE_IN_SOURCE (Configured Parameter),NOT_AVAILABLE_IN_SOURCE (Configured Parameter)
105,Mumbai,341.2,83.1,20,,ORIGINAL_VALID_IN_MASTER,3,0.95,1023.5999999999999,237,1261,3649,NOT_AVAILABLE_IN_SOURCE (Configured Parameter),NOT_AVAILABLE_IN_SOURCE (Configured Parameter)
426652,Bengaluru,340.6,73.17,20,,ORIGINAL_VALID_IN_MASTER,3,0.95,1021.8000000000001,209,1231,3615,NOT_AVAILABLE_IN_SOURCE (Configured Parameter),NOT_AVAILABLE_IN_SOURCE (Configured Parameter)
388639,HR-NCR,338.65,75.09,20,,ORIGINAL_VALID_IN_MASTER,3,0.95,1015.9499999999999,214,1230,3601,NOT_AVAILABLE_IN_SOURCE (Configured Parameter),NOT_AVAILABLE_IN_SOURCE (Configured Parameter)
21869,Delhi,338.35,64.08,20,,ORIGINAL_VALID_IN_MASTER,3,0.95,1015.0500000000001,183,1199,3567,NOT_AVAILABLE_IN_SOURCE (Configured Parameter),NOT_AVAILABLE_IN_SOURCE (Configured Parameter)
179771,Delhi,338.25,98.97,20,,ORIGINAL_VALID_IN_MASTER,3,0.95,1014.75,282,1297,3665,NOT_AVAILABLE_IN_SOURCE (Configured Parameter),NOT_AVAILABLE_IN_SOURCE (Configured Parameter)
95032,Mumbai,337.95,64.03,20,,ORIGINAL_VALID_IN_MASTER,3,0.95,1013.8499999999999,183,1197,3563,NOT_AVAILABLE_IN_SOURCE (Configured Parameter),NOT_AVAILABLE_IN_SOURCE (Configured Parameter)
10559,Delhi,337.3,105.73,20,,ORIGINAL_VALID_IN_MASTER,3,0.95,1011.9000000000001,302,1314,3675,NOT_AVAILABLE_IN_SOURCE (Configured Parameter),NOT_AVAILABLE_IN_SOURCE (Configured Parameter)
470636,Mumbai,336.1,73.66,20,,ORIGINAL_VALID_IN_MASTER,3,0.95,1008.3000000000001,210,1219,3571,NOT_AVAILABLE_IN_SOURCE (Configured Parameter),NOT_AVAILABLE_IN_SOURCE (Configured Parameter)
478893,HR-NCR,333.9,57.43,20,,ORIGINAL_VALID_IN_MASTER,3,0.95,1001.6999999999999,164,1166,3503,NOT_AVAILABLE_IN_SOURCE (Configured Parameter),NOT_AVAILABLE_IN_SOURCE (Configured Parameter)
24178,HR-NCR,333.05,41.42,20,,ORIGINAL_VALID_IN_MASTER,3,0.95,999.1500000000001,119,1119,3450,NOT_AVAILABLE_IN_SOURCE (Configured Parameter),NOT_AVAILABLE_IN_SOURCE (Configured Parameter)
63628,Delhi,331.45,66.01,20,,ORIGINAL_VALID_IN_MASTER,3,0.95,994.3499999999999,189,1184,3504,NOT_AVAILABLE_IN_SOURCE (Configured Parameter),NOT_AVAILABLE_IN_SOURCE (Configured Parameter)
15933,Delhi,331.45,25.94,20,,ORIGINAL_VALID_IN_MASTER,3,0.95,994.3499999999999,74,1069,3389,NOT_AVAILABLE_IN_SOURCE (Configured Parameter),NOT_AVAILABLE_IN_SOURCE (Configured Parameter)
43,Mumbai,330.35,117.58,20,,ORIGINAL_VALID_IN_MASTER,3,0.95,991.0500000000001,336,1328,3640,NOT_AVAILABLE_IN_SOURCE (Configured Parameter),NOT_AVAILABLE_IN_SOURCE (Configured Parameter)
101230,Bengaluru,330.3,47.26,20,,ORIGINAL_VALID_IN_MASTER,3,0.95,990.9000000000001,135,1126,3438,NOT_AVAILABLE_IN_SOURCE (Configured Parameter),NOT_AVAILABLE_IN_SOURCE (Configured Parameter)
479964,Delhi,327.2,161.03,20,,ORIGINAL_VALID_IN_MASTER,3,0.95,981.5999999999999,459,1441,3731,NOT_AVAILABLE_IN_SOURCE (Configured Parameter),NOT_AVAILABLE_IN_SOURCE (Configured Parameter)
367837,HR-NCR,326.65,46.0,20,,ORIGINAL_VALID_IN_MASTER,3,0.95,979.9499999999999,132,1112,3399,NOT_AVAILABLE_IN_SOURCE (Configured Parameter),NOT_AVAILABLE_IN_SOURCE (Configured Parameter)
458325,Delhi,326.6,60.4,20,,ORIGINAL_VALID_IN_MASTER,3,0.95,979.8000000000001,173,1153,3439,NOT_AVAILABLE_IN_SOURCE (Configured Parameter),NOT_AVAILABLE_IN_SOURCE (Configured Parameter)
3916,Bengaluru,326.45,55.27,20,,ORIGINAL_VALID_IN_MASTER,3,0.95,979.3499999999999,158,1138,3423,NOT_AVAILABLE_IN_SOURCE (Configured Parameter),NOT_AVAILABLE_IN_SOURCE (Configured Parameter)
361153,Delhi,324.1,85.91,20,,ORIGINAL_VALID_IN_MASTER,3,0.95,972.3000000000001,245,1218,3486,NOT_AVAILABLE_IN_SOURCE (Configured Parameter),NOT_AVAILABLE_IN_SOURCE (Configured Parameter)
389735,HR-NCR,323.3,90.31,20,,ORIGINAL_VALID_IN_MASTER,3,0.95,969.9000000000001,258,1228,3491,NOT_AVAILABLE_IN_SOURCE (Configured Parameter),NOT_AVAILABLE_IN_SOURCE (Configured Parameter)
404983,HR-NCR,322.85,99.97,20,,ORIGINAL_VALID_IN_MASTER,3,0.95,968.5500000000001,285,1254,3514,NOT_AVAILABLE_IN_SOURCE (Configured Parameter),NOT_AVAILABLE_IN_SOURCE (Configured Parameter)
174727,Delhi,322.15,148.03,20,,ORIGINAL_VALID_IN_MASTER,3,0.95,966.4499999999999,422,1389,3644,NOT_AVAILABLE_IN_SOURCE (Configured Parameter),NOT_AVAILABLE_IN_SOURCE (Configured Parameter)
39493,Bengaluru,322.05,73.57,20,,ORIGINAL_VALID_IN_MASTER,3,0.95,966.1500000000001,210,1177,3431,NOT_AVAILABLE_IN_SOURCE (Configured Parameter),NOT_AVAILABLE_IN_SOURCE (Configured Parameter)
487713,Delhi,321.8,84.47,10,,ORIGINAL_VALID_IN_MASTER,3,0.95,965.4000000000001,241,1207,3459,NOT_AVAILABLE_IN_SOURCE (Configured Parameter),NOT_AVAILABLE_IN_SOURCE (Configured Parameter)
123060,HR-NCR,321.45,67.45,20,,ORIGINAL_VALID_IN_MASTER,3,0.95,964.3499999999999,193,1158,3408,NOT_AVAILABLE_IN_SOURCE (Configured Parameter),NOT_AVAILABLE_IN_SOURCE (Configured Parameter)
32553,Bengaluru,321.0,113.2,20,,ORIGINAL_VALID_IN_MASTER,3,0.95,963.0,323,1286,3533,NOT_AVAILABLE_IN_SOURCE (Configured Parameter),NOT_AVAILABLE_IN_SOURCE (Configured Parameter)
145447,Bengaluru,320.95,46.47,20,,ORIGINAL_VALID_IN_MASTER,3,0.95,962.8499999999999,133,1096,3343,NOT_AVAILABLE_IN_SOURCE (Configured Parameter),NOT_AVAILABLE_IN_SOURCE (Configured Parameter)
18854,Delhi,320.9,69.33,20,,ORIGINAL_VALID_IN_MASTER,3,0.95,962.6999999999999,198,1161,3407,NOT_AVAILABLE_IN_SOURCE (Configured Parameter),NOT_AVAILABLE_IN_SOURCE (Configured Parameter)
389683,Delhi,320.1,89.13,20,,ORIGINAL_VALID_IN_MASTER,3,0.95,960.3000000000001,254,1215,3455,NOT_AVAILABLE_IN_SOURCE (Configured Parameter),NOT_AVAILABLE_IN_SOURCE (Configured Parameter)
99,Delhi,319.75,100.38,20,,ORIGINAL_VALID_IN_MASTER,3,0.95,959.25,287,1247,3485,NOT_AVAILABLE_IN_SOURCE (Configured Parameter),NOT_AVAILABLE_IN_SOURCE (Configured Parameter)
160,HR-NCR,318.15,70.54,20,,ORIGINAL_VALID_IN_MASTER,3,0.95,954.4499999999999,201,1156,3383,NOT_AVAILABLE_IN_SOURCE (Configured Parameter),NOT_AVAILABLE_IN_SOURCE (Configured Parameter)
23383,Mumbai,318.05,57.97,20,,ORIGINAL_VALID_IN_MASTER,3,0.95,954.1500000000001,166,1121,3347,NOT_AVAILABLE_IN_SOURCE (Configured Parameter),NOT_AVAILABLE_IN_SOURCE (Configured Parameter)
134358,Bengaluru,317.55,34.94,20,,ORIGINAL_VALID_IN_MASTER,3,0.95,952.6500000000001,100,1053,3276,NOT_AVAILABLE_IN_SOURCE (Configured Parameter),NOT_AVAILABLE_IN_SOURCE (Configured Parameter)
364304,Delhi,314.1,59.68,20,,ORIGINAL_VALID_IN_MASTER,3,0.95,942.3000000000001,171,1114,3312,NOT_AVAILABLE_IN_SOURCE (Configured Parameter),NOT_AVAILABLE_IN_SOURCE (Configured Parameter)
11150,HR-NCR,313.9,97.8,20,,ORIGINAL_VALID_IN_MASTER,3,0.95,941.6999999999999,279,1221,3418,NOT_AVAILABLE_IN_SOURCE (Configured Parameter),NOT_AVAILABLE_IN_SOURCE (Configured Parameter)
327916,Bengaluru,313.35,82.56,20,,ORIGINAL_VALID_IN_MASTER,3,0.95,940.0500000000001,236,1177,3370,NOT_AVAILABLE_IN_SOURCE (Configured Parameter),NOT_AVAILABLE_IN_SOURCE (Configured Parameter)
458952,HR-NCR,313.3,52.71,10,,ORIGINAL_VALID_IN_MASTER,3,0.95,939.9000000000001,151,1091,3284,NOT_AVAILABLE_IN_SOURCE (Configured Parameter),NOT_AVAILABLE_IN_SOURCE (Configured Parameter)
17772,Delhi,312.8,63.85,20,,ORIGINAL_VALID_IN_MASTER,3,0.95,938.4000000000001,182,1121,3310,NOT_AVAILABLE_IN_SOURCE (Configured Parameter),NOT_AVAILABLE_IN_SOURCE (Configured Parameter)
283763,HR-NCR,312.25,158.6,4,,ORIGINAL_VALID_IN_MASTER,3,0.95,936.75,452,1389,3575,NOT_AVAILABLE_IN_SOURCE (Configured Parameter),NOT_AVAILABLE_IN_SOURCE (Configured Parameter)
55504,Delhi,312.15,69.25,20,,ORIGINAL_VALID_IN_MASTER,3,0.95,936.4499999999999,198,1135,3320,NOT_AVAILABLE_IN_SOURCE (Configured Parameter),NOT_AVAILABLE_IN_SOURCE (Configured Parameter)
352443,Mumbai,311.55,115.1,20,,ORIGINAL_VALID_IN_MASTER,3,0.95,934.6500000000001,328,1263,3444,NOT_AVAILABLE_IN_SOURCE (Configured Parameter),NOT_AVAILABLE_IN_SOURCE (Configured Parameter)
425780,Bengaluru,311.45,118.96,20,,ORIGINAL_VALID_IN_MASTER,3,0.95,934.3499999999999,339,1274,3454,NOT_AVAILABLE_IN_SOURCE (Configured Parameter),NOT_AVAILABLE_IN_SOURCE (Configured Parameter)
15286,HR-NCR,310.5,143.36,20,,ORIGINAL_VALID_IN_MASTER,3,0.95,931.5,409,1341,3514,NOT_AVAILABLE_IN_SOURCE (Configured Parameter),NOT_AVAILABLE_IN_SOURCE (Configured Parameter)
27389,Delhi,309.55,47.25,20,,ORIGINAL_VALID_IN_MASTER,3,0.95,928.6500000000001,135,1064,3231,NOT_AVAILABLE_IN_SOURCE (Configured Parameter),NOT_AVAILABLE_IN_SOURCE (Configured Parameter)
240092,HR-NCR,309.25,103.15,20,,ORIGINAL_VALID_IN_MASTER,3,0.95,927.75,294,1222,3387,NOT_AVAILABLE_IN_SOURCE (Configured Parameter),NOT_AVAILABLE_IN_SOURCE (Configured Parameter)
108301,Delhi,308.95,58.23,20,,ORIGINAL_VALID_IN_MASTER,3,0.95,926.8499999999999,166,1093,3256,NOT_AVAILABLE_IN_SOURCE (Configured Parameter),NOT_AVAILABLE_IN_SOURCE (Configured Parameter)
104,Delhi,308.55,87.47,20,,ORIGINAL_VALID_IN_MASTER,3,0.95,925.6500000000001,250,1176,3336,NOT_AVAILABLE_IN_SOURCE (Configured Parameter),NOT_AVAILABLE_IN_SOURCE (Configured Parameter)
14162,Delhi,308.15,84.02,20,,ORIGINAL_VALID_IN_MASTER,3,0.95,924.4499999999999,240,1165,3322,NOT_AVAILABLE_IN_SOURCE (Configured Parameter),NOT_AVAILABLE_IN_SOURCE (Configured Parameter)
477788,Delhi,307.95,136.12,20,,ORIGINAL_VALID_IN_MASTER,3,0.95,923.8499999999999,388,1312,3468,NOT_AVAILABLE_IN_SOURCE (Configured Parameter),NOT_AVAILABLE_IN_SOURCE (Configured Parameter)
285131,Delhi,307.2,170.6,20,,ORIGINAL_VALID_IN_MASTER,3,0.95,921.5999999999999,487,1409,3559,NOT_AVAILABLE_IN_SOURCE (Configured Parameter),NOT_AVAILABLE_IN_SOURCE (Configured Parameter)
478703,Bengaluru,306.4,40.45,20,,ORIGINAL_VALID_IN_MASTER,3,0.95,919.1999999999999,116,1036,3180,NOT_AVAILABLE_IN_SOURCE (Configured Parameter),NOT_AVAILABLE_IN_SOURCE (Configured Parameter)
11214,Delhi,306.35,132.31,20,,ORIGINAL_VALID_IN_MASTER,3,0.95,919.0500000000001,377,1297,3441,NOT_AVAILABLE_IN_SOURCE (Configured Parameter),NOT_AVAILABLE_IN_SOURCE (Configured Parameter)
474769,Delhi,306.2,105.51,20,,ORIGINAL_VALID_IN_MASTER,3,0.95,918.5999999999999,301,1220,3363,NOT_AVAILABLE_IN_SOURCE (Configured Parameter),NOT_AVAILABLE_IN_SOURCE (Configured Parameter)
355051,Delhi,306.0,34.57,20,,ORIGINAL_VALID_IN_MASTER,3,0.95,918.0,99,1017,3159,NOT_AVAILABLE_IN_SOURCE (Configured Parameter),NOT_AVAILABLE_IN_SOURCE (Configured Parameter)
404347,Delhi,305.9,90.77,20,,ORIGINAL_VALID_IN_MASTER,3,0.95,917.6999999999999,259,1177,3318,NOT_AVAILABLE_IN_SOURCE (Configured Parameter),NOT_AVAILABLE_IN_SOURCE (Configured Parameter)
34353,HR-NCR,305.0,36.35,20,,ORIGINAL_VALID_IN_MASTER,3,0.95,915.0,104,1019,3154,NOT_AVAILABLE_IN_SOURCE (Configured Parameter),NOT_AVAILABLE_IN_SOURCE (Configured Parameter)
382102,Delhi,304.9,239.81,20,,ORIGINAL_VALID_IN_MASTER,3,0.95,914.6999999999999,684,1599,3733,NOT_AVAILABLE_IN_SOURCE (Configured Parameter),NOT_AVAILABLE_IN_SOURCE (Configured Parameter)
478895,HR-NCR,304.35,137.0,20,,ORIGINAL_VALID_IN_MASTER,3,0.95,913.0500000000001,391,1305,3435,NOT_AVAILABLE_IN_SOURCE (Configured Parameter),NOT_AVAILABLE_IN_SOURCE (Configured Parameter)
405595,Delhi,304.1,33.05,10,,ORIGINAL_VALID_IN_MASTER,3,0.95,912.3000000000001,95,1008,3136,NOT_AVAILABLE_IN_SOURCE (Configured Parameter),NOT_AVAILABLE_IN_SOURCE (Configured Parameter)
366711,Delhi,303.45,67.4,20,,ORIGINAL_VALID_IN_MASTER,3,0.95,910.3499999999999,193,1104,3228,NOT_AVAILABLE_IN_SOURCE (Configured Parameter),NOT_AVAILABLE_IN_SOURCE (Configured Parameter)
467659,Delhi,303.1,117.1,20,,ORIGINAL_VALID_IN_MASTER,3,0.95,909.3000000000001,334,1244,3365,NOT_AVAILABLE_IN_SOURCE (Configured Parameter),NOT_AVAILABLE_IN_SOURCE (Configured Parameter)
439935,Delhi,302.6,93.9,20,,ORIGINAL_VALID_IN_MASTER,3,0.95,907.8000000000001,268,1176,3294,NOT_AVAILABLE_IN_SOURCE (Configured Parameter),NOT_AVAILABLE_IN_SOURCE (Configured Parameter)
403804,Delhi,301.7,78.13,20,,ORIGINAL_VALID_IN_MASTER,3,0.95,905.0999999999999,223,1129,3240,NOT_AVAILABLE_IN_SOURCE (Configured Parameter),NOT_AVAILABLE_IN_SOURCE (Configured Parameter)
34778,Mumbai,301.7,185.47,20,,ORIGINAL_VALID_IN_MASTER,3,0.95,905.0999999999999,529,1435,3546,NOT_AVAILABLE_IN_SOURCE (Configured Parameter),NOT_AVAILABLE_IN_SOURCE (Configured Parameter)
38910,Bengaluru,301.45,76.71,20,,ORIGINAL_VALID_IN_MASTER,3,0.95,904.3499999999999,219,1124,3234,NOT_AVAILABLE_IN_SOURCE (Configured Parameter),NOT_AVAILABLE_IN_SOURCE (Configured Parameter)
11006,Mumbai,300.65,74.72,20,,ORIGINAL_VALID_IN_MASTER,3,0.95,901.9499999999999,213,1115,3220,NOT_AVAILABLE_IN_SOURCE (Configured Parameter),NOT_AVAILABLE_IN_SOURCE (Configured Parameter)
86,Delhi,300.6,68.33,20,,ORIGINAL_VALID_IN_MASTER,3,0.95,901.8000000000001,195,1097,3201,NOT_AVAILABLE_IN_SOURCE (Configured Parameter),NOT_AVAILABLE_IN_SOURCE (Configured Parameter)
14,Delhi,299.5,99.03,20,,ORIGINAL_VALID_IN_MASTER,3,0.95,898.5,283,1182,3278,NOT_AVAILABLE_IN_SOURCE (Configured Parameter),NOT_AVAILABLE_IN_SOURCE (Configured Parameter)
474769,HR-NCR,299.1,80.34,20,,ORIGINAL_VALID_IN_MASTER,3,0.95,897.3000000000001,229,1127,3220,NOT_AVAILABLE_IN_SOURCE (Configured Parameter),NOT_AVAILABLE_IN_SOURCE (Configured Parameter)
159,Mumbai,299.0,69.23,20,,ORIGINAL_VALID_IN_MASTER,3,0.95,897.0,198,1095,3188,NOT_AVAILABLE_IN_SOURCE (Configured Parameter),NOT_AVAILABLE_IN_SOURCE (Configured Parameter)
481495,Delhi,297.95,96.74,20,,ORIGINAL_VALID_IN_MASTER,3,0.95,893.8499999999999,276,1170,3256,NOT_AVAILABLE_IN_SOURCE (Configured Parameter),NOT_AVAILABLE_IN_SOURCE (Configured Parameter)
389725,Delhi,297.5,147.53,20,,ORIGINAL_VALID_IN_MASTER,3,0.95,892.5,421,1314,3396,NOT_AVAILABLE_IN_SOURCE (Configured Parameter),NOT_AVAILABLE_IN_SOURCE (Configured Parameter)
68482,Bengaluru,297.4,99.07,20,,ORIGINAL_VALID_IN_MASTER,3,0.95,892.1999999999999,283,1176,3257,NOT_AVAILABLE_IN_SOURCE (Configured Parameter),NOT_AVAILABLE_IN_SOURCE (Configured Parameter)
421721,Bengaluru,297.09,134.93,11,,ORIGINAL_VALID_IN_MASTER,3,0.95,891.27,385,1277,3356,NOT_AVAILABLE_IN_SOURCE (Configured Parameter),NOT_AVAILABLE_IN_SOURCE (Configured Parameter)
3918,HR-NCR,296.75,129.03,20,,ORIGINAL_VALID_IN_MASTER,3,0.95,890.25,368,1259,3336,NOT_AVAILABLE_IN_SOURCE (Configured Parameter),NOT_AVAILABLE_IN_SOURCE (Configured Parameter)
45377,Delhi,296.0,36.15,20,,ORIGINAL_VALID_IN_MASTER,3,0.95,888.0,103,991,3063,NOT_AVAILABLE_IN_SOURCE (Configured Parameter),NOT_AVAILABLE_IN_SOURCE (Configured Parameter)
253144,HR-NCR,295.75,104.96,20,,ORIGINAL_VALID_IN_MASTER,3,0.95,887.25,300,1188,3258,NOT_AVAILABLE_IN_SOURCE (Configured Parameter),NOT_AVAILABLE_IN_SOURCE (Configured Parameter)
482733,Delhi,294.9,81.53,20,,ORIGINAL_VALID_IN_MASTER,3,0.95,884.6999999999999,233,1118,3182,NOT_AVAILABLE_IN_SOURCE (Configured Parameter),NOT_AVAILABLE_IN_SOURCE (Configured Parameter)
32790,Delhi,294.85,117.66,20,,ORIGINAL_VALID_IN_MASTER,3,0.95,884.5500000000001,336,1221,3285,NOT_AVAILABLE_IN_SOURCE (Configured Parameter),NOT_AVAILABLE_IN_SOURCE (Configured Parameter)
477482,Bengaluru,294.5,83.18,20,,ORIGINAL_VALID_IN_MASTER,3,0.95,883.5,237,1121,3182,NOT_AVAILABLE_IN_SOURCE (Configured Parameter),NOT_AVAILABLE_IN_SOURCE (Configured Parameter)
15907,Bengaluru,294.3,206.35,20,,ORIGINAL_VALID_IN_MASTER,3,0.95,882.9000000000001,588,1471,3531,NOT_AVAILABLE_IN_SOURCE (Configured Parameter),NOT_AVAILABLE_IN_SOURCE (Configured Parameter)
60749,Delhi,294.1,48.26,20,,ORIGINAL_VALID_IN_MASTER,3,0.95,882.3000000000001,138,1021,3079,NOT_AVAILABLE_IN_SOURCE (Configured Parameter),NOT_AVAILABLE_IN_SOURCE (Configured Parameter)
369752,Mumbai,292.65,50.64,20,,ORIGINAL_VALID_IN_MASTER,3,0.95,877.9499999999999,145,1023,3072,NOT_AVAILABLE_IN_SOURCE (Configured Parameter),NOT_AVAILABLE_IN_SOURCE (Configured Parameter)
389683,Bengaluru,292.5,57.92,20,,ORIGINAL_VALID_IN_MASTER,3,0.95,877.5,166,1044,3091,NOT_AVAILABLE_IN_SOURCE (Configured Parameter),NOT_AVAILABLE_IN_SOURCE (Configured Parameter)
405806,Bengaluru,292.4,76.25,20,,ORIGINAL_VALID_IN_MASTER,3,0.95,877.1999999999999,218,1096,3142,NOT_AVAILABLE_IN_SOURCE (Configured Parameter),NOT_AVAILABLE_IN_SOURCE (Configured Parameter)
4943,HR-NCR,292.05,50.05,20,,ORIGINAL_VALID_IN_MASTER,3,0.95,876.1500000000001,143,1020,3064,NOT_AVAILABLE_IN_SOURCE (Configured Parameter),NOT_AVAILABLE_IN_SOURCE (Configured Parameter)
14624,Delhi,291.85,79.56,20,,ORIGINAL_VALID_IN_MASTER,3,0.95,875.5500000000001,227,1103,3146,NOT_AVAILABLE_IN_SOURCE (Configured Parameter),NOT_AVAILABLE_IN_SOURCE (Configured Parameter)
312,HR-NCR,290.8,83.48,20,,ORIGINAL_VALID_IN_MASTER,3,0.95,872.4000000000001,238,1111,3146,NOT_AVAILABLE_IN_SOURCE (Configured Parameter),NOT_AVAILABLE_IN_SOURCE (Configured Parameter)
467652,Bengaluru,290.75,101.94,20,,ORIGINAL_VALID_IN_MASTER,3,0.95,872.25,291,1164,3199,NOT_AVAILABLE_IN_SOURCE (Configured Parameter),NOT_AVAILABLE_IN_SOURCE (Configured Parameter)
32416,Delhi,290.1,55.08,20,,ORIGINAL_VALID_IN_MASTER,3,0.95,870.3000000000001,157,1028,3058,NOT_AVAILABLE_IN_SOURCE (Configured Parameter),NOT_AVAILABLE_IN_SOURCE (Configured Parameter)
285131,HR-NCR,290.0,166.68,20,,ORIGINAL_VALID_IN_MASTER,3,0.95,870.0,475,1345,3375,NOT_AVAILABLE_IN_SOURCE (Configured Parameter),NOT_AVAILABLE_IN_SOURCE (Configured Parameter)
365455,Bengaluru,289.6,48.07,20,,ORIGINAL_VALID_IN_MASTER,3,0.95,868.8000000000001,137,1006,3033,NOT_AVAILABLE_IN_SOURCE (Configured Parameter),NOT_AVAILABLE_IN_SOURCE (Configured Parameter)
23653,HR-NCR,289.6,117.69,20,,ORIGINAL_VALID_IN_MASTER,3,0.95,868.8000000000001,336,1205,3232,NOT_AVAILABLE_IN_SOURCE (Configured Parameter),NOT_AVAILABLE_IN_SOURCE (Configured Parameter)
11020,Delhi,288.65,43.96,20,,ORIGINAL_VALID_IN_MASTER,3,0.95,865.9499999999999,126,992,3013,NOT_AVAILABLE_IN_SOURCE (Configured Parameter),NOT_AVAILABLE_IN_SOURCE (Configured Parameter)
447623,Delhi,287.9,85.71,20,,ORIGINAL_VALID_IN_MASTER,3,0.95,863.6999999999999,245,1109,3124,NOT_AVAILABLE_IN_SOURCE (Configured Parameter),NOT_AVAILABLE_IN_SOURCE (Configured Parameter)
464204,HR-NCR,287.9,36.29,20,,ORIGINAL_VALID_IN_MASTER,3,0.95,863.6999999999999,104,968,2983,NOT_AVAILABLE_IN_SOURCE (Configured Parameter),NOT_AVAILABLE_IN_SOURCE (Configured Parameter)
7,Delhi,287.3,40.45,20,,ORIGINAL_VALID_IN_MASTER,3,0.95,861.9000000000001,116,978,2989,NOT_AVAILABLE_IN_SOURCE (Configured Parameter),NOT_AVAILABLE_IN_SOURCE (Configured Parameter)
116189,HR-NCR,287.1,48.75,20,,ORIGINAL_VALID_IN_MASTER,3,0.95,861.3000000000001,139,1001,3010,NOT_AVAILABLE_IN_SOURCE (Configured Parameter),NOT_AVAILABLE_IN_SOURCE (Configured Parameter)
481504,HR-NCR,284.5,112.71,10,,ORIGINAL_VALID_IN_MASTER,3,0.95,853.5,322,1176,3167,NOT_AVAILABLE_IN_SOURCE (Configured Parameter),NOT_AVAILABLE_IN_SOURCE (Configured Parameter)
3914,HR-NCR,284.3,82.42,20,,ORIGINAL_VALID_IN_MASTER,3,0.95,852.9000000000001,235,1088,3078,NOT_AVAILABLE_IN_SOURCE (Configured Parameter),NOT_AVAILABLE_IN_SOURCE (Configured Parameter)
15286,Bengaluru,282.7,111.59,20,,ORIGINAL_VALID_IN_MASTER,3,0.95,848.0999999999999,318,1167,3145,NOT_AVAILABLE_IN_SOURCE (Configured Parameter),NOT_AVAILABLE_IN_SOURCE (Configured Parameter)
389944,Delhi,282.35,63.85,20,,ORIGINAL_VALID_IN_MASTER,3,0.95,847.0500000000001,182,1030,3006,NOT_AVAILABLE_IN_SOURCE (Configured Parameter),NOT_AVAILABLE_IN_SOURCE (Configured Parameter)
439978,Delhi,282.25,50.67,20,,ORIGINAL_VALID_IN_MASTER,3,0.95,846.75,145,992,2968,NOT_AVAILABLE_IN_SOURCE (Configured Parameter),NOT_AVAILABLE_IN_SOURCE (Configured Parameter)
207766,HR-NCR,282.0,77.37,20,,ORIGINAL_VALID_IN_MASTER,3,0.95,846.0,221,1067,3041,NOT_AVAILABLE_IN_SOURCE (Configured Parameter),NOT_AVAILABLE_IN_SOURCE (Configured Parameter)
23379,HR-NCR,282.0,39.18,20,,ORIGINAL_VALID_IN_MASTER,3,0.95,846.0,112,958,2932,NOT_AVAILABLE_IN_SOURCE (Configured Parameter),NOT_AVAILABLE_IN_SOURCE (Configured Parameter)
10088,Mumbai,279.8,33.07,20,,ORIGINAL_VALID_IN_MASTER,3,0.95,839.4000000000001,95,935,2893,NOT_AVAILABLE_IN_SOURCE (Configured Parameter),NOT_AVAILABLE_IN_SOURCE (Configured Parameter)
459720,Delhi,279.6,79.18,20,,ORIGINAL_VALID_IN_MASTER,3,0.95,838.8000000000001,226,1065,3022,NOT_AVAILABLE_IN_SOURCE (Configured Parameter),NOT_AVAILABLE_IN_SOURCE (Configured Parameter)
17678,Delhi,279.15,193.17,20,,ORIGINAL_VALID_IN_MASTER,3,0.95,837.4499999999999,551,1389,3343,NOT_AVAILABLE_IN_SOURCE (Configured Parameter),NOT_AVAILABLE_IN_SOURCE (Configured Parameter)
25279,Delhi,279.1,74.43,20,,ORIGINAL_VALID_IN_MASTER,3,0.95,837.3000000000001,213,1051,3004,NOT_AVAILABLE_IN_SOURCE (Configured Parameter),NOT_AVAILABLE_IN_SOURCE (Configured Parameter)
403799,HR-NCR,278.7,72.87,20,,ORIGINAL_VALID_IN_MASTER,3,0.95,836.0999999999999,208,1045,2995,NOT_AVAILABLE_IN_SOURCE (Configured Parameter),NOT_AVAILABLE_IN_SOURCE (Configured Parameter)
43,Delhi,278.2,115.29,20,,ORIGINAL_VALID_IN_MASTER,3,0.95,834.5999999999999,329,1164,3111,NOT_AVAILABLE_IN_SOURCE (Configured Parameter),NOT_AVAILABLE_IN_SOURCE (Configured Parameter)
18851,HR-NCR,277.95,63.96,20,,ORIGINAL_VALID_IN_MASTER,3,0.95,833.8499999999999,183,1017,2963,NOT_AVAILABLE_IN_SOURCE (Configured Parameter),NOT_AVAILABLE_IN_SOURCE (Configured Parameter)
3924,HR-NCR,277.9,34.96,20,,ORIGINAL_VALID_IN_MASTER,3,0.95,833.6999999999999,100,934,2879,NOT_AVAILABLE_IN_SOURCE (Configured Parameter),NOT_AVAILABLE_IN_SOURCE (Configured Parameter)
481506,Delhi,277.1,56.69,20,,ORIGINAL_VALID_IN_MASTER,3,0.95,831.3000000000001,162,994,2933,NOT_AVAILABLE_IN_SOURCE (Configured Parameter),NOT_AVAILABLE_IN_SOURCE (Configured Parameter)
484064,HR-NCR,276.3,64.87,20,,ORIGINAL_VALID_IN_MASTER,3,0.95,828.9000000000001,185,1014,2948,NOT_AVAILABLE_IN_SOURCE (Configured Parameter),NOT_AVAILABLE_IN_SOURCE (Configured Parameter)
428612,HR-NCR,276.29,182.01,14,,ORIGINAL_VALID_IN_MASTER,3,0.95,828.8700000000001,519,1348,3282,NOT_AVAILABLE_IN_SOURCE (Configured Parameter),NOT_AVAILABLE_IN_SOURCE (Configured Parameter)
389689,Delhi,276.25,55.81,20,,ORIGINAL_VALID_IN_MASTER,3,0.95,828.75,160,989,2923,NOT_AVAILABLE_IN_SOURCE (Configured Parameter),NOT_AVAILABLE_IN_SOURCE (Configured Parameter)
23660,HR-NCR,275.9,45.65,20,,ORIGINAL_VALID_IN_MASTER,3,0.95,827.6999999999999,131,959,2890,NOT_AVAILABLE_IN_SOURCE (Configured Parameter),NOT_AVAILABLE_IN_SOURCE (Configured Parameter)
166848,HR-NCR,275.45,55.7,20,,ORIGINAL_VALID_IN_MASTER,3,0.95,826.3499999999999,159,986,2914,NOT_AVAILABLE_IN_SOURCE (Configured Parameter),NOT_AVAILABLE_IN_SOURCE (Configured Parameter)
187,HR-NCR,275.3,37.26,20,,ORIGINAL_VALID_IN_MASTER,3,0.95,825.9000000000001,107,933,2860,NOT_AVAILABLE_IN_SOURCE (Configured Parameter),NOT_AVAILABLE_IN_SOURCE (Configured Parameter)
478895,Delhi,275.3,90.6,20,,ORIGINAL_VALID_IN_MASTER,3,0.95,825.9000000000001,259,1085,3012,NOT_AVAILABLE_IN_SOURCE (Configured Parameter),NOT_AVAILABLE_IN_SOURCE (Configured Parameter)
365534,Delhi,275.22,225.22,18,,ORIGINAL_VALID_IN_MASTER,3,0.95,825.6600000000001,642,1468,3395,NOT_AVAILABLE_IN_SOURCE (Configured Parameter),NOT_AVAILABLE_IN_SOURCE (Configured Parameter)
403799,Bengaluru,274.85,51.11,20,,ORIGINAL_VALID_IN_MASTER,3,0.95,824.5500000000001,146,971,2895,NOT_AVAILABLE_IN_SOURCE (Configured Parameter),NOT_AVAILABLE_IN_SOURCE (Configured Parameter)
478894,Delhi,274.85,50.92,20,,ORIGINAL_VALID_IN_MASTER,3,0.95,824.5500000000001,146,971,2895,NOT_AVAILABLE_IN_SOURCE (Configured Parameter),NOT_AVAILABLE_IN_SOURCE (Configured Parameter)
405599,Delhi,273.7,50.26,20,,ORIGINAL_VALID_IN_MASTER,3,0.95,821.0999999999999,144,966,2881,NOT_AVAILABLE_IN_SOURCE (Configured Parameter),NOT_AVAILABLE_IN_SOURCE (Configured Parameter)
467655,Bengaluru,273.65,49.37,20,,ORIGINAL_VALID_IN_MASTER,3,0.95,820.9499999999999,141,962,2878,NOT_AVAILABLE_IN_SOURCE (Configured Parameter),NOT_AVAILABLE_IN_SOURCE (Configured Parameter)
421713,HR-NCR,272.91,193.21,11,,ORIGINAL_VALID_IN_MASTER,3,0.95,818.73,551,1370,3281,NOT_AVAILABLE_IN_SOURCE (Configured Parameter),NOT_AVAILABLE_IN_SOURCE (Configured Parameter)
122133,Bengaluru,272.35,46.97,20,,ORIGINAL_VALID_IN_MASTER,3,0.95,817.0500000000001,134,952,2858,NOT_AVAILABLE_IN_SOURCE (Configured Parameter),NOT_AVAILABLE_IN_SOURCE (Configured Parameter)
363887,Bengaluru,272.2,41.78,20,,ORIGINAL_VALID_IN_MASTER,3,0.95,816.5999999999999,120,937,2842,NOT_AVAILABLE_IN_SOURCE (Configured Parameter),NOT_AVAILABLE_IN_SOURCE (Configured Parameter)
429694,Delhi,272.1,59.07,20,,ORIGINAL_VALID_IN_MASTER,3,0.95,816.3000000000001,169,986,2890,NOT_AVAILABLE_IN_SOURCE (Configured Parameter),NOT_AVAILABLE_IN_SOURCE (Configured Parameter)
283,Bengaluru,271.25,76.94,20,,ORIGINAL_VALID_IN_MASTER,3,0.95,813.75,220,1034,2933,NOT_AVAILABLE_IN_SOURCE (Configured Parameter),NOT_AVAILABLE_IN_SOURCE (Configured Parameter)
405109,Delhi,270.56,180.22,18,,ORIGINAL_VALID_IN_MASTER,3,0.95,811.6800000000001,514,1326,3220,NOT_AVAILABLE_IN_SOURCE (Configured Parameter),NOT_AVAILABLE_IN_SOURCE (Configured Parameter)
190325,Bengaluru,270.2,99.0,20,,ORIGINAL_VALID_IN_MASTER,3,0.95,810.5999999999999,283,1094,2985,NOT_AVAILABLE_IN_SOURCE (Configured Parameter),NOT_AVAILABLE_IN_SOURCE (Configured Parameter)
458321,Delhi,270.0,47.44,20,,ORIGINAL_VALID_IN_MASTER,3,0.95,810.0,136,946,2836,NOT_AVAILABLE_IN_SOURCE (Configured Parameter),NOT_AVAILABLE_IN_SOURCE (Configured Parameter)
127601,Delhi,269.35,63.17,20,,ORIGINAL_VALID_IN_MASTER,3,0.95,808.0500000000001,180,989,2874,NOT_AVAILABLE_IN_SOURCE (Configured Parameter),NOT_AVAILABLE_IN_SOURCE (Configured Parameter)
486377,Delhi,269.2,80.15,10,,UNRESOLVED_NO_HISTORY,3,0.95,807.5999999999999,229,1037,2921,NOT_AVAILABLE_IN_SOURCE (Configured Parameter),NOT_AVAILABLE_IN_SOURCE (Configured Parameter)
333324,HR-NCR,268.6,97.53,20,,ORIGINAL_VALID_IN_MASTER,3,0.95,805.8000000000001,278,1084,2964,NOT_AVAILABLE_IN_SOURCE (Configured Parameter),NOT_AVAILABLE_IN_SOURCE (Configured Parameter)
424982,Delhi,268.55,121.69,20,,ORIGINAL_VALID_IN_MASTER,3,0.95,805.6500000000001,347,1153,3033,NOT_AVAILABLE_IN_SOURCE (Configured Parameter),NOT_AVAILABLE_IN_SOURCE (Configured Parameter)
65677,Delhi,268.35,143.96,20,,ORIGINAL_VALID_IN_MASTER,3,0.95,805.0500000000001,411,1217,3095,NOT_AVAILABLE_IN_SOURCE (Configured Parameter),NOT_AVAILABLE_IN_SOURCE (Configured Parameter)
608,Delhi,268.2,44.05,20,,ORIGINAL_VALID_IN_MASTER,3,0.95,804.5999999999999,126,931,2808,NOT_AVAILABLE_IN_SOURCE (Configured Parameter),NOT_AVAILABLE_IN_SOURCE (Configured Parameter)
421713,Delhi,267.8,177.11,10,,ORIGINAL_VALID_IN_MASTER,3,0.95,803.4000000000001,505,1309,3183,NOT_AVAILABLE_IN_SOURCE (Configured Parameter),NOT_AVAILABLE_IN_SOURCE (Configured Parameter)
110767,Delhi,267.65,214.17,20,,ORIGINAL_VALID_IN_MASTER,3,0.95,802.9499999999999,611,1414,3288,NOT_AVAILABLE_IN_SOURCE (Configured Parameter),NOT_AVAILABLE_IN_SOURCE (Configured Parameter)
394617,HR-NCR,266.75,56.7,20,,ORIGINAL_VALID_IN_MASTER,3,0.95,800.25,162,963,2830,NOT_AVAILABLE_IN_SOURCE (Configured Parameter),NOT_AVAILABLE_IN_SOURCE (Configured Parameter)
50,HR-NCR,266.65,123.69,20,,ORIGINAL_VALID_IN_MASTER,3,0.95,799.9499999999999,353,1153,3020,NOT_AVAILABLE_IN_SOURCE (Configured Parameter),NOT_AVAILABLE_IN_SOURCE (Configured Parameter)
467653,Delhi,266.55,109.05,20,,ORIGINAL_VALID_IN_MASTER,3,0.95,799.6500000000001,311,1111,2977,NOT_AVAILABLE_IN_SOURCE (Configured Parameter),NOT_AVAILABLE_IN_SOURCE (Configured Parameter)
455780,Delhi,265.9,50.05,20,,ORIGINAL_VALID_IN_MASTER,3,0.95,797.6999999999999,143,941,2802,NOT_AVAILABLE_IN_SOURCE (Configured Parameter),NOT_AVAILABLE_IN_SOURCE (Configured Parameter)
362191,Delhi,265.7,75.39,20,,ORIGINAL_VALID_IN_MASTER,3,0.95,797.0999999999999,215,1013,2872,NOT_AVAILABLE_IN_SOURCE (Configured Parameter),NOT_AVAILABLE_IN_SOURCE (Configured Parameter)
401282,Delhi,265.15,204.95,20,,ORIGINAL_VALID_IN_MASTER,3,0.95,795.4499999999999,584,1380,3236,NOT_AVAILABLE_IN_SOURCE (Configured Parameter),NOT_AVAILABLE_IN_SOURCE (Configured Parameter)
242283,Delhi,264.6,34.87,20,,ORIGINAL_VALID_IN_MASTER,3,0.95,793.8000000000001,100,894,2746,NOT_AVAILABLE_IN_SOURCE (Configured Parameter),NOT_AVAILABLE_IN_SOURCE (Configured Parameter)
221973,Delhi,264.6,39.99,20,,ORIGINAL_VALID_IN_MASTER,3,0.95,793.8000000000001,114,908,2760,NOT_AVAILABLE_IN_SOURCE (Configured Parameter),NOT_AVAILABLE_IN_SOURCE (Configured Parameter)
487659,Delhi,264.5,71.96,10,0.012,Tier_1_Product_City_Median,3,0.95,793.5,206,1000,2851,NOT_AVAILABLE_IN_SOURCE (Configured Parameter),NOT_AVAILABLE_IN_SOURCE (Configured Parameter)
97250,Delhi,264.15,75.82,20,,ORIGINAL_VALID_IN_MASTER,3,0.95,792.4499999999999,217,1010,2859,NOT_AVAILABLE_IN_SOURCE (Configured Parameter),NOT_AVAILABLE_IN_SOURCE (Configured Parameter)
10974,Delhi,263.9,57.8,20,,ORIGINAL_VALID_IN_MASTER,3,0.95,791.6999999999999,165,957,2804,NOT_AVAILABLE_IN_SOURCE (Configured Parameter),NOT_AVAILABLE_IN_SOURCE (Configured Parameter)
1,Delhi,262.0,54.31,20,,ORIGINAL_VALID_IN_MASTER,3,0.95,786.0,155,941,2775,NOT_AVAILABLE_IN_SOURCE (Configured Parameter),NOT_AVAILABLE_IN_SOURCE (Configured Parameter)
240847,Bengaluru,261.85,27.17,20,,ORIGINAL_VALID_IN_MASTER,3,0.95,785.5500000000001,78,864,2697,NOT_AVAILABLE_IN_SOURCE (Configured Parameter),NOT_AVAILABLE_IN_SOURCE (Configured Parameter)
383252,Delhi,261.45,50.43,20,,ORIGINAL_VALID_IN_MASTER,3,0.95,784.3499999999999,144,929,2759,NOT_AVAILABLE_IN_SOURCE (Configured Parameter),NOT_AVAILABLE_IN_SOURCE (Configured Parameter)
403776,Delhi,260.7,57.78,20,,ORIGINAL_VALID_IN_MASTER,3,0.95,782.0999999999999,165,948,2772,NOT_AVAILABLE_IN_SOURCE (Configured Parameter),NOT_AVAILABLE_IN_SOURCE (Configured Parameter)
477789,Delhi,260.6,68.59,20,,ORIGINAL_VALID_IN_MASTER,3,0.95,781.8000000000001,196,978,2802,NOT_AVAILABLE_IN_SOURCE (Configured Parameter),NOT_AVAILABLE_IN_SOURCE (Configured Parameter)
366712,Delhi,260.33,144.91,3,,ORIGINAL_VALID_IN_MASTER,3,0.95,780.99,413,1194,3017,NOT_AVAILABLE_IN_SOURCE (Configured Parameter),NOT_AVAILABLE_IN_SOURCE (Configured Parameter)
467655,HR-NCR,259.6,45.84,20,,ORIGINAL_VALID_IN_MASTER,3,0.95,778.8000000000001,131,910,2727,NOT_AVAILABLE_IN_SOURCE (Configured Parameter),NOT_AVAILABLE_IN_SOURCE (Configured Parameter)
4926,Delhi,257.9,85.61,20,,ORIGINAL_VALID_IN_MASTER,3,0.95,773.6999999999999,244,1018,2823,NOT_AVAILABLE_IN_SOURCE (Configured Parameter),NOT_AVAILABLE_IN_SOURCE (Configured Parameter)
339179,Bengaluru,257.85,179.38,20,,ORIGINAL_VALID_IN_MASTER,3,0.95,773.5500000000001,512,1286,3091,NOT_AVAILABLE_IN_SOURCE (Configured Parameter),NOT_AVAILABLE_IN_SOURCE (Configured Parameter)
467648,Bengaluru,257.8,62.79,20,,ORIGINAL_VALID_IN_MASTER,3,0.95,773.4000000000001,179,953,2757,NOT_AVAILABLE_IN_SOURCE (Configured Parameter),NOT_AVAILABLE_IN_SOURCE (Configured Parameter)
191,Bengaluru,257.1,60.16,20,,ORIGINAL_VALID_IN_MASTER,3,0.95,771.3000000000001,172,944,2743,NOT_AVAILABLE_IN_SOURCE (Configured Parameter),NOT_AVAILABLE_IN_SOURCE (Configured Parameter)
486018,HR-NCR,257.0,66.55,10,,UNRESOLVED_NO_HISTORY,3,0.95,771.0,190,961,2760,NOT_AVAILABLE_IN_SOURCE (Configured Parameter),NOT_AVAILABLE_IN_SOURCE (Configured Parameter)
18403,Delhi,256.8,61.88,20,,ORIGINAL_VALID_IN_MASTER,3,0.95,770.4000000000001,177,948,2745,NOT_AVAILABLE_IN_SOURCE (Configured Parameter),NOT_AVAILABLE_IN_SOURCE (Configured Parameter)
23691,Delhi,256.45,56.97,20,,ORIGINAL_VALID_IN_MASTER,3,0.95,769.3499999999999,163,933,2728,NOT_AVAILABLE_IN_SOURCE (Configured Parameter),NOT_AVAILABLE_IN_SOURCE (Configured Parameter)
122263,Delhi,256.4,164.37,20,,ORIGINAL_VALID_IN_MASTER,3,0.95,769.1999999999999,469,1239,3033,NOT_AVAILABLE_IN_SOURCE (Configured Parameter),NOT_AVAILABLE_IN_SOURCE (Configured Parameter)
357316,Delhi,256.05,76.56,20,,ORIGINAL_VALID_IN_MASTER,3,0.95,768.1500000000001,219,988,2780,NOT_AVAILABLE_IN_SOURCE (Configured Parameter),NOT_AVAILABLE_IN_SOURCE (Configured Parameter)
339179,HR-NCR,255.2,80.82,20,,ORIGINAL_VALID_IN_MASTER,3,0.95,765.5999999999999,231,997,2783,NOT_AVAILABLE_IN_SOURCE (Configured Parameter),NOT_AVAILABLE_IN_SOURCE (Configured Parameter)
389703,Delhi,254.7,125.93,20,,ORIGINAL_VALID_IN_MASTER,3,0.95,764.0999999999999,359,1124,2906,NOT_AVAILABLE_IN_SOURCE (Configured Parameter),NOT_AVAILABLE_IN_SOURCE (Configured Parameter)
355012,Bengaluru,253.55,43.72,20,,ORIGINAL_VALID_IN_MASTER,3,0.95,760.6500000000001,125,886,2661,NOT_AVAILABLE_IN_SOURCE (Configured Parameter),NOT_AVAILABLE_IN_SOURCE (Configured Parameter)
479964,HR-NCR,253.5,97.61,20,,ORIGINAL_VALID_IN_MASTER,3,0.95,760.5,279,1040,2814,NOT_AVAILABLE_IN_SOURCE (Configured Parameter),NOT_AVAILABLE_IN_SOURCE (Configured Parameter)
389719,Delhi,253.25,57.74,20,,ORIGINAL_VALID_IN_MASTER,3,0.95,759.75,165,925,2698,NOT_AVAILABLE_IN_SOURCE (Configured Parameter),NOT_AVAILABLE_IN_SOURCE (Configured Parameter)
364177,Delhi,252.95,63.16,20,,ORIGINAL_VALID_IN_MASTER,3,0.95,758.8499999999999,180,939,2710,NOT_AVAILABLE_IN_SOURCE (Configured Parameter),NOT_AVAILABLE_IN_SOURCE (Configured Parameter)
484064,Bengaluru,251.9,53.11,20,,ORIGINAL_VALID_IN_MASTER,3,0.95,755.7,152,908,2671,NOT_AVAILABLE_IN_SOURCE (Configured Parameter),NOT_AVAILABLE_IN_SOURCE (Configured Parameter)
368445,HR-NCR,251.4,33.88,20,,ORIGINAL_VALID_IN_MASTER,3,0.95,754.2,97,852,2611,NOT_AVAILABLE_IN_SOURCE (Configured Parameter),NOT_AVAILABLE_IN_SOURCE (Configured Parameter)
329500,Mumbai,250.95,113.06,20,,ORIGINAL_VALID_IN_MASTER,3,0.95,752.8499999999999,323,1076,2833,NOT_AVAILABLE_IN_SOURCE (Configured Parameter),NOT_AVAILABLE_IN_SOURCE (Configured Parameter)
482620,Delhi,250.8,150.02,20,,ORIGINAL_VALID_IN_MASTER,3,0.95,752.4000000000001,428,1181,2936,NOT_AVAILABLE_IN_SOURCE (Configured Parameter),NOT_AVAILABLE_IN_SOURCE (Configured Parameter)
3471,HR-NCR,250.5,41.22,20,,ORIGINAL_VALID_IN_MASTER,3,0.95,751.5,118,870,2623,NOT_AVAILABLE_IN_SOURCE (Configured Parameter),NOT_AVAILABLE_IN_SOURCE (Configured Parameter)
11006,HR-NCR,250.45,41.68,20,,ORIGINAL_VALID_IN_MASTER,3,0.95,751.3499999999999,119,871,2624,NOT_AVAILABLE_IN_SOURCE (Configured Parameter),NOT_AVAILABLE_IN_SOURCE (Configured Parameter)
389699,Delhi,250.15,35.91,20,,ORIGINAL_VALID_IN_MASTER,3,0.95,750.45,103,854,2605,NOT_AVAILABLE_IN_SOURCE (Configured Parameter),NOT_AVAILABLE_IN_SOURCE (Configured Parameter)
19469,HR-NCR,250.05,68.28,20,,ORIGINAL_VALID_IN_MASTER,3,0.95,750.1500000000001,195,946,2696,NOT_AVAILABLE_IN_SOURCE (Configured Parameter),NOT_AVAILABLE_IN_SOURCE (Configured Parameter)
3885,Bengaluru,249.9,55.53,20,,ORIGINAL_VALID_IN_MASTER,3,0.95,749.7,159,909,2658,NOT_AVAILABLE_IN_SOURCE (Configured Parameter),NOT_AVAILABLE_IN_SOURCE (Configured Parameter)
389700,Delhi,249.4,51.79,20,,ORIGINAL_VALID_IN_MASTER,3,0.95,748.2,148,897,2642,NOT_AVAILABLE_IN_SOURCE (Configured Parameter),NOT_AVAILABLE_IN_SOURCE (Configured Parameter)
392931,Delhi,249.1,51.21,20,,ORIGINAL_VALID_IN_MASTER,3,0.95,747.3,146,894,2637,NOT_AVAILABLE_IN_SOURCE (Configured Parameter),NOT_AVAILABLE_IN_SOURCE (Configured Parameter)
39493,HR-NCR,246.95,58.33,20,,ORIGINAL_VALID_IN_MASTER,3,0.95,740.8499999999999,167,908,2637,NOT_AVAILABLE_IN_SOURCE (Configured Parameter),NOT_AVAILABLE_IN_SOURCE (Configured Parameter)
389686,Delhi,246.8,40.98,20,,ORIGINAL_VALID_IN_MASTER,3,0.95,740.4000000000001,117,858,2585,NOT_AVAILABLE_IN_SOURCE (Configured Parameter),NOT_AVAILABLE_IN_SOURCE (Configured Parameter)
48058,Delhi,246.8,68.11,20,,ORIGINAL_VALID_IN_MASTER,3,0.95,740.4000000000001,195,936,2663,NOT_AVAILABLE_IN_SOURCE (Configured Parameter),NOT_AVAILABLE_IN_SOURCE (Configured Parameter)
196281,Delhi,246.7,32.35,20,,ORIGINAL_VALID_IN_MASTER,3,0.95,740.0999999999999,93,834,2560,NOT_AVAILABLE_IN_SOURCE (Configured Parameter),NOT_AVAILABLE_IN_SOURCE (Configured Parameter)
577,Delhi,246.65,25.73,20,,ORIGINAL_VALID_IN_MASTER,3,0.95,739.95,74,814,2541,NOT_AVAILABLE_IN_SOURCE (Configured Parameter),NOT_AVAILABLE_IN_SOURCE (Configured Parameter)
439697,Delhi,246.6,120.92,20,,ORIGINAL_VALID_IN_MASTER,3,0.95,739.8,345,1085,2811,NOT_AVAILABLE_IN_SOURCE (Configured Parameter),NOT_AVAILABLE_IN_SOURCE (Configured Parameter)
480044,Delhi,246.45,66.64,20,,ORIGINAL_VALID_IN_MASTER,3,0.95,739.3499999999999,190,930,2655,NOT_AVAILABLE_IN_SOURCE (Configured Parameter),NOT_AVAILABLE_IN_SOURCE (Configured Parameter)
217614,Mumbai,245.8,42.05,20,,ORIGINAL_VALID_IN_MASTER,3,0.95,737.4000000000001,120,858,2578,NOT_AVAILABLE_IN_SOURCE (Configured Parameter),NOT_AVAILABLE_IN_SOURCE (Configured Parameter)
467644,Bengaluru,245.75,42.37,20,,ORIGINAL_VALID_IN_MASTER,3,0.95,737.25,121,859,2579,NOT_AVAILABLE_IN_SOURCE (Configured Parameter),NOT_AVAILABLE_IN_SOURCE (Configured Parameter)
81953,HR-NCR,245.55,31.88,20,,ORIGINAL_VALID_IN_MASTER,3,0.95,736.6500000000001,91,828,2547,NOT_AVAILABLE_IN_SOURCE (Configured Parameter),NOT_AVAILABLE_IN_SOURCE (Configured Parameter)
428741,Delhi,244.7,45.73,20,,ORIGINAL_VALID_IN_MASTER,3,0.95,734.0999999999999,131,866,2578,NOT_AVAILABLE_IN_SOURCE (Configured Parameter),NOT_AVAILABLE_IN_SOURCE (Configured Parameter)
18841,HR-NCR,243.8,59.92,20,,ORIGINAL_VALID_IN_MASTER,3,0.95,731.4000000000001,171,903,2609,NOT_AVAILABLE_IN_SOURCE (Configured Parameter),NOT_AVAILABLE_IN_SOURCE (Configured Parameter)
279485,Delhi,243.75,58.84,20,,ORIGINAL_VALID_IN_MASTER,3,0.95,731.25,168,900,2606,NOT_AVAILABLE_IN_SOURCE (Configured Parameter),NOT_AVAILABLE_IN_SOURCE (Configured Parameter)
179,HR-NCR,243.05,35.52,20,,ORIGINAL_VALID_IN_MASTER,3,0.95,729.1500000000001,102,832,2533,NOT_AVAILABLE_IN_SOURCE (Configured Parameter),NOT_AVAILABLE_IN_SOURCE (Configured Parameter)
169812,HR-NCR,242.95,53.4,20,,ORIGINAL_VALID_IN_MASTER,3,0.95,728.8499999999999,153,882,2583,NOT_AVAILABLE_IN_SOURCE (Configured Parameter),NOT_AVAILABLE_IN_SOURCE (Configured Parameter)
478702,Bengaluru,242.25,21.77,20,,ORIGINAL_VALID_IN_MASTER,3,0.95,726.75,63,790,2486,NOT_AVAILABLE_IN_SOURCE (Configured Parameter),NOT_AVAILABLE_IN_SOURCE (Configured Parameter)
421747,Bengaluru,241.7,62.26,20,,ORIGINAL_VALID_IN_MASTER,3,0.95,725.0999999999999,178,904,2595,NOT_AVAILABLE_IN_SOURCE (Configured Parameter),NOT_AVAILABLE_IN_SOURCE (Configured Parameter)
127083,Delhi,241.55,37.94,20,,ORIGINAL_VALID_IN_MASTER,3,0.95,724.6500000000001,109,834,2525,NOT_AVAILABLE_IN_SOURCE (Configured Parameter),NOT_AVAILABLE_IN_SOURCE (Configured Parameter)
73577,HR-NCR,241.15,42.55,20,,ORIGINAL_VALID_IN_MASTER,3,0.95,723.45,122,846,2534,NOT_AVAILABLE_IN_SOURCE (Configured Parameter),NOT_AVAILABLE_IN_SOURCE (Configured Parameter)
253317,Mumbai,240.7,64.76,20,,ORIGINAL_VALID_IN_MASTER,3,0.95,722.0999999999999,185,908,2592,NOT_AVAILABLE_IN_SOURCE (Configured Parameter),NOT_AVAILABLE_IN_SOURCE (Configured Parameter)
299078,Delhi,240.65,51.07,20,,ORIGINAL_VALID_IN_MASTER,3,0.95,721.95,146,868,2553,NOT_AVAILABLE_IN_SOURCE (Configured Parameter),NOT_AVAILABLE_IN_SOURCE (Configured Parameter)
57435,Delhi,240.4,109.35,20,,ORIGINAL_VALID_IN_MASTER,3,0.95,721.2,312,1034,2716,NOT_AVAILABLE_IN_SOURCE (Configured Parameter),NOT_AVAILABLE_IN_SOURCE (Configured Parameter)
114233,Bengaluru,240.1,32.23,20,,ORIGINAL_VALID_IN_MASTER,3,0.95,720.3,92,813,2493,NOT_AVAILABLE_IN_SOURCE (Configured Parameter),NOT_AVAILABLE_IN_SOURCE (Configured Parameter)
11299,Bengaluru,240.05,125.3,20,,ORIGINAL_VALID_IN_MASTER,3,0.95,720.1500000000001,358,1079,2759,NOT_AVAILABLE_IN_SOURCE (Configured Parameter),NOT_AVAILABLE_IN_SOURCE (Configured Parameter)
168,HR-NCR,240.05,44.71,20,,ORIGINAL_VALID_IN_MASTER,3,0.95,720.1500000000001,128,849,2529,NOT_AVAILABLE_IN_SOURCE (Configured Parameter),NOT_AVAILABLE_IN_SOURCE (Configured Parameter)
3924,Bengaluru,240.0,32.12,20,,ORIGINAL_VALID_IN_MASTER,3,0.95,720.0,92,812,2492,NOT_AVAILABLE_IN_SOURCE (Configured Parameter),NOT_AVAILABLE_IN_SOURCE (Configured Parameter)
487714,Mumbai,239.9,47.2,10,,ORIGINAL_VALID_IN_MASTER,3,0.95,719.7,135,855,2534,NOT_AVAILABLE_IN_SOURCE (Configured Parameter),NOT_AVAILABLE_IN_SOURCE (Configured Parameter)
18401,Delhi,239.4,49.95,20,,ORIGINAL_VALID_IN_MASTER,3,0.95,718.2,143,862,2537,NOT_AVAILABLE_IN_SOURCE (Configured Parameter),NOT_AVAILABLE_IN_SOURCE (Configured Parameter)
369742,Bengaluru,239.15,30.79,20,,ORIGINAL_VALID_IN_MASTER,3,0.95,717.45,88,806,2480,NOT_AVAILABLE_IN_SOURCE (Configured Parameter),NOT_AVAILABLE_IN_SOURCE (Configured Parameter)
10697,Delhi,238.45,57.21,20,,ORIGINAL_VALID_IN_MASTER,3,0.95,715.3499999999999,164,880,2549,NOT_AVAILABLE_IN_SOURCE (Configured Parameter),NOT_AVAILABLE_IN_SOURCE (Configured Parameter)
383401,Delhi,238.1,54.43,20,,ORIGINAL_VALID_IN_MASTER,3,0.95,714.3,156,871,2537,NOT_AVAILABLE_IN_SOURCE (Configured Parameter),NOT_AVAILABLE_IN_SOURCE (Configured Parameter)
477483,Delhi,237.65,42.11,20,,ORIGINAL_VALID_IN_MASTER,3,0.95,712.95,120,833,2497,NOT_AVAILABLE_IN_SOURCE (Configured Parameter),NOT_AVAILABLE_IN_SOURCE (Configured Parameter)
369013,Delhi,237.2,64.06,20,,ORIGINAL_VALID_IN_MASTER,3,0.95,711.5999999999999,183,895,2555,NOT_AVAILABLE_IN_SOURCE (Configured Parameter),NOT_AVAILABLE_IN_SOURCE (Configured Parameter)
486339,Bengaluru,236.72,101.45,18,,ORIGINAL_VALID_IN_MASTER,3,0.95,710.16,290,1001,2658,NOT_AVAILABLE_IN_SOURCE (Configured Parameter),NOT_AVAILABLE_IN_SOURCE (Configured Parameter)
233518,Delhi,236.2,146.18,20,,ORIGINAL_VALID_IN_MASTER,3,0.95,708.5999999999999,417,1126,2779,NOT_AVAILABLE_IN_SOURCE (Configured Parameter),NOT_AVAILABLE_IN_SOURCE (Configured Parameter)
392399,Delhi,235.63,116.08,8,,ORIGINAL_VALID_IN_MASTER,3,0.95,706.89,331,1038,2688,NOT_AVAILABLE_IN_SOURCE (Configured Parameter),NOT_AVAILABLE_IN_SOURCE (Configured Parameter)
23379,Bengaluru,235.5,28.83,20,,ORIGINAL_VALID_IN_MASTER,3,0.95,706.5,83,790,2438,NOT_AVAILABLE_IN_SOURCE (Configured Parameter),NOT_AVAILABLE_IN_SOURCE (Configured Parameter)
4943,Mumbai,235.45,46.65,20,,ORIGINAL_VALID_IN_MASTER,3,0.95,706.3499999999999,133,840,2488,NOT_AVAILABLE_IN_SOURCE (Configured Parameter),NOT_AVAILABLE_IN_SOURCE (Configured Parameter)
15364,Bengaluru,235.0,34.0,20,,ORIGINAL_VALID_IN_MASTER,3,0.95,705.0,97,802,2447,NOT_AVAILABLE_IN_SOURCE (Configured Parameter),NOT_AVAILABLE_IN_SOURCE (Configured Parameter)
27064,Delhi,234.8,59.12,20,,ORIGINAL_VALID_IN_MASTER,3,0.95,704.4000000000001,169,874,2517,NOT_AVAILABLE_IN_SOURCE (Configured Parameter),NOT_AVAILABLE_IN_SOURCE (Configured Parameter)
225254,Delhi,234.77,56.6,13,,ORIGINAL_VALID_IN_MASTER,3,0.95,704.3100000000001,162,867,2510,NOT_AVAILABLE_IN_SOURCE (Configured Parameter),NOT_AVAILABLE_IN_SOURCE (Configured Parameter)
399908,HR-NCR,234.6,29.53,20,,ORIGINAL_VALID_IN_MASTER,3,0.95,703.8,85,789,2431,NOT_AVAILABLE_IN_SOURCE (Configured Parameter),NOT_AVAILABLE_IN_SOURCE (Configured Parameter)
443549,Delhi,234.1,53.59,20,,ORIGINAL_VALID_IN_MASTER,3,0.95,702.3,153,856,2494,NOT_AVAILABLE_IN_SOURCE (Configured Parameter),NOT_AVAILABLE_IN_SOURCE (Configured Parameter)
487713,HR-NCR,232.8,73.98,10,,ORIGINAL_VALID_IN_MASTER,3,0.95,698.4000000000001,211,910,2539,NOT_AVAILABLE_IN_SOURCE (Configured Parameter),NOT_AVAILABLE_IN_SOURCE (Configured Parameter)
357316,HR-NCR,232.55,65.32,20,,ORIGINAL_VALID_IN_MASTER,3,0.95,697.6500000000001,187,885,2513,NOT_AVAILABLE_IN_SOURCE (Configured Parameter),NOT_AVAILABLE_IN_SOURCE (Configured Parameter)
369007,Delhi,232.5,74.16,20,,ORIGINAL_VALID_IN_MASTER,3,0.95,697.5,212,910,2537,NOT_AVAILABLE_IN_SOURCE (Configured Parameter),NOT_AVAILABLE_IN_SOURCE (Configured Parameter)
483248,Delhi,232.0,179.41,3,,ORIGINAL_VALID_IN_MASTER,3,0.95,696.0,512,1208,2832,NOT_AVAILABLE_IN_SOURCE (Configured Parameter),NOT_AVAILABLE_IN_SOURCE (Configured Parameter)
265382,Delhi,232.0,148.13,3,,ORIGINAL_VALID_IN_MASTER,3,0.95,696.0,423,1119,2743,NOT_AVAILABLE_IN_SOURCE (Configured Parameter),NOT_AVAILABLE_IN_SOURCE (Configured Parameter)
307780,Delhi,231.94,165.81,18,,ORIGINAL_VALID_IN_MASTER,3,0.95,695.8199999999999,473,1169,2793,NOT_AVAILABLE_IN_SOURCE (Configured Parameter),NOT_AVAILABLE_IN_SOURCE (Configured Parameter)
455587,Delhi,231.9,81.76,20,,ORIGINAL_VALID_IN_MASTER,3,0.95,695.7,233,929,2552,NOT_AVAILABLE_IN_SOURCE (Configured Parameter),NOT_AVAILABLE_IN_SOURCE (Configured Parameter)
389843,Delhi,231.7,47.18,20,,ORIGINAL_VALID_IN_MASTER,3,0.95,695.0999999999999,135,831,2452,NOT_AVAILABLE_IN_SOURCE (Configured Parameter),NOT_AVAILABLE_IN_SOURCE (Configured Parameter)
82218,Delhi,231.0,41.2,20,,ORIGINAL_VALID_IN_MASTER,3,0.95,693.0,118,811,2428,NOT_AVAILABLE_IN_SOURCE (Configured Parameter),NOT_AVAILABLE_IN_SOURCE (Configured Parameter)
67352,Delhi,230.85,40.71,20,,ORIGINAL_VALID_IN_MASTER,3,0.95,692.55,116,809,2425,NOT_AVAILABLE_IN_SOURCE (Configured Parameter),NOT_AVAILABLE_IN_SOURCE (Configured Parameter)
445281,Delhi,230.15,36.2,20,,ORIGINAL_VALID_IN_MASTER,3,0.95,690.45,104,795,2406,NOT_AVAILABLE_IN_SOURCE (Configured Parameter),NOT_AVAILABLE_IN_SOURCE (Configured Parameter)
312,Bengaluru,229.95,93.78,20,,ORIGINAL_VALID_IN_MASTER,3,0.95,689.8499999999999,268,958,2568,NOT_AVAILABLE_IN_SOURCE (Configured Parameter),NOT_AVAILABLE_IN_SOURCE (Configured Parameter)
484056,Delhi,229.6,51.16,20,,ORIGINAL_VALID_IN_MASTER,3,0.95,688.8,146,835,2442,NOT_AVAILABLE_IN_SOURCE (Configured Parameter),NOT_AVAILABLE_IN_SOURCE (Configured Parameter)
445188,Delhi,229.4,71.69,20,,ORIGINAL_VALID_IN_MASTER,3,0.95,688.2,205,894,2499,NOT_AVAILABLE_IN_SOURCE (Configured Parameter),NOT_AVAILABLE_IN_SOURCE (Configured Parameter)
329549,HR-NCR,229.05,81.72,20,,ORIGINAL_VALID_IN_MASTER,3,0.95,687.1500000000001,233,921,2524,NOT_AVAILABLE_IN_SOURCE (Configured Parameter),NOT_AVAILABLE_IN_SOURCE (Configured Parameter)
481202,Bengaluru,228.2,35.8,10,,ORIGINAL_VALID_IN_MASTER,3,0.95,684.5999999999999,103,788,2385,NOT_AVAILABLE_IN_SOURCE (Configured Parameter),NOT_AVAILABLE_IN_SOURCE (Configured Parameter)
18857,HR-NCR,228.05,45.6,20,,ORIGINAL_VALID_IN_MASTER,3,0.95,684.1500000000001,130,815,2411,NOT_AVAILABLE_IN_SOURCE (Configured Parameter),NOT_AVAILABLE_IN_SOURCE (Configured Parameter)
467651,Bengaluru,228.0,45.9,20,,ORIGINAL_VALID_IN_MASTER,3,0.95,684.0,131,815,2411,NOT_AVAILABLE_IN_SOURCE (Configured Parameter),NOT_AVAILABLE_IN_SOURCE (Configured Parameter)
329549,Bengaluru,227.65,33.49,20,,ORIGINAL_VALID_IN_MASTER,3,0.95,682.95,96,779,2373,NOT_AVAILABLE_IN_SOURCE (Configured Parameter),NOT_AVAILABLE_IN_SOURCE (Configured Parameter)
446729,Delhi,227.4,39.7,20,,ORIGINAL_VALID_IN_MASTER,3,0.95,682.2,114,797,2388,NOT_AVAILABLE_IN_SOURCE (Configured Parameter),NOT_AVAILABLE_IN_SOURCE (Configured Parameter)
388638,HR-NCR,227.3,88.31,20,,ORIGINAL_VALID_IN_MASTER,3,0.95,681.9000000000001,252,934,2525,NOT_AVAILABLE_IN_SOURCE (Configured Parameter),NOT_AVAILABLE_IN_SOURCE (Configured Parameter)
605,HR-NCR,226.35,47.88,20,,ORIGINAL_VALID_IN_MASTER,3,0.95,679.05,137,817,2401,NOT_AVAILABLE_IN_SOURCE (Configured Parameter),NOT_AVAILABLE_IN_SOURCE (Configured Parameter)
483694,Mumbai,225.5,57.05,4,,ORIGINAL_VALID_IN_MASTER,3,0.95,676.5,163,840,2418,NOT_AVAILABLE_IN_SOURCE (Configured Parameter),NOT_AVAILABLE_IN_SOURCE (Configured Parameter)
207832,Delhi,224.65,169.35,20,,ORIGINAL_VALID_IN_MASTER,3,0.95,673.95,483,1157,2730,NOT_AVAILABLE_IN_SOURCE (Configured Parameter),NOT_AVAILABLE_IN_SOURCE (Configured Parameter)
311059,Delhi,224.4,94.03,20,,ORIGINAL_VALID_IN_MASTER,3,0.95,673.2,268,942,2512,NOT_AVAILABLE_IN_SOURCE (Configured Parameter),NOT_AVAILABLE_IN_SOURCE (Configured Parameter)
18546,Mumbai,224.1,50.13,20,,ORIGINAL_VALID_IN_MASTER,3,0.95,672.3,143,816,2384,NOT_AVAILABLE_IN_SOURCE (Configured Parameter),NOT_AVAILABLE_IN_SOURCE (Configured Parameter)
421687,Delhi,223.8,50.6,10,,ORIGINAL_VALID_IN_MASTER,3,0.95,671.4000000000001,145,817,2383,NOT_AVAILABLE_IN_SOURCE (Configured Parameter),NOT_AVAILABLE_IN_SOURCE (Configured Parameter)
45377,HR-NCR,223.3,43.4,20,,ORIGINAL_VALID_IN_MASTER,3,0.95,669.9000000000001,124,794,2357,NOT_AVAILABLE_IN_SOURCE (Configured Parameter),NOT_AVAILABLE_IN_SOURCE (Configured Parameter)
487707,Delhi,223.1,27.89,10,,ORIGINAL_VALID_IN_MASTER,3,0.95,669.3,80,750,2311,NOT_AVAILABLE_IN_SOURCE (Configured Parameter),NOT_AVAILABLE_IN_SOURCE (Configured Parameter)
439959,Delhi,223.0,103.84,20,,ORIGINAL_VALID_IN_MASTER,3,0.95,669.0,296,965,2526,NOT_AVAILABLE_IN_SOURCE (Configured Parameter),NOT_AVAILABLE_IN_SOURCE (Configured Parameter)
403219,Delhi,222.8,58.3,20,,ORIGINAL_VALID_IN_MASTER,3,0.95,668.4000000000001,167,836,2395,NOT_AVAILABLE_IN_SOURCE (Configured Parameter),NOT_AVAILABLE_IN_SOURCE (Configured Parameter)
37078,Bengaluru,222.4,58.4,20,,ORIGINAL_VALID_IN_MASTER,3,0.95,667.2,167,835,2391,NOT_AVAILABLE_IN_SOURCE (Configured Parameter),NOT_AVAILABLE_IN_SOURCE (Configured Parameter)
389701,Delhi,221.55,44.04,20,,ORIGINAL_VALID_IN_MASTER,3,0.95,664.6500000000001,126,791,2342,NOT_AVAILABLE_IN_SOURCE (Configured Parameter),NOT_AVAILABLE_IN_SOURCE (Configured Parameter)
480595,Bengaluru,221.45,31.1,20,,ORIGINAL_VALID_IN_MASTER,3,0.95,664.3499999999999,89,754,2304,NOT_AVAILABLE_IN_SOURCE (Configured Parameter),NOT_AVAILABLE_IN_SOURCE (Configured Parameter)
23742,Delhi,220.85,51.94,20,,ORIGINAL_VALID_IN_MASTER,3,0.95,662.55,148,811,2357,NOT_AVAILABLE_IN_SOURCE (Configured Parameter),NOT_AVAILABLE_IN_SOURCE (Configured Parameter)
369084,Delhi,220.5,49.81,20,,ORIGINAL_VALID_IN_MASTER,3,0.95,661.5,142,804,2347,NOT_AVAILABLE_IN_SOURCE (Configured Parameter),NOT_AVAILABLE_IN_SOURCE (Configured Parameter)
18618,Delhi,220.2,41.89,20,,ORIGINAL_VALID_IN_MASTER,3,0.95,660.5999999999999,120,781,2322,NOT_AVAILABLE_IN_SOURCE (Configured Parameter),NOT_AVAILABLE_IN_SOURCE (Configured Parameter)
17148,Delhi,220.15,30.61,20,,ORIGINAL_VALID_IN_MASTER,3,0.95,660.45,88,749,2290,NOT_AVAILABLE_IN_SOURCE (Configured Parameter),NOT_AVAILABLE_IN_SOURCE (Configured Parameter)
341974,Delhi,219.55,70.23,20,,ORIGINAL_VALID_IN_MASTER,3,0.95,658.6500000000001,201,860,2397,NOT_AVAILABLE_IN_SOURCE (Configured Parameter),NOT_AVAILABLE_IN_SOURCE (Configured Parameter)
68554,Mumbai,219.55,67.03,20,,ORIGINAL_VALID_IN_MASTER,3,0.95,658.6500000000001,191,850,2387,NOT_AVAILABLE_IN_SOURCE (Configured Parameter),NOT_AVAILABLE_IN_SOURCE (Configured Parameter)
468128,Delhi,219.45,86.74,20,,ORIGINAL_VALID_IN_MASTER,3,0.95,658.3499999999999,248,907,2443,NOT_AVAILABLE_IN_SOURCE (Configured Parameter),NOT_AVAILABLE_IN_SOURCE (Configured Parameter)
9147,Delhi,219.4,55.48,20,,ORIGINAL_VALID_IN_MASTER,3,0.95,658.2,159,818,2353,NOT_AVAILABLE_IN_SOURCE (Configured Parameter),NOT_AVAILABLE_IN_SOURCE (Configured Parameter)
86521,Delhi,218.75,91.41,20,,ORIGINAL_VALID_IN_MASTER,3,0.95,656.25,261,918,2449,NOT_AVAILABLE_IN_SOURCE (Configured Parameter),NOT_AVAILABLE_IN_SOURCE (Configured Parameter)
390221,Delhi,218.6,62.56,20,,ORIGINAL_VALID_IN_MASTER,3,0.95,655.8,179,835,2365,NOT_AVAILABLE_IN_SOURCE (Configured Parameter),NOT_AVAILABLE_IN_SOURCE (Configured Parameter)
253144,Bengaluru,218.5,31.7,20,,ORIGINAL_VALID_IN_MASTER,3,0.95,655.5,91,747,2276,NOT_AVAILABLE_IN_SOURCE (Configured Parameter),NOT_AVAILABLE_IN_SOURCE (Configured Parameter)
93038,Delhi,218.25,43.63,20,,ORIGINAL_VALID_IN_MASTER,3,0.95,654.75,125,780,2308,NOT_AVAILABLE_IN_SOURCE (Configured Parameter),NOT_AVAILABLE_IN_SOURCE (Configured Parameter)
360216,Delhi,217.95,31.88,20,,ORIGINAL_VALID_IN_MASTER,3,0.95,653.8499999999999,91,745,2271,NOT_AVAILABLE_IN_SOURCE (Configured Parameter),NOT_AVAILABLE_IN_SOURCE (Configured Parameter)
394525,HR-NCR,217.3,53.3,20,,ORIGINAL_VALID_IN_MASTER,3,0.95,651.9000000000001,152,804,2325,NOT_AVAILABLE_IN_SOURCE (Configured Parameter),NOT_AVAILABLE_IN_SOURCE (Configured Parameter)
440200,Delhi,216.9,43.26,20,,ORIGINAL_VALID_IN_MASTER,3,0.95,650.7,124,775,2293,NOT_AVAILABLE_IN_SOURCE (Configured Parameter),NOT_AVAILABLE_IN_SOURCE (Configured Parameter)
314,Mumbai,216.84,141.27,19,,ORIGINAL_VALID_IN_MASTER,3,0.95,650.52,403,1054,2572,NOT_AVAILABLE_IN_SOURCE (Configured Parameter),NOT_AVAILABLE_IN_SOURCE (Configured Parameter)
206314,HR-NCR,215.7,108.31,20,,ORIGINAL_VALID_IN_MASTER,3,0.95,647.0999999999999,309,957,2466,NOT_AVAILABLE_IN_SOURCE (Configured Parameter),NOT_AVAILABLE_IN_SOURCE (Configured Parameter)
111387,Delhi,215.55,31.12,20,,ORIGINAL_VALID_IN_MASTER,3,0.95,646.6500000000001,89,736,2245,NOT_AVAILABLE_IN_SOURCE (Configured Parameter),NOT_AVAILABLE_IN_SOURCE (Configured Parameter)
467659,Bengaluru,215.05,57.4,20,,ORIGINAL_VALID_IN_MASTER,3,0.95,645.1500000000001,164,810,2315,NOT_AVAILABLE_IN_SOURCE (Configured Parameter),NOT_AVAILABLE_IN_SOURCE (Configured Parameter)
436913,Delhi,214.6,62.9,20,,ORIGINAL_VALID_IN_MASTER,3,0.95,643.8,180,824,2326,NOT_AVAILABLE_IN_SOURCE (Configured Parameter),NOT_AVAILABLE_IN_SOURCE (Configured Parameter)
380156,Delhi,214.0,51.56,20,,ORIGINAL_VALID_IN_MASTER,3,0.95,642.0,147,789,2287,NOT_AVAILABLE_IN_SOURCE (Configured Parameter),NOT_AVAILABLE_IN_SOURCE (Configured Parameter)
488115,Delhi,213.4,76.11,10,,ORIGINAL_VALID_IN_MASTER,3,0.95,640.2,217,858,2351,NOT_AVAILABLE_IN_SOURCE (Configured Parameter),NOT_AVAILABLE_IN_SOURCE (Configured Parameter)
61761,Delhi,213.25,38.44,20,,ORIGINAL_VALID_IN_MASTER,3,0.95,639.75,110,750,2243,NOT_AVAILABLE_IN_SOURCE (Configured Parameter),NOT_AVAILABLE_IN_SOURCE (Configured Parameter)
13981,Delhi,213.15,40.68,20,,ORIGINAL_VALID_IN_MASTER,3,0.95,639.45,116,756,2248,NOT_AVAILABLE_IN_SOURCE (Configured Parameter),NOT_AVAILABLE_IN_SOURCE (Configured Parameter)
13,HR-NCR,212.7,58.05,20,,ORIGINAL_VALID_IN_MASTER,3,0.95,638.0999999999999,166,805,2293,NOT_AVAILABLE_IN_SOURCE (Configured Parameter),NOT_AVAILABLE_IN_SOURCE (Configured Parameter)
483357,Delhi,212.67,144.92,3,,ORIGINAL_VALID_IN_MASTER,3,0.95,638.01,413,1052,2540,NOT_AVAILABLE_IN_SOURCE (Configured Parameter),NOT_AVAILABLE_IN_SOURCE (Configured Parameter)
483845,Delhi,212.2,65.04,20,,ORIGINAL_VALID_IN_MASTER,3,0.95,636.5999999999999,186,823,2308,NOT_AVAILABLE_IN_SOURCE (Configured Parameter),NOT_AVAILABLE_IN_SOURCE (Configured Parameter)
389684,Delhi,212.15,62.24,20,,ORIGINAL_VALID_IN_MASTER,3,0.95,636.45,178,815,2300,NOT_AVAILABLE_IN_SOURCE (Configured Parameter),NOT_AVAILABLE_IN_SOURCE (Configured Parameter)
369013,HR-NCR,211.55,60.45,20,,ORIGINAL_VALID_IN_MASTER,3,0.95,634.6500000000001,173,808,2289,NOT_AVAILABLE_IN_SOURCE (Configured Parameter),NOT_AVAILABLE_IN_SOURCE (Configured Parameter)
467637,Delhi,211.15,74.16,20,,ORIGINAL_VALID_IN_MASTER,3,0.95,633.45,212,846,2324,NOT_AVAILABLE_IN_SOURCE (Configured Parameter),NOT_AVAILABLE_IN_SOURCE (Configured Parameter)
162,Delhi,211.1,68.58,20,,ORIGINAL_VALID_IN_MASTER,3,0.95,633.3,196,830,2307,NOT_AVAILABLE_IN_SOURCE (Configured Parameter),NOT_AVAILABLE_IN_SOURCE (Configured Parameter)
286315,Delhi,210.65,35.35,20,,ORIGINAL_VALID_IN_MASTER,3,0.95,631.95,101,733,2208,NOT_AVAILABLE_IN_SOURCE (Configured Parameter),NOT_AVAILABLE_IN_SOURCE (Configured Parameter)
210452,Delhi,210.15,69.24,20,,ORIGINAL_VALID_IN_MASTER,3,0.95,630.45,198,829,2300,NOT_AVAILABLE_IN_SOURCE (Configured Parameter),NOT_AVAILABLE_IN_SOURCE (Configured Parameter)
300292,Delhi,209.85,37.57,20,,ORIGINAL_VALID_IN_MASTER,3,0.95,629.55,108,738,2207,NOT_AVAILABLE_IN_SOURCE (Configured Parameter),NOT_AVAILABLE_IN_SOURCE (Configured Parameter)
56692,Bengaluru,209.7,55.36,20,,ORIGINAL_VALID_IN_MASTER,3,0.95,629.0999999999999,158,788,2255,NOT_AVAILABLE_IN_SOURCE (Configured Parameter),NOT_AVAILABLE_IN_SOURCE (Configured Parameter)
14624,Bengaluru,209.55,60.45,20,,ORIGINAL_VALID_IN_MASTER,3,0.95,628.6500000000001,173,802,2269,NOT_AVAILABLE_IN_SOURCE (Configured Parameter),NOT_AVAILABLE_IN_SOURCE (Configured Parameter)
350169,Delhi,209.1,79.03,20,,ORIGINAL_VALID_IN_MASTER,3,0.95,627.3,226,854,2317,NOT_AVAILABLE_IN_SOURCE (Configured Parameter),NOT_AVAILABLE_IN_SOURCE (Configured Parameter)
445188,HR-NCR,209.1,74.56,20,,ORIGINAL_VALID_IN_MASTER,3,0.95,627.3,213,841,2304,NOT_AVAILABLE_IN_SOURCE (Configured Parameter),NOT_AVAILABLE_IN_SOURCE (Configured Parameter)
609,Delhi,208.65,40.94,20,,ORIGINAL_VALID_IN_MASTER,3,0.95,625.95,117,743,2204,NOT_AVAILABLE_IN_SOURCE (Configured Parameter),NOT_AVAILABLE_IN_SOURCE (Configured Parameter)
123007,Mumbai,208.65,60.75,20,,ORIGINAL_VALID_IN_MASTER,3,0.95,625.95,174,800,2261,NOT_AVAILABLE_IN_SOURCE (Configured Parameter),NOT_AVAILABLE_IN_SOURCE (Configured Parameter)
201,HR-NCR,208.45,37.19,20,,ORIGINAL_VALID_IN_MASTER,3,0.95,625.3499999999999,106,732,2191,NOT_AVAILABLE_IN_SOURCE (Configured Parameter),NOT_AVAILABLE_IN_SOURCE (Configured Parameter)
89120,Delhi,208.0,49.82,20,,ORIGINAL_VALID_IN_MASTER,3,0.95,624.0,142,766,2222,NOT_AVAILABLE_IN_SOURCE (Configured Parameter),NOT_AVAILABLE_IN_SOURCE (Configured Parameter)
216251,Delhi,207.7,40.71,20,,ORIGINAL_VALID_IN_MASTER,3,0.95,623.0999999999999,116,740,2193,NOT_AVAILABLE_IN_SOURCE (Configured Parameter),NOT_AVAILABLE_IN_SOURCE (Configured Parameter)
364304,Bengaluru,207.6,18.41,20,,ORIGINAL_VALID_IN_MASTER,3,0.95,622.8,53,676,2129,NOT_AVAILABLE_IN_SOURCE (Configured Parameter),NOT_AVAILABLE_IN_SOURCE (Configured Parameter)
480925,HR-NCR,207.4,125.14,20,,ORIGINAL_VALID_IN_MASTER,3,0.95,622.2,357,980,2431,NOT_AVAILABLE_IN_SOURCE (Configured Parameter),NOT_AVAILABLE_IN_SOURCE (Configured Parameter)
362796,Bengaluru,207.31,181.09,16,,ORIGINAL_VALID_IN_MASTER,3,0.95,621.9300000000001,516,1138,2590,NOT_AVAILABLE_IN_SOURCE (Configured Parameter),NOT_AVAILABLE_IN_SOURCE (Configured Parameter)
25486,Delhi,207.25,54.87,20,,ORIGINAL_VALID_IN_MASTER,3,0.95,621.75,157,779,2230,NOT_AVAILABLE_IN_SOURCE (Configured Parameter),NOT_AVAILABLE_IN_SOURCE (Configured Parameter)
578,HR-NCR,207.2,59.85,20,,ORIGINAL_VALID_IN_MASTER,3,0.95,621.5999999999999,171,793,2243,NOT_AVAILABLE_IN_SOURCE (Configured Parameter),NOT_AVAILABLE_IN_SOURCE (Configured Parameter)
15933,HR-NCR,207.1,19.26,20,,ORIGINAL_VALID_IN_MASTER,3,0.95,621.3,55,677,2126,NOT_AVAILABLE_IN_SOURCE (Configured Parameter),NOT_AVAILABLE_IN_SOURCE (Configured Parameter)
95781,Bengaluru,207.1,81.18,20,,ORIGINAL_VALID_IN_MASTER,3,0.95,621.3,232,854,2303,NOT_AVAILABLE_IN_SOURCE (Configured Parameter),NOT_AVAILABLE_IN_SOURCE (Configured Parameter)
364304,HR-NCR,206.75,31.07,20,,ORIGINAL_VALID_IN_MASTER,3,0.95,620.25,89,710,2157,NOT_AVAILABLE_IN_SOURCE (Configured Parameter),NOT_AVAILABLE_IN_SOURCE (Configured Parameter)
387474,Delhi,206.5,37.34,20,,ORIGINAL_VALID_IN_MASTER,3,0.95,619.5,107,727,2172,NOT_AVAILABLE_IN_SOURCE (Configured Parameter),NOT_AVAILABLE_IN_SOURCE (Configured Parameter)
65679,Delhi,206.5,44.35,20,,ORIGINAL_VALID_IN_MASTER,3,0.95,619.5,127,747,2192,NOT_AVAILABLE_IN_SOURCE (Configured Parameter),NOT_AVAILABLE_IN_SOURCE (Configured Parameter)
108085,HR-NCR,206.25,124.94,20,,ORIGINAL_VALID_IN_MASTER,3,0.95,618.75,356,975,2419,NOT_AVAILABLE_IN_SOURCE (Configured Parameter),NOT_AVAILABLE_IN_SOURCE (Configured Parameter)
421687,HR-NCR,205.7,56.55,10,,ORIGINAL_VALID_IN_MASTER,3,0.95,617.0999999999999,162,780,2219,NOT_AVAILABLE_IN_SOURCE (Configured Parameter),NOT_AVAILABLE_IN_SOURCE (Configured Parameter)
379583,Delhi,205.2,98.03,20,,ORIGINAL_VALID_IN_MASTER,3,0.95,615.5999999999999,280,896,2332,NOT_AVAILABLE_IN_SOURCE (Configured Parameter),NOT_AVAILABLE_IN_SOURCE (Configured Parameter)
366704,Delhi,205.05,68.9,20,,ORIGINAL_VALID_IN_MASTER,3,0.95,615.1500000000001,197,813,2248,NOT_AVAILABLE_IN_SOURCE (Configured Parameter),NOT_AVAILABLE_IN_SOURCE (Configured Parameter)
389944,HR-NCR,204.7,42.54,20,,ORIGINAL_VALID_IN_MASTER,3,0.95,614.0999999999999,122,737,2169,NOT_AVAILABLE_IN_SOURCE (Configured Parameter),NOT_AVAILABLE_IN_SOURCE (Configured Parameter)
467653,Bengaluru,204.65,51.74,20,,ORIGINAL_VALID_IN_MASTER,3,0.95,613.95,148,762,2195,NOT_AVAILABLE_IN_SOURCE (Configured Parameter),NOT_AVAILABLE_IN_SOURCE (Configured Parameter)
17678,HR-NCR,204.35,127.75,20,,ORIGINAL_VALID_IN_MASTER,3,0.95,613.05,364,978,2408,NOT_AVAILABLE_IN_SOURCE (Configured Parameter),NOT_AVAILABLE_IN_SOURCE (Configured Parameter)
544,Delhi,204.0,60.42,20,,ORIGINAL_VALID_IN_MASTER,3,0.95,612.0,173,785,2213,NOT_AVAILABLE_IN_SOURCE (Configured Parameter),NOT_AVAILABLE_IN_SOURCE (Configured Parameter)
17489,Delhi,202.55,147.99,20,,ORIGINAL_VALID_IN_MASTER,3,0.95,607.6500000000001,422,1030,2448,NOT_AVAILABLE_IN_SOURCE (Configured Parameter),NOT_AVAILABLE_IN_SOURCE (Configured Parameter)
483951,Bengaluru,202.35,53.02,20,,ORIGINAL_VALID_IN_MASTER,3,0.95,607.05,152,760,2176,NOT_AVAILABLE_IN_SOURCE (Configured Parameter),NOT_AVAILABLE_IN_SOURCE (Configured Parameter)
391607,Delhi,202.3,40.47,20,,ORIGINAL_VALID_IN_MASTER,3,0.95,606.9000000000001,116,723,2139,NOT_AVAILABLE_IN_SOURCE (Configured Parameter),NOT_AVAILABLE_IN_SOURCE (Configured Parameter)
389662,Delhi,202.05,48.94,20,,ORIGINAL_VALID_IN_MASTER,3,0.95,606.1500000000001,140,747,2161,NOT_AVAILABLE_IN_SOURCE (Configured Parameter),NOT_AVAILABLE_IN_SOURCE (Configured Parameter)
37273,HR-NCR,202.05,49.08,20,,ORIGINAL_VALID_IN_MASTER,3,0.95,606.1500000000001,140,747,2161,NOT_AVAILABLE_IN_SOURCE (Configured Parameter),NOT_AVAILABLE_IN_SOURCE (Configured Parameter)
440033,Delhi,201.75,52.63,20,,ORIGINAL_VALID_IN_MASTER,3,0.95,605.25,150,756,2168,NOT_AVAILABLE_IN_SOURCE (Configured Parameter),NOT_AVAILABLE_IN_SOURCE (Configured Parameter)
456193,Bengaluru,201.7,38.63,20,,ORIGINAL_VALID_IN_MASTER,3,0.95,605.0999999999999,111,717,2128,NOT_AVAILABLE_IN_SOURCE (Configured Parameter),NOT_AVAILABLE_IN_SOURCE (Configured Parameter)
389665,Delhi,201.65,53.4,20,,ORIGINAL_VALID_IN_MASTER,3,0.95,604.95,153,758,2170,NOT_AVAILABLE_IN_SOURCE (Configured Parameter),NOT_AVAILABLE_IN_SOURCE (Configured Parameter)
313420,Delhi,201.6,115.02,20,,ORIGINAL_VALID_IN_MASTER,3,0.95,604.8,328,933,2344,NOT_AVAILABLE_IN_SOURCE (Configured Parameter),NOT_AVAILABLE_IN_SOURCE (Configured Parameter)
392375,Delhi,201.4,27.58,10,,ORIGINAL_VALID_IN_MASTER,3,0.95,604.2,79,684,2093,NOT_AVAILABLE_IN_SOURCE (Configured Parameter),NOT_AVAILABLE_IN_SOURCE (Configured Parameter)
15288,Delhi,201.35,162.69,20,,ORIGINAL_VALID_IN_MASTER,3,0.95,604.05,464,1069,2478,NOT_AVAILABLE_IN_SOURCE (Configured Parameter),NOT_AVAILABLE_IN_SOURCE (Configured Parameter)
389815,Delhi,200.65,48.72,20,,ORIGINAL_VALID_IN_MASTER,3,0.95,601.95,139,741,2146,NOT_AVAILABLE_IN_SOURCE (Configured Parameter),NOT_AVAILABLE_IN_SOURCE (Configured Parameter)
355051,HR-NCR,200.35,21.47,20,,ORIGINAL_VALID_IN_MASTER,3,0.95,601.05,62,664,2066,NOT_AVAILABLE_IN_SOURCE (Configured Parameter),NOT_AVAILABLE_IN_SOURCE (Configured Parameter)
486339,Delhi,199.88,143.55,17,,ORIGINAL_VALID_IN_MASTER,3,0.95,599.64,410,1010,2409,NOT_AVAILABLE_IN_SOURCE (Configured Parameter),NOT_AVAILABLE_IN_SOURCE (Configured Parameter)
439983,Bengaluru,199.85,46.02,20,,ORIGINAL_VALID_IN_MASTER,3,0.95,599.55,132,732,2131,NOT_AVAILABLE_IN_SOURCE (Configured Parameter),NOT_AVAILABLE_IN_SOURCE (Configured Parameter)
400105,Mumbai,199.6,61.81,20,,ORIGINAL_VALID_IN_MASTER,3,0.95,598.8,177,776,2173,NOT_AVAILABLE_IN_SOURCE (Configured Parameter),NOT_AVAILABLE_IN_SOURCE (Configured Parameter)
114264,Delhi,199.45,61.43,20,,ORIGINAL_VALID_IN_MASTER,3,0.95,598.3499999999999,176,775,2171,NOT_AVAILABLE_IN_SOURCE (Configured Parameter),NOT_AVAILABLE_IN_SOURCE (Configured Parameter)
3928,Bengaluru,199.4,42.33,20,,ORIGINAL_VALID_IN_MASTER,3,0.95,598.2,121,720,2115,NOT_AVAILABLE_IN_SOURCE (Configured Parameter),NOT_AVAILABLE_IN_SOURCE (Configured Parameter)
455785,HR-NCR,199.3,27.91,20,,ORIGINAL_VALID_IN_MASTER,3,0.95,597.9000000000001,80,678,2073,NOT_AVAILABLE_IN_SOURCE (Configured Parameter),NOT_AVAILABLE_IN_SOURCE (Configured Parameter)
293867,Delhi,199.3,130.65,20,,ORIGINAL_VALID_IN_MASTER,3,0.95,597.9000000000001,373,971,2366,NOT_AVAILABLE_IN_SOURCE (Configured Parameter),NOT_AVAILABLE_IN_SOURCE (Configured Parameter)
383615,Delhi,198.9,35.32,20,,ORIGINAL_VALID_IN_MASTER,3,0.95,596.7,101,698,2090,NOT_AVAILABLE_IN_SOURCE (Configured Parameter),NOT_AVAILABLE_IN_SOURCE (Configured Parameter)
478882,Bengaluru,198.4,77.13,20,,ORIGINAL_VALID_IN_MASTER,3,0.95,595.2,220,816,2204,NOT_AVAILABLE_IN_SOURCE (Configured Parameter),NOT_AVAILABLE_IN_SOURCE (Configured Parameter)
410605,Delhi,197.6,73.04,10,,ORIGINAL_VALID_IN_MASTER,3,0.95,592.8,209,802,2185,NOT_AVAILABLE_IN_SOURCE (Configured Parameter),NOT_AVAILABLE_IN_SOURCE (Configured Parameter)
362796,Mumbai,197.6,53.66,20,,ORIGINAL_VALID_IN_MASTER,3,0.95,592.8,153,746,2129,NOT_AVAILABLE_IN_SOURCE (Configured Parameter),NOT_AVAILABLE_IN_SOURCE (Configured Parameter)
15902,Delhi,197.6,68.38,20,,ORIGINAL_VALID_IN_MASTER,3,0.95,592.8,195,788,2171,NOT_AVAILABLE_IN_SOURCE (Configured Parameter),NOT_AVAILABLE_IN_SOURCE (Configured Parameter)
487659,HR-NCR,197.1,47.02,10,0.012,Tier_1_Product_City_Median,3,0.95,591.3,134,726,2105,NOT_AVAILABLE_IN_SOURCE (Configured Parameter),NOT_AVAILABLE_IN_SOURCE (Configured Parameter)
18546,Bengaluru,196.8,149.11,20,,ORIGINAL_VALID_IN_MASTER,3,0.95,590.4000000000001,425,1016,2393,NOT_AVAILABLE_IN_SOURCE (Configured Parameter),NOT_AVAILABLE_IN_SOURCE (Configured Parameter)
325764,Delhi,196.77,53.6,13,,ORIGINAL_VALID_IN_MASTER,3,0.95,590.3100000000001,153,744,2121,NOT_AVAILABLE_IN_SOURCE (Configured Parameter),NOT_AVAILABLE_IN_SOURCE (Configured Parameter)
482755,Delhi,196.45,66.38,20,,ORIGINAL_VALID_IN_MASTER,3,0.95,589.3499999999999,190,780,2155,NOT_AVAILABLE_IN_SOURCE (Configured Parameter),NOT_AVAILABLE_IN_SOURCE (Configured Parameter)
483166,Delhi,196.43,121.8,7,,ORIGINAL_VALID_IN_MASTER,3,0.95,589.29,348,938,2313,NOT_AVAILABLE_IN_SOURCE (Configured Parameter),NOT_AVAILABLE_IN_SOURCE (Configured Parameter)
344107,Bengaluru,196.1,56.63,20,,ORIGINAL_VALID_IN_MASTER,3,0.95,588.3,162,751,2123,NOT_AVAILABLE_IN_SOURCE (Configured Parameter),NOT_AVAILABLE_IN_SOURCE (Configured Parameter)
196281,Bengaluru,195.95,31.5,20,,ORIGINAL_VALID_IN_MASTER,3,0.95,587.8499999999999,90,678,2050,NOT_AVAILABLE_IN_SOURCE (Configured Parameter),NOT_AVAILABLE_IN_SOURCE (Configured Parameter)
18548,Delhi,195.85,40.68,20,,ORIGINAL_VALID_IN_MASTER,3,0.95,587.55,116,704,2075,NOT_AVAILABLE_IN_SOURCE (Configured Parameter),NOT_AVAILABLE_IN_SOURCE (Configured Parameter)
37261,Delhi,194.45,29.77,20,,ORIGINAL_VALID_IN_MASTER,3,0.95,583.3499999999999,85,669,2030,NOT_AVAILABLE_IN_SOURCE (Configured Parameter),NOT_AVAILABLE_IN_SOURCE (Configured Parameter)
467673,Bengaluru,194.15,38.76,20,,ORIGINAL_VALID_IN_MASTER,3,0.95,582.45,111,694,2053,NOT_AVAILABLE_IN_SOURCE (Configured Parameter),NOT_AVAILABLE_IN_SOURCE (Configured Parameter)
389725,Bengaluru,194.1,98.98,20,,ORIGINAL_VALID_IN_MASTER,3,0.95,582.3,283,866,2224,NOT_AVAILABLE_IN_SOURCE (Configured Parameter),NOT_AVAILABLE_IN_SOURCE (Configured Parameter)
198,Delhi,194.0,39.62,20,,ORIGINAL_VALID_IN_MASTER,3,0.95,582.0,113,695,2053,NOT_AVAILABLE_IN_SOURCE (Configured Parameter),NOT_AVAILABLE_IN_SOURCE (Configured Parameter)
405109,HR-NCR,193.88,113.13,17,,ORIGINAL_VALID_IN_MASTER,3,0.95,581.64,323,905,2262,NOT_AVAILABLE_IN_SOURCE (Configured Parameter),NOT_AVAILABLE_IN_SOURCE (Configured Parameter)
166849,Mumbai,193.7,30.96,20,,ORIGINAL_VALID_IN_MASTER,3,0.95,581.0999999999999,89,671,2026,NOT_AVAILABLE_IN_SOURCE (Configured Parameter),NOT_AVAILABLE_IN_SOURCE (Configured Parameter)
10562,Delhi,193.3,125.9,20,,ORIGINAL_VALID_IN_MASTER,3,0.95,579.9000000000001,359,939,2292,NOT_AVAILABLE_IN_SOURCE (Configured Parameter),NOT_AVAILABLE_IN_SOURCE (Configured Parameter)
425306,Delhi,192.75,61.83,20,,ORIGINAL_VALID_IN_MASTER,3,0.95,578.25,177,756,2105,NOT_AVAILABLE_IN_SOURCE (Configured Parameter),NOT_AVAILABLE_IN_SOURCE (Configured Parameter)
339152,Mumbai,191.95,32.85,20,,ORIGINAL_VALID_IN_MASTER,3,0.95,575.8499999999999,94,670,2014,NOT_AVAILABLE_IN_SOURCE (Configured Parameter),NOT_AVAILABLE_IN_SOURCE (Configured Parameter)
367837,Bengaluru,191.9,191.21,20,,ORIGINAL_VALID_IN_MASTER,3,0.95,575.7,545,1121,2464,NOT_AVAILABLE_IN_SOURCE (Configured Parameter),NOT_AVAILABLE_IN_SOURCE (Configured Parameter)
467653,HR-NCR,191.85,43.06,20,,ORIGINAL_VALID_IN_MASTER,3,0.95,575.55,123,699,2042,NOT_AVAILABLE_IN_SOURCE (Configured Parameter),NOT_AVAILABLE_IN_SOURCE (Configured Parameter)
388080,HR-NCR,191.65,102.0,20,,ORIGINAL_VALID_IN_MASTER,3,0.95,574.95,291,866,2208,NOT_AVAILABLE_IN_SOURCE (Configured Parameter),NOT_AVAILABLE_IN_SOURCE (Configured Parameter)
25268,Bengaluru,191.6,33.0,20,,ORIGINAL_VALID_IN_MASTER,3,0.95,574.8,95,670,2011,NOT_AVAILABLE_IN_SOURCE (Configured Parameter),NOT_AVAILABLE_IN_SOURCE (Configured Parameter)
365534,HR-NCR,191.58,127.28,19,,ORIGINAL_VALID_IN_MASTER,3,0.95,574.74,363,938,2279,NOT_AVAILABLE_IN_SOURCE (Configured Parameter),NOT_AVAILABLE_IN_SOURCE (Configured Parameter)
405587,Delhi,190.95,48.32,20,,ORIGINAL_VALID_IN_MASTER,3,0.95,572.8499999999999,138,711,2048,NOT_AVAILABLE_IN_SOURCE (Configured Parameter),NOT_AVAILABLE_IN_SOURCE (Configured Parameter)
439144,Delhi,190.85,48.83,20,,ORIGINAL_VALID_IN_MASTER,3,0.95,572.55,140,713,2049,NOT_AVAILABLE_IN_SOURCE (Configured Parameter),NOT_AVAILABLE_IN_SOURCE (Configured Parameter)
439935,Bengaluru,190.75,53.28,20,,ORIGINAL_VALID_IN_MASTER,3,0.95,572.25,152,725,2060,NOT_AVAILABLE_IN_SOURCE (Configured Parameter),NOT_AVAILABLE_IN_SOURCE (Configured Parameter)
600,Delhi,190.6,91.95,20,,ORIGINAL_VALID_IN_MASTER,3,0.95,571.8,262,834,2168,NOT_AVAILABLE_IN_SOURCE (Configured Parameter),NOT_AVAILABLE_IN_SOURCE (Configured Parameter)
116824,HR-NCR,190.4,36.48,20,,ORIGINAL_VALID_IN_MASTER,3,0.95,571.2,104,676,2008,NOT_AVAILABLE_IN_SOURCE (Configured Parameter),NOT_AVAILABLE_IN_SOURCE (Configured Parameter)
9147,HR-NCR,190.15,23.91,20,,ORIGINAL_VALID_IN_MASTER,3,0.95,570.45,69,640,1971,NOT_AVAILABLE_IN_SOURCE (Configured Parameter),NOT_AVAILABLE_IN_SOURCE (Configured Parameter)
277,HR-NCR,190.1,65.78,20,,ORIGINAL_VALID_IN_MASTER,3,0.95,570.3,188,759,2089,NOT_AVAILABLE_IN_SOURCE (Configured Parameter),NOT_AVAILABLE_IN_SOURCE (Configured Parameter)
203,Bengaluru,189.95,38.52,20,,ORIGINAL_VALID_IN_MASTER,3,0.95,569.8499999999999,110,680,2010,NOT_AVAILABLE_IN_SOURCE (Configured Parameter),NOT_AVAILABLE_IN_SOURCE (Configured Parameter)
137816,Bengaluru,189.85,25.51,20,,ORIGINAL_VALID_IN_MASTER,3,0.95,569.55,73,643,1972,NOT_AVAILABLE_IN_SOURCE (Configured Parameter),NOT_AVAILABLE_IN_SOURCE (Configured Parameter)
221973,HR-NCR,189.5,34.62,20,,ORIGINAL_VALID_IN_MASTER,3,0.95,568.5,99,668,1994,NOT_AVAILABLE_IN_SOURCE (Configured Parameter),NOT_AVAILABLE_IN_SOURCE (Configured Parameter)
483246,Delhi,189.38,113.6,8,,ORIGINAL_VALID_IN_MASTER,3,0.95,568.14,324,893,2218,NOT_AVAILABLE_IN_SOURCE (Configured Parameter),NOT_AVAILABLE_IN_SOURCE (Configured Parameter)
475802,HR-NCR,188.8,122.53,20,,ORIGINAL_VALID_IN_MASTER,3,0.95,566.4000000000001,350,917,2238,NOT_AVAILABLE_IN_SOURCE (Configured Parameter),NOT_AVAILABLE_IN_SOURCE (Configured Parameter)
399908,Bengaluru,188.7,65.18,20,,ORIGINAL_VALID_IN_MASTER,3,0.95,566.0999999999999,186,753,2073,NOT_AVAILABLE_IN_SOURCE (Configured Parameter),NOT_AVAILABLE_IN_SOURCE (Configured Parameter)
34422,Delhi,188.7,22.7,20,,ORIGINAL_VALID_IN_MASTER,3,0.95,566.0999999999999,65,632,1952,NOT_AVAILABLE_IN_SOURCE (Configured Parameter),NOT_AVAILABLE_IN_SOURCE (Configured Parameter)
483032,Delhi,188.6,39.09,20,,ORIGINAL_VALID_IN_MASTER,3,0.95,565.8,112,678,1998,NOT_AVAILABLE_IN_SOURCE (Configured Parameter),NOT_AVAILABLE_IN_SOURCE (Configured Parameter)
18322,Delhi,188.5,51.09,20,,ORIGINAL_VALID_IN_MASTER,3,0.95,565.5,146,712,2031,NOT_AVAILABLE_IN_SOURCE (Configured Parameter),NOT_AVAILABLE_IN_SOURCE (Configured Parameter)
104887,HR-NCR,188.45,30.86,20,,ORIGINAL_VALID_IN_MASTER,3,0.95,565.3499999999999,88,654,1973,NOT_AVAILABLE_IN_SOURCE (Configured Parameter),NOT_AVAILABLE_IN_SOURCE (Configured Parameter)
335816,Bengaluru,188.4,75.0,20,,ORIGINAL_VALID_IN_MASTER,3,0.95,565.2,214,780,2098,NOT_AVAILABLE_IN_SOURCE (Configured Parameter),NOT_AVAILABLE_IN_SOURCE (Configured Parameter)
366492,Delhi,187.71,188.41,17,,ORIGINAL_VALID_IN_MASTER,3,0.95,563.13,537,1101,2415,NOT_AVAILABLE_IN_SOURCE (Configured Parameter),NOT_AVAILABLE_IN_SOURCE (Configured Parameter)
32991,Delhi,186.6,32.77,20,,ORIGINAL_VALID_IN_MASTER,3,0.95,559.8,94,654,1960,NOT_AVAILABLE_IN_SOURCE (Configured Parameter),NOT_AVAILABLE_IN_SOURCE (Configured Parameter)
100371,Delhi,186.5,40.22,20,,ORIGINAL_VALID_IN_MASTER,3,0.95,559.5,115,675,1980,NOT_AVAILABLE_IN_SOURCE (Configured Parameter),NOT_AVAILABLE_IN_SOURCE (Configured Parameter)
483705,Delhi,186.4,56.86,20,,ORIGINAL_VALID_IN_MASTER,3,0.95,559.2,163,723,2027,NOT_AVAILABLE_IN_SOURCE (Configured Parameter),NOT_AVAILABLE_IN_SOURCE (Configured Parameter)
488111,Delhi,186.3,66.18,10,,ORIGINAL_VALID_IN_MASTER,3,0.95,558.9000000000001,189,748,2052,NOT_AVAILABLE_IN_SOURCE (Configured Parameter),NOT_AVAILABLE_IN_SOURCE (Configured Parameter)
389684,HR-NCR,186.3,53.0,20,,ORIGINAL_VALID_IN_MASTER,3,0.95,558.9000000000001,152,711,2015,NOT_AVAILABLE_IN_SOURCE (Configured Parameter),NOT_AVAILABLE_IN_SOURCE (Configured Parameter)
388638,Bengaluru,186.1,51.03,20,,ORIGINAL_VALID_IN_MASTER,3,0.95,558.3,146,705,2007,NOT_AVAILABLE_IN_SOURCE (Configured Parameter),NOT_AVAILABLE_IN_SOURCE (Configured Parameter)
4926,HR-NCR,185.45,31.4,20,,ORIGINAL_VALID_IN_MASTER,3,0.95,556.3499999999999,90,647,1945,NOT_AVAILABLE_IN_SOURCE (Configured Parameter),NOT_AVAILABLE_IN_SOURCE (Configured Parameter)
17,HR-NCR,185.2,26.32,20,,ORIGINAL_VALID_IN_MASTER,3,0.95,555.5999999999999,75,631,1927,NOT_AVAILABLE_IN_SOURCE (Configured Parameter),NOT_AVAILABLE_IN_SOURCE (Configured Parameter)
392235,Delhi,185.05,56.86,20,,ORIGINAL_VALID_IN_MASTER,3,0.95,555.1500000000001,163,719,2014,NOT_AVAILABLE_IN_SOURCE (Configured Parameter),NOT_AVAILABLE_IN_SOURCE (Configured Parameter)
286315,HR-NCR,184.95,31.99,20,,ORIGINAL_VALID_IN_MASTER,3,0.95,554.8499999999999,92,647,1942,NOT_AVAILABLE_IN_SOURCE (Configured Parameter),NOT_AVAILABLE_IN_SOURCE (Configured Parameter)
389740,Delhi,184.55,46.68,20,,ORIGINAL_VALID_IN_MASTER,3,0.95,553.6500000000001,134,688,1980,NOT_AVAILABLE_IN_SOURCE (Configured Parameter),NOT_AVAILABLE_IN_SOURCE (Configured Parameter)
19281,Delhi,184.45,40.33,20,,ORIGINAL_VALID_IN_MASTER,3,0.95,553.3499999999999,115,669,1960,NOT_AVAILABLE_IN_SOURCE (Configured Parameter),NOT_AVAILABLE_IN_SOURCE (Configured Parameter)
169812,Bengaluru,184.3,70.79,20,,ORIGINAL_VALID_IN_MASTER,3,0.95,552.9000000000001,202,755,2045,NOT_AVAILABLE_IN_SOURCE (Configured Parameter),NOT_AVAILABLE_IN_SOURCE (Configured Parameter)
11102,Bengaluru,184.15,43.61,20,,ORIGINAL_VALID_IN_MASTER,3,0.95,552.45,125,678,1967,NOT_AVAILABLE_IN_SOURCE (Configured Parameter),NOT_AVAILABLE_IN_SOURCE (Configured Parameter)
397485,Delhi,183.85,40.23,20,,ORIGINAL_VALID_IN_MASTER,3,0.95,551.55,115,667,1954,NOT_AVAILABLE_IN_SOURCE (Configured Parameter),NOT_AVAILABLE_IN_SOURCE (Configured Parameter)
401894,Delhi,183.7,38.51,20,,ORIGINAL_VALID_IN_MASTER,3,0.95,551.0999999999999,110,662,1947,NOT_AVAILABLE_IN_SOURCE (Configured Parameter),NOT_AVAILABLE_IN_SOURCE (Configured Parameter)
353470,Delhi,183.3,117.26,20,,ORIGINAL_VALID_IN_MASTER,3,0.95,549.9000000000001,335,885,2168,NOT_AVAILABLE_IN_SOURCE (Configured Parameter),NOT_AVAILABLE_IN_SOURCE (Configured Parameter)
10656,Delhi,183.2,39.63,20,,ORIGINAL_VALID_IN_MASTER,3,0.95,549.5999999999999,113,663,1945,NOT_AVAILABLE_IN_SOURCE (Configured Parameter),NOT_AVAILABLE_IN_SOURCE (Configured Parameter)
94487,Delhi,183.15,53.53,20,,ORIGINAL_VALID_IN_MASTER,3,0.95,549.45,153,703,1985,NOT_AVAILABLE_IN_SOURCE (Configured Parameter),NOT_AVAILABLE_IN_SOURCE (Configured Parameter)
409341,Delhi,183.15,27.9,20,,ORIGINAL_VALID_IN_MASTER,3,0.95,549.45,80,630,1912,NOT_AVAILABLE_IN_SOURCE (Configured Parameter),NOT_AVAILABLE_IN_SOURCE (Configured Parameter)
432779,Delhi,183.05,74.26,20,,ORIGINAL_VALID_IN_MASTER,3,0.95,549.1500000000001,212,762,2043,NOT_AVAILABLE_IN_SOURCE (Configured Parameter),NOT_AVAILABLE_IN_SOURCE (Configured Parameter)
467642,Delhi,183.0,23.38,20,,ORIGINAL_VALID_IN_MASTER,3,0.95,549.0,67,616,1897,NOT_AVAILABLE_IN_SOURCE (Configured Parameter),NOT_AVAILABLE_IN_SOURCE (Configured Parameter)
389714,Delhi,183.0,46.39,20,,ORIGINAL_VALID_IN_MASTER,3,0.95,549.0,133,682,1963,NOT_AVAILABLE_IN_SOURCE (Configured Parameter),NOT_AVAILABLE_IN_SOURCE (Configured Parameter)
32976,Delhi,182.85,107.26,20,,ORIGINAL_VALID_IN_MASTER,3,0.95,548.55,306,855,2135,NOT_AVAILABLE_IN_SOURCE (Configured Parameter),NOT_AVAILABLE_IN_SOURCE (Configured Parameter)
11170,Delhi,182.35,107.93,20,,ORIGINAL_VALID_IN_MASTER,3,0.95,547.05,308,856,2132,NOT_AVAILABLE_IN_SOURCE (Configured Parameter),NOT_AVAILABLE_IN_SOURCE (Configured Parameter)
25268,Delhi,182.15,46.63,20,,ORIGINAL_VALID_IN_MASTER,3,0.95,546.45,133,680,1955,NOT_AVAILABLE_IN_SOURCE (Configured Parameter),NOT_AVAILABLE_IN_SOURCE (Configured Parameter)
63628,Bengaluru,181.95,41.78,20,,ORIGINAL_VALID_IN_MASTER,3,0.95,545.8499999999999,120,666,1940,NOT_AVAILABLE_IN_SOURCE (Configured Parameter),NOT_AVAILABLE_IN_SOURCE (Configured Parameter)
478814,Delhi,181.9,69.31,20,,ORIGINAL_VALID_IN_MASTER,3,0.95,545.7,198,744,2017,NOT_AVAILABLE_IN_SOURCE (Configured Parameter),NOT_AVAILABLE_IN_SOURCE (Configured Parameter)
440232,Delhi,181.8,39.05,20,,ORIGINAL_VALID_IN_MASTER,3,0.95,545.4000000000001,112,658,1930,NOT_AVAILABLE_IN_SOURCE (Configured Parameter),NOT_AVAILABLE_IN_SOURCE (Configured Parameter)
477788,HR-NCR,180.85,47.61,20,,ORIGINAL_VALID_IN_MASTER,3,0.95,542.55,136,679,1945,NOT_AVAILABLE_IN_SOURCE (Configured Parameter),NOT_AVAILABLE_IN_SOURCE (Configured Parameter)
37272,Delhi,180.75,40.18,20,,ORIGINAL_VALID_IN_MASTER,3,0.95,542.25,115,658,1923,NOT_AVAILABLE_IN_SOURCE (Configured Parameter),NOT_AVAILABLE_IN_SOURCE (Configured Parameter)
401895,Delhi,180.7,112.56,20,,ORIGINAL_VALID_IN_MASTER,3,0.95,542.0999999999999,321,864,2128,NOT_AVAILABLE_IN_SOURCE (Configured Parameter),NOT_AVAILABLE_IN_SOURCE (Configured Parameter)
242283,HR-NCR,180.65,20.36,20,,ORIGINAL_VALID_IN_MASTER,3,0.95,541.95,59,601,1866,NOT_AVAILABLE_IN_SOURCE (Configured Parameter),NOT_AVAILABLE_IN_SOURCE (Configured Parameter)
467649,HR-NCR,180.6,38.86,20,,ORIGINAL_VALID_IN_MASTER,3,0.95,541.8,111,653,1917,NOT_AVAILABLE_IN_SOURCE (Configured Parameter),NOT_AVAILABLE_IN_SOURCE (Configured Parameter)
467649,Delhi,180.6,84.55,20,,ORIGINAL_VALID_IN_MASTER,3,0.95,541.8,241,783,2047,NOT_AVAILABLE_IN_SOURCE (Configured Parameter),NOT_AVAILABLE_IN_SOURCE (Configured Parameter)
395339,Delhi,180.55,25.63,20,,ORIGINAL_VALID_IN_MASTER,3,0.95,541.6500000000001,74,616,1880,NOT_AVAILABLE_IN_SOURCE (Configured Parameter),NOT_AVAILABLE_IN_SOURCE (Configured Parameter)
39492,Delhi,180.4,36.95,20,,ORIGINAL_VALID_IN_MASTER,3,0.95,541.2,106,648,1910,NOT_AVAILABLE_IN_SOURCE (Configured Parameter),NOT_AVAILABLE_IN_SOURCE (Configured Parameter)
34819,Delhi,180.35,46.67,20,,ORIGINAL_VALID_IN_MASTER,3,0.95,541.05,133,675,1937,NOT_AVAILABLE_IN_SOURCE (Configured Parameter),NOT_AVAILABLE_IN_SOURCE (Configured Parameter)
160,Mumbai,179.9,36.09,20,,ORIGINAL_VALID_IN_MASTER,3,0.95,539.7,103,643,1902,NOT_AVAILABLE_IN_SOURCE (Configured Parameter),NOT_AVAILABLE_IN_SOURCE (Configured Parameter)
65677,HR-NCR,179.89,65.25,18,,ORIGINAL_VALID_IN_MASTER,3,0.95,539.67,186,726,1985,NOT_AVAILABLE_IN_SOURCE (Configured Parameter),NOT_AVAILABLE_IN_SOURCE (Configured Parameter)
458325,HR-NCR,179.7,51.52,20,,ORIGINAL_VALID_IN_MASTER,3,0.95,539.0999999999999,147,687,1944,NOT_AVAILABLE_IN_SOURCE (Configured Parameter),NOT_AVAILABLE_IN_SOURCE (Configured Parameter)
114916,HR-NCR,179.4,24.63,20,,ORIGINAL_VALID_IN_MASTER,3,0.95,538.2,71,610,1865,NOT_AVAILABLE_IN_SOURCE (Configured Parameter),NOT_AVAILABLE_IN_SOURCE (Configured Parameter)
154617,Delhi,178.95,109.15,20,,ORIGINAL_VALID_IN_MASTER,3,0.95,536.8499999999999,311,848,2101,NOT_AVAILABLE_IN_SOURCE (Configured Parameter),NOT_AVAILABLE_IN_SOURCE (Configured Parameter)
353470,HR-NCR,178.89,109.77,18,,ORIGINAL_VALID_IN_MASTER,3,0.95,536.67,313,850,2102,NOT_AVAILABLE_IN_SOURCE (Configured Parameter),NOT_AVAILABLE_IN_SOURCE (Configured Parameter)
389738,Delhi,178.35,54.35,20,,ORIGINAL_VALID_IN_MASTER,3,0.95,535.05,155,691,1939,NOT_AVAILABLE_IN_SOURCE (Configured Parameter),NOT_AVAILABLE_IN_SOURCE (Configured Parameter)
427129,Delhi,178.25,33.48,20,,ORIGINAL_VALID_IN_MASTER,3,0.95,534.75,96,631,1879,NOT_AVAILABLE_IN_SOURCE (Configured Parameter),NOT_AVAILABLE_IN_SOURCE (Configured Parameter)
18401,HR-NCR,178.15,23.32,20,,ORIGINAL_VALID_IN_MASTER,3,0.95,534.45,67,602,1849,NOT_AVAILABLE_IN_SOURCE (Configured Parameter),NOT_AVAILABLE_IN_SOURCE (Configured Parameter)
483970,Delhi,178.05,37.57,20,,ORIGINAL_VALID_IN_MASTER,3,0.95,534.1500000000001,108,643,1889,NOT_AVAILABLE_IN_SOURCE (Configured Parameter),NOT_AVAILABLE_IN_SOURCE (Configured Parameter)
486342,Delhi,178.0,68.28,17,,ORIGINAL_VALID_IN_MASTER,3,0.95,534.0,195,729,1975,NOT_AVAILABLE_IN_SOURCE (Configured Parameter),NOT_AVAILABLE_IN_SOURCE (Configured Parameter)
467659,HR-NCR,177.95,49.36,20,,ORIGINAL_VALID_IN_MASTER,3,0.95,533.8499999999999,141,675,1921,NOT_AVAILABLE_IN_SOURCE (Configured Parameter),NOT_AVAILABLE_IN_SOURCE (Configured Parameter)
375328,Delhi,177.65,29.21,20,,ORIGINAL_VALID_IN_MASTER,3,0.95,532.95,84,617,1861,NOT_AVAILABLE_IN_SOURCE (Configured Parameter),NOT_AVAILABLE_IN_SOURCE (Configured Parameter)
389727,Delhi,177.35,44.72,20,,ORIGINAL_VALID_IN_MASTER,3,0.95,532.05,128,661,1902,NOT_AVAILABLE_IN_SOURCE (Configured Parameter),NOT_AVAILABLE_IN_SOURCE (Configured Parameter)
379584,Delhi,177.05,44.5,20,,ORIGINAL_VALID_IN_MASTER,3,0.95,531.1500000000001,127,659,1898,NOT_AVAILABLE_IN_SOURCE (Configured Parameter),NOT_AVAILABLE_IN_SOURCE (Configured Parameter)
103115,HR-NCR,176.85,86.6,20,,ORIGINAL_VALID_IN_MASTER,3,0.95,530.55,247,778,2016,NOT_AVAILABLE_IN_SOURCE (Configured Parameter),NOT_AVAILABLE_IN_SOURCE (Configured Parameter)
304377,Delhi,176.75,43.93,20,,ORIGINAL_VALID_IN_MASTER,3,0.95,530.25,126,657,1894,NOT_AVAILABLE_IN_SOURCE (Configured Parameter),NOT_AVAILABLE_IN_SOURCE (Configured Parameter)
19257,HR-NCR,176.55,48.86,20,,ORIGINAL_VALID_IN_MASTER,3,0.95,529.6500000000001,140,670,1906,NOT_AVAILABLE_IN_SOURCE (Configured Parameter),NOT_AVAILABLE_IN_SOURCE (Configured Parameter)
389691,Bengaluru,176.5,27.02,20,,ORIGINAL_VALID_IN_MASTER,3,0.95,529.5,77,607,1842,NOT_AVAILABLE_IN_SOURCE (Configured Parameter),NOT_AVAILABLE_IN_SOURCE (Configured Parameter)
458200,Delhi,176.4,47.86,20,,ORIGINAL_VALID_IN_MASTER,3,0.95,529.2,137,667,1901,NOT_AVAILABLE_IN_SOURCE (Configured Parameter),NOT_AVAILABLE_IN_SOURCE (Configured Parameter)
415627,HR-NCR,176.4,48.64,20,,ORIGINAL_VALID_IN_MASTER,3,0.95,529.2,139,669,1903,NOT_AVAILABLE_IN_SOURCE (Configured Parameter),NOT_AVAILABLE_IN_SOURCE (Configured Parameter)
68483,Bengaluru,176.3,50.71,20,,ORIGINAL_VALID_IN_MASTER,3,0.95,528.9000000000001,145,674,1908,NOT_AVAILABLE_IN_SOURCE (Configured Parameter),NOT_AVAILABLE_IN_SOURCE (Configured Parameter)
469737,Delhi,176.0,41.24,20,,ORIGINAL_VALID_IN_MASTER,3,0.95,528.0,118,646,1878,NOT_AVAILABLE_IN_SOURCE (Configured Parameter),NOT_AVAILABLE_IN_SOURCE (Configured Parameter)
482088,Delhi,175.8,47.89,20,,ORIGINAL_VALID_IN_MASTER,3,0.95,527.4000000000001,137,665,1895,NOT_AVAILABLE_IN_SOURCE (Configured Parameter),NOT_AVAILABLE_IN_SOURCE (Configured Parameter)
82224,Delhi,175.7,41.26,20,,ORIGINAL_VALID_IN_MASTER,3,0.95,527.0999999999999,118,646,1875,NOT_AVAILABLE_IN_SOURCE (Configured Parameter),NOT_AVAILABLE_IN_SOURCE (Configured Parameter)
10903,Delhi,175.35,32.53,20,,ORIGINAL_VALID_IN_MASTER,3,0.95,526.05,93,620,1847,NOT_AVAILABLE_IN_SOURCE (Configured Parameter),NOT_AVAILABLE_IN_SOURCE (Configured Parameter)
455783,Delhi,174.85,17.26,20,,ORIGINAL_VALID_IN_MASTER,3,0.95,524.55,50,575,1799,NOT_AVAILABLE_IN_SOURCE (Configured Parameter),NOT_AVAILABLE_IN_SOURCE (Configured Parameter)
428608,Delhi,174.75,28.8,20,,ORIGINAL_VALID_IN_MASTER,3,0.95,524.25,83,608,1831,NOT_AVAILABLE_IN_SOURCE (Configured Parameter),NOT_AVAILABLE_IN_SOURCE (Configured Parameter)
136950,Bengaluru,174.55,37.61,20,,ORIGINAL_VALID_IN_MASTER,3,0.95,523.6500000000001,108,632,1854,NOT_AVAILABLE_IN_SOURCE (Configured Parameter),NOT_AVAILABLE_IN_SOURCE (Configured Parameter)
341746,HR-NCR,174.11,96.78,19,,ORIGINAL_VALID_IN_MASTER,3,0.95,522.33,276,799,2018,NOT_AVAILABLE_IN_SOURCE (Configured Parameter),NOT_AVAILABLE_IN_SOURCE (Configured Parameter)
149,Delhi,174.1,64.76,20,,ORIGINAL_VALID_IN_MASTER,3,0.95,522.3,185,708,1926,NOT_AVAILABLE_IN_SOURCE (Configured Parameter),NOT_AVAILABLE_IN_SOURCE (Configured Parameter)
478815,Delhi,174.1,56.21,20,,ORIGINAL_VALID_IN_MASTER,3,0.95,522.3,161,684,1902,NOT_AVAILABLE_IN_SOURCE (Configured Parameter),NOT_AVAILABLE_IN_SOURCE (Configured Parameter)
238044,Bengaluru,173.95,59.5,20,,ORIGINAL_VALID_IN_MASTER,3,0.95,521.8499999999999,170,692,1910,NOT_AVAILABLE_IN_SOURCE (Configured Parameter),NOT_AVAILABLE_IN_SOURCE (Configured Parameter)
5451,Delhi,173.75,36.57,20,,ORIGINAL_VALID_IN_MASTER,3,0.95,521.25,105,627,1843,NOT_AVAILABLE_IN_SOURCE (Configured Parameter),NOT_AVAILABLE_IN_SOURCE (Configured Parameter)
477483,HR-NCR,173.65,28.38,20,,ORIGINAL_VALID_IN_MASTER,3,0.95,520.95,81,602,1818,NOT_AVAILABLE_IN_SOURCE (Configured Parameter),NOT_AVAILABLE_IN_SOURCE (Configured Parameter)
362624,Delhi,173.55,16.26,20,,ORIGINAL_VALID_IN_MASTER,3,0.95,520.6500000000001,47,568,1783,NOT_AVAILABLE_IN_SOURCE (Configured Parameter),NOT_AVAILABLE_IN_SOURCE (Configured Parameter)
391805,Delhi,173.4,49.0,20,,ORIGINAL_VALID_IN_MASTER,3,0.95,520.2,140,661,1874,NOT_AVAILABLE_IN_SOURCE (Configured Parameter),NOT_AVAILABLE_IN_SOURCE (Configured Parameter)
94410,Mumbai,173.4,76.69,20,,ORIGINAL_VALID_IN_MASTER,3,0.95,520.2,219,740,1953,NOT_AVAILABLE_IN_SOURCE (Configured Parameter),NOT_AVAILABLE_IN_SOURCE (Configured Parameter)
439931,Delhi,173.35,37.33,20,,ORIGINAL_VALID_IN_MASTER,3,0.95,520.05,107,628,1841,NOT_AVAILABLE_IN_SOURCE (Configured Parameter),NOT_AVAILABLE_IN_SOURCE (Configured Parameter)
373842,HR-NCR,173.3,33.11,10,,ORIGINAL_VALID_IN_MASTER,3,0.95,519.9000000000001,95,615,1828,NOT_AVAILABLE_IN_SOURCE (Configured Parameter),NOT_AVAILABLE_IN_SOURCE (Configured Parameter)
459707,Bengaluru,172.9,45.05,20,,ORIGINAL_VALID_IN_MASTER,3,0.95,518.7,129,648,1858,NOT_AVAILABLE_IN_SOURCE (Configured Parameter),NOT_AVAILABLE_IN_SOURCE (Configured Parameter)
61743,HR-NCR,172.8,53.82,20,,ORIGINAL_VALID_IN_MASTER,3,0.95,518.4000000000001,154,673,1882,NOT_AVAILABLE_IN_SOURCE (Configured Parameter),NOT_AVAILABLE_IN_SOURCE (Configured Parameter)
311059,HR-NCR,172.75,74.73,20,,ORIGINAL_VALID_IN_MASTER,3,0.95,518.25,213,732,1941,NOT_AVAILABLE_IN_SOURCE (Configured Parameter),NOT_AVAILABLE_IN_SOURCE (Configured Parameter)
19251,Delhi,172.6,67.42,20,,ORIGINAL_VALID_IN_MASTER,3,0.95,517.8,193,711,1919,NOT_AVAILABLE_IN_SOURCE (Configured Parameter),NOT_AVAILABLE_IN_SOURCE (Configured Parameter)
9483,Bengaluru,172.55,92.04,20,,ORIGINAL_VALID_IN_MASTER,3,0.95,517.6500000000001,263,781,1989,NOT_AVAILABLE_IN_SOURCE (Configured Parameter),NOT_AVAILABLE_IN_SOURCE (Configured Parameter)
447189,Delhi,172.4,23.44,10,,ORIGINAL_VALID_IN_MASTER,3,0.95,517.2,67,585,1791,NOT_AVAILABLE_IN_SOURCE (Configured Parameter),NOT_AVAILABLE_IN_SOURCE (Configured Parameter)
99,Bengaluru,172.3,37.13,20,,ORIGINAL_VALID_IN_MASTER,3,0.95,516.9000000000001,106,623,1829,NOT_AVAILABLE_IN_SOURCE (Configured Parameter),NOT_AVAILABLE_IN_SOURCE (Configured Parameter)
403799,Mumbai,172.3,42.03,20,,ORIGINAL_VALID_IN_MASTER,3,0.95,516.9000000000001,120,637,1843,NOT_AVAILABLE_IN_SOURCE (Configured Parameter),NOT_AVAILABLE_IN_SOURCE (Configured Parameter)
10908,Delhi,172.2,34.16,20,,ORIGINAL_VALID_IN_MASTER,3,0.95,516.5999999999999,98,615,1820,NOT_AVAILABLE_IN_SOURCE (Configured Parameter),NOT_AVAILABLE_IN_SOURCE (Configured Parameter)
361153,Bengaluru,172.2,54.19,20,,ORIGINAL_VALID_IN_MASTER,3,0.95,516.5999999999999,155,672,1877,NOT_AVAILABLE_IN_SOURCE (Configured Parameter),NOT_AVAILABLE_IN_SOURCE (Configured Parameter)
171258,HR-NCR,171.7,30.37,20,,ORIGINAL_VALID_IN_MASTER,3,0.95,515.0999999999999,87,603,1804,NOT_AVAILABLE_IN_SOURCE (Configured Parameter),NOT_AVAILABLE_IN_SOURCE (Configured Parameter)
385219,HR-NCR,171.4,46.67,20,,ORIGINAL_VALID_IN_MASTER,3,0.95,514.2,133,648,1847,NOT_AVAILABLE_IN_SOURCE (Configured Parameter),NOT_AVAILABLE_IN_SOURCE (Configured Parameter)
333427,HR-NCR,171.0,47.32,20,,ORIGINAL_VALID_IN_MASTER,3,0.95,513.0,135,648,1845,NOT_AVAILABLE_IN_SOURCE (Configured Parameter),NOT_AVAILABLE_IN_SOURCE (Configured Parameter)
429458,Bengaluru,170.85,93.18,20,,ORIGINAL_VALID_IN_MASTER,3,0.95,512.55,266,779,1975,NOT_AVAILABLE_IN_SOURCE (Configured Parameter),NOT_AVAILABLE_IN_SOURCE (Configured Parameter)
300635,Bengaluru,170.71,47.64,14,,ORIGINAL_VALID_IN_MASTER,3,0.95,512.13,136,649,1844,NOT_AVAILABLE_IN_SOURCE (Configured Parameter),NOT_AVAILABLE_IN_SOURCE (Configured Parameter)
57903,Delhi,170.6,49.63,20,,ORIGINAL_VALID_IN_MASTER,3,0.95,511.79999999999995,142,654,1848,NOT_AVAILABLE_IN_SOURCE (Configured Parameter),NOT_AVAILABLE_IN_SOURCE (Configured Parameter)
445281,Bengaluru,170.55,23.13,20,,ORIGINAL_VALID_IN_MASTER,3,0.95,511.65000000000003,66,578,1772,NOT_AVAILABLE_IN_SOURCE (Configured Parameter),NOT_AVAILABLE_IN_SOURCE (Configured Parameter)
115774,Bengaluru,170.4,29.95,20,,ORIGINAL_VALID_IN_MASTER,3,0.95,511.20000000000005,86,598,1790,NOT_AVAILABLE_IN_SOURCE (Configured Parameter),NOT_AVAILABLE_IN_SOURCE (Configured Parameter)
382102,HR-NCR,170.1,137.24,20,,ORIGINAL_VALID_IN_MASTER,3,0.95,510.29999999999995,392,903,2093,NOT_AVAILABLE_IN_SOURCE (Configured Parameter),NOT_AVAILABLE_IN_SOURCE (Configured Parameter)
372351,Delhi,169.8,104.12,20,,ORIGINAL_VALID_IN_MASTER,3,0.95,509.40000000000003,297,807,1995,NOT_AVAILABLE_IN_SOURCE (Configured Parameter),NOT_AVAILABLE_IN_SOURCE (Configured Parameter)
19735,Delhi,169.75,57.49,20,,ORIGINAL_VALID_IN_MASTER,3,0.95,509.25,164,674,1862,NOT_AVAILABLE_IN_SOURCE (Configured Parameter),NOT_AVAILABLE_IN_SOURCE (Configured Parameter)
104,Bengaluru,169.4,46.4,20,,ORIGINAL_VALID_IN_MASTER,3,0.95,508.20000000000005,133,642,1827,NOT_AVAILABLE_IN_SOURCE (Configured Parameter),NOT_AVAILABLE_IN_SOURCE (Configured Parameter)
15366,HR-NCR,169.4,49.18,20,,ORIGINAL_VALID_IN_MASTER,3,0.95,508.20000000000005,141,650,1835,NOT_AVAILABLE_IN_SOURCE (Configured Parameter),NOT_AVAILABLE_IN_SOURCE (Configured Parameter)
11007,Delhi,169.35,29.03,20,,ORIGINAL_VALID_IN_MASTER,3,0.95,508.04999999999995,83,592,1777,NOT_AVAILABLE_IN_SOURCE (Configured Parameter),NOT_AVAILABLE_IN_SOURCE (Configured Parameter)
190327,Bengaluru,169.0,35.19,20,,ORIGINAL_VALID_IN_MASTER,3,0.95,507.0,101,608,1791,NOT_AVAILABLE_IN_SOURCE (Configured Parameter),NOT_AVAILABLE_IN_SOURCE (Configured Parameter)
111483,HR-NCR,168.95,65.52,20,,ORIGINAL_VALID_IN_MASTER,3,0.95,506.84999999999997,187,694,1877,NOT_AVAILABLE_IN_SOURCE (Configured Parameter),NOT_AVAILABLE_IN_SOURCE (Configured Parameter)
11237,Delhi,168.95,83.23,20,,ORIGINAL_VALID_IN_MASTER,3,0.95,506.84999999999997,238,745,1928,NOT_AVAILABLE_IN_SOURCE (Configured Parameter),NOT_AVAILABLE_IN_SOURCE (Configured Parameter)
468137,Delhi,168.8,40.75,10,,ORIGINAL_VALID_IN_MASTER,3,0.95,506.40000000000003,117,624,1805,NOT_AVAILABLE_IN_SOURCE (Configured Parameter),NOT_AVAILABLE_IN_SOURCE (Configured Parameter)
484343,Bengaluru,168.7,67.67,10,,ORIGINAL_VALID_IN_MASTER,3,0.95,506.09999999999997,193,700,1880,NOT_AVAILABLE_IN_SOURCE (Configured Parameter),NOT_AVAILABLE_IN_SOURCE (Configured Parameter)
17772,Mumbai,168.4,43.43,20,,ORIGINAL_VALID_IN_MASTER,3,0.95,505.20000000000005,124,630,1808,NOT_AVAILABLE_IN_SOURCE (Configured Parameter),NOT_AVAILABLE_IN_SOURCE (Configured Parameter)
396484,Delhi,168.1,49.65,10,,ORIGINAL_VALID_IN_MASTER,3,0.95,504.29999999999995,142,647,1823,NOT_AVAILABLE_IN_SOURCE (Configured Parameter),NOT_AVAILABLE_IN_SOURCE (Configured Parameter)
482552,Delhi,168.0,31.22,10,,ORIGINAL_VALID_IN_MASTER,3,0.95,504.0,89,593,1769,NOT_AVAILABLE_IN_SOURCE (Configured Parameter),NOT_AVAILABLE_IN_SOURCE (Configured Parameter)
18575,HR-NCR,167.6,69.44,20,,ORIGINAL_VALID_IN_MASTER,3,0.95,502.79999999999995,198,701,1874,NOT_AVAILABLE_IN_SOURCE (Configured Parameter),NOT_AVAILABLE_IN_SOURCE (Configured Parameter)
10530,Delhi,167.1,78.74,20,,ORIGINAL_VALID_IN_MASTER,3,0.95,501.29999999999995,225,727,1896,NOT_AVAILABLE_IN_SOURCE (Configured Parameter),NOT_AVAILABLE_IN_SOURCE (Configured Parameter)
3234,Delhi,166.85,35.23,20,,ORIGINAL_VALID_IN_MASTER,3,0.95,500.54999999999995,101,602,1770,NOT_AVAILABLE_IN_SOURCE (Configured Parameter),NOT_AVAILABLE_IN_SOURCE (Configured Parameter)
477787,HR-NCR,166.35,34.32,20,,ORIGINAL_VALID_IN_MASTER,3,0.95,499.04999999999995,98,598,1762,NOT_AVAILABLE_IN_SOURCE (Configured Parameter),NOT_AVAILABLE_IN_SOURCE (Configured Parameter)
28390,Bengaluru,166.1,187.65,20,,ORIGINAL_VALID_IN_MASTER,3,0.95,498.29999999999995,535,1034,2196,NOT_AVAILABLE_IN_SOURCE (Configured Parameter),NOT_AVAILABLE_IN_SOURCE (Configured Parameter)
385219,Delhi,165.75,29.23,20,,ORIGINAL_VALID_IN_MASTER,3,0.95,497.25,84,582,1742,NOT_AVAILABLE_IN_SOURCE (Configured Parameter),NOT_AVAILABLE_IN_SOURCE (Configured Parameter)
415627,Bengaluru,165.7,52.0,20,,ORIGINAL_VALID_IN_MASTER,3,0.95,497.09999999999997,149,647,1806,NOT_AVAILABLE_IN_SOURCE (Configured Parameter),NOT_AVAILABLE_IN_SOURCE (Configured Parameter)
18555,Delhi,165.5,81.24,20,,ORIGINAL_VALID_IN_MASTER,3,0.95,496.5,232,729,1887,NOT_AVAILABLE_IN_SOURCE (Configured Parameter),NOT_AVAILABLE_IN_SOURCE (Configured Parameter)
10529,Delhi,165.25,37.86,20,,ORIGINAL_VALID_IN_MASTER,3,0.95,495.75,108,604,1761,NOT_AVAILABLE_IN_SOURCE (Configured Parameter),NOT_AVAILABLE_IN_SOURCE (Configured Parameter)
405806,Mumbai,164.75,47.83,20,,ORIGINAL_VALID_IN_MASTER,3,0.95,494.25,137,632,1785,NOT_AVAILABLE_IN_SOURCE (Configured Parameter),NOT_AVAILABLE_IN_SOURCE (Configured Parameter)
376859,Bengaluru,164.75,30.09,20,,ORIGINAL_VALID_IN_MASTER,3,0.95,494.25,86,581,1734,NOT_AVAILABLE_IN_SOURCE (Configured Parameter),NOT_AVAILABLE_IN_SOURCE (Configured Parameter)
14162,HR-NCR,164.65,39.03,20,,ORIGINAL_VALID_IN_MASTER,3,0.95,493.95000000000005,112,606,1759,NOT_AVAILABLE_IN_SOURCE (Configured Parameter),NOT_AVAILABLE_IN_SOURCE (Configured Parameter)
455780,HR-NCR,164.6,35.71,20,,ORIGINAL_VALID_IN_MASTER,3,0.95,493.79999999999995,102,596,1748,NOT_AVAILABLE_IN_SOURCE (Configured Parameter),NOT_AVAILABLE_IN_SOURCE (Configured Parameter)
19507,Delhi,164.58,173.35,19,,ORIGINAL_VALID_IN_MASTER,3,0.95,493.74,494,988,2140,NOT_AVAILABLE_IN_SOURCE (Configured Parameter),NOT_AVAILABLE_IN_SOURCE (Configured Parameter)
438489,Delhi,164.35,65.51,20,,ORIGINAL_VALID_IN_MASTER,3,0.95,493.04999999999995,187,681,1831,NOT_AVAILABLE_IN_SOURCE (Configured Parameter),NOT_AVAILABLE_IN_SOURCE (Configured Parameter)
32884,Bengaluru,164.3,30.68,20,,ORIGINAL_VALID_IN_MASTER,3,0.95,492.90000000000003,88,581,1731,NOT_AVAILABLE_IN_SOURCE (Configured Parameter),NOT_AVAILABLE_IN_SOURCE (Configured Parameter)
320667,Bengaluru,163.7,94.13,20,,ORIGINAL_VALID_IN_MASTER,3,0.95,491.09999999999997,269,761,1906,NOT_AVAILABLE_IN_SOURCE (Configured Parameter),NOT_AVAILABLE_IN_SOURCE (Configured Parameter)
478894,HR-NCR,163.6,30.09,20,,ORIGINAL_VALID_IN_MASTER,3,0.95,490.79999999999995,86,577,1722,NOT_AVAILABLE_IN_SOURCE (Configured Parameter),NOT_AVAILABLE_IN_SOURCE (Configured Parameter)
365678,Delhi,163.5,38.96,20,,ORIGINAL_VALID_IN_MASTER,3,0.95,490.5,112,603,1747,NOT_AVAILABLE_IN_SOURCE (Configured Parameter),NOT_AVAILABLE_IN_SOURCE (Configured Parameter)
368150,Mumbai,163.5,61.88,20,,ORIGINAL_VALID_IN_MASTER,3,0.95,490.5,177,668,1812,NOT_AVAILABLE_IN_SOURCE (Configured Parameter),NOT_AVAILABLE_IN_SOURCE (Configured Parameter)
427133,Delhi,163.35,27.35,20,,ORIGINAL_VALID_IN_MASTER,3,0.95,490.04999999999995,78,569,1712,NOT_AVAILABLE_IN_SOURCE (Configured Parameter),NOT_AVAILABLE_IN_SOURCE (Configured Parameter)
483357,HR-NCR,163.33,102.26,3,,ORIGINAL_VALID_IN_MASTER,3,0.95,489.99,292,782,1926,NOT_AVAILABLE_IN_SOURCE (Configured Parameter),NOT_AVAILABLE_IN_SOURCE (Configured Parameter)
18403,HR-NCR,163.15,21.72,20,,ORIGINAL_VALID_IN_MASTER,3,0.95,489.45000000000005,62,552,1694,NOT_AVAILABLE_IN_SOURCE (Configured Parameter),NOT_AVAILABLE_IN_SOURCE (Configured Parameter)
424195,Delhi,163.15,71.5,20,,ORIGINAL_VALID_IN_MASTER,3,0.95,489.45000000000005,204,694,1836,NOT_AVAILABLE_IN_SOURCE (Configured Parameter),NOT_AVAILABLE_IN_SOURCE (Configured Parameter)
63628,HR-NCR,163.1,34.22,20,,ORIGINAL_VALID_IN_MASTER,3,0.95,489.29999999999995,98,588,1729,NOT_AVAILABLE_IN_SOURCE (Configured Parameter),NOT_AVAILABLE_IN_SOURCE (Configured Parameter)
467652,Mumbai,162.95,53.02,20,,ORIGINAL_VALID_IN_MASTER,3,0.95,488.84999999999997,152,641,1782,NOT_AVAILABLE_IN_SOURCE (Configured Parameter),NOT_AVAILABLE_IN_SOURCE (Configured Parameter)
429717,Delhi,162.95,68.52,20,,ORIGINAL_VALID_IN_MASTER,3,0.95,488.84999999999997,196,685,1826,NOT_AVAILABLE_IN_SOURCE (Configured Parameter),NOT_AVAILABLE_IN_SOURCE (Configured Parameter)
266441,Delhi,162.55,29.65,20,,ORIGINAL_VALID_IN_MASTER,3,0.95,487.65000000000003,85,573,1711,NOT_AVAILABLE_IN_SOURCE (Configured Parameter),NOT_AVAILABLE_IN_SOURCE (Configured Parameter)
4967,Delhi,162.3,51.14,10,,ORIGINAL_VALID_IN_MASTER,3,0.95,486.90000000000003,146,633,1769,NOT_AVAILABLE_IN_SOURCE (Configured Parameter),NOT_AVAILABLE_IN_SOURCE (Configured Parameter)
3952,Bengaluru,161.65,20.98,20,,ORIGINAL_VALID_IN_MASTER,3,0.95,484.95000000000005,60,545,1677,NOT_AVAILABLE_IN_SOURCE (Configured Parameter),NOT_AVAILABLE_IN_SOURCE (Configured Parameter)
24739,Delhi,161.3,71.19,20,,ORIGINAL_VALID_IN_MASTER,3,0.95,483.90000000000003,203,687,1816,NOT_AVAILABLE_IN_SOURCE (Configured Parameter),NOT_AVAILABLE_IN_SOURCE (Configured Parameter)
429819,Delhi,161.1,17.36,10,,ORIGINAL_VALID_IN_MASTER,3,0.95,483.29999999999995,50,534,1661,NOT_AVAILABLE_IN_SOURCE (Configured Parameter),NOT_AVAILABLE_IN_SOURCE (Configured Parameter)
410950,Bengaluru,161.09,53.19,11,,ORIGINAL_VALID_IN_MASTER,3,0.95,483.27,152,636,1763,NOT_AVAILABLE_IN_SOURCE (Configured Parameter),NOT_AVAILABLE_IN_SOURCE (Configured Parameter)
486377,HR-NCR,160.6,42.09,10,,UNRESOLVED_NO_HISTORY,3,0.95,481.79999999999995,120,602,1726,NOT_AVAILABLE_IN_SOURCE (Configured Parameter),NOT_AVAILABLE_IN_SOURCE (Configured Parameter)
315221,Delhi,160.5,43.73,10,,ORIGINAL_VALID_IN_MASTER,3,0.95,481.5,125,607,1730,NOT_AVAILABLE_IN_SOURCE (Configured Parameter),NOT_AVAILABLE_IN_SOURCE (Configured Parameter)
389683,HR-NCR,160.45,45.06,20,,ORIGINAL_VALID_IN_MASTER,3,0.95,481.34999999999997,129,611,1734,NOT_AVAILABLE_IN_SOURCE (Configured Parameter),NOT_AVAILABLE_IN_SOURCE (Configured Parameter)
318,Delhi,160.45,167.72,20,,ORIGINAL_VALID_IN_MASTER,3,0.95,481.34999999999997,478,960,2083,NOT_AVAILABLE_IN_SOURCE (Configured Parameter),NOT_AVAILABLE_IN_SOURCE (Configured Parameter)
394617,Bengaluru,160.21,103.59,14,,ORIGINAL_VALID_IN_MASTER,3,0.95,480.63,296,777,1899,NOT_AVAILABLE_IN_SOURCE (Configured Parameter),NOT_AVAILABLE_IN_SOURCE (Configured Parameter)
403077,Delhi,159.9,31.59,10,,ORIGINAL_VALID_IN_MASTER,3,0.95,479.70000000000005,91,571,1690,NOT_AVAILABLE_IN_SOURCE (Configured Parameter),NOT_AVAILABLE_IN_SOURCE (Configured Parameter)
440057,Delhi,159.9,36.03,20,,ORIGINAL_VALID_IN_MASTER,3,0.95,479.70000000000005,103,583,1702,NOT_AVAILABLE_IN_SOURCE (Configured Parameter),NOT_AVAILABLE_IN_SOURCE (Configured Parameter)
463281,Mumbai,159.75,31.78,20,,ORIGINAL_VALID_IN_MASTER,3,0.95,479.25,91,571,1689,NOT_AVAILABLE_IN_SOURCE (Configured Parameter),NOT_AVAILABLE_IN_SOURCE (Configured Parameter)
55360,HR-NCR,159.4,19.49,20,,ORIGINAL_VALID_IN_MASTER,3,0.95,478.20000000000005,56,535,1650,NOT_AVAILABLE_IN_SOURCE (Configured Parameter),NOT_AVAILABLE_IN_SOURCE (Configured Parameter)
374067,Delhi,159.35,27.92,20,,ORIGINAL_VALID_IN_MASTER,3,0.95,478.04999999999995,80,559,1674,NOT_AVAILABLE_IN_SOURCE (Configured Parameter),NOT_AVAILABLE_IN_SOURCE (Configured Parameter)
485478,Delhi,159.35,39.46,20,,ORIGINAL_VALID_IN_MASTER,3,0.95,478.04999999999995,113,592,1707,NOT_AVAILABLE_IN_SOURCE (Configured Parameter),NOT_AVAILABLE_IN_SOURCE (Configured Parameter)
396489,Delhi,159.2,51.11,10,,ORIGINAL_VALID_IN_MASTER,3,0.95,477.59999999999997,146,624,1738,NOT_AVAILABLE_IN_SOURCE (Configured Parameter),NOT_AVAILABLE_IN_SOURCE (Configured Parameter)
179,Bengaluru,158.5,36.85,20,,ORIGINAL_VALID_IN_MASTER,3,0.95,475.5,105,581,1690,NOT_AVAILABLE_IN_SOURCE (Configured Parameter),NOT_AVAILABLE_IN_SOURCE (Configured Parameter)
389725,Mumbai,158.4,75.18,20,,ORIGINAL_VALID_IN_MASTER,3,0.95,475.20000000000005,215,691,1799,NOT_AVAILABLE_IN_SOURCE (Configured Parameter),NOT_AVAILABLE_IN_SOURCE (Configured Parameter)
366654,Delhi,158.25,76.32,20,,ORIGINAL_VALID_IN_MASTER,3,0.95,474.75,218,693,1801,NOT_AVAILABLE_IN_SOURCE (Configured Parameter),NOT_AVAILABLE_IN_SOURCE (Configured Parameter)
106,HR-NCR,157.4,33.39,20,,ORIGINAL_VALID_IN_MASTER,3,0.95,472.20000000000005,96,569,1670,NOT_AVAILABLE_IN_SOURCE (Configured Parameter),NOT_AVAILABLE_IN_SOURCE (Configured Parameter)
55504,HR-NCR,157.3,36.42,20,,ORIGINAL_VALID_IN_MASTER,3,0.95,471.90000000000003,104,576,1677,NOT_AVAILABLE_IN_SOURCE (Configured Parameter),NOT_AVAILABLE_IN_SOURCE (Configured Parameter)
477787,Bengaluru,157.15,61.37,20,,ORIGINAL_VALID_IN_MASTER,3,0.95,471.45000000000005,175,647,1747,NOT_AVAILABLE_IN_SOURCE (Configured Parameter),NOT_AVAILABLE_IN_SOURCE (Configured Parameter)
441688,Delhi,157.0,29.07,20,,ORIGINAL_VALID_IN_MASTER,3,0.95,471.0,83,554,1653,NOT_AVAILABLE_IN_SOURCE (Configured Parameter),NOT_AVAILABLE_IN_SOURCE (Configured Parameter)
383992,Bengaluru,156.95,52.38,20,,ORIGINAL_VALID_IN_MASTER,3,0.95,470.84999999999997,150,621,1720,NOT_AVAILABLE_IN_SOURCE (Configured Parameter),NOT_AVAILABLE_IN_SOURCE (Configured Parameter)
339153,Mumbai,156.55,37.66,20,,ORIGINAL_VALID_IN_MASTER,3,0.95,469.65000000000003,108,578,1674,NOT_AVAILABLE_IN_SOURCE (Configured Parameter),NOT_AVAILABLE_IN_SOURCE (Configured Parameter)
467648,Delhi,156.53,135.7,19,,ORIGINAL_VALID_IN_MASTER,3,0.95,469.59000000000003,387,857,1953,NOT_AVAILABLE_IN_SOURCE (Configured Parameter),NOT_AVAILABLE_IN_SOURCE (Configured Parameter)
179,Mumbai,156.4,48.79,20,,ORIGINAL_VALID_IN_MASTER,3,0.95,469.20000000000005,140,610,1704,NOT_AVAILABLE_IN_SOURCE (Configured Parameter),NOT_AVAILABLE_IN_SOURCE (Configured Parameter)
479278,Delhi,156.3,47.77,20,,ORIGINAL_VALID_IN_MASTER,3,0.95,468.90000000000003,137,606,1700,NOT_AVAILABLE_IN_SOURCE (Configured Parameter),NOT_AVAILABLE_IN_SOURCE (Configured Parameter)
99,HR-NCR,156.2,39.98,20,,ORIGINAL_VALID_IN_MASTER,3,0.95,468.59999999999997,114,583,1676,NOT_AVAILABLE_IN_SOURCE (Configured Parameter),NOT_AVAILABLE_IN_SOURCE (Configured Parameter)
37076,Bengaluru,156.15,104.07,20,,ORIGINAL_VALID_IN_MASTER,3,0.95,468.45000000000005,297,766,1859,NOT_AVAILABLE_IN_SOURCE (Configured Parameter),NOT_AVAILABLE_IN_SOURCE (Configured Parameter)
80165,Bengaluru,155.85,41.11,20,,ORIGINAL_VALID_IN_MASTER,3,0.95,467.54999999999995,118,586,1677,NOT_AVAILABLE_IN_SOURCE (Configured Parameter),NOT_AVAILABLE_IN_SOURCE (Configured Parameter)
56,Delhi,155.75,33.2,20,,ORIGINAL_VALID_IN_MASTER,3,0.95,467.25,95,563,1653,NOT_AVAILABLE_IN_SOURCE (Configured Parameter),NOT_AVAILABLE_IN_SOURCE (Configured Parameter)
389717,Delhi,155.55,55.41,20,,ORIGINAL_VALID_IN_MASTER,3,0.95,466.65000000000003,158,625,1714,NOT_AVAILABLE_IN_SOURCE (Configured Parameter),NOT_AVAILABLE_IN_SOURCE (Configured Parameter)
19293,Delhi,155.5,29.8,20,,ORIGINAL_VALID_IN_MASTER,3,0.95,466.5,85,552,1640,NOT_AVAILABLE_IN_SOURCE (Configured Parameter),NOT_AVAILABLE_IN_SOURCE (Configured Parameter)
27389,HR-NCR,155.4,28.87,20,,ORIGINAL_VALID_IN_MASTER,3,0.95,466.20000000000005,83,550,1637,NOT_AVAILABLE_IN_SOURCE (Configured Parameter),NOT_AVAILABLE_IN_SOURCE (Configured Parameter)
486339,HR-NCR,155.25,67.67,20,,ORIGINAL_VALID_IN_MASTER,3,0.95,465.75,193,659,1746,NOT_AVAILABLE_IN_SOURCE (Configured Parameter),NOT_AVAILABLE_IN_SOURCE (Configured Parameter)
485516,Delhi,155.23,40.85,13,,ORIGINAL_VALID_IN_MASTER,3,0.95,465.68999999999994,117,583,1670,NOT_AVAILABLE_IN_SOURCE (Configured Parameter),NOT_AVAILABLE_IN_SOURCE (Configured Parameter)
311059,Mumbai,155.05,40.86,20,,ORIGINAL_VALID_IN_MASTER,3,0.95,465.15000000000003,117,583,1668,NOT_AVAILABLE_IN_SOURCE (Configured Parameter),NOT_AVAILABLE_IN_SOURCE (Configured Parameter)
4916,Mumbai,154.95,24.31,20,,ORIGINAL_VALID_IN_MASTER,3,0.95,464.84999999999997,70,535,1620,NOT_AVAILABLE_IN_SOURCE (Configured Parameter),NOT_AVAILABLE_IN_SOURCE (Configured Parameter)
439988,Delhi,154.8,74.81,20,,ORIGINAL_VALID_IN_MASTER,3,0.95,464.40000000000003,214,679,1762,NOT_AVAILABLE_IN_SOURCE (Configured Parameter),NOT_AVAILABLE_IN_SOURCE (Configured Parameter)
450561,Delhi,154.6,75.79,20,,ORIGINAL_VALID_IN_MASTER,3,0.95,463.79999999999995,216,680,1762,NOT_AVAILABLE_IN_SOURCE (Configured Parameter),NOT_AVAILABLE_IN_SOURCE (Configured Parameter)
376857,Bengaluru,154.45,29.53,20,,ORIGINAL_VALID_IN_MASTER,3,0.95,463.34999999999997,85,549,1630,NOT_AVAILABLE_IN_SOURCE (Configured Parameter),NOT_AVAILABLE_IN_SOURCE (Configured Parameter)
410605,HR-NCR,154.4,68.91,10,,ORIGINAL_VALID_IN_MASTER,3,0.95,463.20000000000005,197,661,1741,NOT_AVAILABLE_IN_SOURCE (Configured Parameter),NOT_AVAILABLE_IN_SOURCE (Configured Parameter)
168,Bengaluru,154.35,90.05,20,,ORIGINAL_VALID_IN_MASTER,3,0.95,463.04999999999995,257,721,1801,NOT_AVAILABLE_IN_SOURCE (Configured Parameter),NOT_AVAILABLE_IN_SOURCE (Configured Parameter)
46074,Delhi,153.75,68.64,20,,ORIGINAL_VALID_IN_MASTER,3,0.95,461.25,196,658,1734,NOT_AVAILABLE_IN_SOURCE (Configured Parameter),NOT_AVAILABLE_IN_SOURCE (Configured Parameter)
427007,Delhi,153.55,65.57,20,,ORIGINAL_VALID_IN_MASTER,3,0.95,460.65000000000003,187,648,1723,NOT_AVAILABLE_IN_SOURCE (Configured Parameter),NOT_AVAILABLE_IN_SOURCE (Configured Parameter)
32153,Bengaluru,153.5,23.09,20,,ORIGINAL_VALID_IN_MASTER,3,0.95,460.5,66,527,1601,NOT_AVAILABLE_IN_SOURCE (Configured Parameter),NOT_AVAILABLE_IN_SOURCE (Configured Parameter)
389668,HR-NCR,153.3,30.13,20,,ORIGINAL_VALID_IN_MASTER,3,0.95,459.90000000000003,86,546,1619,NOT_AVAILABLE_IN_SOURCE (Configured Parameter),NOT_AVAILABLE_IN_SOURCE (Configured Parameter)
24785,Delhi,153.25,23.26,20,,ORIGINAL_VALID_IN_MASTER,3,0.95,459.75,67,527,1600,NOT_AVAILABLE_IN_SOURCE (Configured Parameter),NOT_AVAILABLE_IN_SOURCE (Configured Parameter)
415931,Delhi,153.25,15.92,20,,ORIGINAL_VALID_IN_MASTER,3,0.95,459.75,46,506,1579,NOT_AVAILABLE_IN_SOURCE (Configured Parameter),NOT_AVAILABLE_IN_SOURCE (Configured Parameter)
483409,Delhi,153.13,114.07,8,,ORIGINAL_VALID_IN_MASTER,3,0.95,459.39,326,786,1858,NOT_AVAILABLE_IN_SOURCE (Configured Parameter),NOT_AVAILABLE_IN_SOURCE (Configured Parameter)
37080,Bengaluru,152.9,31.73,20,,ORIGINAL_VALID_IN_MASTER,3,0.95,458.70000000000005,91,550,1620,NOT_AVAILABLE_IN_SOURCE (Configured Parameter),NOT_AVAILABLE_IN_SOURCE (Configured Parameter)
19284,Delhi,152.8,29.3,20,,ORIGINAL_VALID_IN_MASTER,3,0.95,458.40000000000003,84,543,1612,NOT_AVAILABLE_IN_SOURCE (Configured Parameter),NOT_AVAILABLE_IN_SOURCE (Configured Parameter)
446728,Delhi,152.75,49.52,20,,ORIGINAL_VALID_IN_MASTER,3,0.95,458.25,142,601,1670,NOT_AVAILABLE_IN_SOURCE (Configured Parameter),NOT_AVAILABLE_IN_SOURCE (Configured Parameter)
217,Delhi,152.55,41.02,20,,ORIGINAL_VALID_IN_MASTER,3,0.95,457.65000000000003,117,575,1643,NOT_AVAILABLE_IN_SOURCE (Configured Parameter),NOT_AVAILABLE_IN_SOURCE (Configured Parameter)
34653,Bengaluru,152.4,19.78,20,,ORIGINAL_VALID_IN_MASTER,3,0.95,457.20000000000005,57,515,1581,NOT_AVAILABLE_IN_SOURCE (Configured Parameter),NOT_AVAILABLE_IN_SOURCE (Configured Parameter)
3471,Bengaluru,152.4,19.95,20,,ORIGINAL_VALID_IN_MASTER,3,0.95,457.20000000000005,57,515,1581,NOT_AVAILABLE_IN_SOURCE (Configured Parameter),NOT_AVAILABLE_IN_SOURCE (Configured Parameter)
488115,Bengaluru,152.2,103.04,10,,ORIGINAL_VALID_IN_MASTER,3,0.95,456.59999999999997,294,751,1816,NOT_AVAILABLE_IN_SOURCE (Configured Parameter),NOT_AVAILABLE_IN_SOURCE (Configured Parameter)
82898,HR-NCR,152.05,42.83,20,,ORIGINAL_VALID_IN_MASTER,3,0.95,456.15000000000003,123,580,1644,NOT_AVAILABLE_IN_SOURCE (Configured Parameter),NOT_AVAILABLE_IN_SOURCE (Configured Parameter)
484060,HR-NCR,151.9,62.41,20,,ORIGINAL_VALID_IN_MASTER,3,0.95,455.70000000000005,178,634,1697,NOT_AVAILABLE_IN_SOURCE (Configured Parameter),NOT_AVAILABLE_IN_SOURCE (Configured Parameter)
11143,Delhi,151.55,29.42,20,,ORIGINAL_VALID_IN_MASTER,3,0.95,454.65000000000003,84,539,1600,NOT_AVAILABLE_IN_SOURCE (Configured Parameter),NOT_AVAILABLE_IN_SOURCE (Configured Parameter)
389692,Delhi,151.35,29.61,20,,ORIGINAL_VALID_IN_MASTER,3,0.95,454.04999999999995,85,540,1599,NOT_AVAILABLE_IN_SOURCE (Configured Parameter),NOT_AVAILABLE_IN_SOURCE (Configured Parameter)
190511,Delhi,150.8,24.6,20,,ORIGINAL_VALID_IN_MASTER,3,0.95,452.40000000000003,71,524,1579,NOT_AVAILABLE_IN_SOURCE (Configured Parameter),NOT_AVAILABLE_IN_SOURCE (Configured Parameter)
24097,Delhi,150.75,21.75,20,,ORIGINAL_VALID_IN_MASTER,3,0.95,452.25,62,515,1570,NOT_AVAILABLE_IN_SOURCE (Configured Parameter),NOT_AVAILABLE_IN_SOURCE (Configured Parameter)
483855,Delhi,150.65,61.2,20,,ORIGINAL_VALID_IN_MASTER,3,0.95,451.95000000000005,175,627,1682,NOT_AVAILABLE_IN_SOURCE (Configured Parameter),NOT_AVAILABLE_IN_SOURCE (Configured Parameter)
179771,HR-NCR,150.3,48.21,20,,ORIGINAL_VALID_IN_MASTER,3,0.95,450.90000000000003,138,589,1641,NOT_AVAILABLE_IN_SOURCE (Configured Parameter),NOT_AVAILABLE_IN_SOURCE (Configured Parameter)
365339,Mumbai,150.15,44.1,20,,ORIGINAL_VALID_IN_MASTER,3,0.95,450.45000000000005,126,577,1628,NOT_AVAILABLE_IN_SOURCE (Configured Parameter),NOT_AVAILABLE_IN_SOURCE (Configured Parameter)
487707,HR-NCR,150.0,23.49,10,,ORIGINAL_VALID_IN_MASTER,3,0.95,450.0,67,517,1567,NOT_AVAILABLE_IN_SOURCE (Configured Parameter),NOT_AVAILABLE_IN_SOURCE (Configured Parameter)
378161,Delhi,150.0,84.31,3,,ORIGINAL_VALID_IN_MASTER,3,0.95,450.0,241,691,1741,NOT_AVAILABLE_IN_SOURCE (Configured Parameter),NOT_AVAILABLE_IN_SOURCE (Configured Parameter)
108301,HR-NCR,149.95,23.07,20,,ORIGINAL_VALID_IN_MASTER,3,0.95,449.84999999999997,66,516,1566,NOT_AVAILABLE_IN_SOURCE (Configured Parameter),NOT_AVAILABLE_IN_SOURCE (Configured Parameter)
127601,HR-NCR,149.9,25.11,20,,ORIGINAL_VALID_IN_MASTER,3,0.95,449.70000000000005,72,522,1571,NOT_AVAILABLE_IN_SOURCE (Configured Parameter),NOT_AVAILABLE_IN_SOURCE (Configured Parameter)
28201,Delhi,149.45,124.16,20,,ORIGINAL_VALID_IN_MASTER,3,0.95,448.34999999999997,354,803,1849,NOT_AVAILABLE_IN_SOURCE (Configured Parameter),NOT_AVAILABLE_IN_SOURCE (Configured Parameter)
480901,Delhi,149.45,126.04,20,38.0,Tier_1_Product_City_Median,3,0.95,448.34999999999997,360,809,1855,NOT_AVAILABLE_IN_SOURCE (Configured Parameter),NOT_AVAILABLE_IN_SOURCE (Configured Parameter)
467649,Bengaluru,149.4,43.43,20,,ORIGINAL_VALID_IN_MASTER,3,0.95,448.20000000000005,124,573,1618,NOT_AVAILABLE_IN_SOURCE (Configured Parameter),NOT_AVAILABLE_IN_SOURCE (Configured Parameter)
116824,Bengaluru,149.37,142.04,19,,ORIGINAL_VALID_IN_MASTER,3,0.95,448.11,405,854,1899,NOT_AVAILABLE_IN_SOURCE (Configured Parameter),NOT_AVAILABLE_IN_SOURCE (Configured Parameter)
60749,HR-NCR,149.3,22.66,20,,ORIGINAL_VALID_IN_MASTER,3,0.95,447.90000000000003,65,513,1558,NOT_AVAILABLE_IN_SOURCE (Configured Parameter),NOT_AVAILABLE_IN_SOURCE (Configured Parameter)
453022,Delhi,148.95,42.83,20,,ORIGINAL_VALID_IN_MASTER,3,0.95,446.84999999999997,123,570,1613,NOT_AVAILABLE_IN_SOURCE (Configured Parameter),NOT_AVAILABLE_IN_SOURCE (Configured Parameter)
391684,Delhi,148.9,107.91,20,,ORIGINAL_VALID_IN_MASTER,3,0.95,446.70000000000005,308,755,1797,NOT_AVAILABLE_IN_SOURCE (Configured Parameter),NOT_AVAILABLE_IN_SOURCE (Configured Parameter)
485160,Delhi,148.9,25.64,10,,ORIGINAL_VALID_IN_MASTER,3,0.95,446.70000000000005,74,521,1563,NOT_AVAILABLE_IN_SOURCE (Configured Parameter),NOT_AVAILABLE_IN_SOURCE (Configured Parameter)
483705,HR-NCR,148.9,40.26,20,,ORIGINAL_VALID_IN_MASTER,3,0.95,446.70000000000005,115,562,1604,NOT_AVAILABLE_IN_SOURCE (Configured Parameter),NOT_AVAILABLE_IN_SOURCE (Configured Parameter)
369084,HR-NCR,148.75,41.6,20,,ORIGINAL_VALID_IN_MASTER,3,0.95,446.25,119,566,1607,NOT_AVAILABLE_IN_SOURCE (Configured Parameter),NOT_AVAILABLE_IN_SOURCE (Configured Parameter)
318058,Delhi,148.65,58.3,20,,ORIGINAL_VALID_IN_MASTER,3,0.95,445.95000000000005,167,613,1654,NOT_AVAILABLE_IN_SOURCE (Configured Parameter),NOT_AVAILABLE_IN_SOURCE (Configured Parameter)
281869,Delhi,147.6,83.17,20,,ORIGINAL_VALID_IN_MASTER,3,0.95,442.79999999999995,237,680,1713,NOT_AVAILABLE_IN_SOURCE (Configured Parameter),NOT_AVAILABLE_IN_SOURCE (Configured Parameter)
488111,Bengaluru,147.4,49.04,10,,ORIGINAL_VALID_IN_MASTER,3,0.95,442.20000000000005,140,583,1614,NOT_AVAILABLE_IN_SOURCE (Configured Parameter),NOT_AVAILABLE_IN_SOURCE (Configured Parameter)
18934,Delhi,147.2,29.6,20,,ORIGINAL_VALID_IN_MASTER,3,0.95,441.59999999999997,85,527,1557,NOT_AVAILABLE_IN_SOURCE (Configured Parameter),NOT_AVAILABLE_IN_SOURCE (Configured Parameter)
477788,Bengaluru,147.2,54.29,20,,ORIGINAL_VALID_IN_MASTER,3,0.95,441.59999999999997,155,597,1627,NOT_AVAILABLE_IN_SOURCE (Configured Parameter),NOT_AVAILABLE_IN_SOURCE (Configured Parameter)
25279,Bengaluru,147.05,33.05,20,,ORIGINAL_VALID_IN_MASTER,3,0.95,441.15000000000003,95,537,1566,NOT_AVAILABLE_IN_SOURCE (Configured Parameter),NOT_AVAILABLE_IN_SOURCE (Configured Parameter)
366654,HR-NCR,146.8,63.82,20,,ORIGINAL_VALID_IN_MASTER,3,0.95,440.40000000000003,182,623,1650,NOT_AVAILABLE_IN_SOURCE (Configured Parameter),NOT_AVAILABLE_IN_SOURCE (Configured Parameter)
483224,Delhi,146.67,88.05,3,,ORIGINAL_VALID_IN_MASTER,3,0.95,440.01,251,692,1718,NOT_AVAILABLE_IN_SOURCE (Configured Parameter),NOT_AVAILABLE_IN_SOURCE (Configured Parameter)
117641,HR-NCR,146.4,105.97,20,,ORIGINAL_VALID_IN_MASTER,3,0.95,439.20000000000005,302,742,1766,NOT_AVAILABLE_IN_SOURCE (Configured Parameter),NOT_AVAILABLE_IN_SOURCE (Configured Parameter)
389725,HR-NCR,146.15,68.99,20,,ORIGINAL_VALID_IN_MASTER,3,0.95,438.45000000000005,197,636,1659,NOT_AVAILABLE_IN_SOURCE (Configured Parameter),NOT_AVAILABLE_IN_SOURCE (Configured Parameter)
287644,Bengaluru,146.1,106.56,20,,ORIGINAL_VALID_IN_MASTER,3,0.95,438.29999999999995,304,743,1765,NOT_AVAILABLE_IN_SOURCE (Configured Parameter),NOT_AVAILABLE_IN_SOURCE (Configured Parameter)
484060,Delhi,146.05,71.63,20,,ORIGINAL_VALID_IN_MASTER,3,0.95,438.15000000000003,205,644,1666,NOT_AVAILABLE_IN_SOURCE (Configured Parameter),NOT_AVAILABLE_IN_SOURCE (Configured Parameter)
475461,Delhi,145.9,26.61,10,,ORIGINAL_VALID_IN_MASTER,3,0.95,437.70000000000005,76,514,1535,NOT_AVAILABLE_IN_SOURCE (Configured Parameter),NOT_AVAILABLE_IN_SOURCE (Configured Parameter)
446730,Delhi,145.6,60.4,20,,ORIGINAL_VALID_IN_MASTER,3,0.95,436.79999999999995,173,610,1629,NOT_AVAILABLE_IN_SOURCE (Configured Parameter),NOT_AVAILABLE_IN_SOURCE (Configured Parameter)
478704,Bengaluru,145.5,32.89,20,,ORIGINAL_VALID_IN_MASTER,3,0.95,436.5,94,531,1549,NOT_AVAILABLE_IN_SOURCE (Configured Parameter),NOT_AVAILABLE_IN_SOURCE (Configured Parameter)
52,Mumbai,145.4,67.1,20,,ORIGINAL_VALID_IN_MASTER,3,0.95,436.20000000000005,192,629,1646,NOT_AVAILABLE_IN_SOURCE (Configured Parameter),NOT_AVAILABLE_IN_SOURCE (Configured Parameter)
109135,Delhi,145.35,46.78,20,,ORIGINAL_VALID_IN_MASTER,3,0.95,436.04999999999995,134,571,1588,NOT_AVAILABLE_IN_SOURCE (Configured Parameter),NOT_AVAILABLE_IN_SOURCE (Configured Parameter)
381789,Delhi,145.2,50.44,20,,ORIGINAL_VALID_IN_MASTER,3,0.95,435.59999999999997,144,580,1596,NOT_AVAILABLE_IN_SOURCE (Configured Parameter),NOT_AVAILABLE_IN_SOURCE (Configured Parameter)
13980,Delhi,145.05,74.14,20,,ORIGINAL_VALID_IN_MASTER,3,0.95,435.15000000000003,212,648,1663,NOT_AVAILABLE_IN_SOURCE (Configured Parameter),NOT_AVAILABLE_IN_SOURCE (Configured Parameter)
479278,HR-NCR,145.05,60.57,20,,ORIGINAL_VALID_IN_MASTER,3,0.95,435.15000000000003,173,609,1624,NOT_AVAILABLE_IN_SOURCE (Configured Parameter),NOT_AVAILABLE_IN_SOURCE (Configured Parameter)
289037,Delhi,144.95,38.63,20,,ORIGINAL_VALID_IN_MASTER,3,0.95,434.84999999999997,111,546,1561,NOT_AVAILABLE_IN_SOURCE (Configured Parameter),NOT_AVAILABLE_IN_SOURCE (Configured Parameter)
483856,Delhi,144.9,40.85,20,,ORIGINAL_VALID_IN_MASTER,3,0.95,434.70000000000005,117,552,1566,NOT_AVAILABLE_IN_SOURCE (Configured Parameter),NOT_AVAILABLE_IN_SOURCE (Configured Parameter)
483851,Delhi,144.6,126.13,20,,ORIGINAL_VALID_IN_MASTER,3,0.95,433.79999999999995,360,794,1806,NOT_AVAILABLE_IN_SOURCE (Configured Parameter),NOT_AVAILABLE_IN_SOURCE (Configured Parameter)
299087,Delhi,144.6,40.83,20,,ORIGINAL_VALID_IN_MASTER,3,0.95,433.79999999999995,117,551,1563,NOT_AVAILABLE_IN_SOURCE (Configured Parameter),NOT_AVAILABLE_IN_SOURCE (Configured Parameter)
68,Delhi,144.45,40.62,20,,ORIGINAL_VALID_IN_MASTER,3,0.95,433.34999999999997,116,550,1561,NOT_AVAILABLE_IN_SOURCE (Configured Parameter),NOT_AVAILABLE_IN_SOURCE (Configured Parameter)
468137,Bengaluru,144.3,30.4,10,,ORIGINAL_VALID_IN_MASTER,3,0.95,432.90000000000003,87,520,1530,NOT_AVAILABLE_IN_SOURCE (Configured Parameter),NOT_AVAILABLE_IN_SOURCE (Configured Parameter)
309447,Delhi,144.2,53.36,20,,ORIGINAL_VALID_IN_MASTER,3,0.95,432.59999999999997,153,586,1595,NOT_AVAILABLE_IN_SOURCE (Configured Parameter),NOT_AVAILABLE_IN_SOURCE (Configured Parameter)
478700,Bengaluru,144.1,25.87,20,,ORIGINAL_VALID_IN_MASTER,3,0.95,432.29999999999995,74,507,1515,NOT_AVAILABLE_IN_SOURCE (Configured Parameter),NOT_AVAILABLE_IN_SOURCE (Configured Parameter)
437475,Delhi,144.1,38.94,20,,ORIGINAL_VALID_IN_MASTER,3,0.95,432.29999999999995,111,544,1552,NOT_AVAILABLE_IN_SOURCE (Configured Parameter),NOT_AVAILABLE_IN_SOURCE (Configured Parameter)
366654,Bengaluru,144.0,56.77,20,,ORIGINAL_VALID_IN_MASTER,3,0.95,432.0,162,594,1602,NOT_AVAILABLE_IN_SOURCE (Configured Parameter),NOT_AVAILABLE_IN_SOURCE (Configured Parameter)
4907,Delhi,144.0,25.46,20,,ORIGINAL_VALID_IN_MASTER,3,0.95,432.0,73,505,1513,NOT_AVAILABLE_IN_SOURCE (Configured Parameter),NOT_AVAILABLE_IN_SOURCE (Configured Parameter)
389703,HR-NCR,143.95,68.11,20,,ORIGINAL_VALID_IN_MASTER,3,0.95,431.84999999999997,195,627,1635,NOT_AVAILABLE_IN_SOURCE (Configured Parameter),NOT_AVAILABLE_IN_SOURCE (Configured Parameter)
7,HR-NCR,143.6,15.81,20,,ORIGINAL_VALID_IN_MASTER,3,0.95,430.79999999999995,46,477,1482,NOT_AVAILABLE_IN_SOURCE (Configured Parameter),NOT_AVAILABLE_IN_SOURCE (Configured Parameter)
446799,Delhi,143.6,24.27,10,,ORIGINAL_VALID_IN_MASTER,3,0.95,430.79999999999995,70,501,1506,NOT_AVAILABLE_IN_SOURCE (Configured Parameter),NOT_AVAILABLE_IN_SOURCE (Configured Parameter)
104616,HR-NCR,143.25,29.13,20,,ORIGINAL_VALID_IN_MASTER,3,0.95,429.75,83,513,1516,NOT_AVAILABLE_IN_SOURCE (Configured Parameter),NOT_AVAILABLE_IN_SOURCE (Configured Parameter)
