product_id,total_rows,total_qty,total_revenue,first_date,last_date,active_days,num_cities,cities,num_months,months,min_price,max_price,avg_price,median_price,min_qty,max_qty,avg_qty,std_price,classification
455347,34752,41964.0,1580422.0,2022-04-06,2022-06-20,64,2,"Delhi, HR-NCR",3,"2022-04, 2022-05, 2022-06",30.0,81.0,38.0154523480663,35.0,0,11,1.2075276243093922,9.68773882016048,A_recurring_strong_evidence
271303,12373,13610.0,534538.0,2022-04-06,2022-05-21,46,4,"Bengaluru, Delhi, HR-NCR, Mumbai",2,"2022-04, 2022-05",39.0,40.0,39.2846520649802,39.0,0,7,1.0999757536571566,0.45126680072843767,A_recurring_strong_evidence
374072,11274,12760.0,501359.0,2022-04-06,2022-05-21,46,4,"Bengaluru, Delhi, HR-NCR, Mumbai",2,"2022-05, 2022-04",39.0,40.0,39.29563597658329,39.0,0,16,1.1318076991307433,0.4563483515653294,A_recurring_strong_evidence
476146,11012,13248.0,825518.0,2022-04-01,2022-07-10,81,4,"Bengaluru, Delhi, HR-NCR, Mumbai",4,"2022-06, 2022-04, 2022-05, 2022-07",55.0,64.0,62.29576825281511,63.0,0,12,1.2030512168543408,1.5817183589646282,A_recurring_strong_evidence
476147,9982,10312.0,2400270.0,2022-04-01,2022-07-10,81,4,"Bengaluru, Delhi, HR-NCR, Mumbai",4,"2022-05, 2022-04, 2022-06, 2022-07",197.0,275.0,232.7620717291124,234.0,0,7,1.033059507112803,7.262368886193996,A_recurring_strong_evidence
393010,9115,10314.0,567508.0,2022-04-01,2022-07-09,77,3,"Delhi, HR-NCR, Mumbai",4,"2022-04, 2022-05, 2022-07, 2022-06",55.0,78.0,55.027427317608335,55.0,0,9,1.1315414152495886,0.4299954797898061,A_recurring_strong_evidence
23827,8847,9217.0,442939.0,2022-04-01,2022-07-10,81,4,"Bengaluru, Delhi, HR-NCR, Mumbai",4,"2022-04, 2022-05, 2022-06, 2022-07",34.0,55.0,48.062507064541656,47.0,0,6,1.0418220865830226,2.4962652092119018,A_recurring_strong_evidence
482552,8723,11753.0,223206.0,2022-04-15,2022-06-20,57,3,"Bengaluru, Delhi, HR-NCR",3,"2022-04, 2022-05, 2022-06",15.0,20.0,18.993809469219304,19.0,0,12,1.3473575604723145,0.4577626355584254,A_recurring_strong_evidence
476159,8565,9883.0,617169.0,2022-04-01,2022-07-10,81,4,"Bengaluru, Delhi, HR-NCR, Mumbai",4,"2022-04, 2022-05, 2022-06, 2022-07",55.0,70.0,62.43409223584355,63.0,0,17,1.1538820782253356,1.4673006393293362,A_recurring_strong_evidence
410892,7262,7810.0,306625.0,2022-04-06,2022-05-21,46,4,"Bengaluru, Delhi, HR-NCR, Mumbai",2,"2022-04, 2022-05",39.0,40.0,39.26741944367943,39.0,0,11,1.0754613054255027,0.44264349700636835,A_recurring_strong_evidence
363834,7163,10637.0,891117.0,2022-05-02,2022-06-20,36,2,"Delhi, HR-NCR",2,"2022-05, 2022-06",77.0,96.0,83.88943180231746,81.0,0,14,1.4849923216529388,5.762114104064556,A_recurring_strong_evidence
260232,7057,7774.0,466440.0,2022-04-01,2022-05-21,39,4,"Bengaluru, Delhi, HR-NCR, Mumbai",2,"2022-04, 2022-05",60.0,60.0,60.0,60.0,0,15,1.1016012469888055,0.0,A_recurring_strong_evidence
260233,6708,7267.0,435900.0,2022-04-02,2022-05-21,37,4,"Bengaluru, Delhi, HR-NCR, Mumbai",2,"2022-04, 2022-05",50.0,60.0,59.98360166964818,60.0,0,6,1.0833333333333333,0.40464652199448475,A_recurring_strong_evidence
366719,6694,10168.0,193931.0,2022-04-23,2022-05-21,29,4,"Bengaluru, Delhi, HR-NCR, Mumbai",2,"2022-04, 2022-05",19.0,20.0,19.079623543471765,19.0,0,20,1.518972213922916,0.27072972517303695,A_recurring_strong_evidence
429819,6687,8209.0,328403.0,2022-05-01,2022-06-20,41,3,"Bengaluru, Delhi, HR-NCR",2,"2022-06, 2022-05",40.0,41.0,40.00523403618962,40.0,0,16,1.227605802302976,0.07216245417532537,A_recurring_strong_evidence
476153,6148,6856.0,523684.0,2022-04-01,2022-07-10,81,4,"Bengaluru, Delhi, HR-NCR, Mumbai",4,"2022-04, 2022-05, 2022-07, 2022-06",73.0,85.0,76.35377358490567,77.0,0,7,1.1151594014313597,1.49003208563035,A_recurring_strong_evidence
392375,5728,10548.0,876725.0,2022-05-14,2022-06-20,28,4,"Bengaluru, Delhi, HR-NCR, Mumbai",2,"2022-06, 2022-05",67.0,89.0,83.13791899441341,83.0,0,27,1.8414804469273742,0.9770407845513376,A_recurring_strong_evidence
453599,5092,8240.0,238208.0,2022-05-01,2022-06-08,29,4,"Bengaluru, Delhi, HR-NCR, Mumbai",2,"2022-06, 2022-05",20.0,30.0,28.931657501963866,29.0,0,35,1.6182246661429693,0.7653640489451297,A_recurring_strong_evidence
482137,5017,5836.0,1164468.0,2022-04-02,2022-06-20,69,2,"Delhi, HR-NCR",3,"2022-06, 2022-04, 2022-05",188.0,206.0,199.56328483157264,201.0,0,14,1.16324496711182,2.876240356041353,A_recurring_strong_evidence
396515,4873,5577.0,422869.0,2022-05-14,2022-05-21,8,4,"Bengaluru, Delhi, HR-NCR, Mumbai",1,2022-05,69.0,79.0,75.91196388261851,73.0,1,24,1.144469525959368,3.0316892447703436,A_recurring_moderate_evidence
341821,4852,5253.0,315060.0,2022-04-01,2022-05-21,38,4,"Bengaluru, Delhi, HR-NCR, Mumbai",2,"2022-05, 2022-04",50.0,60.0,59.975267930750206,60.0,0,10,1.0826463314097279,0.49674930760003894,A_recurring_strong_evidence
404177,4704,5698.0,398736.0,2022-04-02,2022-06-20,68,4,"Bengaluru, Delhi, HR-NCR, Mumbai",3,"2022-04, 2022-05, 2022-06",60.0,71.0,69.98214285714286,70.0,0,15,1.2113095238095237,0.43854765816236463,A_recurring_strong_evidence
476160,4699,4801.0,1117817.0,2022-04-01,2022-07-10,81,4,"Bengaluru, Delhi, HR-NCR, Mumbai",4,"2022-05, 2022-04, 2022-06, 2022-07",207.0,248.0,232.85656522664397,234.0,0,3,1.0217067461161948,6.734099019518045,A_recurring_strong_evidence
19734,4287,4461.0,310197.0,2022-04-01,2022-07-10,80,3,"Bengaluru, Delhi, HR-NCR",4,"2022-07, 2022-05, 2022-06, 2022-04",37.0,75.0,69.53440634476324,70.0,0,4,1.040587823652904,1.9309519957593664,A_recurring_strong_evidence
476158,4273,4430.0,1034234.0,2022-04-01,2022-07-10,81,4,"Bengaluru, Delhi, HR-NCR, Mumbai",4,"2022-05, 2022-07, 2022-04, 2022-06",168.0,248.0,233.43061081207583,234.0,0,5,1.0367423355956003,5.589911912839119,A_recurring_strong_evidence
387693,4223,5430.0,104014.0,2022-04-14,2022-05-21,38,4,"Bengaluru, Delhi, HR-NCR, Mumbai",2,"2022-05, 2022-04",19.0,20.0,19.168600520956666,19.0,0,15,1.285815770779067,0.3744430346978582,A_recurring_strong_evidence
396434,4136,4677.0,581225.0,2022-04-06,2022-05-21,46,4,"Bengaluru, Delhi, HR-NCR, Mumbai",2,"2022-05, 2022-04",120.0,125.0,124.28675048355899,125.0,0,10,1.1308027079303675,1.7487887621386937,A_recurring_strong_evidence
476157,4086,4728.0,295863.0,2022-04-01,2022-07-10,81,4,"Bengaluru, Delhi, HR-NCR, Mumbai",4,"2022-06, 2022-04, 2022-07, 2022-05",60.0,70.0,62.57782672540382,63.0,0,8,1.15712187958884,1.0765954658743198,A_recurring_strong_evidence
386453,4080,4948.0,143715.0,2022-05-01,2022-05-21,21,4,"Bengaluru, Delhi, HR-NCR, Mumbai",1,2022-05,29.0,30.0,29.043382352941176,29.0,0,11,1.2127450980392156,0.20374125388899955,A_recurring_moderate_evidence
396483,4058,4589.0,350973.0,2022-05-14,2022-05-21,8,4,"Bengaluru, Delhi, HR-NCR, Mumbai",1,2022-05,63.0,79.0,76.48102513553475,79.0,0,12,1.1308526367668803,3.1984343800474626,A_recurring_moderate_evidence
467660,3982,5018.0,160391.0,2022-04-01,2022-07-07,35,3,"Delhi, HR-NCR, Mumbai",4,"2022-07, 2022-06, 2022-05, 2022-04",19.0,55.0,32.18056253139126,31.0,0,9,1.2601707684580612,5.95898177864423,A_recurring_strong_evidence
482578,3963,5036.0,94738.0,2022-04-15,2022-06-20,57,1,Bengaluru,3,"2022-04, 2022-05, 2022-06",17.0,20.0,18.83017915720414,19.0,0,10,1.2707544789301035,0.8253172447410938,A_recurring_moderate_evidence
405596,3886,4437.0,528003.0,2022-04-02,2022-04-30,29,4,"Bengaluru, Delhi, HR-NCR, Mumbai",1,2022-04,119.0,119.0,119.0,119.0,0,10,1.1417910447761195,0.0,A_recurring_moderate_evidence
484639,3739,6108.0,125121.0,2022-05-21,2022-07-06,27,4,"Bengaluru, Delhi, HR-NCR, Mumbai",3,"2022-07, 2022-05, 2022-06",19.0,29.0,20.86787911206205,19.0,0,20,1.6335918694838192,3.851744661825772,A_recurring_strong_evidence
483584,3640,3941.0,228578.0,2022-05-04,2022-05-15,12,4,"Bengaluru, Delhi, HR-NCR, Mumbai",1,2022-05,58.0,58.0,58.0,58.0,0,7,1.0826923076923076,0.0,A_recurring_moderate_evidence
480590,3302,5167.0,152965.0,2022-04-01,2022-07-10,81,4,"Bengaluru, Delhi, HR-NCR, Mumbai",4,"2022-07, 2022-06, 2022-05, 2022-04",19.0,35.0,29.636583888552394,30.0,0,14,1.56480920654149,1.6707020318075854,A_recurring_strong_evidence
476151,3288,3629.0,321097.0,2022-04-01,2022-07-10,81,4,"Bengaluru, Delhi, HR-NCR, Mumbai",4,"2022-07, 2022-05, 2022-04, 2022-06",65.0,90.0,88.49422141119221,90.0,0,6,1.1037104622871046,3.5475770281354695,A_recurring_strong_evidence
482481,3072,3987.0,275103.0,2022-04-15,2022-05-21,37,2,"Delhi, HR-NCR",2,"2022-04, 2022-05",69.0,69.0,69.0,69.0,0,6,1.2978515625,0.0,A_recurring_strong_evidence
459704,2949,3883.0,155334.0,2022-05-01,2022-06-20,40,4,"Bengaluru, Delhi, HR-NCR, Mumbai",2,"2022-06, 2022-05",40.0,41.0,40.00440827399118,40.0,0,13,1.3167175313665649,0.06625956431848322,A_recurring_strong_evidence
424388,2920,2998.0,771962.0,2022-04-23,2022-06-20,49,1,Bengaluru,3,"2022-05, 2022-04, 2022-06",138.0,301.0,257.47568493150686,251.0,0,5,1.0267123287671234,16.601059018772084,A_recurring_moderate_evidence
481264,2775,4189.0,418900.0,2022-04-02,2022-04-30,29,4,"Bengaluru, Delhi, HR-NCR, Mumbai",1,2022-04,100.0,100.0,100.0,100.0,0,24,1.5095495495495495,0.0,A_recurring_moderate_evidence
449066,2764,3528.0,246968.0,2022-04-01,2022-06-20,50,4,"Bengaluru, Delhi, HR-NCR, Mumbai",2,"2022-04, 2022-06",70.0,71.0,70.00289435600578,70.0,0,13,1.276410998552822,0.05373102658822323,A_recurring_strong_evidence
481477,2704,3291.0,154762.0,2022-04-06,2022-05-21,44,3,"Bengaluru, Delhi, HR-NCR",2,"2022-04, 2022-05",47.0,48.0,47.02551775147929,47.0,0,19,1.217085798816568,0.1577206247363755,A_recurring_strong_evidence
481542,2652,3548.0,195140.0,2022-04-14,2022-05-21,38,1,Bengaluru,2,"2022-05, 2022-04",55.0,55.0,55.0,55.0,0,6,1.3378582202111613,0.0,A_recurring_moderate_evidence
456798,2617,3187.0,95610.0,2022-04-02,2022-07-09,30,4,"Bengaluru, Delhi, HR-NCR, Mumbai",4,"2022-06, 2022-04, 2022-05, 2022-07",30.0,30.0,30.0,30.0,0,19,1.2178066488345434,0.0,A_recurring_strong_evidence
483053,2597,2813.0,346031.0,2022-04-23,2022-07-10,59,4,"Bengaluru, Delhi, HR-NCR, Mumbai",4,"2022-04, 2022-05, 2022-07, 2022-06",109.0,127.0,123.08702348864074,125.0,0,6,1.0831728917982286,3.8078022190540124,A_recurring_strong_evidence
403113,2564,3335.0,57686.0,2022-04-15,2022-05-21,37,4,"Bengaluru, Delhi, HR-NCR, Mumbai",2,"2022-04, 2022-05",17.0,20.0,17.345553822152887,17.0,0,21,1.3007020280811232,0.9234955631929395,A_recurring_strong_evidence
351214,2562,2837.0,276499.0,2022-05-06,2022-06-18,34,1,Bengaluru,2,"2022-05, 2022-06",81.0,113.0,97.47501951600313,100.0,0,5,1.1073380171740828,6.2396779660712465,A_recurring_moderate_evidence
484074,2529,2905.0,269900.0,2022-06-01,2022-07-10,30,4,"Bengaluru, Delhi, HR-NCR, Mumbai",2,"2022-06, 2022-07",78.0,100.0,92.96006326611308,100.0,0,7,1.1486753657572162,8.153709414198282,A_recurring_strong_evidence
414375,2489,3140.0,627902.0,2022-05-10,2022-06-20,22,4,"Bengaluru, Delhi, HR-NCR, Mumbai",2,"2022-05, 2022-06",180.0,202.0,199.97428686219365,200.0,0,10,1.2615508236239454,0.9122148850216936,A_recurring_strong_evidence
476149,2484,2544.0,703538.0,2022-04-01,2022-07-10,81,4,"Bengaluru, Delhi, HR-NCR, Mumbai",4,"2022-05, 2022-07, 2022-04, 2022-06",250.0,293.0,276.53663446054753,277.0,0,4,1.0241545893719808,6.302601162955442,A_recurring_strong_evidence
438258,2454,2631.0,315700.0,2022-05-14,2022-06-20,28,4,"Bengaluru, Delhi, HR-NCR, Mumbai",2,"2022-06, 2022-05",100.0,122.0,119.99022004889976,120.0,0,5,1.0721271393643033,0.8353593398843382,A_recurring_strong_evidence
482116,2417,2869.0,200836.0,2022-04-02,2022-06-20,67,4,"Bengaluru, Delhi, HR-NCR, Mumbai",3,"2022-04, 2022-06, 2022-05",70.0,71.0,70.00206868018205,70.0,0,15,1.1870086884567645,0.045445079104948785,A_recurring_strong_evidence
485594,2415,3182.0,235468.0,2022-06-01,2022-06-08,8,2,"Delhi, HR-NCR",1,2022-06,74.0,74.0,74.0,74.0,0,15,1.3175983436853003,0.0,A_recurring_moderate_evidence
405097,2327,2539.0,261373.0,2022-05-01,2022-06-08,10,4,"Bengaluru, Delhi, HR-NCR, Mumbai",2,"2022-05, 2022-06",99.0,103.0,102.93811774817361,103.0,1,10,1.091104426299957,0.49376549715527757,A_recurring_strong_evidence
482482,2312,2639.0,182091.0,2022-04-15,2022-05-21,37,2,"Delhi, HR-NCR",2,"2022-05, 2022-04",69.0,69.0,69.0,69.0,0,5,1.1414359861591696,0.0,A_recurring_strong_evidence
431439,2220,4107.0,437149.0,2022-05-14,2022-06-20,28,4,"Bengaluru, Delhi, HR-NCR, Mumbai",2,"2022-05, 2022-06",99.0,113.0,106.41621621621621,105.0,1,22,1.85,3.061294825725183,A_recurring_strong_evidence
404179,2115,2692.0,188446.0,2022-05-07,2022-06-20,35,4,"Bengaluru, Delhi, HR-NCR, Mumbai",2,"2022-05, 2022-06",70.0,71.0,70.00236406619385,70.0,0,15,1.2728132387706856,0.048575642370513726,A_recurring_strong_evidence
483054,2106,2224.0,273657.0,2022-04-23,2022-07-10,59,4,"Bengaluru, Delhi, HR-NCR, Mumbai",4,"2022-07, 2022-06, 2022-05, 2022-04",109.0,127.0,123.09164292497626,125.0,0,5,1.0560303893637226,3.509154158086524,A_recurring_strong_evidence
483411,2104,3127.0,185038.0,2022-05-01,2022-05-21,21,4,"Bengaluru, Delhi, HR-NCR, Mumbai",1,2022-05,0.0,60.0,59.19819391634981,59.0,0,18,1.486216730038023,1.3573128639320424,A_recurring_moderate_evidence
482255,2091,2284.0,180424.0,2022-04-09,2022-05-21,40,4,"Bengaluru, Delhi, HR-NCR, Mumbai",2,"2022-05, 2022-04",75.0,79.0,78.99426111908178,79.0,0,10,1.0923003347680535,0.15143829325697214,A_recurring_strong_evidence
483211,2054,2428.0,160256.0,2022-05-01,2022-07-06,35,4,"Bengaluru, Delhi, HR-NCR, Mumbai",3,"2022-05, 2022-07, 2022-06",41.0,69.0,66.08763388510224,67.0,0,6,1.1820837390457644,2.5030158040423407,A_recurring_strong_evidence
411800,2050,2557.0,88886.0,2022-04-15,2022-05-21,37,4,"Bengaluru, Delhi, HR-NCR, Mumbai",2,"2022-05, 2022-04",33.0,36.0,34.78829268292683,35.0,0,7,1.2473170731707317,0.8714659578887906,A_recurring_strong_evidence
478908,2048,2022.0,13.0,2022-04-06,2022-06-19,15,4,"Bengaluru, Delhi, HR-NCR, Mumbai",3,"2022-04, 2022-06, 2022-05",0.0,1.0,0.00634765625,0.0,0,1,0.9873046875,0.07943830802577587,A_recurring_strong_evidence
428035,2047,2257.0,162522.0,2022-06-01,2022-06-20,20,4,"Bengaluru, Delhi, HR-NCR, Mumbai",1,2022-06,72.0,73.0,72.00830483634587,72.0,0,7,1.1025891548607718,0.09077384749535797,A_recurring_moderate_evidence
396486,2017,2201.0,169306.0,2022-05-13,2022-05-21,9,3,"Bengaluru, Delhi, HR-NCR",1,2022-05,72.0,79.0,76.99157164105107,79.0,0,6,1.091224590976698,2.832707977022031,A_recurring_moderate_evidence
328740,1998,2136.0,203951.0,2022-04-14,2022-05-21,31,4,"Bengaluru, Delhi, HR-NCR, Mumbai",2,"2022-04, 2022-05",64.0,96.0,95.47847847847848,96.0,0,12,1.0690690690690692,1.7869182697150012,A_recurring_strong_evidence
411799,1980,2540.0,88512.0,2022-04-14,2022-05-21,38,4,"Bengaluru, Delhi, HR-NCR, Mumbai",2,"2022-05, 2022-04",27.0,36.0,34.87070707070707,35.0,0,10,1.2828282828282829,0.9893063933992952,A_recurring_strong_evidence
482468,1955,2211.0,101020.0,2022-04-15,2022-06-20,57,4,"Bengaluru, Delhi, HR-NCR, Mumbai",3,"2022-05, 2022-04, 2022-06",36.0,71.0,45.71662404092071,47.0,0,10,1.1309462915601023,3.971817924414866,A_recurring_strong_evidence
483301,1925,3389.0,64457.0,2022-05-02,2022-07-06,26,3,"Delhi, HR-NCR, Mumbai",2,"2022-05, 2022-07",19.0,20.0,19.024415584415586,19.0,0,16,1.7605194805194806,0.15437565815841475,A_recurring_strong_evidence
483163,1915,1986.0,196558.0,2022-05-01,2022-06-08,10,2,"Delhi, HR-NCR",2,"2022-05, 2022-06",95.0,99.0,98.97075718015665,99.0,1,4,1.0370757180156658,0.34084718511255196,A_recurring_strong_evidence
404238,1868,2258.0,58811.0,2022-05-01,2022-05-21,21,4,"Bengaluru, Delhi, HR-NCR, Mumbai",1,2022-05,26.0,29.0,26.04710920770878,26.0,0,13,1.208779443254818,0.25336977950070405,A_recurring_moderate_evidence
483215,1858,2088.0,204854.0,2022-05-01,2022-05-06,6,4,"Bengaluru, Delhi, HR-NCR, Mumbai",1,2022-05,89.0,99.0,98.10441334768568,99.0,0,8,1.123789020452099,1.0162237558183704,A_recurring_moderate_evidence
483161,1816,2028.0,107441.0,2022-05-01,2022-05-21,21,4,"Bengaluru, Delhi, HR-NCR, Mumbai",1,2022-05,49.0,64.0,53.12830396475771,49.0,0,7,1.1167400881057268,6.565923599476778,A_recurring_moderate_evidence
477369,1806,1801.0,0.0,2022-04-21,2022-06-10,21,1,HR-NCR,3,"2022-06, 2022-04, 2022-05",0.0,0.0,0.0,0.0,0,1,0.9972314507198228,0.0,A_recurring_moderate_evidence
483285,1794,2199.0,162720.0,2022-05-02,2022-05-21,20,4,"Bengaluru, Delhi, HR-NCR, Mumbai",1,2022-05,71.0,74.0,73.99665551839465,74.0,0,6,1.225752508361204,0.10013914778057453,A_recurring_moderate_evidence
483164,1792,2059.0,273118.0,2022-05-01,2022-07-06,35,4,"Bengaluru, Delhi, HR-NCR, Mumbai",3,"2022-06, 2022-07, 2022-05",101.0,139.0,132.86997767857142,135.0,0,7,1.1489955357142858,3.968518267724851,A_recurring_strong_evidence
405058,1787,2728.0,160943.0,2022-06-04,2022-06-08,5,3,"Delhi, HR-NCR, Mumbai",1,2022-06,50.0,59.0,58.99496362618915,59.0,0,15,1.5265808617795187,0.21290224117586365,A_recurring_moderate_evidence
483371,1773,2223.0,197757.0,2022-05-01,2022-05-21,21,4,"Bengaluru, Delhi, HR-NCR, Mumbai",1,2022-05,44.0,89.0,88.9746192893401,89.0,0,11,1.2538071065989849,1.0687057498186445,A_recurring_moderate_evidence
389638,1756,1867.0,207237.0,2022-06-01,2022-06-07,7,4,"Bengaluru, Delhi, HR-NCR, Mumbai",1,2022-06,111.0,111.0,111.0,111.0,0,8,1.0632118451025057,0.0,A_recurring_moderate_evidence
407789,1752,2028.0,311890.0,2022-05-03,2022-05-21,19,3,"Delhi, HR-NCR, Mumbai",1,2022-05,152.0,162.0,153.82191780821918,152.0,0,11,1.1575342465753424,2.763104218213757,A_recurring_moderate_evidence
483257,1741,2047.0,211160.0,2022-05-01,2022-05-17,16,4,"Bengaluru, Delhi, HR-NCR, Mumbai",1,2022-05,71.0,111.0,103.8248133256749,111.0,0,6,1.1757610568638714,15.313197074245238,A_recurring_moderate_evidence
438261,1738,1842.0,221008.0,2022-05-14,2022-06-20,28,4,"Bengaluru, Delhi, HR-NCR, Mumbai",2,"2022-06, 2022-05",100.0,122.0,119.99194476409666,120.0,0,6,1.0598388952819333,0.7003113160421672,A_recurring_strong_evidence
482193,1724,1683.0,0.0,2022-04-13,2022-06-20,38,4,"Bengaluru, Delhi, HR-NCR, Mumbai",3,"2022-06, 2022-04, 2022-05",0.0,0.0,0.0,0.0,0,1,0.9762180974477959,0.0,A_recurring_strong_evidence
476150,1721,1986.0,133732.0,2022-04-01,2022-07-10,81,4,"Bengaluru, Delhi, HR-NCR, Mumbai",4,"2022-05, 2022-04, 2022-06, 2022-07",64.0,68.0,67.30505520046485,68.0,0,6,1.1539802440441604,1.5159704121637045,A_recurring_strong_evidence
482166,1699,2128.0,310429.0,2022-04-06,2022-04-30,25,3,"Bengaluru, Delhi, HR-NCR",1,2022-04,139.0,146.0,145.8599175985874,146.0,0,19,1.2525014714537963,0.9805710904397772,A_recurring_moderate_evidence
456700,1695,2418.0,269941.0,2022-05-01,2022-06-07,16,4,"Bengaluru, Delhi, HR-NCR, Mumbai",2,"2022-06, 2022-05",0.0,119.0,111.45545722713864,114.0,0,25,1.4265486725663716,6.311492629272089,A_recurring_strong_evidence
482256,1686,1777.0,140375.0,2022-04-08,2022-05-21,41,4,"Bengaluru, Delhi, HR-NCR, Mumbai",2,"2022-05, 2022-04",75.0,79.0,78.99525504151839,79.0,0,7,1.0539739027283512,0.13772643148668867,A_recurring_strong_evidence
482194,1655,1630.0,0.0,2022-04-13,2022-06-20,41,4,"Bengaluru, Delhi, HR-NCR, Mumbai",3,"2022-06, 2022-05, 2022-04",0.0,0.0,0.0,0.0,0,1,0.9848942598187311,0.0,A_recurring_strong_evidence
481582,1614,1885.0,66463.0,2022-04-14,2022-05-21,38,2,"Delhi, HR-NCR",2,"2022-04, 2022-05",33.0,39.0,35.28810408921933,35.0,0,4,1.167905824039653,0.6868852032189383,A_recurring_strong_evidence
448554,1540,1650.0,82500.0,2022-05-01,2022-06-20,41,4,"Bengaluru, Delhi, HR-NCR, Mumbai",2,"2022-06, 2022-05",50.0,50.0,50.0,50.0,0,5,1.0714285714285714,0.0,A_recurring_strong_evidence
378236,1537,1840.0,139746.0,2022-04-23,2022-05-21,29,4,"Bengaluru, Delhi, HR-NCR, Mumbai",2,"2022-05, 2022-04",75.0,79.0,75.96421600520495,76.0,0,7,1.1971372804163956,0.6955175869293575,A_recurring_strong_evidence
482471,1525,1707.0,77378.0,2022-04-15,2022-06-20,57,4,"Bengaluru, Delhi, HR-NCR, Mumbai",3,"2022-06, 2022-04, 2022-05",35.0,55.0,45.28065573770492,45.0,0,10,1.119344262295082,4.158433809525359,A_recurring_strong_evidence
455221,1505,1755.0,124352.0,2022-04-09,2022-06-20,44,4,"Bengaluru, Delhi, HR-NCR, Mumbai",3,"2022-06, 2022-04, 2022-05",70.0,75.0,70.80664451827242,70.0,0,15,1.1661129568106312,1.607564720830993,A_recurring_strong_evidence
483169,1502,1616.0,274606.0,2022-05-01,2022-07-06,35,4,"Bengaluru, Delhi, HR-NCR, Mumbai",3,"2022-07, 2022-06, 2022-05",163.0,189.0,169.95672436751,171.0,0,5,1.0758988015978694,4.523842167592415,A_recurring_strong_evidence
483322,1501,1512.0,601141.0,2022-05-03,2022-06-08,27,4,"Bengaluru, Delhi, HR-NCR, Mumbai",2,"2022-06, 2022-05",312.0,404.0,397.6282478347768,398.0,0,2,1.0073284477015323,6.792866959382496,A_recurring_strong_evidence
404020,1470,2040.0,142666.0,2022-04-02,2022-06-20,67,4,"Bengaluru, Delhi, HR-NCR, Mumbai",3,"2022-05, 2022-04, 2022-06",60.0,71.0,69.9360544217687,70.0,0,11,1.3877551020408163,0.8250622913737313,A_recurring_strong_evidence
483348,1469,1948.0,173342.0,2022-05-01,2022-06-08,10,1,Bengaluru,2,"2022-06, 2022-05",74.0,89.0,88.97957794417971,89.0,0,20,1.326072157930565,0.553283078606053,A_recurring_moderate_evidence
482190,1446,1423.0,0.0,2022-04-13,2022-06-20,39,4,"Bengaluru, Delhi, HR-NCR, Mumbai",3,"2022-06, 2022-04, 2022-05",0.0,0.0,0.0,0.0,0,1,0.9840940525587828,0.0,A_recurring_strong_evidence
483294,1434,1491.0,131069.0,2022-05-01,2022-06-08,10,2,"Delhi, HR-NCR",2,"2022-06, 2022-05",73.0,89.0,87.91910739191074,89.0,0,4,1.0397489539748954,3.9909717073914,A_recurring_strong_evidence
405624,1431,1841.0,145623.0,2022-05-01,2022-05-21,21,3,"Delhi, HR-NCR, Mumbai",1,2022-05,79.0,80.0,79.10272536687631,79.0,0,11,1.286512928022362,0.30370598022759093,A_recurring_moderate_evidence
485597,1413,1806.0,139062.0,2022-06-01,2022-06-08,8,2,"Delhi, HR-NCR",1,2022-06,77.0,77.0,77.0,77.0,0,7,1.2781316348195328,0.0,A_recurring_moderate_evidence
481294,1413,1464.0,219600.0,2022-04-30,2022-05-21,22,4,"Bengaluru, Delhi, HR-NCR, Mumbai",2,"2022-05, 2022-04",150.0,150.0,150.0,150.0,0,8,1.0360934182590233,0.0,A_recurring_strong_evidence
459703,1391,1819.0,72765.0,2022-06-02,2022-06-20,19,4,"Bengaluru, Delhi, HR-NCR, Mumbai",1,2022-06,40.0,41.0,40.00359453630482,40.0,1,13,1.3076923076923077,0.059868124368901904,A_recurring_moderate_evidence
438260,1390,1470.0,176396.0,2022-05-14,2022-06-20,28,4,"Bengaluru, Delhi, HR-NCR, Mumbai",2,"2022-06, 2022-05",100.0,122.0,119.99712230215827,120.0,0,5,1.0575539568345325,0.7923266306966062,A_recurring_strong_evidence
432432,1382,1564.0,160919.0,2022-05-02,2022-05-21,20,3,"Delhi, HR-NCR, Mumbai",1,2022-05,89.0,119.0,102.93849493487699,104.0,0,10,1.1316931982633864,4.75357802428039,A_recurring_moderate_evidence
482488,1371,1692.0,94714.0,2022-04-14,2022-06-08,45,2,"Delhi, HR-NCR",3,"2022-06, 2022-04, 2022-05",53.0,61.0,55.9598832968636,55.0,0,5,1.2341356673960613,1.080954424627728,A_recurring_strong_evidence
482191,1370,1354.0,0.0,2022-04-13,2022-06-20,35,4,"Bengaluru, Delhi, HR-NCR, Mumbai",3,"2022-06, 2022-04, 2022-05",0.0,0.0,0.0,0.0,0,1,0.9883211678832117,0.0,A_recurring_strong_evidence
448553,1361,1446.0,72300.0,2022-05-01,2022-06-20,41,4,"Bengaluru, Delhi, HR-NCR, Mumbai",2,"2022-05, 2022-06",50.0,50.0,50.0,50.0,0,5,1.0624540778839089,0.0,A_recurring_strong_evidence
478118,1358,1386.0,69240.0,2022-05-06,2022-05-21,16,1,Bengaluru,1,2022-05,40.0,50.0,49.963181148748156,50.0,0,2,1.0206185567010309,0.605890428280033,B_low_frequency
333420,1345,1695.0,203570.0,2022-04-01,2022-07-10,81,4,"Bengaluru, Delhi, HR-NCR, Mumbai",4,"2022-07, 2022-06, 2022-05, 2022-04",51.0,148.0,120.06691449814126,117.0,0,6,1.2602230483271375,8.471063213999226,A_recurring_strong_evidence
483162,1332,1446.0,143126.0,2022-05-02,2022-06-08,9,2,"Delhi, HR-NCR",2,"2022-06, 2022-05",95.0,99.0,98.98198198198199,99.0,0,7,1.0855855855855856,0.2679576981534118,A_recurring_strong_evidence
482197,1321,1307.0,0.0,2022-04-13,2022-06-20,43,4,"Bengaluru, Delhi, HR-NCR, Mumbai",3,"2022-05, 2022-04, 2022-06",0.0,0.0,0.0,0.0,0,1,0.9894019682059046,0.0,A_recurring_strong_evidence
45744,1320,1455.0,143205.0,2022-04-01,2022-07-10,81,4,"Bengaluru, Delhi, HR-NCR, Mumbai",4,"2022-07, 2022-05, 2022-06, 2022-04",57.0,110.0,98.38484848484849,99.0,0,3,1.1022727272727273,6.369140975239068,A_recurring_strong_evidence
407161,1317,1593.0,93928.0,2022-05-01,2022-05-21,21,4,"Bengaluru, Delhi, HR-NCR, Mumbai",1,2022-05,0.0,59.0,58.95520121488231,59.0,0,17,1.2095671981776766,1.6257700704416387,A_recurring_moderate_evidence
118576,1314,1408.0,417634.0,2022-04-01,2022-07-10,80,4,"Bengaluru, Delhi, HR-NCR, Mumbai",4,"2022-05, 2022-07, 2022-04, 2022-06",282.0,306.0,296.56164383561645,298.0,0,4,1.0715372907153728,4.288661510855755,A_recurring_strong_evidence
482144,1263,1465.0,102554.0,2022-04-02,2022-06-20,49,4,"Bengaluru, Delhi, HR-NCR, Mumbai",2,"2022-04, 2022-06",70.0,71.0,70.00316706254948,70.0,0,8,1.1599366587490103,0.056209731138345355,A_recurring_strong_evidence
482507,1255,1511.0,82757.0,2022-04-14,2022-05-21,38,4,"Bengaluru, Delhi, HR-NCR, Mumbai",2,"2022-05, 2022-04",51.0,59.0,54.82470119521912,53.0,0,8,1.2039840637450199,2.7636040575163907,A_recurring_strong_evidence
482165,1247,1358.0,219879.0,2022-04-07,2022-04-30,24,3,"Bengaluru, Delhi, HR-NCR",1,2022-04,153.0,162.0,161.91339214113873,162.0,0,9,1.0890136327185245,0.8789706291843274,A_recurring_moderate_evidence
482524,1220,1496.0,29018.0,2022-04-15,2022-05-21,37,2,"Bengaluru, Mumbai",2,"2022-05, 2022-04",19.0,20.0,19.448360655737705,19.0,0,7,1.2262295081967214,0.49753017668441846,A_recurring_strong_evidence
484520,1205,1243.0,296360.0,2022-05-21,2022-07-06,27,3,"Delhi, HR-NCR, Mumbai",3,"2022-05, 2022-06, 2022-07",226.0,262.0,238.40331950207468,242.0,0,3,1.0315352697095437,6.172491939714481,A_recurring_strong_evidence
482192,1194,1178.0,0.0,2022-04-13,2022-06-20,28,4,"Bengaluru, Delhi, HR-NCR, Mumbai",3,"2022-06, 2022-04, 2022-05",0.0,0.0,0.0,0.0,0,1,0.9865996649916248,0.0,A_recurring_strong_evidence
460075,1170,1442.0,164360.0,2022-06-01,2022-06-07,7,4,"Bengaluru, Delhi, HR-NCR, Mumbai",1,2022-06,86.0,114.0,113.97606837606837,114.0,0,9,1.2324786324786325,0.8185874846865604,A_recurring_moderate_evidence
482487,1169,1470.0,105989.0,2022-04-15,2022-05-21,37,2,"Delhi, HR-NCR",2,"2022-04, 2022-05",69.0,79.0,72.04020530367836,69.0,0,5,1.2574850299401197,4.254239459935445,A_recurring_strong_evidence
413896,1155,1227.0,65118.0,2022-04-06,2022-05-21,45,4,"Bengaluru, Delhi, HR-NCR, Mumbai",2,"2022-05, 2022-04",53.0,59.0,53.07445887445888,53.0,0,7,1.0623376623376624,0.38335893104808333,A_recurring_strong_evidence
483189,1093,1121.0,113727.0,2022-05-01,2022-06-08,10,2,"Bengaluru, Mumbai",2,"2022-05, 2022-06",89.0,109.0,101.42451967063128,99.0,0,3,1.0256175663311986,5.361904600588521,A_recurring_strong_evidence
482486,1089,1166.0,146127.0,2022-04-15,2022-05-21,36,4,"Bengaluru, Delhi, HR-NCR, Mumbai",2,"2022-05, 2022-04",109.0,153.0,125.0771349862259,109.0,0,5,1.0707070707070707,20.992854190849545,A_recurring_strong_evidence
389643,1087,1206.0,133712.0,2022-06-01,2022-06-07,7,4,"Bengaluru, Delhi, HR-NCR, Mumbai",1,2022-06,97.0,111.0,110.92272309107636,111.0,0,10,1.109475620975161,1.0377358569029205,A_recurring_moderate_evidence
485595,1073,1401.0,124689.0,2022-06-01,2022-06-08,8,2,"Delhi, HR-NCR",1,2022-06,89.0,89.0,89.0,89.0,0,7,1.3056849953401677,0.0,A_recurring_moderate_evidence
482428,1045,1082.0,172900.0,2022-04-13,2022-05-21,32,1,HR-NCR,2,"2022-05, 2022-04",148.0,600.0,160.25645933014354,160.0,0,6,1.0354066985645933,19.438360898615628,A_recurring_moderate_evidence
432435,1021,1207.0,110755.0,2022-05-02,2022-05-21,20,4,"Bengaluru, Delhi, HR-NCR, Mumbai",1,2022-05,0.0,119.0,92.20372184133203,89.0,0,6,1.1821743388834476,9.814036858889922,A_recurring_moderate_evidence
483044,992,1045.0,156725.0,2022-04-23,2022-07-10,59,4,"Bengaluru, Delhi, HR-NCR, Mumbai",4,"2022-04, 2022-06, 2022-07, 2022-05",145.0,155.0,149.91834677419354,153.0,0,6,1.0534274193548387,3.832568765039774,A_recurring_strong_evidence
482195,984,968.0,0.0,2022-04-13,2022-05-21,29,4,"Bengaluru, Delhi, HR-NCR, Mumbai",2,"2022-05, 2022-04",0.0,0.0,0.0,0.0,0,1,0.983739837398374,0.0,A_recurring_strong_evidence
482196,976,962.0,0.0,2022-04-13,2022-06-20,41,4,"Bengaluru, Delhi, HR-NCR, Mumbai",3,"2022-06, 2022-05, 2022-04",0.0,0.0,0.0,0.0,0,1,0.985655737704918,0.0,A_recurring_strong_evidence
457055,962,1079.0,77320.0,2022-04-09,2022-06-20,44,4,"Bengaluru, Delhi, HR-NCR, Mumbai",3,"2022-04, 2022-05, 2022-06",70.0,75.0,71.63201663201663,70.0,0,8,1.1216216216216217,1.9695216403783748,A_recurring_strong_evidence
404192,922,1246.0,361270.0,2022-04-02,2022-06-20,67,4,"Bengaluru, Delhi, HR-NCR, Mumbai",3,"2022-06, 2022-05, 2022-04",220.0,290.0,289.9240780911063,290.0,0,10,1.351409978308026,2.3053272267857454,A_recurring_strong_evidence
386464,911,973.0,54517.0,2022-04-06,2022-05-21,45,4,"Bengaluru, Delhi, HR-NCR, Mumbai",2,"2022-05, 2022-04",56.0,59.0,56.03073545554336,56.0,0,7,1.0680570801317233,0.1908322065014877,A_recurring_strong_evidence
392761,907,953.0,100061.0,2022-05-01,2022-06-08,10,4,"Bengaluru, Delhi, HR-NCR, Mumbai",2,"2022-06, 2022-05",101.0,105.0,104.99558985667034,105.0,0,5,1.0507166482910695,0.13281782003418421,A_recurring_strong_evidence
485199,896,943.0,94300.0,2022-06-01,2022-06-08,8,4,"Bengaluru, Delhi, HR-NCR, Mumbai",1,2022-06,100.0,100.0,100.0,100.0,1,5,1.0524553571428572,0.0,A_recurring_moderate_evidence
476148,877,881.0,205912.0,2022-04-01,2022-07-10,80,4,"Bengaluru, Delhi, HR-NCR, Mumbai",4,"2022-07, 2022-06, 2022-05, 2022-04",212.0,248.0,233.72405929304446,234.0,0,3,1.0045610034207526,4.319598317210883,A_recurring_strong_evidence
485590,872,1122.0,374083.0,2022-06-01,2022-06-08,8,2,"Delhi, HR-NCR",1,2022-06,317.0,334.0,333.4346330275229,334.0,0,5,1.286697247706422,1.0769871669216362,A_recurring_moderate_evidence
404183,853,992.0,287626.0,2022-04-02,2022-06-20,67,4,"Bengaluru, Delhi, HR-NCR, Mumbai",3,"2022-05, 2022-04, 2022-06",260.0,293.0,289.93669402110197,290.0,0,5,1.1629542790152403,1.459380165044799,A_recurring_strong_evidence
469406,850,915.0,74245.0,2022-04-18,2022-07-10,64,4,"Bengaluru, Delhi, HR-NCR, Mumbai",4,"2022-07, 2022-05, 2022-04, 2022-06",19.0,100.0,81.59529411764706,90.0,0,4,1.076470588235294,10.237393130639889,A_recurring_strong_evidence
483258,839,990.0,86078.0,2022-05-01,2022-05-19,18,4,"Bengaluru, Delhi, HR-NCR, Mumbai",1,2022-05,65.0,93.0,87.49344457687724,93.0,0,6,1.1799761620977354,11.135942043005183,A_recurring_moderate_evidence
475397,839,893.0,140682.0,2022-05-01,2022-05-15,14,4,"Bengaluru, Delhi, HR-NCR, Mumbai",1,2022-05,150.0,158.0,157.5435041716329,158.0,0,4,1.0643623361144219,1.7621592911045263,A_recurring_moderate_evidence
483055,837,882.0,109028.0,2022-04-23,2022-07-10,59,4,"Bengaluru, Delhi, HR-NCR, Mumbai",4,"2022-07, 2022-05, 2022-06, 2022-04",119.0,139.0,123.6857825567503,125.0,0,3,1.053763440860215,2.564563631055709,A_recurring_strong_evidence
483259,835,969.0,76551.0,2022-05-01,2022-05-06,6,4,"Bengaluru, Delhi, HR-NCR, Mumbai",1,2022-05,79.0,79.0,79.0,79.0,0,5,1.1604790419161677,0.0,A_recurring_moderate_evidence
438325,828,894.0,134070.0,2022-04-05,2022-04-30,26,4,"Bengaluru, Delhi, HR-NCR, Mumbai",1,2022-04,135.0,150.0,149.96376811594203,150.0,0,4,1.0797101449275361,0.7367639326655032,A_recurring_moderate_evidence
481449,813,859.0,68720.0,2022-04-04,2022-05-07,32,4,"Bengaluru, Delhi, HR-NCR, Mumbai",2,"2022-04, 2022-05",80.0,80.0,80.0,80.0,0,4,1.056580565805658,0.0,A_recurring_strong_evidence
456797,812,1013.0,26770.0,2022-04-02,2022-05-14,39,4,"Bengaluru, Delhi, HR-NCR, Mumbai",2,"2022-04, 2022-05",20.0,250.0,26.600985221674875,25.0,0,10,1.2475369458128078,11.295204792710747,A_recurring_strong_evidence
413899,781,852.0,45204.0,2022-04-06,2022-05-21,41,4,"Bengaluru, Delhi, HR-NCR, Mumbai",2,"2022-04, 2022-05",53.0,59.0,53.0460947503201,53.0,0,4,1.0909090909090908,0.39926308560106966,A_recurring_strong_evidence
377464,780,836.0,172216.0,2022-05-01,2022-05-21,21,4,"Bengaluru, Delhi, HR-NCR, Mumbai",1,2022-05,206.0,206.0,206.0,206.0,1,3,1.0717948717948718,0.0,A_recurring_moderate_evidence
482484,770,783.0,69746.0,2022-04-15,2022-06-08,45,1,Bengaluru,3,"2022-05, 2022-04, 2022-06",48.0,99.0,89.07662337662337,89.0,0,2,1.016883116883117,1.8656010096349998,A_recurring_moderate_evidence
482427,768,788.0,125828.0,2022-04-17,2022-05-21,28,1,HR-NCR,2,"2022-05, 2022-04",148.0,160.0,159.671875,160.0,1,4,1.0260416666666667,1.9582714952279143,A_recurring_moderate_evidence
482283,760,808.0,78235.0,2022-04-09,2022-05-21,40,2,"Delhi, HR-NCR",2,"2022-05, 2022-04",50.0,119.0,97.48026315789474,100.0,0,5,1.063157894736842,12.070811272617162,A_recurring_strong_evidence
478829,748,833.0,129153.0,2022-04-01,2022-07-07,73,4,"Bengaluru, Delhi, HR-NCR, Mumbai",4,"2022-06, 2022-04, 2022-07, 2022-05",84.0,240.0,155.76069518716577,154.0,0,4,1.1136363636363635,44.84347557663029,A_recurring_strong_evidence
483378,745,914.0,63066.0,2022-05-02,2022-06-08,12,3,"Delhi, HR-NCR, Mumbai",2,"2022-05, 2022-06",69.0,69.0,69.0,69.0,1,25,1.2268456375838925,0.0,A_recurring_strong_evidence
467680,738,771.0,32454.0,2022-05-06,2022-07-10,46,2,"Delhi, HR-NCR",3,"2022-07, 2022-06, 2022-05",35.0,50.0,42.13821138211382,44.0,0,4,1.0447154471544715,6.7190066824805985,A_recurring_strong_evidence
455251,729,807.0,57239.0,2022-04-10,2022-06-20,43,4,"Bengaluru, Delhi, HR-NCR, Mumbai",3,"2022-06, 2022-04, 2022-05",63.0,74.0,70.82990397805213,70.0,0,15,1.1069958847736625,1.6553725773637786,A_recurring_strong_evidence
482006,728,785.0,76909.0,2022-04-07,2022-06-20,54,2,"Bengaluru, Mumbai",3,"2022-05, 2022-04, 2022-06",37.0,99.0,98.01236263736264,98.0,0,7,1.0782967032967032,4.5551622447522275,A_recurring_strong_evidence
484117,722,733.0,143320.0,2022-05-20,2022-06-20,17,4,"Bengaluru, Delhi, HR-NCR, Mumbai",2,"2022-06, 2022-05",195.0,233.0,195.5332409972299,195.0,1,3,1.0152354570637119,4.410569548181198,A_recurring_strong_evidence
482147,717,797.0,64557.0,2022-04-01,2022-04-10,10,2,"Delhi, HR-NCR",1,2022-04,81.0,81.0,81.0,81.0,0,6,1.1115760111576012,0.0,A_recurring_moderate_evidence
485509,713,866.0,116916.0,2022-06-01,2022-06-20,20,3,"Delhi, HR-NCR, Mumbai",1,2022-06,135.0,137.0,135.00841514726508,135.0,1,8,1.214586255259467,0.1295492895461918,A_recurring_moderate_evidence
374481,712,837.0,32644.0,2022-05-04,2022-06-07,24,1,Bengaluru,2,"2022-05, 2022-06",39.0,40.0,39.00140449438202,39.0,0,5,1.175561797752809,0.03747658444979421,A_recurring_moderate_evidence
476729,708,710.0,54630.0,2022-04-01,2022-07-10,77,3,"Delhi, HR-NCR, Mumbai",4,"2022-04, 2022-06, 2022-07, 2022-05",70.0,80.0,76.94915254237289,80.0,0,5,1.002824858757062,4.607688288068939,A_recurring_strong_evidence
482118,703,822.0,131680.0,2022-04-02,2022-06-20,67,4,"Bengaluru, Delhi, HR-NCR, Mumbai",3,"2022-06, 2022-04, 2022-05",160.0,190.0,160.1792318634424,160.0,0,5,1.1692745376955904,2.261222970796031,A_recurring_strong_evidence
346908,693,695.0,86721.0,2022-04-01,2022-07-06,75,2,"Delhi, HR-NCR",4,"2022-07, 2022-06, 2022-05, 2022-04",112.0,129.0,124.79797979797979,129.0,0,2,1.002886002886003,5.416966118081851,A_recurring_strong_evidence
377465,687,729.0,150142.0,2022-05-01,2022-05-21,21,4,"Bengaluru, Delhi, HR-NCR, Mumbai",1,2022-05,174.0,206.0,205.95342066957787,206.0,0,5,1.0611353711790392,1.220876149946424,A_recurring_moderate_evidence
383249,678,845.0,144258.0,2022-04-01,2022-07-01,39,4,"Bengaluru, Delhi, HR-NCR, Mumbai",3,"2022-07, 2022-04, 2022-06",160.0,177.0,170.08554572271387,168.0,0,13,1.2463126843657817,5.224790122940616,A_recurring_strong_evidence
366887,667,843.0,32882.0,2022-06-01,2022-06-20,20,3,"Delhi, HR-NCR, Mumbai",1,2022-06,39.0,40.0,39.007496251874066,39.0,0,10,1.2638680659670165,0.08632050359146945,A_recurring_moderate_evidence
483186,651,666.0,173848.0,2022-05-01,2022-06-08,29,4,"Bengaluru, Delhi, HR-NCR, Mumbai",2,"2022-06, 2022-05",196.0,297.0,261.2350230414747,258.0,0,3,1.023041474654378,15.80530784625383,A_recurring_strong_evidence
344488,648,903.0,26318.0,2022-05-02,2022-05-21,20,3,"Bengaluru, Delhi, HR-NCR",1,2022-05,29.0,30.0,29.121913580246915,29.0,0,20,1.3935185185185186,0.3274387212406124,A_recurring_moderate_evidence
483326,637,967.0,45329.0,2022-05-01,2022-06-08,28,4,"Bengaluru, Delhi, HR-NCR, Mumbai",2,"2022-06, 2022-05",26.0,47.0,46.87755102040816,47.0,0,10,1.5180533751962324,1.555295771377635,A_recurring_strong_evidence
442436,633,687.0,115248.0,2022-04-12,2022-05-21,33,1,HR-NCR,2,"2022-04, 2022-05",84.0,168.0,167.86729857819904,168.0,1,5,1.085308056872038,3.33870026077209,A_recurring_moderate_evidence
405061,627,853.0,46500.0,2022-06-01,2022-07-10,29,4,"Bengaluru, Delhi, HR-NCR, Mumbai",2,"2022-07, 2022-06",45.0,57.0,54.50079744816587,53.0,0,7,1.3604465709728868,2.1219790032460546,A_recurring_strong_evidence
425706,627,681.0,48432.0,2022-04-02,2022-07-10,38,4,"Bengaluru, Delhi, HR-NCR, Mumbai",4,"2022-04, 2022-05, 2022-06, 2022-07",60.0,73.0,71.00637958532695,72.0,0,12,1.0861244019138756,3.3127632167791887,A_recurring_strong_evidence
484597,624,696.0,76196.0,2022-05-21,2022-07-06,27,3,"Bengaluru, Delhi, HR-NCR",3,"2022-07, 2022-06, 2022-05",109.0,120.0,109.41666666666667,109.0,1,4,1.1153846153846154,1.9345912035015556,A_recurring_strong_evidence
483330,620,659.0,84502.0,2022-05-02,2022-05-21,20,4,"Bengaluru, Delhi, HR-NCR, Mumbai",1,2022-05,122.0,134.0,128.23225806451612,128.0,0,3,1.0629032258064517,1.2075120543518298,A_recurring_moderate_evidence
388583,620,629.0,128466.0,2022-05-01,2022-05-21,21,4,"Bengaluru, Delhi, HR-NCR, Mumbai",1,2022-05,148.0,218.0,204.23548387096776,204.0,0,2,1.014516129032258,3.7622432028443455,A_recurring_moderate_evidence
482504,617,670.0,56102.0,2022-04-15,2022-05-21,37,2,"Delhi, HR-NCR",2,"2022-04, 2022-05",79.0,89.0,83.55429497568882,83.0,0,3,1.0858995137763372,4.625667926202382,A_recurring_strong_evidence
482198,610,579.0,0.0,2022-04-13,2022-06-05,26,3,"Delhi, HR-NCR, Mumbai",3,"2022-06, 2022-04, 2022-05",0.0,0.0,0.0,0.0,0,1,0.9491803278688524,0.0,A_recurring_strong_evidence
478830,599,640.0,285214.0,2022-04-01,2022-07-10,78,4,"Bengaluru, Delhi, HR-NCR, Mumbai",4,"2022-04, 2022-06, 2022-07, 2022-05",273.0,780.0,445.9031719532554,430.0,0,4,1.0684474123539232,164.87654438878633,A_recurring_strong_evidence
484883,594,627.0,131670.0,2022-06-01,2022-06-08,8,4,"Bengaluru, Delhi, HR-NCR, Mumbai",1,2022-06,210.0,210.0,210.0,210.0,0,4,1.0555555555555556,0.0,A_recurring_moderate_evidence
346910,594,598.0,66934.0,2022-04-01,2022-07-09,69,2,"Delhi, HR-NCR",4,"2022-06, 2022-05, 2022-07, 2022-04",98.0,112.0,111.92929292929293,112.0,0,3,1.0067340067340067,0.9932574571102226,A_recurring_strong_evidence
458382,590,626.0,152025.0,2022-04-01,2022-06-20,70,4,"Bengaluru, Delhi, HR-NCR, Mumbai",3,"2022-06, 2022-05, 2022-04",220.0,245.0,242.77966101694915,245.0,0,5,1.0610169491525423,4.455277851469177,A_recurring_strong_evidence
13971,589,678.0,225909.0,2022-04-01,2022-06-20,71,1,Bengaluru,3,"2022-04, 2022-05, 2022-06",274.0,365.0,333.1816638370119,335.0,0,5,1.1511035653650254,7.586189785276315,A_recurring_moderate_evidence
423750,588,614.0,44430.0,2022-06-01,2022-06-20,20,1,Bengaluru,1,2022-06,35.0,85.0,72.33163265306122,85.0,0,3,1.0442176870748299,16.159676592848,B_low_frequency
383683,585,911.0,53713.0,2022-06-04,2022-06-08,5,4,"Bengaluru, Delhi, HR-NCR, Mumbai",1,2022-06,49.0,59.0,58.95213675213675,59.0,1,10,1.5572649572649573,0.48018944082002674,A_recurring_moderate_evidence
477611,581,647.0,154071.0,2022-04-01,2022-06-16,67,1,Mumbai,3,"2022-05, 2022-04, 2022-06",224.0,248.0,238.26678141135972,244.0,0,6,1.1135972461273667,7.547281867556261,A_recurring_moderate_evidence
482199,570,549.0,0.0,2022-04-13,2022-06-01,22,3,"Delhi, HR-NCR, Mumbai",3,"2022-04, 2022-05, 2022-06",0.0,0.0,0.0,0.0,0,1,0.9631578947368421,0.0,A_recurring_strong_evidence
482496,565,590.0,100322.0,2022-04-14,2022-07-01,59,4,"Bengaluru, Delhi, HR-NCR, Mumbai",4,"2022-06, 2022-04, 2022-07, 2022-05",147.0,207.0,170.08849557522123,167.0,0,3,1.0442477876106195,6.004368271144771,A_recurring_strong_evidence
482489,561,591.0,68209.0,2022-04-15,2022-05-21,32,4,"Bengaluru, Delhi, HR-NCR, Mumbai",2,"2022-04, 2022-05",92.0,161.0,115.16221033868092,110.0,0,5,1.053475935828877,15.367535287740983,A_recurring_strong_evidence
483749,560,578.0,73984.0,2022-05-07,2022-05-21,15,4,"Bengaluru, Delhi, HR-NCR, Mumbai",1,2022-05,128.0,128.0,128.0,128.0,0,4,1.0321428571428573,0.0,A_recurring_moderate_evidence
432438,552,668.0,89512.0,2022-05-02,2022-05-21,20,2,"Delhi, HR-NCR",1,2022-05,134.0,134.0,134.0,134.0,1,8,1.210144927536232,0.0,A_recurring_moderate_evidence
482494,552,633.0,47187.0,2022-04-15,2022-05-21,37,2,"Delhi, HR-NCR",2,"2022-04, 2022-05",59.0,79.0,74.23550724637681,79.0,0,4,1.1467391304347827,5.836455935844501,A_recurring_strong_evidence
386962,551,665.0,53152.0,2022-05-02,2022-05-21,20,4,"Bengaluru, Delhi, HR-NCR, Mumbai",1,2022-05,62.0,80.0,79.91833030852995,80.0,0,5,1.206896551724138,0.8731602621656452,A_recurring_moderate_evidence
484088,544,559.0,70713.0,2022-05-18,2022-06-20,24,4,"Bengaluru, Delhi, HR-NCR, Mumbai",2,"2022-05, 2022-06",95.0,130.0,126.55147058823529,128.0,0,2,1.0275735294117647,3.9514919725904063,A_recurring_strong_evidence
485057,538,732.0,43188.0,2022-06-01,2022-06-08,8,1,Bengaluru,1,2022-06,59.0,59.0,59.0,59.0,0,6,1.3605947955390334,0.0,B_low_frequency
482200,537,523.0,0.0,2022-04-13,2022-06-01,24,3,"Delhi, HR-NCR, Mumbai",3,"2022-04, 2022-05, 2022-06",0.0,0.0,0.0,0.0,0,1,0.9739292364990689,0.0,A_recurring_strong_evidence
369185,533,716.0,24997.0,2022-06-04,2022-06-08,5,4,"Bengaluru, Delhi, HR-NCR, Mumbai",1,2022-06,32.0,35.0,34.92120075046904,35.0,1,6,1.3433395872420262,0.480230269640654,A_recurring_moderate_evidence
398860,532,610.0,99650.0,2022-04-01,2022-07-09,77,4,"Bengaluru, Delhi, HR-NCR, Mumbai",4,"2022-06, 2022-04, 2022-07, 2022-05",139.0,315.0,163.50187969924812,171.0,0,5,1.1466165413533835,13.889190076453366,A_recurring_strong_evidence
482531,525,632.0,12323.0,2022-04-15,2022-05-21,36,1,Bengaluru,2,"2022-04, 2022-05",19.0,20.0,19.546666666666667,20.0,0,5,1.2038095238095239,0.4982922489808582,A_recurring_moderate_evidence
481912,518,555.0,66712.0,2022-04-07,2022-06-08,51,2,"Bengaluru, Mumbai",3,"2022-04, 2022-05, 2022-06",65.0,121.0,120.1949806949807,120.0,0,4,1.0714285714285714,2.5799805637816733,A_recurring_strong_evidence
402637,518,598.0,173238.0,2022-04-02,2022-06-20,67,4,"Bengaluru, Delhi, HR-NCR, Mumbai",3,"2022-06, 2022-04, 2022-05",198.0,290.0,289.64864864864865,290.0,1,4,1.1544401544401544,5.64933608225934,A_recurring_strong_evidence
467672,509,536.0,48632.0,2022-04-01,2022-06-19,70,1,Mumbai,3,"2022-06, 2022-04, 2022-05",64.0,100.0,90.64047151277013,96.0,0,7,1.0530451866404715,12.724302982537445,A_recurring_moderate_evidence
467683,503,519.0,27252.0,2022-05-07,2022-07-10,45,2,"Delhi, HR-NCR",3,"2022-06, 2022-05, 2022-07",47.0,55.0,52.55268389662028,54.0,0,3,1.0318091451292246,3.1843597731443363,A_recurring_strong_evidence
476730,502,503.0,38212.0,2022-04-01,2022-07-10,78,4,"Bengaluru, Delhi, HR-NCR, Mumbai",4,"2022-07, 2022-06, 2022-04, 2022-05",59.0,80.0,76.0996015936255,80.0,0,3,1.00199203187251,5.17305700751803,A_recurring_strong_evidence
485670,501,972.0,94692.0,2022-06-01,2022-06-08,8,4,"Bengaluru, Delhi, HR-NCR, Mumbai",1,2022-06,91.0,99.0,97.49900199600799,99.0,1,21,1.9401197604790419,3.1264195179143828,A_recurring_moderate_evidence
482145,483,524.0,36680.0,2022-04-02,2022-06-20,44,1,Bengaluru,2,"2022-04, 2022-06",70.0,70.0,70.0,70.0,0,5,1.0848861283643891,0.0,A_recurring_moderate_evidence
483343,479,553.0,322421.0,2022-05-01,2022-07-07,13,1,Bengaluru,3,"2022-06, 2022-05, 2022-07",556.0,594.0,583.4300626304802,591.0,1,5,1.1544885177453028,12.3927539141895,A_recurring_moderate_evidence
485014,475,487.0,48143.0,2022-06-01,2022-06-08,8,2,"Delhi, HR-NCR",1,2022-06,89.0,99.0,98.85263157894737,99.0,0,4,1.0252631578947369,1.206246235232807,A_recurring_moderate_evidence
448181,470,539.0,93376.0,2022-05-03,2022-05-21,19,3,"Delhi, HR-NCR, Mumbai",1,2022-05,149.0,198.0,173.29787234042553,174.0,0,8,1.146808510638298,6.314145940680662,A_recurring_moderate_evidence
385649,468,487.0,241441.0,2022-05-02,2022-06-08,9,4,"Bengaluru, Delhi, HR-NCR, Mumbai",2,"2022-05, 2022-06",479.0,499.0,495.6388888888889,499.0,0,4,1.0405982905982907,6.784535290305502,A_recurring_strong_evidence
475415,466,470.0,231080.0,2022-04-01,2022-06-20,70,4,"Bengaluru, Delhi, HR-NCR, Mumbai",3,"2022-06, 2022-05, 2022-04",450.0,500.0,491.6309012875536,500.0,0,3,1.0085836909871244,10.198093330276523,A_recurring_strong_evidence
482026,461,471.0,44815.0,2022-04-07,2022-06-20,62,2,"Bengaluru, Mumbai",3,"2022-05, 2022-06, 2022-04",63.0,97.0,95.10845986984816,97.0,0,2,1.0216919739696313,3.09297134698616,A_recurring_strong_evidence
483040,460,484.0,83566.0,2022-04-23,2022-07-10,57,4,"Bengaluru, Delhi, HR-NCR, Mumbai",4,"2022-06, 2022-04, 2022-07, 2022-05",145.0,180.0,172.85652173913044,178.0,0,4,1.0521739130434782,7.806277909698579,A_recurring_strong_evidence
395774,459,678.0,33900.0,2022-05-13,2022-05-21,9,2,"Delhi, HR-NCR",1,2022-05,50.0,50.0,50.0,50.0,1,8,1.477124183006536,0.0,A_recurring_moderate_evidence
476921,451,492.0,74311.0,2022-04-01,2022-06-04,46,1,Mumbai,3,"2022-04, 2022-05, 2022-06",128.0,237.0,150.549889135255,150.0,0,7,1.0909090909090908,19.12250724463231,A_recurring_moderate_evidence
483368,446,462.0,391173.0,2022-05-02,2022-07-07,30,4,"Bengaluru, Delhi, HR-NCR, Mumbai",3,"2022-07, 2022-06, 2022-05",786.0,950.0,846.7937219730942,847.0,0,3,1.0358744394618835,21.740606775564434,A_recurring_strong_evidence
483052,441,474.0,63174.0,2022-04-23,2022-07-10,56,2,"Bengaluru, Mumbai",4,"2022-07, 2022-05, 2022-04, 2022-06",127.0,135.0,133.24036281179139,135.0,0,5,1.0748299319727892,3.3174886250233535,A_recurring_strong_evidence
404166,435,457.0,50781.0,2022-04-15,2022-06-07,13,3,"Bengaluru, Delhi, HR-NCR",2,"2022-04, 2022-06",111.0,120.0,111.18620689655172,111.0,0,3,1.0505747126436782,1.2825640733532482,A_recurring_strong_evidence
407618,428,446.0,182477.0,2022-06-01,2022-07-07,19,4,"Bengaluru, Delhi, HR-NCR, Mumbai",2,"2022-07, 2022-06",399.0,425.0,409.02570093457945,405.0,0,3,1.0420560747663552,8.277776643434754,A_recurring_strong_evidence
416050,428,470.0,37130.0,2022-05-04,2022-05-21,18,4,"Bengaluru, Delhi, HR-NCR, Mumbai",1,2022-05,79.0,79.0,79.0,79.0,0,10,1.0981308411214954,0.0,A_recurring_moderate_evidence
395779,426,616.0,30800.0,2022-05-13,2022-05-21,9,2,"Delhi, HR-NCR",1,2022-05,50.0,50.0,50.0,50.0,0,9,1.4460093896713615,0.0,A_recurring_moderate_evidence
460073,425,527.0,78043.0,2022-06-01,2022-06-08,8,4,"Bengaluru, Delhi, HR-NCR, Mumbai",1,2022-06,116.0,149.0,148.25176470588235,149.0,1,6,1.24,4.592359625033537,A_recurring_moderate_evidence
401194,421,424.0,21200.0,2022-04-01,2022-04-15,15,1,Bengaluru,1,2022-04,50.0,50.0,50.0,50.0,0,2,1.007125890736342,0.0,B_low_frequency
401295,413,467.0,26624.0,2022-06-01,2022-06-20,20,4,"Bengaluru, Delhi, HR-NCR, Mumbai",1,2022-06,57.0,58.0,57.012106537530265,57.0,1,4,1.1307506053268765,0.1094942844670142,A_recurring_moderate_evidence
482284,412,429.0,40450.0,2022-04-09,2022-05-21,39,2,"Delhi, HR-NCR",2,"2022-05, 2022-04",50.0,100.0,94.78155339805825,100.0,0,3,1.0412621359223302,15.30551320017538,A_recurring_strong_evidence
476154,411,423.0,98775.0,2022-04-01,2022-07-10,78,4,"Bengaluru, Delhi, HR-NCR, Mumbai",4,"2022-04, 2022-05, 2022-07, 2022-06",211.0,248.0,233.4428223844282,234.0,0,2,1.0291970802919708,4.817500193282633,A_recurring_strong_evidence
481941,410,432.0,50772.0,2022-04-07,2022-06-16,51,2,"Bengaluru, Mumbai",3,"2022-06, 2022-04, 2022-05",93.0,119.0,117.45853658536585,119.0,0,5,1.053658536585366,2.960124196971206,A_recurring_strong_evidence
482881,409,494.0,82889.0,2022-04-23,2022-06-19,43,2,"Bengaluru, Mumbai",3,"2022-06, 2022-05, 2022-04",66.0,210.0,168.72616136919316,164.0,0,10,1.2078239608801955,16.95115026415074,A_recurring_strong_evidence
33209,408,707.0,14140.0,2022-04-01,2022-06-15,53,2,"Delhi, HR-NCR",3,"2022-05, 2022-04, 2022-06",20.0,20.0,20.0,20.0,0,8,1.732843137254902,0.0,A_recurring_strong_evidence
403958,407,472.0,49560.0,2022-05-04,2022-05-21,18,4,"Bengaluru, Delhi, HR-NCR, Mumbai",1,2022-05,105.0,105.0,105.0,105.0,0,9,1.1597051597051597,0.0,A_recurring_moderate_evidence
481911,405,422.0,55112.0,2022-04-07,2022-06-07,48,2,"Bengaluru, Mumbai",3,"2022-06, 2022-05, 2022-04",100.0,186.0,131.0716049382716,113.0,0,4,1.0419753086419754,35.42922534513577,A_recurring_strong_evidence
483288,393,457.0,13304.0,2022-05-02,2022-05-21,20,4,"Bengaluru, Delhi, HR-NCR, Mumbai",1,2022-05,29.0,30.0,29.109414758269722,29.0,0,6,1.1628498727735368,0.31255679236757433,A_recurring_moderate_evidence
401271,390,456.0,25998.0,2022-06-01,2022-06-20,20,4,"Bengaluru, Delhi, HR-NCR, Mumbai",1,2022-06,57.0,58.0,57.01282051282051,57.0,1,6,1.1692307692307693,0.11264405157171933,A_recurring_moderate_evidence
483207,380,471.0,58911.0,2022-05-01,2022-05-21,21,4,"Bengaluru, Delhi, HR-NCR, Mumbai",1,2022-05,119.0,159.0,126.32631578947368,119.0,0,10,1.2394736842105263,15.439005604069653,A_recurring_moderate_evidence
481584,376,465.0,20148.0,2022-04-15,2022-05-21,37,1,Mumbai,2,"2022-04, 2022-05",43.0,44.0,43.388297872340424,43.0,0,5,1.2367021276595744,0.48801232399273914,A_recurring_moderate_evidence
476173,370,429.0,384026.0,2022-04-01,2022-07-10,51,4,"Bengaluru, Delhi, HR-NCR, Mumbai",4,"2022-05, 2022-07, 2022-04, 2022-06",750.0,900.0,896.4702702702702,900.0,0,5,1.1594594594594594,16.773331279241425,A_recurring_strong_evidence
388582,370,378.0,113911.0,2022-05-02,2022-07-07,12,4,"Bengaluru, Delhi, HR-NCR, Mumbai",3,"2022-05, 2022-07, 2022-06",276.0,369.0,301.43243243243245,295.0,1,3,1.0216216216216216,13.774491448450785,A_recurring_strong_evidence
404024,368,510.0,35700.0,2022-04-02,2022-06-20,65,2,"Bengaluru, Mumbai",3,"2022-05, 2022-04, 2022-06",70.0,70.0,70.0,70.0,0,7,1.3858695652173914,0.0,A_recurring_strong_evidence
482025,365,389.0,36899.0,2022-04-06,2022-06-20,63,2,"Bengaluru, Mumbai",3,"2022-06, 2022-04, 2022-05",61.0,97.0,94.77260273972603,97.0,0,9,1.0657534246575342,3.2699623730894887,A_recurring_strong_evidence
480876,362,381.0,50818.0,2022-05-05,2022-06-10,27,1,Bengaluru,2,"2022-06, 2022-05",128.0,188.0,133.3011049723757,128.0,0,3,1.0524861878453038,12.8808926281348,A_recurring_moderate_evidence
481450,349,360.0,28800.0,2022-04-05,2022-05-07,25,4,"Bengaluru, Delhi, HR-NCR, Mumbai",2,"2022-05, 2022-04",80.0,80.0,80.0,80.0,0,3,1.0315186246418337,0.0,A_recurring_strong_evidence
445674,349,360.0,27014.0,2022-04-01,2022-04-15,14,1,Bengaluru,1,2022-04,55.0,101.0,75.39828080229226,80.0,0,2,1.0315186246418337,19.456674457468623,B_low_frequency
413302,348,373.0,41403.0,2022-06-01,2022-06-07,7,4,"Bengaluru, Delhi, HR-NCR, Mumbai",1,2022-06,111.0,111.0,111.0,111.0,1,3,1.0718390804597702,0.0,A_recurring_moderate_evidence
483160,346,471.0,27789.0,2022-05-01,2022-05-21,21,4,"Bengaluru, Delhi, HR-NCR, Mumbai",1,2022-05,59.0,59.0,59.0,59.0,1,16,1.361271676300578,0.0,A_recurring_moderate_evidence
362989,338,404.0,180745.0,2022-04-01,2022-07-01,29,4,"Bengaluru, Delhi, HR-NCR, Mumbai",2,"2022-07, 2022-04",328.0,480.0,452.83727810650885,480.0,0,6,1.1952662721893492,38.22105197315083,A_recurring_strong_evidence
441458,338,341.0,40920.0,2022-05-07,2022-05-21,15,4,"Bengaluru, Delhi, HR-NCR, Mumbai",1,2022-05,120.0,120.0,120.0,120.0,0,3,1.0088757396449703,0.0,A_recurring_moderate_evidence
445189,338,363.0,34920.0,2022-04-01,2022-06-09,29,3,"Delhi, HR-NCR, Mumbai",3,"2022-05, 2022-04, 2022-06",51.0,99.0,96.05917159763314,99.0,0,4,1.0739644970414202,8.595219250866545,A_recurring_strong_evidence
467674,335,340.0,15384.0,2022-04-01,2022-06-19,69,2,"HR-NCR, Mumbai",3,"2022-06, 2022-05, 2022-04",35.0,54.0,45.46567164179105,48.0,0,3,1.0149253731343284,6.61004389630052,A_recurring_strong_evidence
483289,333,393.0,11431.0,2022-05-02,2022-05-21,20,4,"Bengaluru, Delhi, HR-NCR, Mumbai",1,2022-05,29.0,30.0,29.075075075075077,29.0,0,6,1.1801801801801801,0.26390900176808313,A_recurring_moderate_evidence
484565,331,370.0,63409.0,2022-05-21,2022-07-09,28,4,"Bengaluru, Delhi, HR-NCR, Mumbai",3,"2022-05, 2022-07, 2022-06",143.0,191.0,171.62839879154077,175.0,0,4,1.1178247734138973,7.230259027875855,A_recurring_strong_evidence
453615,330,384.0,115200.0,2022-04-02,2022-05-21,35,1,HR-NCR,2,"2022-05, 2022-04",300.0,300.0,300.0,300.0,0,5,1.1636363636363636,0.0,A_recurring_moderate_evidence
481476,327,374.0,14689.0,2022-04-14,2022-05-21,36,4,"Bengaluru, Delhi, HR-NCR, Mumbai",2,"2022-05, 2022-04",36.0,40.0,39.30275229357798,39.0,0,8,1.143730886850153,0.49854857722400975,A_recurring_strong_evidence
481914,323,334.0,41658.0,2022-04-07,2022-06-20,63,2,"Bengaluru, Mumbai",3,"2022-06, 2022-05, 2022-04",105.0,127.0,124.6749226006192,126.0,0,3,1.0340557275541795,3.1538534416262607,A_recurring_strong_evidence
464095,318,348.0,16923.0,2022-04-15,2022-05-21,37,3,"Bengaluru, Delhi, HR-NCR",2,"2022-04, 2022-05",48.0,50.0,48.606918238993714,49.0,0,3,1.0943396226415094,0.514351694094945,A_recurring_strong_evidence
483276,311,320.0,44057.0,2022-05-02,2022-05-21,20,3,"Delhi, HR-NCR, Mumbai",1,2022-05,119.0,159.0,137.89710610932477,139.0,0,4,1.0289389067524115,7.3235606084389495,A_recurring_moderate_evidence
292964,301,295.0,75946.0,2022-05-05,2022-06-18,33,1,HR-NCR,2,"2022-05, 2022-06",241.0,279.0,257.27906976744185,261.0,0,3,0.9800664451827242,7.605383650093943,A_recurring_moderate_evidence
483025,293,340.0,20044.0,2022-04-23,2022-06-20,48,2,"Bengaluru, Mumbai",3,"2022-06, 2022-05, 2022-04",23.0,61.0,59.184300341296925,61.0,0,5,1.1604095563139931,6.746396242858149,A_recurring_strong_evidence
483059,290,303.0,37737.0,2022-04-23,2022-05-21,29,4,"Bengaluru, Delhi, HR-NCR, Mumbai",2,"2022-05, 2022-04",116.0,125.0,124.49310344827586,125.0,0,4,1.0448275862068965,2.0381196019254544,A_recurring_strong_evidence
18842,290,338.0,11435.0,2022-04-02,2022-07-10,72,2,"Delhi, HR-NCR",4,"2022-05, 2022-04, 2022-06, 2022-07",22.0,60.0,33.92758620689655,32.0,0,3,1.1655172413793105,3.9527833084481276,A_recurring_strong_evidence
483234,285,323.0,112617.0,2022-05-01,2022-05-21,18,3,"Delhi, HR-NCR, Mumbai",1,2022-05,309.0,619.0,348.63157894736844,324.0,0,6,1.1333333333333333,52.35060285208777,A_recurring_moderate_evidence
483486,283,327.0,98100.0,2022-05-01,2022-05-21,21,4,"Bengaluru, Delhi, HR-NCR, Mumbai",1,2022-05,300.0,300.0,300.0,300.0,0,5,1.1554770318021201,0.0,A_recurring_moderate_evidence
485037,279,282.0,22278.0,2022-06-01,2022-06-08,8,2,"Delhi, HR-NCR",1,2022-06,79.0,79.0,79.0,79.0,0,2,1.010752688172043,0.0,A_recurring_moderate_evidence
425302,272,270.0,89002.0,2022-04-18,2022-07-10,18,4,"Bengaluru, Delhi, HR-NCR, Mumbai",3,"2022-07, 2022-04, 2022-06",6.0,390.0,326.8345588235294,323.0,0,2,0.9926470588235294,81.32322542276947,A_recurring_strong_evidence
441456,272,276.0,32520.0,2022-05-07,2022-05-21,15,4,"Bengaluru, Delhi, HR-NCR, Mumbai",1,2022-05,110.0,120.0,117.90441176470588,120.0,0,4,1.0147058823529411,4.077439824186384,A_recurring_moderate_evidence
377488,272,285.0,88391.0,2022-05-03,2022-07-07,30,4,"Bengaluru, Delhi, HR-NCR, Mumbai",3,"2022-05, 2022-07, 2022-06",303.0,337.0,310.41911764705884,303.0,0,3,1.0477941176470589,8.977261268493137,A_recurring_strong_evidence
483622,267,285.0,22515.0,2022-05-04,2022-05-21,18,4,"Bengaluru, Delhi, HR-NCR, Mumbai",1,2022-05,79.0,79.0,79.0,79.0,0,5,1.0674157303370786,0.0,A_recurring_moderate_evidence
10624,267,282.0,9424.0,2022-04-01,2022-04-21,15,4,"Bengaluru, Delhi, HR-NCR, Mumbai",1,2022-04,24.0,40.0,34.02247191011236,40.0,0,6,1.0561797752808988,6.713208047404894,A_recurring_moderate_evidence
56748,266,291.0,29168.0,2022-04-01,2022-06-10,44,4,"Bengaluru, Delhi, HR-NCR, Mumbai",3,"2022-06, 2022-05, 2022-04",60.0,107.0,100.36842105263158,100.0,0,3,1.093984962406015,3.8928549628349005,A_recurring_strong_evidence
483060,266,272.0,31693.0,2022-04-23,2022-05-21,29,4,"Bengaluru, Delhi, HR-NCR, Mumbai",2,"2022-04, 2022-05",107.0,117.0,116.58646616541354,117.0,0,3,1.0225563909774436,1.816601926462773,A_recurring_strong_evidence
485789,263,297.0,45529.0,2022-06-01,2022-07-07,11,4,"Bengaluru, Delhi, HR-NCR, Mumbai",2,"2022-07, 2022-06",127.0,160.0,153.2889733840304,151.0,1,4,1.129277566539924,5.177033112005403,A_recurring_strong_evidence
478621,262,287.0,7674.0,2022-04-01,2022-07-10,80,2,"Delhi, HR-NCR",4,"2022-06, 2022-04, 2022-05, 2022-07",21.0,27.0,26.717557251908396,27.0,1,4,1.0954198473282444,0.8777785367305979,A_recurring_strong_evidence
434479,261,741.0,152968.0,2022-04-16,2022-04-30,15,1,Bengaluru,1,2022-04,194.0,211.0,205.98467432950193,211.0,1,18,2.839080459770115,7.767768389886211,B_low_frequency
482525,261,358.0,19610.0,2022-04-15,2022-05-21,34,2,"Bengaluru, Mumbai",2,"2022-04, 2022-05",49.0,59.0,55.02681992337165,59.0,0,7,1.371647509578544,4.524638642832919,A_recurring_strong_evidence
182845,260,264.0,18738.0,2022-06-01,2022-07-10,16,2,"Delhi, HR-NCR",2,"2022-06, 2022-07",69.0,71.0,70.98461538461538,71.0,0,3,1.0153846153846153,0.1750726439236896,A_recurring_strong_evidence
398859,259,269.0,95115.0,2022-04-01,2022-07-09,71,4,"Bengaluru, Delhi, HR-NCR, Mumbai",4,"2022-07, 2022-06, 2022-05, 2022-04",215.0,404.0,352.7181467181467,349.0,0,4,1.0386100386100385,33.6300221580433,A_recurring_strong_evidence
482490,258,296.0,23315.0,2022-04-15,2022-05-21,36,2,"Delhi, HR-NCR",2,"2022-04, 2022-05",69.0,79.0,78.81007751937985,79.0,0,4,1.1472868217054264,1.3547636065989621,A_recurring_strong_evidence
5849,256,272.0,5665.0,2022-05-06,2022-06-20,35,1,Bengaluru,2,"2022-05, 2022-06",12.0,29.0,20.8359375,17.0,0,3,1.0625,4.8584308670800365,A_recurring_moderate_evidence
404209,254,279.0,19530.0,2022-06-01,2022-06-20,20,4,"Bengaluru, Delhi, HR-NCR, Mumbai",1,2022-06,70.0,70.0,70.0,70.0,1,4,1.0984251968503937,0.0,A_recurring_moderate_evidence
485774,252,262.0,50768.0,2022-06-01,2022-07-07,11,4,"Bengaluru, Delhi, HR-NCR, Mumbai",2,"2022-07, 2022-06",159.0,297.0,193.9920634920635,197.0,0,4,1.0396825396825398,14.017061903633559,A_recurring_strong_evidence
483493,250,263.0,59175.0,2022-05-09,2022-05-21,13,4,"Bengaluru, Delhi, HR-NCR, Mumbai",1,2022-05,225.0,225.0,225.0,225.0,0,4,1.052,0.0,A_recurring_moderate_evidence
405015,249,498.0,67198.0,2022-06-01,2022-06-08,8,4,"Bengaluru, Delhi, HR-NCR, Mumbai",1,2022-06,119.0,135.0,134.93574297188755,135.0,1,18,2.0,1.0139588008391642,A_recurring_moderate_evidence
292959,249,253.0,49856.0,2022-05-05,2022-06-17,34,1,HR-NCR,2,"2022-05, 2022-06",197.0,211.0,197.06024096385542,197.0,0,2,1.0160642570281124,0.8892194509933252,A_recurring_moderate_evidence
378444,246,259.0,14370.0,2022-04-14,2022-05-21,36,4,"Bengaluru, Delhi, HR-NCR, Mumbai",2,"2022-05, 2022-04",51.0,89.0,55.50406504065041,53.0,0,4,1.0528455284552845,9.761543858941481,A_recurring_strong_evidence
82328,244,267.0,31983.0,2022-04-01,2022-07-10,69,2,"Bengaluru, Mumbai",4,"2022-05, 2022-07, 2022-04, 2022-06",70.0,140.0,120.46311475409836,140.0,0,3,1.0942622950819672,31.02134324558561,A_recurring_strong_evidence
369094,242,384.0,18868.0,2022-04-01,2022-07-09,64,2,"Delhi, HR-NCR",4,"2022-04, 2022-05, 2022-06, 2022-07",42.0,50.0,49.247933884297524,50.0,0,17,1.5867768595041323,1.1897277608714392,A_recurring_strong_evidence
482982,239,253.0,29097.0,2022-04-23,2022-06-20,48,2,"Bengaluru, Mumbai",3,"2022-05, 2022-04, 2022-06",45.0,120.0,115.9581589958159,119.0,0,3,1.0585774058577406,12.894461971623295,A_recurring_strong_evidence
438264,237,286.0,16016.0,2022-05-07,2022-05-21,15,1,Mumbai,1,2022-05,56.0,56.0,56.0,56.0,1,6,1.2067510548523206,0.0,B_low_frequency
447201,227,256.0,78092.0,2022-05-01,2022-06-20,22,4,"Bengaluru, Delhi, HR-NCR, Mumbai",2,"2022-06, 2022-05",305.0,309.0,305.0352422907489,305.0,0,4,1.1277533039647578,0.37462702203285697,A_recurring_strong_evidence
392760,226,295.0,35687.0,2022-06-04,2022-06-08,5,4,"Bengaluru, Delhi, HR-NCR, Mumbai",1,2022-06,117.0,121.0,120.96460176991151,121.0,1,10,1.3053097345132743,0.375451219848521,A_recurring_moderate_evidence
482582,226,369.0,10962.0,2022-04-15,2022-05-21,35,1,Mumbai,2,"2022-05, 2022-04",29.0,30.0,29.74778761061947,30.0,0,6,1.6327433628318584,0.4352465140855224,A_recurring_moderate_evidence
432464,221,232.0,107969.0,2022-04-01,2022-06-15,56,4,"Bengaluru, Delhi, HR-NCR, Mumbai",3,"2022-05, 2022-04, 2022-06",380.0,528.0,465.20361990950227,474.0,0,3,1.0497737556561086,36.37793019151188,A_recurring_strong_evidence
483407,218,238.0,50429.0,2022-05-03,2022-05-21,19,4,"Bengaluru, Delhi, HR-NCR, Mumbai",1,2022-05,159.0,353.0,212.09633027522935,209.0,0,4,1.091743119266055,21.717815009231664,A_recurring_moderate_evidence
481943,217,221.0,23869.0,2022-04-07,2022-06-20,60,2,"Bengaluru, Mumbai",3,"2022-04, 2022-05, 2022-06",92.0,120.0,108.0552995391705,114.0,0,2,1.0184331797235022,12.145974871584299,A_recurring_strong_evidence
436910,216,248.0,34606.0,2022-04-01,2022-07-02,54,1,Mumbai,4,"2022-04, 2022-05, 2022-06, 2022-07",120.0,140.0,139.5648148148148,140.0,0,3,1.1481481481481481,2.857135166717841,A_recurring_moderate_evidence
484477,216,291.0,14019.0,2022-05-19,2022-06-20,23,1,Mumbai,2,"2022-05, 2022-06",45.0,89.0,48.25925925925926,45.0,0,4,1.3472222222222223,11.549988720719648,A_recurring_moderate_evidence
484503,215,311.0,311.0,2022-06-17,2022-07-02,6,2,"Delhi, HR-NCR",2,"2022-06, 2022-07",1.0,1.0,1.0,1.0,0,3,1.4465116279069767,0.0,A_recurring_strong_evidence
391939,215,234.0,133152.0,2022-06-07,2022-06-15,9,2,"Delhi, HR-NCR",1,2022-06,569.0,575.0,569.0279069767441,569.0,0,2,1.0883720930232559,0.4091966036822762,A_recurring_moderate_evidence
481940,214,217.0,24813.0,2022-04-07,2022-06-20,61,2,"Bengaluru, Mumbai",3,"2022-06, 2022-05, 2022-04",65.0,143.0,114.26168224299066,119.0,0,2,1.014018691588785,14.364364127283377,A_recurring_strong_evidence
404185,213,238.0,69020.0,2022-04-02,2022-06-20,66,4,"Bengaluru, Delhi, HR-NCR, Mumbai",3,"2022-05, 2022-04, 2022-06",290.0,290.0,290.0,290.0,0,3,1.1173708920187793,0.0,A_recurring_strong_evidence
411167,212,225.0,12565.0,2022-04-15,2022-05-21,35,4,"Bengaluru, Delhi, HR-NCR, Mumbai",2,"2022-05, 2022-04",51.0,89.0,55.95283018867924,53.0,0,3,1.0613207547169812,10.192816051566655,A_recurring_strong_evidence
481367,212,205.0,10575.0,2022-04-08,2022-06-18,41,1,HR-NCR,3,"2022-04, 2022-05, 2022-06",45.0,55.0,51.41509433962264,55.0,0,2,0.9669811320754716,4.727389036250623,A_recurring_moderate_evidence
484571,211,225.0,30532.0,2022-05-21,2022-07-06,27,4,"Bengaluru, Delhi, HR-NCR, Mumbai",3,"2022-07, 2022-06, 2022-05",123.0,150.0,135.9004739336493,130.0,0,2,1.066350710900474,9.12998981708258,A_recurring_strong_evidence
485725,210,463.0,20372.0,2022-06-01,2022-06-08,8,1,Mumbai,1,2022-06,44.0,44.0,44.0,44.0,1,23,2.204761904761905,0.0,B_low_frequency
482117,209,236.0,37880.0,2022-04-02,2022-06-20,66,4,"Bengaluru, Delhi, HR-NCR, Mumbai",3,"2022-06, 2022-05, 2022-04",160.0,190.0,160.57416267942583,160.0,0,6,1.1291866028708133,4.120248124570114,A_recurring_strong_evidence
484089,207,207.0,26379.0,2022-05-18,2022-06-20,23,4,"Bengaluru, Delhi, HR-NCR, Mumbai",2,"2022-05, 2022-06",87.0,130.0,127.43478260869566,128.0,1,1,1.0,3.1828343944680335,A_recurring_strong_evidence
434437,207,233.0,73821.0,2022-04-02,2022-06-10,35,2,"Delhi, HR-NCR",2,"2022-04, 2022-06",299.0,330.0,317.1207729468599,330.0,0,4,1.1256038647342994,15.313865263301926,A_recurring_strong_evidence
345052,204,215.0,192480.0,2022-04-05,2022-06-20,48,1,HR-NCR,3,"2022-06, 2022-05, 2022-04",760.0,960.0,892.2352941176471,912.0,0,8,1.053921568627451,83.7445301759812,A_recurring_moderate_evidence
365796,204,209.0,117374.0,2022-04-01,2022-06-15,59,4,"Bengaluru, Delhi, HR-NCR, Mumbai",3,"2022-06, 2022-05, 2022-04",497.0,611.0,561.9852941176471,571.0,1,3,1.0245098039215685,26.37200298218508,A_recurring_strong_evidence
403848,203,210.0,138054.0,2022-04-15,2022-06-08,19,1,Bengaluru,2,"2022-06, 2022-04",655.0,683.0,657.3448275862069,655.0,1,2,1.0344827586206897,7.775266086614086,A_recurring_moderate_evidence
395777,198,284.0,14200.0,2022-05-13,2022-05-21,9,2,"Delhi, HR-NCR",1,2022-05,50.0,50.0,50.0,50.0,1,6,1.4343434343434343,0.0,A_recurring_moderate_evidence
442440,190,195.0,32760.0,2022-04-12,2022-05-21,33,1,HR-NCR,2,"2022-04, 2022-05",168.0,168.0,168.0,168.0,1,2,1.0263157894736843,0.0,A_recurring_moderate_evidence
409927,186,201.0,12205.0,2022-04-07,2022-07-09,36,2,"Delhi, HR-NCR",4,"2022-06, 2022-04, 2022-07, 2022-05",51.0,64.0,60.74731182795699,61.0,0,3,1.0806451612903225,1.7102610136087861,A_recurring_strong_evidence
413322,183,187.0,56171.0,2022-06-01,2022-06-10,10,4,"Bengaluru, Delhi, HR-NCR, Mumbai",1,2022-06,297.0,305.0,300.3661202185792,297.0,1,3,1.0218579234972678,3.9602904942257555,A_recurring_moderate_evidence
405568,183,309.0,51206.0,2022-06-01,2022-06-08,8,4,"Bengaluru, Delhi, HR-NCR, Mumbai",1,2022-06,155.0,169.0,166.05464480874318,169.0,1,10,1.6885245901639345,5.650757778568028,A_recurring_moderate_evidence
484552,182,207.0,36935.0,2022-05-21,2022-07-06,26,3,"Delhi, HR-NCR, Mumbai",3,"2022-06, 2022-07, 2022-05",159.0,180.0,178.46153846153845,179.0,1,4,1.1373626373626373,3.281650616569468,A_recurring_strong_evidence
19578,179,180.0,13181.0,2022-04-03,2022-04-21,15,1,Bengaluru,1,2022-04,73.0,74.0,73.22905027932961,73.0,0,2,1.005586592178771,0.42140041106594894,B_low_frequency
455249,178,185.0,228465.0,2022-04-02,2022-06-08,45,4,"Bengaluru, Delhi, HR-NCR, Mumbai",3,"2022-06, 2022-04, 2022-05",1188.0,1286.0,1234.8651685393259,1234.0,0,2,1.0393258426966292,16.696148621313643,A_recurring_strong_evidence
481916,176,180.0,22266.0,2022-04-07,2022-06-20,55,2,"Bengaluru, Mumbai",3,"2022-06, 2022-04, 2022-05",120.0,127.0,123.66477272727273,125.0,0,3,1.0227272727272727,3.2699686244970017,A_recurring_strong_evidence
57,174,176.0,6160.0,2022-04-17,2022-06-15,35,1,Mumbai,3,"2022-04, 2022-06, 2022-05",35.0,35.0,35.0,35.0,0,2,1.0114942528735633,0.0,A_recurring_moderate_evidence
482492,173,179.0,14527.0,2022-04-15,2022-05-21,36,2,"Delhi, HR-NCR",2,"2022-05, 2022-04",79.0,89.0,80.97687861271676,79.0,0,2,1.0346820809248556,3.5828301097937336,A_recurring_strong_evidence
404169,170,183.0,20421.0,2022-04-15,2022-06-07,14,4,"Bengaluru, Delhi, HR-NCR, Mumbai",2,"2022-04, 2022-06",111.0,120.0,112.00588235294117,111.0,0,4,1.076470588235294,2.844067965015528,A_recurring_strong_evidence
459772,170,172.0,37290.0,2022-04-23,2022-07-10,34,3,"Delhi, HR-NCR, Mumbai",4,"2022-05, 2022-07, 2022-04, 2022-06",162.0,795.0,217.14117647058825,188.0,0,2,1.011764705882353,96.10474474813803,A_recurring_strong_evidence
483623,168,178.0,18690.0,2022-05-04,2022-05-21,18,4,"Bengaluru, Delhi, HR-NCR, Mumbai",1,2022-05,105.0,105.0,105.0,105.0,0,3,1.0595238095238095,0.0,A_recurring_moderate_evidence
479598,168,162.0,23786.0,2022-04-04,2022-06-19,55,2,"HR-NCR, Mumbai",3,"2022-04, 2022-05, 2022-06",93.0,150.0,146.9404761904762,150.0,0,2,0.9642857142857143,10.21487841774194,A_recurring_strong_evidence
483235,168,190.0,49306.0,2022-05-03,2022-05-19,15,3,"Bengaluru, Delhi, HR-NCR",1,2022-05,247.0,271.0,259.5952380952381,259.0,1,5,1.130952380952381,2.12269768265602,A_recurring_moderate_evidence
476961,168,200.0,5198.0,2022-04-01,2022-04-25,24,1,Mumbai,1,2022-04,22.0,38.0,25.964285714285715,24.0,0,5,1.1904761904761905,3.751076264145454,B_low_frequency
484555,167,185.0,30263.0,2022-05-21,2022-07-06,27,4,"Bengaluru, Delhi, HR-NCR, Mumbai",3,"2022-06, 2022-05, 2022-07",155.0,170.0,163.55089820359282,163.0,1,3,1.1077844311377245,1.9284136767955617,A_recurring_strong_evidence
404065,167,219.0,4380.0,2022-04-01,2022-06-13,20,2,"Delhi, HR-NCR",3,"2022-05, 2022-04, 2022-06",20.0,20.0,20.0,20.0,0,4,1.311377245508982,0.0,A_recurring_strong_evidence
481293,166,185.0,14147.0,2022-04-02,2022-06-20,38,1,Mumbai,2,"2022-04, 2022-06",63.0,80.0,76.57228915662651,80.0,0,4,1.1144578313253013,5.404057134772143,A_recurring_moderate_evidence
402207,165,215.0,184659.0,2022-04-01,2022-07-01,27,4,"Bengaluru, Delhi, HR-NCR, Mumbai",2,"2022-07, 2022-04",234.0,945.0,862.7636363636364,867.0,0,6,1.303030303030303,153.85199931756918,A_recurring_strong_evidence
466191,162,166.0,65999.0,2022-04-01,2022-07-10,60,4,"Bengaluru, Delhi, HR-NCR, Mumbai",4,"2022-05, 2022-07, 2022-04, 2022-06",326.0,450.0,397.98148148148147,400.0,1,2,1.0246913580246915,30.59989693122378,A_recurring_strong_evidence
453681,161,245.0,11835.0,2022-04-01,2022-07-10,64,3,"Bengaluru, Delhi, Mumbai",4,"2022-07, 2022-06, 2022-05, 2022-04",40.0,63.0,48.18633540372671,48.0,0,6,1.5217391304347827,4.918339365253403,A_recurring_strong_evidence
453880,161,165.0,8457.0,2022-05-03,2022-06-07,19,2,"Delhi, HR-NCR",2,"2022-05, 2022-06",42.0,70.0,51.11801242236025,43.0,0,2,1.0248447204968945,12.555565938054913,A_recurring_strong_evidence
405099,160,279.0,8091.0,2022-06-04,2022-06-08,5,2,"Delhi, HR-NCR",1,2022-06,29.0,29.0,29.0,29.0,1,13,1.74375,0.0,A_recurring_moderate_evidence
481915,160,165.0,19333.0,2022-04-08,2022-06-20,56,2,"Bengaluru, Mumbai",3,"2022-06, 2022-04, 2022-05",94.0,127.0,117.125,120.0,0,2,1.03125,10.788854020199846,A_recurring_strong_evidence
385024,159,159.0,9687.0,2022-04-15,2022-05-21,35,2,"Delhi, HR-NCR",2,"2022-05, 2022-04",58.0,69.0,60.924528301886795,59.0,0,2,1.0,3.9913627789333677,A_recurring_strong_evidence
483388,158,166.0,100860.0,2022-05-02,2022-06-02,21,4,"Bengaluru, Delhi, HR-NCR, Mumbai",2,"2022-05, 2022-06",579.0,773.0,607.8291139240506,603.0,0,2,1.0506329113924051,20.98291480847097,A_recurring_strong_evidence
484087,158,160.0,46213.0,2022-05-19,2022-06-20,22,4,"Bengaluru, Delhi, HR-NCR, Mumbai",2,"2022-06, 2022-05",258.0,349.0,288.80379746835445,291.0,1,2,1.0126582278481013,13.058642285996807,A_recurring_strong_evidence
457648,158,163.0,12225.0,2022-04-05,2022-05-13,34,4,"Bengaluru, Delhi, HR-NCR, Mumbai",2,"2022-05, 2022-04",75.0,75.0,75.0,75.0,0,3,1.0316455696202531,0.0,A_recurring_strong_evidence
482983,157,164.0,18075.0,2022-04-23,2022-06-20,46,2,"Bengaluru, Mumbai",3,"2022-05, 2022-04, 2022-06",65.0,119.0,110.26114649681529,118.0,0,2,1.0445859872611465,12.223950060736321,A_recurring_strong_evidence
483202,157,163.0,27055.0,2022-05-03,2022-05-21,19,4,"Bengaluru, Delhi, HR-NCR, Mumbai",1,2022-05,124.0,278.0,166.1464968152866,156.0,0,2,1.0382165605095541,26.3477277973818,A_recurring_moderate_evidence
483300,154,249.0,4740.0,2022-05-02,2022-05-06,5,4,"Bengaluru, Delhi, HR-NCR, Mumbai",1,2022-05,19.0,20.0,19.051948051948052,19.0,0,10,1.6168831168831168,0.22264622990068955,A_recurring_moderate_evidence
479603,153,145.0,24903.0,2022-04-04,2022-06-20,56,2,"HR-NCR, Mumbai",3,"2022-06, 2022-05, 2022-04",108.0,175.0,171.37908496732027,175.0,0,1,0.9477124183006536,11.8104584205938,A_recurring_strong_evidence
407799,152,188.0,18399.0,2022-05-02,2022-07-07,12,2,"Bengaluru, Delhi",3,"2022-07, 2022-05, 2022-06",95.0,100.0,97.79605263157895,97.0,1,6,1.236842105263158,1.117819636136987,A_recurring_strong_evidence
483335,151,182.0,37116.0,2022-05-02,2022-05-21,20,3,"Delhi, HR-NCR, Mumbai",1,2022-05,178.0,238.0,204.27152317880794,208.0,1,4,1.205298013245033,10.45238969476004,A_recurring_moderate_evidence
484553,148,165.0,38576.0,2022-06-01,2022-07-05,25,4,"Bengaluru, Delhi, HR-NCR, Mumbai",2,"2022-07, 2022-06",196.0,236.0,233.77027027027026,234.0,1,3,1.114864864864865,3.134392485472693,A_recurring_strong_evidence
421366,147,165.0,9854.0,2022-04-23,2022-06-19,43,2,"Bengaluru, Mumbai",3,"2022-06, 2022-04, 2022-05",23.0,62.0,59.64625850340136,61.0,1,3,1.1224489795918366,4.701796102581708,A_recurring_strong_evidence
483279,141,148.0,9620.0,2022-05-01,2022-06-08,10,1,Mumbai,2,"2022-05, 2022-06",65.0,65.0,65.0,65.0,1,4,1.049645390070922,0.0,A_recurring_moderate_evidence
481492,140,153.0,5439.0,2022-04-16,2022-05-21,27,4,"Bengaluru, Delhi, HR-NCR, Mumbai",2,"2022-04, 2022-05",35.0,40.0,35.67142857142857,35.0,0,6,1.0928571428571427,1.5888227266538448,A_recurring_strong_evidence
377036,139,145.0,100956.0,2022-06-04,2022-06-08,5,4,"Bengaluru, Delhi, HR-NCR, Mumbai",1,2022-06,686.0,764.0,696.6906474820144,686.0,1,4,1.0431654676258992,24.12372964917375,A_recurring_moderate_evidence
482146,138,146.0,11826.0,2022-04-02,2022-04-10,9,2,"Delhi, HR-NCR",1,2022-04,81.0,81.0,81.0,81.0,0,5,1.0579710144927537,0.0,A_recurring_moderate_evidence
455330,137,174.0,5046.0,2022-05-05,2022-05-21,17,1,Bengaluru,1,2022-05,29.0,29.0,29.0,29.0,0,4,1.27007299270073,0.0,B_low_frequency
402468,137,162.0,26010.0,2022-07-01,2022-07-10,10,2,"Delhi, HR-NCR",1,2022-07,117.0,199.0,159.62773722627736,181.0,0,3,1.1824817518248176,36.42518668434337,A_recurring_moderate_evidence
486037,133,135.0,14850.0,2022-06-03,2022-06-20,18,2,"Delhi, Mumbai",1,2022-06,110.0,110.0,110.0,110.0,1,2,1.0150375939849625,0.0,A_recurring_moderate_evidence
483173,133,196.0,34124.0,2022-05-02,2022-06-08,9,2,"Bengaluru, Mumbai",2,"2022-06, 2022-05",169.0,191.0,172.73684210526315,170.0,0,10,1.4736842105263157,7.193109852219171,A_recurring_strong_evidence
481318,131,148.0,17612.0,2022-04-08,2022-04-30,22,1,Bengaluru,1,2022-04,119.0,119.0,119.0,119.0,0,3,1.1297709923664123,0.0,B_low_frequency
438150,131,165.0,9075.0,2022-05-06,2022-07-02,33,2,"Delhi, HR-NCR",3,"2022-05, 2022-06, 2022-07",55.0,55.0,55.0,55.0,0,4,1.2595419847328244,0.0,A_recurring_strong_evidence
480902,130,138.0,41313.0,2022-04-02,2022-05-13,28,1,HR-NCR,2,"2022-04, 2022-05",243.0,318.0,299.5153846153846,294.0,1,2,1.0615384615384615,11.506138985213427,A_recurring_moderate_evidence
483058,128,154.0,18739.0,2022-04-23,2022-05-21,27,3,"Bengaluru, Delhi, Mumbai",2,"2022-05, 2022-04",116.0,125.0,121.515625,125.0,0,6,1.203125,4.240755346104254,A_recurring_strong_evidence
389240,128,137.0,25650.0,2022-05-01,2022-05-21,21,4,"Bengaluru, Delhi, HR-NCR, Mumbai",1,2022-05,126.0,204.0,187.484375,182.0,1,3,1.0703125,9.415169845963822,A_recurring_moderate_evidence
414181,126,148.0,23769.0,2022-04-01,2022-04-22,21,4,"Bengaluru, Delhi, HR-NCR, Mumbai",1,2022-04,135.0,168.0,160.45238095238096,168.0,1,4,1.1746031746031746,9.136832836695344,A_recurring_moderate_evidence
405605,125,188.0,27412.0,2022-06-04,2022-06-08,5,3,"Delhi, HR-NCR, Mumbai",1,2022-06,143.0,147.0,146.264,147.0,1,6,1.504,1.5561739682165487,A_recurring_moderate_evidence
27128,123,157.0,75373.0,2022-04-01,2022-06-01,26,1,Mumbai,3,"2022-04, 2022-05, 2022-06",469.0,544.0,480.2682926829268,478.0,0,6,1.2764227642276422,9.72075114375841,A_recurring_moderate_evidence
483192,122,140.0,25006.0,2022-05-02,2022-05-20,17,2,"Delhi, HR-NCR",1,2022-05,178.0,179.0,178.63934426229508,179.0,1,5,1.1475409836065573,0.482170947541176,A_recurring_moderate_evidence
484086,119,125.0,36272.0,2022-05-19,2022-06-20,22,4,"Bengaluru, Delhi, HR-NCR, Mumbai",2,"2022-05, 2022-06",275.0,294.0,290.1344537815126,291.0,1,3,1.050420168067227,3.8288033483678428,A_recurring_strong_evidence
483433,118,139.0,411725.0,2022-05-01,2022-07-06,18,1,Bengaluru,3,"2022-07, 2022-05, 2022-06",2899.0,3078.0,2962.14406779661,3000.0,1,4,1.1779661016949152,50.30051153054697,A_recurring_moderate_evidence
448180,118,155.0,34565.0,2022-05-02,2022-05-21,20,2,"Delhi, HR-NCR",1,2022-05,223.0,223.0,223.0,223.0,0,4,1.3135593220338984,0.0,A_recurring_moderate_evidence
406749,117,148.0,60358.0,2022-04-01,2022-07-01,28,4,"Bengaluru, Delhi, HR-NCR, Mumbai",2,"2022-07, 2022-04",334.0,420.0,407.53846153846155,420.0,0,5,1.264957264957265,30.355803416496954,A_recurring_strong_evidence
481403,114,195.0,3846.0,2022-04-16,2022-07-06,27,2,"Delhi, Mumbai",4,"2022-06, 2022-04, 2022-07, 2022-05",15.0,30.0,21.5,25.5,0,10,1.7105263157894737,5.918696938628252,A_recurring_strong_evidence
375292,112,118.0,37607.0,2022-04-02,2022-06-10,31,2,"Delhi, HR-NCR",2,"2022-06, 2022-04",299.0,330.0,318.92857142857144,330.0,1,3,1.0535714285714286,14.920639484468575,A_recurring_strong_evidence
378447,109,118.0,6396.0,2022-04-15,2022-05-21,28,2,"Bengaluru, Mumbai",2,"2022-05, 2022-04",51.0,89.0,54.321100917431195,53.0,0,3,1.0825688073394495,7.732663685021307,A_recurring_strong_evidence
379764,109,109.0,35970.0,2022-04-15,2022-06-20,43,4,"Bengaluru, Delhi, HR-NCR, Mumbai",3,"2022-04, 2022-05, 2022-06",330.0,330.0,330.0,330.0,0,2,1.0,0.0,A_recurring_strong_evidence
447169,109,118.0,39243.0,2022-04-01,2022-07-01,28,4,"Bengaluru, Delhi, HR-NCR, Mumbai",2,"2022-07, 2022-04",285.0,336.0,332.7522935779817,336.0,0,4,1.0825688073394495,12.457450517441176,A_recurring_strong_evidence
484638,108,184.0,3501.0,2022-05-21,2022-07-06,20,1,Bengaluru,3,"2022-05, 2022-06, 2022-07",19.0,20.0,19.046296296296298,19.0,1,5,1.7037037037037037,0.2111056456635257,A_recurring_moderate_evidence
463286,107,108.0,63845.0,2022-04-01,2022-06-15,49,4,"Bengaluru, Delhi, HR-NCR, Mumbai",3,"2022-05, 2022-06, 2022-04",500.0,647.0,591.1588785046729,591.0,1,2,1.0093457943925233,33.273069605831886,A_recurring_strong_evidence
481918,107,112.0,14933.0,2022-04-07,2022-06-20,51,2,"Bengaluru, Mumbai",3,"2022-04, 2022-05, 2022-06",100.0,194.0,134.28971962616822,117.0,0,2,1.0467289719626167,37.793133384951346,A_recurring_strong_evidence
477270,107,109.0,37293.0,2022-04-02,2022-06-17,52,3,"Delhi, HR-NCR, Mumbai",3,"2022-06, 2022-05, 2022-04",255.0,500.0,343.0747663551402,349.0,1,2,1.0186915887850467,52.23634622262719,A_recurring_strong_evidence
482500,107,108.0,8512.0,2022-04-15,2022-05-21,32,1,Bengaluru,2,"2022-04, 2022-05",59.0,79.0,78.81308411214954,79.0,0,2,1.0093457943925233,1.9334729780913271,A_recurring_moderate_evidence
425678,106,115.0,17809.0,2022-06-01,2022-06-20,20,4,"Bengaluru, Delhi, HR-NCR, Mumbai",1,2022-06,145.0,195.0,155.0566037735849,157.0,1,3,1.0849056603773586,8.778578026384396,A_recurring_moderate_evidence
482529,106,105.0,7805.0,2022-04-15,2022-06-08,30,2,"Bengaluru, Mumbai",3,"2022-06, 2022-05, 2022-04",69.0,89.0,74.28301886792453,69.0,0,1,0.9905660377358491,6.929240619400179,A_recurring_strong_evidence
484108,105,162.0,3071.0,2022-05-19,2022-06-20,22,4,"Bengaluru, Delhi, HR-NCR, Mumbai",2,"2022-06, 2022-05",18.0,20.0,18.933333333333334,19.0,1,22,1.542857142857143,0.286445949615773,A_recurring_strong_evidence
482426,105,108.0,53190.0,2022-04-13,2022-05-21,32,1,HR-NCR,2,"2022-04, 2022-05",491.0,497.0,492.42857142857144,491.0,1,2,1.0285714285714285,2.567762955065479,A_recurring_moderate_evidence
342870,103,105.0,62460.0,2022-04-01,2022-06-15,52,4,"Bengaluru, Delhi, HR-NCR, Mumbai",3,"2022-06, 2022-05, 2022-04",494.0,665.0,594.1941747572815,591.0,0,3,1.0194174757281553,41.741045359389965,A_recurring_strong_evidence
464954,102,105.0,18172.0,2022-05-20,2022-06-20,21,4,"Bengaluru, Delhi, HR-NCR, Mumbai",2,"2022-05, 2022-06",173.0,175.0,173.0686274509804,173.0,1,2,1.0294117647058822,0.2904351096240753,A_recurring_strong_evidence
481746,102,103.0,49440.0,2022-04-05,2022-05-21,33,1,HR-NCR,2,"2022-05, 2022-04",480.0,480.0,480.0,480.0,0,2,1.0098039215686274,0.0,A_recurring_moderate_evidence
401948,101,105.0,39019.0,2022-06-04,2022-06-08,5,4,"Bengaluru, Delhi, HR-NCR, Mumbai",1,2022-06,293.0,374.0,371.51485148514854,374.0,1,3,1.0396039603960396,9.395332736402832,A_recurring_moderate_evidence
117993,101,131.0,4990.0,2022-04-01,2022-05-04,33,2,"Delhi, HR-NCR",2,"2022-04, 2022-05",29.0,60.0,38.04950495049505,36.0,0,6,1.297029702970297,6.825505457654784,A_recurring_strong_evidence
391986,101,134.0,16214.0,2022-06-04,2022-06-08,5,1,Bengaluru,1,2022-06,121.0,121.0,121.0,121.0,1,6,1.3267326732673268,0.0,B_low_frequency
476152,100,101.0,33375.0,2022-04-01,2022-07-08,39,4,"Bengaluru, Delhi, HR-NCR, Mumbai",4,"2022-04, 2022-05, 2022-06, 2022-07",260.0,400.0,330.35,340.0,1,2,1.01,26.708820848384736,A_recurring_strong_evidence
483743,99,105.0,25200.0,2022-05-07,2022-05-21,15,4,"Bengaluru, Delhi, HR-NCR, Mumbai",1,2022-05,240.0,240.0,240.0,240.0,1,3,1.0606060606060606,0.0,A_recurring_moderate_evidence
378440,99,103.0,5771.0,2022-04-16,2022-05-21,29,2,"Bengaluru, Mumbai",2,"2022-04, 2022-05",51.0,89.0,55.82828282828283,53.0,0,2,1.0404040404040404,10.61000721694767,A_recurring_strong_evidence
477273,98,100.0,34390.0,2022-04-01,2022-06-19,55,4,"Bengaluru, Delhi, HR-NCR, Mumbai",3,"2022-06, 2022-04, 2022-05",290.0,400.0,344.9591836734694,349.0,1,2,1.0204081632653061,48.14516673290387,A_recurring_strong_evidence
485006,97,101.0,9699.0,2022-06-01,2022-06-08,8,1,Bengaluru,1,2022-06,89.0,99.0,96.01030927835052,99.0,1,2,1.041237113402062,4.601844841475773,B_low_frequency
370146,95,95.0,18766.0,2022-04-02,2022-04-28,26,4,"Bengaluru, Delhi, HR-NCR, Mumbai",1,2022-04,176.0,198.0,197.53684210526316,198.0,0,2,1.0,3.1750708697595305,A_recurring_moderate_evidence
27129,95,105.0,51063.0,2022-04-02,2022-06-05,28,1,Mumbai,3,"2022-06, 2022-04, 2022-05",480.0,565.0,484.29473684210524,480.0,0,5,1.105263157894737,16.725489328598883,A_recurring_moderate_evidence
482745,94,100.0,28700.0,2022-04-15,2022-04-30,16,1,HR-NCR,1,2022-04,287.0,287.0,287.0,287.0,0,4,1.0638297872340425,0.0,B_low_frequency
347214,93,103.0,83609.0,2022-04-19,2022-06-08,15,1,Mumbai,2,"2022-04, 2022-06",808.0,815.0,811.989247311828,815.0,1,5,1.10752688172043,3.484420679364194,A_recurring_moderate_evidence
401947,93,95.0,40570.0,2022-06-04,2022-06-08,5,4,"Bengaluru, Delhi, HR-NCR, Mumbai",1,2022-06,410.0,428.0,427.03225806451616,428.0,0,3,1.021505376344086,4.081910286232752,A_recurring_moderate_evidence
479609,93,88.0,9048.0,2022-04-08,2022-06-19,36,1,HR-NCR,3,"2022-06, 2022-05, 2022-04",81.0,105.0,102.6774193548387,105.0,0,1,0.946236559139785,6.739180201598807,A_recurring_moderate_evidence
482439,92,101.0,23026.0,2022-04-15,2022-06-20,43,4,"Bengaluru, Delhi, HR-NCR, Mumbai",3,"2022-06, 2022-05, 2022-04",137.0,307.0,227.44565217391303,216.0,1,3,1.0978260869565217,60.2347722091358,A_recurring_strong_evidence
486046,92,97.0,23280.0,2022-06-03,2022-06-10,8,2,"Delhi, HR-NCR",1,2022-06,240.0,240.0,240.0,240.0,0,2,1.0543478260869565,0.0,A_recurring_moderate_evidence
481741,91,92.0,53950.0,2022-04-14,2022-05-11,20,1,HR-NCR,2,"2022-05, 2022-04",300.0,675.0,574.1758241758242,650.0,0,6,1.010989010989011,146.4131591996197,A_recurring_moderate_evidence
466179,91,92.0,37221.0,2022-04-01,2022-07-10,55,4,"Bengaluru, Delhi, HR-NCR, Mumbai",4,"2022-04, 2022-05, 2022-06, 2022-07",326.0,450.0,404.4175824175824,400.0,0,2,1.010989010989011,27.086308937692706,A_recurring_strong_evidence
466187,90,90.0,35818.0,2022-04-01,2022-07-10,56,4,"Bengaluru, Delhi, HR-NCR, Mumbai",4,"2022-07, 2022-05, 2022-04, 2022-06",326.0,450.0,399.35555555555555,400.0,0,2,1.0,40.45452742294406,A_recurring_strong_evidence
95388,90,136.0,2040.0,2022-05-06,2022-06-12,15,3,"Bengaluru, Delhi, HR-NCR",2,"2022-06, 2022-05",15.0,15.0,15.0,15.0,1,6,1.511111111111111,0.0,A_recurring_strong_evidence
482984,90,95.0,10387.0,2022-04-23,2022-06-20,44,2,"Bengaluru, Mumbai",3,"2022-06, 2022-04, 2022-05",79.0,119.0,109.4888888888889,115.0,1,3,1.0555555555555556,12.413516052031047,A_recurring_strong_evidence
423152,90,87.0,49813.0,2022-04-01,2022-07-10,47,3,"Bengaluru, Delhi, HR-NCR",4,"2022-07, 2022-06, 2022-04, 2022-05",351.0,616.0,573.3444444444444,573.0,0,1,0.9666666666666667,46.20500510636159,A_recurring_strong_evidence
483314,88,92.0,20849.0,2022-05-03,2022-05-21,18,4,"Bengaluru, Delhi, HR-NCR, Mumbai",1,2022-05,209.0,357.0,225.60227272727272,211.0,1,2,1.0454545454545454,39.42358818169862,A_recurring_moderate_evidence
483379,87,96.0,7704.0,2022-05-01,2022-05-21,19,4,"Bengaluru, Delhi, HR-NCR, Mumbai",1,2022-05,79.0,103.0,80.37931034482759,79.0,1,3,1.103448275862069,5.205635093641078,A_recurring_moderate_evidence
374320,87,108.0,4856.0,2022-07-01,2022-07-06,6,4,"Bengaluru, Delhi, HR-NCR, Mumbai",1,2022-07,39.0,59.0,44.54022988505747,39.0,1,5,1.2413793103448276,8.97775622988743,A_recurring_moderate_evidence
485904,86,93.0,52923.0,2022-06-01,2022-06-20,20,4,"Bengaluru, Delhi, HR-NCR, Mumbai",1,2022-06,569.0,575.0,569.0697674418604,569.0,1,2,1.0813953488372092,0.6469966392206344,A_recurring_moderate_evidence
482985,85,88.0,10260.0,2022-04-23,2022-06-18,37,2,"Bengaluru, Mumbai",3,"2022-05, 2022-06, 2022-04",79.0,119.0,116.50588235294117,119.0,1,2,1.035294117647059,5.070041629893343,A_recurring_strong_evidence
480903,84,98.0,33418.0,2022-04-02,2022-05-04,28,1,HR-NCR,2,"2022-04, 2022-05",341.0,341.0,341.0,341.0,1,4,1.1666666666666667,0.0,A_recurring_moderate_evidence
455637,83,83.0,12405.0,2022-04-08,2022-04-15,8,4,"Bengaluru, Delhi, HR-NCR, Mumbai",1,2022-04,135.0,150.0,149.4578313253012,150.0,0,2,1.0,2.8167668926092277,A_recurring_moderate_evidence
446443,81,88.0,38020.0,2022-04-02,2022-06-19,33,1,Mumbai,2,"2022-04, 2022-06",417.0,449.0,431.3703703703704,431.0,0,5,1.0864197530864197,13.21404976194319,A_recurring_moderate_evidence
482517,81,89.0,4005.0,2022-04-15,2022-05-05,19,1,Mumbai,2,"2022-04, 2022-05",45.0,45.0,45.0,45.0,0,2,1.0987654320987654,0.0,A_recurring_moderate_evidence
483321,77,86.0,11554.0,2022-05-03,2022-05-21,19,4,"Bengaluru, Delhi, HR-NCR, Mumbai",1,2022-05,125.0,137.0,134.11688311688312,137.0,0,5,1.1168831168831168,3.966882728070474,A_recurring_moderate_evidence
482497,77,78.0,7722.0,2022-04-15,2022-06-08,31,2,"Delhi, HR-NCR",3,"2022-05, 2022-04, 2022-06",99.0,99.0,99.0,99.0,0,2,1.0129870129870129,0.0,A_recurring_strong_evidence
487180,76,77.0,33661.0,2022-07-01,2022-07-10,10,4,"Bengaluru, Delhi, HR-NCR, Mumbai",1,2022-07,419.0,496.0,437.39473684210526,419.0,1,2,1.013157894736842,31.489714277255015,A_recurring_moderate_evidence
457348,76,83.0,19005.0,2022-04-09,2022-04-15,7,4,"Bengaluru, Delhi, HR-NCR, Mumbai",1,2022-04,225.0,240.0,228.94736842105263,225.0,0,2,1.0921052631578947,6.649099662043686,A_recurring_moderate_evidence
484118,75,81.0,12421.0,2022-05-18,2022-06-20,22,4,"Bengaluru, Delhi, HR-NCR, Mumbai",2,"2022-05, 2022-06",153.0,155.0,153.32,153.0,1,2,1.08,0.7381496222750945,A_recurring_strong_evidence
481942,75,85.0,9414.0,2022-04-07,2022-06-20,42,2,"Bengaluru, Mumbai",3,"2022-04, 2022-06, 2022-05",45.0,127.0,115.68,116.0,1,7,1.1333333333333333,10.524309054806452,A_recurring_strong_evidence
424298,75,73.0,14156.0,2022-04-15,2022-05-16,21,4,"Bengaluru, Delhi, HR-NCR, Mumbai",2,"2022-05, 2022-04",171.0,317.0,193.93333333333334,190.0,0,2,0.9733333333333334,20.6229558091537,A_recurring_strong_evidence
482289,75,88.0,12320.0,2022-04-09,2022-04-30,22,2,"Bengaluru, Delhi",1,2022-04,140.0,140.0,140.0,140.0,1,4,1.1733333333333333,0.0,A_recurring_moderate_evidence
378441,75,78.0,4220.0,2022-04-18,2022-05-20,26,2,"Bengaluru, Mumbai",2,"2022-05, 2022-04",51.0,89.0,54.17333333333333,53.0,0,2,1.04,7.301190819817504,A_recurring_strong_evidence
484190,75,87.0,1632.0,2022-05-19,2022-06-20,22,3,"Bengaluru, Delhi, HR-NCR",2,"2022-05, 2022-06",18.0,19.0,18.773333333333333,19.0,1,3,1.16,0.4214945523463591,A_recurring_strong_evidence
485055,75,77.0,5313.0,2022-06-01,2022-06-08,8,2,"Delhi, HR-NCR",1,2022-06,69.0,69.0,69.0,69.0,1,2,1.0266666666666666,0.0,A_recurring_moderate_evidence
485051,70,86.0,6018.0,2022-06-01,2022-06-08,8,2,"Delhi, HR-NCR",1,2022-06,65.0,79.0,70.17142857142858,71.0,1,5,1.2285714285714286,3.035879303759938,A_recurring_moderate_evidence
485628,70,70.0,16608.0,2022-06-01,2022-06-08,8,4,"Bengaluru, Delhi, HR-NCR, Mumbai",1,2022-06,226.0,262.0,237.25714285714287,234.0,0,2,1.0,8.008484114074461,A_recurring_moderate_evidence
485198,67,71.0,4260.0,2022-06-01,2022-06-08,8,2,"Delhi, HR-NCR",1,2022-06,60.0,60.0,60.0,60.0,1,2,1.0597014925373134,0.0,A_recurring_moderate_evidence
481555,66,65.0,7800.0,2022-04-03,2022-04-30,26,4,"Bengaluru, Delhi, HR-NCR, Mumbai",1,2022-04,120.0,120.0,120.0,120.0,0,1,0.9848484848484849,0.0,A_recurring_moderate_evidence
464958,66,77.0,13204.0,2022-05-21,2022-06-20,20,4,"Bengaluru, Delhi, HR-NCR, Mumbai",2,"2022-06, 2022-05",161.0,174.0,171.4090909090909,173.0,1,6,1.1666666666666667,4.173090619035885,A_recurring_strong_evidence
396641,65,66.0,6762.0,2022-06-04,2022-06-08,5,4,"Bengaluru, Delhi, HR-NCR, Mumbai",1,2022-06,99.0,103.0,102.44615384615385,103.0,1,2,1.0153846153846153,1.3922864426767712,A_recurring_moderate_evidence
427969,65,93.0,6045.0,2022-05-03,2022-05-21,19,4,"Bengaluru, Delhi, HR-NCR, Mumbai",1,2022-05,65.0,65.0,65.0,65.0,0,4,1.4307692307692308,0.0,A_recurring_moderate_evidence
477271,65,64.0,22380.0,2022-04-03,2022-06-20,42,3,"Delhi, HR-NCR, Mumbai",3,"2022-06, 2022-05, 2022-04",292.0,450.0,348.8,349.0,0,1,0.9846153846153847,43.54387155501908,A_recurring_strong_evidence
482779,64,65.0,16079.0,2022-04-16,2022-04-30,15,3,"Bengaluru, Delhi, HR-NCR",1,2022-04,239.0,255.0,247.5,255.0,1,2,1.015625,8.047478161629565,A_recurring_moderate_evidence
401890,64,67.0,13174.0,2022-05-03,2022-05-07,5,3,"Bengaluru, Delhi, HR-NCR",1,2022-05,196.0,197.0,196.65625,197.0,0,3,1.046875,0.47871355387816955,A_recurring_moderate_evidence
438365,63,64.0,10150.0,2022-04-02,2022-05-21,34,4,"Bengaluru, Delhi, HR-NCR, Mumbai",2,"2022-04, 2022-05",148.0,169.0,158.44444444444446,160.0,0,2,1.0158730158730158,9.426759744639412,A_recurring_strong_evidence
488174,63,67.0,1347.0,2022-07-02,2022-07-10,9,2,"Delhi, HR-NCR",1,2022-07,20.0,21.0,20.11111111111111,20.0,1,2,1.0634920634920635,0.3167939755409944,A_recurring_moderate_evidence
479954,63,61.0,2336.0,2022-04-01,2022-05-11,30,1,Bengaluru,2,"2022-05, 2022-04",31.0,40.0,38.34920634920635,40.0,0,2,0.9682539682539683,2.952083628059308,A_recurring_moderate_evidence
396680,63,67.0,52823.0,2022-06-04,2022-06-08,5,4,"Bengaluru, Delhi, HR-NCR, Mumbai",1,2022-06,749.0,809.0,788.3650793650794,769.0,1,2,1.0634920634920635,20.62515031210259,A_recurring_moderate_evidence
436399,63,71.0,13916.0,2022-06-01,2022-06-11,10,4,"Bengaluru, Delhi, HR-NCR, Mumbai",1,2022-06,196.0,196.0,196.0,196.0,0,3,1.126984126984127,0.0,A_recurring_moderate_evidence
469210,63,64.0,14080.0,2022-06-03,2022-06-10,8,2,"Delhi, HR-NCR",1,2022-06,220.0,220.0,220.0,220.0,1,2,1.0158730158730158,0.0,A_recurring_moderate_evidence
405529,63,68.0,7140.0,2022-06-04,2022-06-08,5,2,"Delhi, HR-NCR",1,2022-06,105.0,105.0,105.0,105.0,1,2,1.0793650793650793,0.0,A_recurring_moderate_evidence
404019,62,93.0,6510.0,2022-05-07,2022-06-04,18,1,Bengaluru,2,"2022-06, 2022-05",70.0,70.0,70.0,70.0,1,6,1.5,0.0,A_recurring_moderate_evidence
359091,62,62.0,22224.0,2022-04-18,2022-07-04,38,2,"Delhi, HR-NCR",4,"2022-05, 2022-04, 2022-06, 2022-07",225.0,390.0,355.7903225806452,371.0,0,2,1.0,48.70356539167794,A_recurring_strong_evidence
483179,62,70.0,4550.0,2022-05-01,2022-05-21,20,4,"Bengaluru, Delhi, HR-NCR, Mumbai",1,2022-05,65.0,65.0,65.0,65.0,0,3,1.1290322580645162,0.0,A_recurring_moderate_evidence
486399,61,66.0,9572.0,2022-06-11,2022-06-20,9,4,"Bengaluru, Delhi, HR-NCR, Mumbai",1,2022-06,145.0,147.0,145.0327868852459,145.0,1,4,1.0819672131147542,0.2560737598657931,A_recurring_moderate_evidence
384702,61,64.0,7680.0,2022-04-02,2022-07-05,26,2,"Delhi, HR-NCR",3,"2022-07, 2022-05, 2022-04",120.0,120.0,120.0,120.0,1,2,1.0491803278688525,0.0,A_recurring_strong_evidence
396640,61,91.0,12649.0,2022-06-04,2022-06-08,5,4,"Bengaluru, Delhi, HR-NCR, Mumbai",1,2022-06,139.0,139.0,139.0,139.0,1,7,1.4918032786885247,0.0,A_recurring_moderate_evidence
455228,61,75.0,5518.0,2022-05-01,2022-06-20,21,4,"Bengaluru, Delhi, HR-NCR, Mumbai",2,"2022-06, 2022-05",63.0,75.0,73.65573770491804,74.0,0,4,1.2295081967213115,1.9822987153104143,A_recurring_strong_evidence
485562,60,61.0,6222.0,2022-06-01,2022-06-10,10,4,"Bengaluru, Delhi, HR-NCR, Mumbai",1,2022-06,102.0,102.0,102.0,102.0,1,2,1.0166666666666666,0.0,A_recurring_moderate_evidence
475166,60,86.0,4605.0,2022-04-01,2022-04-08,8,1,HR-NCR,1,2022-04,26.0,60.0,53.0,60.0,0,10,1.4333333333333333,12.906443010622281,B_low_frequency
486400,59,63.0,47944.0,2022-06-11,2022-06-19,9,1,HR-NCR,1,2022-06,760.0,768.0,760.8135593220339,760.0,1,2,1.0677966101694916,2.4387290094975898,B_low_frequency
483353,59,74.0,7192.0,2022-05-01,2022-05-21,19,4,"Bengaluru, Delhi, HR-NCR, Mumbai",1,2022-05,95.0,104.0,97.44067796610169,95.0,0,5,1.2542372881355932,3.223144675841078,A_recurring_moderate_evidence
485097,58,63.0,2875.0,2022-06-01,2022-06-08,8,2,"Bengaluru, Mumbai",1,2022-06,43.0,49.0,45.48275862068966,45.0,1,3,1.0862068965517242,1.8471540870797996,A_recurring_moderate_evidence
483492,58,61.0,13725.0,2022-05-10,2022-05-21,12,4,"Bengaluru, Delhi, HR-NCR, Mumbai",1,2022-05,225.0,225.0,225.0,225.0,1,2,1.0517241379310345,0.0,A_recurring_moderate_evidence
463285,58,57.0,33614.0,2022-04-01,2022-06-15,41,3,"Delhi, HR-NCR, Mumbai",3,"2022-05, 2022-04, 2022-06",500.0,625.0,590.0,591.0,0,1,0.9827586206896551,35.19718888296562,A_recurring_strong_evidence
481368,58,54.0,2726.0,2022-04-10,2022-06-16,27,1,HR-NCR,3,"2022-05, 2022-04, 2022-06",45.0,55.0,50.62068965517241,55.0,0,1,0.9310344827586207,4.919804539716382,A_recurring_moderate_evidence
476172,58,65.0,354667.0,2022-04-01,2022-07-09,27,3,"Bengaluru, Delhi, HR-NCR",4,"2022-04, 2022-05, 2022-07, 2022-06",5100.0,5567.0,5471.913793103448,5499.0,1,4,1.1206896551724137,90.44554133158502,A_recurring_strong_evidence
482499,57,62.0,3826.0,2022-04-15,2022-05-21,23,2,"Delhi, HR-NCR",2,"2022-04, 2022-05",61.0,67.0,61.73684210526316,61.0,0,3,1.087719298245614,1.1421520381260497,A_recurring_strong_evidence
482736,56,51.0,18360.0,2022-04-15,2022-04-30,16,1,HR-NCR,1,2022-04,360.0,360.0,360.0,360.0,0,3,0.9107142857142857,0.0,B_low_frequency
481550,56,53.0,11607.0,2022-04-02,2022-04-30,24,3,"Bengaluru, Delhi, Mumbai",1,2022-04,219.0,219.0,219.0,219.0,0,1,0.9464285714285714,0.0,A_recurring_moderate_evidence
482510,55,63.0,3617.0,2022-04-15,2022-05-21,25,2,"Delhi, HR-NCR",2,"2022-04, 2022-05",57.0,59.0,57.472727272727276,57.0,0,3,1.1454545454545455,0.8575275711914656,A_recurring_strong_evidence
455635,55,55.0,8130.0,2022-04-09,2022-04-15,7,4,"Bengaluru, Delhi, HR-NCR, Mumbai",1,2022-04,135.0,150.0,148.0909090909091,150.0,0,2,1.0,5.045249791095129,A_recurring_moderate_evidence
424213,55,52.0,22800.0,2022-04-17,2022-07-10,29,3,"Delhi, HR-NCR, Mumbai",4,"2022-05, 2022-07, 2022-04, 2022-06",420.0,440.0,438.54545454545456,440.0,0,1,0.9454545454545454,5.241635954045974,A_recurring_strong_evidence
481548,54,57.0,6840.0,2022-04-02,2022-04-29,15,4,"Bengaluru, Delhi, HR-NCR, Mumbai",1,2022-04,120.0,120.0,120.0,120.0,1,3,1.0555555555555556,0.0,A_recurring_moderate_evidence
480919,54,59.0,17067.0,2022-04-28,2022-06-02,20,1,HR-NCR,3,"2022-05, 2022-04, 2022-06",225.0,323.0,289.27777777777777,319.0,1,2,1.0925925925925926,40.762735788104536,A_recurring_moderate_evidence
484474,54,78.0,3822.0,2022-05-19,2022-05-21,3,4,"Bengaluru, Delhi, HR-NCR, Mumbai",1,2022-05,49.0,49.0,49.0,49.0,1,4,1.4444444444444444,0.0,A_recurring_moderate_evidence
466181,53,54.0,21829.0,2022-04-01,2022-07-09,39,4,"Bengaluru, Delhi, HR-NCR, Mumbai",4,"2022-05, 2022-07, 2022-04, 2022-06",326.0,450.0,405.7169811320755,400.0,1,2,1.0188679245283019,31.06220641928471,A_recurring_strong_evidence
403773,53,80.0,1186.0,2022-05-06,2022-06-12,15,2,"Delhi, HR-NCR",2,"2022-05, 2022-06",14.0,15.0,14.830188679245284,15.0,0,3,1.509433962264151,0.37906002450412524,A_recurring_strong_evidence
457649,52,52.0,3900.0,2022-04-05,2022-05-19,32,1,Mumbai,2,"2022-04, 2022-05",75.0,75.0,75.0,75.0,0,2,1.0,0.0,A_recurring_moderate_evidence
477561,52,52.0,29432.0,2022-04-01,2022-06-14,31,4,"Bengaluru, Delhi, HR-NCR, Mumbai",3,"2022-06, 2022-05, 2022-04",566.0,566.0,566.0,566.0,0,2,1.0,0.0,A_recurring_strong_evidence
402610,51,52.0,7540.0,2022-04-01,2022-04-17,14,1,Bengaluru,1,2022-04,145.0,145.0,145.0,145.0,1,2,1.0196078431372548,0.0,B_low_frequency
432775,51,53.0,1590.0,2022-05-15,2022-05-20,6,2,"Delhi, HR-NCR",1,2022-05,30.0,30.0,30.0,30.0,0,2,1.0392156862745099,0.0,A_recurring_moderate_evidence
481366,51,49.0,4392.0,2022-04-09,2022-06-15,27,1,HR-NCR,3,"2022-05, 2022-04, 2022-06",80.0,100.0,89.25490196078431,84.0,0,1,0.9607843137254902,9.878953663733627,A_recurring_moderate_evidence
480039,51,53.0,5300.0,2022-04-01,2022-05-18,23,1,Bengaluru,2,"2022-04, 2022-05",100.0,100.0,100.0,100.0,1,2,1.0392156862745099,0.0,A_recurring_moderate_evidence
466185,50,51.0,20406.0,2022-04-02,2022-07-10,37,4,"Bengaluru, Delhi, HR-NCR, Mumbai",4,"2022-04, 2022-05, 2022-07, 2022-06",326.0,450.0,401.6,400.0,1,2,1.02,31.86450907789904,A_recurring_strong_evidence
484580,50,51.0,5378.0,2022-05-21,2022-07-05,21,3,"Bengaluru, Delhi, HR-NCR",3,"2022-05, 2022-06, 2022-07",99.0,110.0,105.58,103.0,1,2,1.02,3.289376840679705,A_recurring_strong_evidence
485561,50,54.0,5994.0,2022-06-01,2022-06-10,10,4,"Bengaluru, Delhi, HR-NCR, Mumbai",1,2022-06,111.0,111.0,111.0,111.0,1,2,1.08,0.0,A_recurring_moderate_evidence
476627,50,51.0,12467.0,2022-04-03,2022-07-10,37,2,"Delhi, HR-NCR",4,"2022-04, 2022-06, 2022-07, 2022-05",120.0,375.0,242.6,225.0,1,2,1.02,73.42884936022998,A_recurring_strong_evidence
482519,50,57.0,3363.0,2022-04-17,2022-05-21,23,2,"Delhi, HR-NCR",2,"2022-05, 2022-04",59.0,59.0,59.0,59.0,0,2,1.14,0.0,A_recurring_strong_evidence
477631,48,61.0,3222.0,2022-04-01,2022-06-16,35,1,Mumbai,3,"2022-06, 2022-04, 2022-05",49.0,53.0,52.833333333333336,53.0,1,4,1.2708333333333333,0.6302087912488818,A_recurring_moderate_evidence
479955,48,52.0,1990.0,2022-04-01,2022-05-17,25,1,Bengaluru,2,"2022-04, 2022-05",31.0,40.0,38.604166666666664,40.0,0,3,1.0833333333333333,2.7501611816078526,A_recurring_moderate_evidence
432472,48,53.0,15105.0,2022-04-02,2022-04-30,26,4,"Bengaluru, Delhi, HR-NCR, Mumbai",1,2022-04,285.0,285.0,285.0,285.0,1,3,1.1041666666666667,0.0,A_recurring_moderate_evidence
481619,48,46.0,6210.0,2022-04-03,2022-05-04,24,3,"Delhi, HR-NCR, Mumbai",2,"2022-04, 2022-05",135.0,135.0,135.0,135.0,0,2,0.9583333333333334,0.0,A_recurring_moderate_evidence
447203,47,57.0,17385.0,2022-05-01,2022-06-19,17,4,"Bengaluru, Delhi, HR-NCR, Mumbai",2,"2022-06, 2022-05",305.0,305.0,305.0,305.0,0,3,1.2127659574468086,0.0,A_recurring_moderate_evidence
481917,47,49.0,5969.0,2022-04-07,2022-06-17,32,2,"Bengaluru, Mumbai",3,"2022-05, 2022-04, 2022-06",119.0,127.0,121.59574468085107,120.0,1,2,1.0425531914893618,2.626450526504851,A_recurring_moderate_evidence
429486,47,53.0,1272.0,2022-05-06,2022-06-10,16,2,"Delhi, HR-NCR",2,"2022-06, 2022-05",24.0,24.0,24.0,24.0,1,3,1.127659574468085,0.0,A_recurring_moderate_evidence
485775,46,48.0,17798.0,2022-06-01,2022-07-07,9,4,"Bengaluru, Delhi, HR-NCR, Mumbai",2,"2022-07, 2022-06",279.0,373.0,370.69565217391306,373.0,1,2,1.0434782608695652,13.93296580889669,A_recurring_moderate_evidence
481553,46,41.0,8979.0,2022-04-03,2022-04-28,17,2,"Bengaluru, Mumbai",1,2022-04,219.0,219.0,219.0,219.0,0,1,0.8913043478260869,0.0,A_recurring_moderate_evidence
294778,46,46.0,38706.0,2022-04-09,2022-05-21,25,1,HR-NCR,2,"2022-04, 2022-05",801.0,925.0,841.4347826086956,801.0,0,2,1.0,58.77098761725249,A_recurring_moderate_evidence
480920,46,51.0,13837.0,2022-04-28,2022-05-20,20,1,HR-NCR,2,"2022-05, 2022-04",225.0,323.0,272.2173913043478,271.0,1,2,1.108695652173913,43.201807083335076,A_recurring_moderate_evidence
483389,45,47.0,41929.0,2022-05-03,2022-06-08,12,3,"Bengaluru, Delhi, HR-NCR",2,"2022-06, 2022-05",814.0,940.0,890.8,903.0,1,2,1.0444444444444445,43.54130745103382,A_recurring_moderate_evidence
484540,45,47.0,8745.0,2022-05-21,2022-07-06,17,1,Bengaluru,3,"2022-06, 2022-07, 2022-05",183.0,189.0,186.2,189.0,1,2,1.0444444444444445,2.9123561220802263,A_recurring_moderate_evidence
482266,45,44.0,19834.0,2022-04-09,2022-04-28,18,4,"Bengaluru, Delhi, HR-NCR, Mumbai",1,2022-04,436.0,462.0,451.02222222222224,462.0,0,1,0.9777777777777777,12.986862048184912,A_recurring_moderate_evidence
484107,45,46.0,1192.0,2022-05-19,2022-06-20,17,3,"Bengaluru, Delhi, HR-NCR",2,"2022-06, 2022-05",22.0,30.0,26.0,29.0,1,2,1.0222222222222221,3.1622776601683795,A_recurring_moderate_evidence
405528,45,58.0,6090.0,2022-06-04,2022-06-08,5,3,"Bengaluru, Delhi, HR-NCR",1,2022-06,105.0,105.0,105.0,105.0,1,6,1.288888888888889,0.0,A_recurring_moderate_evidence
425676,45,46.0,9064.0,2022-04-05,2022-04-28,20,4,"Bengaluru, Delhi, HR-NCR, Mumbai",1,2022-04,176.0,198.0,197.0222222222222,198.0,1,2,1.0222222222222221,4.584999697079842,A_recurring_moderate_evidence
486038,45,48.0,5280.0,2022-06-03,2022-06-20,17,2,"Delhi, Mumbai",1,2022-06,110.0,110.0,110.0,110.0,1,3,1.0666666666666667,0.0,A_recurring_moderate_evidence
481549,44,45.0,9855.0,2022-04-02,2022-04-27,23,3,"Bengaluru, Delhi, Mumbai",1,2022-04,219.0,219.0,219.0,219.0,1,2,1.0227272727272727,0.0,A_recurring_moderate_evidence
482513,44,46.0,2275.0,2022-04-19,2022-05-21,20,2,"Delhi, HR-NCR",2,"2022-04, 2022-05",49.0,50.0,49.47727272727273,49.0,1,2,1.0454545454545454,0.5052577681363798,A_recurring_moderate_evidence
482520,44,46.0,3174.0,2022-04-15,2022-05-20,24,2,"Delhi, HR-NCR",2,"2022-05, 2022-04",69.0,69.0,69.0,69.0,0,2,1.0454545454545454,0.0,A_recurring_moderate_evidence
484483,44,74.0,2886.0,2022-05-19,2022-05-21,3,3,"Delhi, HR-NCR, Mumbai",1,2022-05,39.0,39.0,39.0,39.0,1,6,1.6818181818181819,0.0,A_recurring_moderate_evidence
482270,43,43.0,15385.0,2022-04-09,2022-04-30,19,1,Bengaluru,1,2022-04,349.0,370.0,357.7906976744186,349.0,1,1,1.0,10.48254362882561,B_low_frequency
481554,43,42.0,5040.0,2022-04-02,2022-04-30,27,4,"Bengaluru, Delhi, HR-NCR, Mumbai",1,2022-04,120.0,219.0,122.30232558139535,120.0,0,2,0.9767441860465116,15.097358462927863,A_recurring_moderate_evidence
481617,43,42.0,5670.0,2022-04-07,2022-05-06,21,3,"Delhi, HR-NCR, Mumbai",2,"2022-05, 2022-04",135.0,135.0,135.0,135.0,0,1,0.9767441860465116,0.0,A_recurring_moderate_evidence
456790,42,41.0,16222.0,2022-04-13,2022-04-30,18,4,"Bengaluru, Delhi, HR-NCR, Mumbai",1,2022-04,350.0,398.0,395.7142857142857,398.0,0,1,0.9761904761904762,10.345932897817018,A_recurring_moderate_evidence
485905,42,44.0,4928.0,2022-06-01,2022-06-10,10,4,"Bengaluru, Delhi, HR-NCR, Mumbai",1,2022-06,112.0,112.0,112.0,112.0,1,2,1.0476190476190477,0.0,A_recurring_moderate_evidence
483208,41,45.0,6915.0,2022-05-01,2022-05-02,2,3,"Bengaluru, Delhi, Mumbai",1,2022-05,149.0,154.0,153.6341463414634,154.0,1,3,1.0975609756097562,1.3182582744093743,A_recurring_moderate_evidence
484145,41,42.0,1623.0,2022-05-18,2022-06-20,19,4,"Bengaluru, Delhi, HR-NCR, Mumbai",2,"2022-06, 2022-05",37.0,40.0,38.68292682926829,39.0,1,2,1.024390243902439,0.7886388397182791,A_recurring_moderate_evidence
484139,41,44.0,2560.0,2022-05-21,2022-06-20,14,3,"Bengaluru, Delhi, HR-NCR",2,"2022-05, 2022-06",50.0,59.0,58.1219512195122,59.0,1,2,1.0731707317073171,2.703656061255014,A_recurring_moderate_evidence
481362,41,38.0,3484.0,2022-04-08,2022-06-15,25,1,HR-NCR,3,"2022-06, 2022-04, 2022-05",80.0,100.0,91.3170731707317,100.0,0,1,0.926829268292683,9.95600076433867,A_recurring_moderate_evidence
485677,40,45.0,11610.0,2022-06-02,2022-06-08,7,1,Bengaluru,1,2022-06,258.0,258.0,258.0,258.0,1,4,1.125,0.0,B_low_frequency
476156,40,43.0,9060.0,2022-07-08,2022-07-10,3,2,"Bengaluru, Mumbai",1,2022-07,168.0,248.0,210.675,212.0,1,4,1.075,11.43406404183659,A_recurring_moderate_evidence
481556,40,39.0,5265.0,2022-04-02,2022-04-30,22,3,"Bengaluru, Delhi, Mumbai",1,2022-04,135.0,135.0,135.0,135.0,0,1,0.975,0.0,A_recurring_moderate_evidence
481416,40,39.0,3360.0,2022-04-08,2022-06-16,24,1,HR-NCR,3,"2022-05, 2022-04, 2022-06",80.0,100.0,86.0,80.0,0,1,0.975,9.281909617845143,A_recurring_moderate_evidence
484133,39,39.0,7520.0,2022-05-20,2022-06-20,17,4,"Bengaluru, Delhi, HR-NCR, Mumbai",2,"2022-05, 2022-06",186.0,193.0,192.82051282051282,193.0,1,1,1.0,1.120897076635612,A_recurring_moderate_evidence
485560,39,41.0,6314.0,2022-06-01,2022-06-10,10,4,"Bengaluru, Delhi, HR-NCR, Mumbai",1,2022-06,154.0,154.0,154.0,154.0,1,2,1.0512820512820513,0.0,A_recurring_moderate_evidence
480918,39,45.0,9072.0,2022-04-29,2022-05-19,17,1,HR-NCR,2,"2022-05, 2022-04",180.0,234.0,200.76923076923077,180.0,1,3,1.1538461538461537,26.614659136867783,A_recurring_moderate_evidence
482987,38,39.0,4512.0,2022-04-23,2022-06-14,26,2,"Bengaluru, Mumbai",3,"2022-05, 2022-04, 2022-06",114.0,119.0,115.73684210526316,115.0,1,2,1.0263157894736843,2.15211034739588,A_recurring_moderate_evidence
482551,38,41.0,7537.0,2022-04-15,2022-06-16,24,2,"Bengaluru, Mumbai",3,"2022-06, 2022-05, 2022-04",177.0,185.0,183.73684210526315,185.0,1,3,1.0789473684210527,2.9562961718130554,A_recurring_moderate_evidence
483085,37,37.0,111.0,2022-06-17,2022-06-20,4,2,"Delhi, HR-NCR",1,2022-06,3.0,3.0,3.0,3.0,0,2,1.0,0.0,A_recurring_moderate_evidence
482986,37,39.0,4455.0,2022-04-23,2022-06-16,27,2,"Bengaluru, Mumbai",3,"2022-06, 2022-05, 2022-04",45.0,119.0,114.08108108108108,115.0,1,2,1.054054054054054,11.92890601852487,A_recurring_moderate_evidence
466184,37,37.0,10650.0,2022-04-05,2022-06-19,27,4,"Bengaluru, Delhi, HR-NCR, Mumbai",3,"2022-06, 2022-05, 2022-04",270.0,300.0,287.8378378378378,300.0,1,1,1.0,14.932279563850019,A_recurring_moderate_evidence
394646,37,39.0,6318.0,2022-05-01,2022-05-02,2,1,Delhi,1,2022-05,162.0,162.0,162.0,162.0,1,3,1.054054054054054,0.0,B_low_frequency
405006,37,37.0,16642.0,2022-04-04,2022-07-06,28,4,"Bengaluru, Delhi, HR-NCR, Mumbai",4,"2022-07, 2022-05, 2022-06, 2022-04",400.0,515.0,447.97297297297297,448.0,0,2,1.0,36.021202465034776,A_recurring_moderate_evidence
483265,36,38.0,3592.0,2022-05-01,2022-06-08,9,1,Mumbai,2,"2022-05, 2022-06",89.0,95.0,94.5,95.0,1,2,1.0555555555555556,1.6818357317441672,A_recurring_moderate_evidence
475900,36,38.0,4478.0,2022-04-01,2022-07-06,22,2,"Delhi, HR-NCR",3,"2022-04, 2022-06, 2022-07",73.0,120.0,117.72222222222223,120.0,1,2,1.0555555555555556,9.63212218453326,A_recurring_moderate_evidence
440248,35,33.0,6263.0,2022-04-01,2022-06-17,27,2,"Delhi, HR-NCR",3,"2022-06, 2022-05, 2022-04",189.0,190.0,189.8,190.0,0,1,0.9428571428571428,0.4058397249567133,A_recurring_moderate_evidence
484465,35,51.0,3009.0,2022-05-19,2022-06-17,14,2,"Delhi, HR-NCR",2,"2022-05, 2022-06",59.0,59.0,59.0,59.0,1,3,1.457142857142857,0.0,A_recurring_moderate_evidence
254121,35,37.0,8890.0,2022-05-05,2022-05-21,15,4,"Bengaluru, Delhi, HR-NCR, Mumbai",1,2022-05,218.0,250.0,240.28571428571428,250.0,1,2,1.0571428571428572,10.551195718611083,A_recurring_moderate_evidence
486398,35,38.0,3990.0,2022-06-11,2022-06-19,9,2,"Bengaluru, Mumbai",1,2022-06,105.0,105.0,105.0,105.0,1,2,1.0857142857142856,0.0,A_recurring_moderate_evidence
447198,34,38.0,11590.0,2022-05-01,2022-06-20,17,4,"Bengaluru, Delhi, HR-NCR, Mumbai",2,"2022-05, 2022-06",305.0,305.0,305.0,305.0,1,2,1.1176470588235294,0.0,A_recurring_moderate_evidence
476959,34,34.0,3334.0,2022-04-01,2022-04-07,7,1,Mumbai,1,2022-04,72.0,107.0,98.05882352941177,100.0,1,1,1.0,7.269451133758056,B_low_frequency
485746,34,45.0,2205.0,2022-06-01,2022-06-08,8,3,"Delhi, HR-NCR, Mumbai",1,2022-06,49.0,49.0,49.0,49.0,1,3,1.3235294117647058,0.0,A_recurring_moderate_evidence
482167,33,34.0,2408.0,2022-04-07,2022-04-30,15,2,"Bengaluru, Mumbai",1,2022-04,70.0,74.0,70.84848484848484,70.0,0,2,1.0303030303030303,1.660595001069122,A_recurring_moderate_evidence
423358,33,33.0,10502.0,2022-04-11,2022-06-12,24,1,Delhi,3,"2022-05, 2022-04, 2022-06",293.0,344.0,318.24242424242425,315.0,1,1,1.0,12.295909642616682,A_recurring_moderate_evidence
482434,33,36.0,7821.0,2022-04-15,2022-05-21,21,4,"Bengaluru, Delhi, HR-NCR, Mumbai",2,"2022-04, 2022-05",124.0,278.0,216.3030303030303,252.0,1,2,1.0909090909090908,58.743874600083224,A_recurring_moderate_evidence
431418,33,32.0,3200.0,2022-04-08,2022-04-30,16,4,"Bengaluru, Delhi, HR-NCR, Mumbai",1,2022-04,100.0,100.0,100.0,100.0,0,1,0.9696969696969697,0.0,A_recurring_moderate_evidence
267631,33,32.0,3264.0,2022-05-07,2022-06-04,12,2,"Delhi, HR-NCR",2,"2022-05, 2022-06",102.0,102.0,102.0,102.0,0,1,0.9696969696969697,0.0,A_recurring_moderate_evidence
485643,33,36.0,8028.0,2022-06-01,2022-06-08,8,1,Mumbai,1,2022-06,223.0,223.0,223.0,223.0,1,2,1.0909090909090908,0.0,B_low_frequency
445686,32,30.0,2698.0,2022-04-02,2022-06-11,24,2,"Delhi, HR-NCR",3,"2022-06, 2022-04, 2022-05",89.0,90.0,89.9375,90.0,0,1,0.9375,0.2459346884189813,A_recurring_moderate_evidence
486402,32,32.0,24352.0,2022-06-11,2022-06-19,9,1,HR-NCR,1,2022-06,760.0,768.0,761.0,760.0,1,1,1.0,2.688086020129007,B_low_frequency
484302,32,40.0,5189.0,2022-05-18,2022-06-20,15,4,"Bengaluru, Delhi, HR-NCR, Mumbai",2,"2022-05, 2022-06",97.0,140.0,129.09375,138.0,0,2,1.25,13.676821397839015,A_recurring_moderate_evidence
456788,32,32.0,12448.0,2022-04-13,2022-04-30,17,4,"Bengaluru, Delhi, HR-NCR, Mumbai",1,2022-04,350.0,398.0,389.0,398.0,1,1,1.0,19.034772933900765,A_recurring_moderate_evidence
483834,32,39.0,2191.0,2022-05-13,2022-06-20,18,1,Mumbai,2,"2022-05, 2022-06",49.0,69.0,56.5,49.0,1,2,1.21875,9.837387536759296,A_recurring_moderate_evidence
464122,32,32.0,7680.0,2022-04-09,2022-04-15,7,3,"Delhi, HR-NCR, Mumbai",1,2022-04,240.0,240.0,240.0,240.0,1,1,1.0,0.0,A_recurring_moderate_evidence
488166,32,37.0,1036.0,2022-07-02,2022-07-10,9,3,"Delhi, HR-NCR, Mumbai",1,2022-07,28.0,28.0,28.0,28.0,1,3,1.15625,0.0,A_recurring_moderate_evidence
407652,32,37.0,2695.0,2022-04-02,2022-05-17,19,3,"Delhi, HR-NCR, Mumbai",2,"2022-05, 2022-04",70.0,73.0,72.8125,73.0,1,3,1.15625,0.7378040652569462,A_recurring_moderate_evidence
485533,32,35.0,4270.0,2022-06-01,2022-06-11,8,1,Delhi,1,2022-06,122.0,122.0,122.0,122.0,1,3,1.09375,0.0,B_low_frequency
487178,31,31.0,13935.0,2022-07-01,2022-07-10,9,3,"Bengaluru, Delhi, Mumbai",1,2022-07,419.0,496.0,449.51612903225805,419.0,1,1,1.0,36.1910402979724,A_recurring_moderate_evidence
481618,31,31.0,4185.0,2022-04-04,2022-04-30,20,3,"Delhi, HR-NCR, Mumbai",1,2022-04,135.0,135.0,135.0,135.0,1,1,1.0,0.0,A_recurring_moderate_evidence
484121,31,32.0,7426.0,2022-05-19,2022-06-20,17,4,"Bengaluru, Delhi, HR-NCR, Mumbai",2,"2022-05, 2022-06",232.0,233.0,232.06451612903226,232.0,1,2,1.032258064516129,0.24973103811470934,A_recurring_moderate_evidence
104459,31,36.0,33674.0,2022-04-03,2022-06-05,23,1,Mumbai,3,"2022-04, 2022-05, 2022-06",924.0,945.0,935.1290322580645,937.0,1,3,1.1612903225806452,5.0711072787171485,A_recurring_moderate_evidence
460025,31,36.0,7484.0,2022-04-03,2022-05-20,23,4,"Bengaluru, Delhi, HR-NCR, Mumbai",2,"2022-05, 2022-04",198.0,213.0,208.80645161290323,211.0,1,5,1.1612903225806452,5.6652117044214645,A_recurring_moderate_evidence
416677,31,41.0,4540.0,2022-05-02,2022-05-14,7,3,"Delhi, HR-NCR, Mumbai",1,2022-05,95.0,139.0,114.58064516129032,125.0,0,4,1.3225806451612903,17.85828322011644,A_recurring_moderate_evidence
435077,30,29.0,2141.0,2022-05-06,2022-06-12,16,2,"Delhi, HR-NCR",2,"2022-06, 2022-05",67.0,89.0,74.33333333333333,67.0,0,1,0.9666666666666667,10.548192632678452,A_recurring_moderate_evidence
486033,30,31.0,3720.0,2022-06-03,2022-06-20,17,3,"Bengaluru, Delhi, Mumbai",1,2022-06,120.0,120.0,120.0,120.0,1,2,1.0333333333333334,0.0,A_recurring_moderate_evidence
484482,30,39.0,1525.0,2022-05-19,2022-05-21,3,4,"Bengaluru, Delhi, HR-NCR, Mumbai",1,2022-05,39.0,43.0,39.13333333333333,39.0,1,4,1.3,0.7302967433402223,A_recurring_moderate_evidence
482618,30,30.0,17194.0,2022-04-13,2022-06-13,23,4,"Bengaluru, Delhi, HR-NCR, Mumbai",3,"2022-06, 2022-04, 2022-05",543.0,634.0,573.1333333333333,588.0,1,1,1.0,32.261574595829934,A_recurring_moderate_evidence
486030,30,32.0,5120.0,2022-06-03,2022-06-20,17,3,"Bengaluru, Delhi, HR-NCR",1,2022-06,160.0,160.0,160.0,160.0,1,2,1.0666666666666667,0.0,A_recurring_moderate_evidence
463284,30,28.0,19202.0,2022-04-01,2022-06-11,25,4,"Bengaluru, Delhi, HR-NCR, Mumbai",3,"2022-06, 2022-05, 2022-04",595.0,771.0,683.4333333333333,670.0,0,1,0.9333333333333333,52.01835440882666,A_recurring_moderate_evidence
483347,30,41.0,1189.0,2022-05-13,2022-06-07,13,4,"Bengaluru, Delhi, HR-NCR, Mumbai",2,"2022-05, 2022-06",29.0,29.0,29.0,29.0,0,4,1.3666666666666667,0.0,A_recurring_moderate_evidence
480905,30,31.0,26708.0,2022-04-02,2022-05-21,21,1,HR-NCR,2,"2022-05, 2022-04",848.0,918.0,862.0,848.0,1,2,1.0333333333333334,28.478667152074042,A_recurring_moderate_evidence
436933,29,27.0,9423.0,2022-04-08,2022-07-10,21,4,"Bengaluru, Delhi, HR-NCR, Mumbai",4,"2022-07, 2022-06, 2022-05, 2022-04",349.0,349.0,349.0,349.0,0,1,0.9310344827586207,0.0,A_recurring_moderate_evidence
481363,28,25.0,1774.0,2022-04-10,2022-06-12,19,1,HR-NCR,3,"2022-06, 2022-04, 2022-05",60.0,80.0,70.03571428571429,67.0,0,1,0.8928571428571429,9.674258102886744,A_recurring_moderate_evidence
482107,28,29.0,17400.0,2022-04-08,2022-05-21,20,1,HR-NCR,2,"2022-04, 2022-05",600.0,600.0,600.0,600.0,1,2,1.0357142857142858,0.0,A_recurring_moderate_evidence
481557,28,27.0,3645.0,2022-04-02,2022-04-28,20,2,"Bengaluru, Mumbai",1,2022-04,135.0,135.0,135.0,135.0,0,1,0.9642857142857143,0.0,A_recurring_moderate_evidence
403903,28,30.0,5370.0,2022-05-01,2022-05-02,2,3,"Bengaluru, Delhi, Mumbai",1,2022-05,172.0,188.0,179.35714285714286,174.0,0,3,1.0714285714285714,7.098326801876858,A_recurring_moderate_evidence
484099,28,28.0,9043.0,2022-06-03,2022-06-19,15,3,"Bengaluru, HR-NCR, Mumbai",1,2022-06,295.0,324.0,322.9642857142857,324.0,1,1,1.0,5.480484858633794,A_recurring_moderate_evidence
458956,28,32.0,12720.0,2022-04-01,2022-06-11,22,2,"Bengaluru, Delhi",3,"2022-06, 2022-04, 2022-05",380.0,420.0,398.57142857142856,380.0,0,3,1.1428571428571428,20.314980007334814,A_recurring_moderate_evidence
484752,28,29.0,580.0,2022-06-10,2022-06-20,9,2,"Delhi, HR-NCR",1,2022-06,20.0,20.0,20.0,20.0,0,5,1.0357142857142858,0.0,A_recurring_moderate_evidence
391918,28,29.0,3024.0,2022-04-05,2022-06-19,22,4,"Bengaluru, Delhi, HR-NCR, Mumbai",3,"2022-06, 2022-04, 2022-05",84.0,169.0,104.67857142857143,93.0,1,2,1.0357142857142858,30.749951606620844,A_recurring_moderate_evidence
482140,27,26.0,6214.0,2022-04-03,2022-05-21,21,4,"Bengaluru, Delhi, HR-NCR, Mumbai",2,"2022-05, 2022-04",229.0,255.0,238.62962962962962,229.0,0,1,0.9629629629629629,12.794674818208694,A_recurring_moderate_evidence
482281,27,30.0,20910.0,2022-04-14,2022-05-21,18,3,"Bengaluru, Delhi, HR-NCR",2,"2022-05, 2022-04",697.0,697.0,697.0,697.0,1,2,1.1111111111111112,0.0,A_recurring_moderate_evidence
486035,27,29.0,3190.0,2022-06-03,2022-06-20,16,2,"Delhi, Mumbai",1,2022-06,110.0,110.0,110.0,110.0,1,2,1.0740740740740742,0.0,A_recurring_moderate_evidence
406888,27,28.0,5508.0,2022-05-03,2022-05-07,5,3,"Bengaluru, Delhi, HR-NCR",1,2022-05,195.0,197.0,196.74074074074073,197.0,1,2,1.037037037037037,0.5256931389634799,A_recurring_moderate_evidence
485012,27,27.0,2673.0,2022-06-01,2022-06-08,7,2,"Delhi, HR-NCR",1,2022-06,99.0,99.0,99.0,99.0,1,1,1.0,0.0,A_recurring_moderate_evidence
463283,27,26.0,14529.0,2022-04-03,2022-06-12,21,4,"Bengaluru, Delhi, HR-NCR, Mumbai",3,"2022-06, 2022-04, 2022-05",473.0,634.0,563.1851851851852,559.0,0,2,0.9629629629629629,39.52120855851862,A_recurring_moderate_evidence
431621,27,28.0,700.0,2022-05-07,2022-06-05,10,2,"Delhi, HR-NCR",2,"2022-05, 2022-06",25.0,25.0,25.0,25.0,0,2,1.037037037037037,0.0,A_recurring_moderate_evidence
482541,26,21.0,1269.0,2022-04-15,2022-05-19,13,2,"Bengaluru, Mumbai",2,"2022-05, 2022-04",59.0,69.0,60.15384615384615,59.0,0,2,0.8076923076923077,3.258125936084211,A_recurring_moderate_evidence
468239,26,26.0,11505.0,2022-04-07,2022-04-30,14,3,"Bengaluru, Delhi, Mumbai",1,2022-04,380.0,445.0,442.5,445.0,1,1,1.0,12.747548783981962,A_recurring_moderate_evidence
484114,26,29.0,10105.0,2022-05-19,2022-06-20,16,3,"Bengaluru, Delhi, HR-NCR",2,"2022-05, 2022-06",333.0,349.0,348.38461538461536,349.0,1,2,1.1153846153846154,3.1378581622109434,A_recurring_moderate_evidence
484228,26,27.0,6781.0,2022-05-19,2022-06-20,14,4,"Bengaluru, Delhi, HR-NCR, Mumbai",2,"2022-05, 2022-06",249.0,253.0,251.15384615384616,251.0,1,2,1.0384615384615385,0.7844645405527377,A_recurring_moderate_evidence
482288,26,26.0,2392.0,2022-04-10,2022-04-30,11,3,"Delhi, HR-NCR, Mumbai",1,2022-04,92.0,92.0,92.0,92.0,0,2,1.0,0.0,A_recurring_moderate_evidence
482286,25,23.0,2116.0,2022-04-19,2022-04-30,9,3,"Delhi, HR-NCR, Mumbai",1,2022-04,92.0,92.0,92.0,92.0,0,1,0.92,0.0,A_recurring_moderate_evidence
56864,25,24.0,6480.0,2022-04-13,2022-06-06,18,2,"Delhi, HR-NCR",3,"2022-04, 2022-05, 2022-06",270.0,270.0,270.0,270.0,0,1,0.96,0.0,A_recurring_moderate_evidence
479779,25,27.0,5052.0,2022-04-01,2022-06-08,19,2,"Delhi, HR-NCR",3,"2022-05, 2022-04, 2022-06",176.0,190.0,187.12,190.0,1,2,1.08,3.6891733491393444,A_recurring_moderate_evidence
466189,25,25.0,10250.0,2022-04-07,2022-06-17,23,3,"Delhi, HR-NCR, Mumbai",3,"2022-06, 2022-04, 2022-05",400.0,450.0,410.0,400.0,1,1,1.0,20.41241452319315,A_recurring_moderate_evidence
384948,25,26.0,5890.0,2022-04-01,2022-05-15,18,2,"Delhi, HR-NCR",2,"2022-04, 2022-05",131.0,299.0,225.0,165.0,0,2,1.04,71.62576352123585,A_recurring_moderate_evidence
484300,25,26.0,3484.0,2022-05-19,2022-06-20,15,4,"Bengaluru, Delhi, HR-NCR, Mumbai",2,"2022-05, 2022-06",116.0,140.0,133.84,138.0,1,2,1.04,8.716268314670753,A_recurring_moderate_evidence
483467,25,25.0,6525.0,2022-05-01,2022-05-15,6,4,"Bengaluru, Delhi, HR-NCR, Mumbai",1,2022-05,261.0,261.0,261.0,261.0,1,1,1.0,0.0,A_recurring_moderate_evidence
482916,24,45.0,450.0,2022-06-19,2022-07-10,3,2,"Delhi, HR-NCR",2,"2022-06, 2022-07",10.0,10.0,10.0,10.0,0,3,1.875,0.0,A_recurring_moderate_evidence
487179,24,26.0,11552.0,2022-07-01,2022-07-10,9,3,"Bengaluru, Delhi, Mumbai",1,2022-07,419.0,496.0,446.4166666666667,419.0,1,3,1.0833333333333333,35.74415934857374,A_recurring_moderate_evidence
480041,24,23.0,1355.0,2022-04-01,2022-05-21,19,1,Bengaluru,2,"2022-05, 2022-04",35.0,60.0,58.958333333333336,60.0,0,1,0.9583333333333334,5.103103630798288,A_recurring_moderate_evidence
483214,24,49.0,9898.0,2022-05-01,2022-05-02,2,2,"Bengaluru, Mumbai",1,2022-05,202.0,202.0,202.0,202.0,1,10,2.0416666666666665,0.0,A_recurring_moderate_evidence
484124,24,27.0,4677.0,2022-05-18,2022-06-19,15,3,"Bengaluru, Delhi, HR-NCR",2,"2022-05, 2022-06",173.0,175.0,173.25,173.0,1,2,1.125,0.531609533071194,A_recurring_moderate_evidence
482743,23,33.0,11814.0,2022-04-18,2022-04-30,11,1,HR-NCR,1,2022-04,358.0,358.0,358.0,358.0,1,5,1.434782608695652,0.0,B_low_frequency
407653,23,28.0,2803.0,2022-04-02,2022-05-11,17,3,"Delhi, HR-NCR, Mumbai",2,"2022-05, 2022-04",85.0,103.0,100.65217391304348,103.0,1,2,1.2173913043478262,4.867412002773453,A_recurring_moderate_evidence
437962,23,23.0,1594.0,2022-05-06,2022-06-18,16,2,"Delhi, HR-NCR",2,"2022-05, 2022-06",69.0,70.0,69.30434782608695,69.0,1,1,1.0,0.47047196889696385,A_recurring_moderate_evidence
5859,23,18.0,867.0,2022-04-01,2022-04-24,11,2,"Delhi, HR-NCR",1,2022-04,36.0,71.0,49.78260869565217,50.0,0,2,0.782608695652174,10.522514916031374,A_recurring_moderate_evidence
401961,23,22.0,17634.0,2022-04-02,2022-05-07,17,3,"Bengaluru, Delhi, Mumbai",2,"2022-05, 2022-04",750.0,813.0,802.0434782608696,813.0,0,1,0.9565217391304348,24.41586343654016,A_recurring_moderate_evidence
486014,23,25.0,6151.0,2022-06-02,2022-06-08,6,4,"Bengaluru, Delhi, HR-NCR, Mumbai",1,2022-06,243.0,247.0,246.1304347826087,247.0,1,2,1.0869565217391304,1.6869646713465996,A_recurring_moderate_evidence
481369,23,20.0,2902.0,2022-04-09,2022-06-20,21,1,HR-NCR,3,"2022-04, 2022-05, 2022-06",130.0,160.0,147.04347826086956,160.0,0,1,0.8695652173913043,15.110135854240255,A_recurring_moderate_evidence
414177,23,29.0,4427.0,2022-05-03,2022-05-21,13,3,"Delhi, HR-NCR, Mumbai",1,2022-05,151.0,155.0,152.69565217391303,152.0,1,3,1.2608695652173914,1.3292096971404965,A_recurring_moderate_evidence
402602,22,22.0,1100.0,2022-04-02,2022-04-13,11,1,Bengaluru,1,2022-04,50.0,50.0,50.0,50.0,1,1,1.0,0.0,B_low_frequency
429485,22,27.0,648.0,2022-06-01,2022-06-12,10,2,"Delhi, HR-NCR",1,2022-06,24.0,24.0,24.0,24.0,1,2,1.2272727272727273,0.0,A_recurring_moderate_evidence
357644,22,24.0,6053.0,2022-04-02,2022-05-21,16,2,"Delhi, HR-NCR",2,"2022-04, 2022-05",160.0,306.0,250.77272727272728,282.0,1,2,1.0909090909090908,55.862016926216825,A_recurring_moderate_evidence
483130,22,24.0,9506.0,2022-04-25,2022-06-01,15,4,"Bengaluru, Delhi, HR-NCR, Mumbai",3,"2022-05, 2022-04, 2022-06",388.0,485.0,396.8181818181818,388.0,1,3,1.0909090909090908,28.54175948732024,A_recurring_moderate_evidence
486032,21,23.0,2530.0,2022-06-07,2022-06-20,10,2,"Delhi, Mumbai",1,2022-06,110.0,110.0,110.0,110.0,1,2,1.0952380952380953,0.0,A_recurring_moderate_evidence
483221,21,25.0,3700.0,2022-05-01,2022-05-02,2,2,"Delhi, Mumbai",1,2022-05,148.0,148.0,148.0,148.0,1,4,1.1904761904761905,0.0,A_recurring_moderate_evidence
53485,21,21.0,3405.0,2022-05-06,2022-06-18,14,2,"Delhi, HR-NCR",2,"2022-05, 2022-06",155.0,165.0,162.14285714285714,165.0,1,1,1.0,4.6291004988627575,A_recurring_moderate_evidence
482758,21,21.0,6825.0,2022-04-16,2022-04-18,3,4,"Bengaluru, Delhi, HR-NCR, Mumbai",1,2022-04,325.0,325.0,325.0,325.0,0,2,1.0,0.0,A_recurring_moderate_evidence
470482,21,41.0,381.0,2022-04-03,2022-06-20,8,2,"Delhi, HR-NCR",3,"2022-04, 2022-05, 2022-06",7.0,20.0,10.0,8.0,1,5,1.9523809523809523,4.9899899799498595,A_recurring_moderate_evidence
458957,21,22.0,11570.0,2022-04-07,2022-06-12,15,4,"Bengaluru, Delhi, HR-NCR, Mumbai",3,"2022-06, 2022-04, 2022-05",470.0,560.0,525.2380952380952,540.0,1,2,1.0476190476190477,32.189912646518266,A_recurring_moderate_evidence
14244,21,21.0,6779.0,2022-04-01,2022-05-21,12,1,Mumbai,2,"2022-04, 2022-05",303.0,327.0,322.8095238095238,327.0,0,2,1.0,8.89729761005581,A_recurring_moderate_evidence
477817,21,22.0,5502.0,2022-05-01,2022-05-15,6,4,"Bengaluru, Delhi, HR-NCR, Mumbai",1,2022-05,231.0,261.0,251.0,261.0,1,2,1.0476190476190477,14.491376746189438,A_recurring_moderate_evidence
480253,20,18.0,2102.0,2022-04-09,2022-06-09,18,4,"Bengaluru, Delhi, HR-NCR, Mumbai",3,"2022-06, 2022-05, 2022-04",115.0,119.0,116.8,115.0,0,1,0.9,2.0416711421361624,A_recurring_moderate_evidence
403490,20,16.0,1008.0,2022-05-04,2022-05-13,5,3,"Delhi, HR-NCR, Mumbai",1,2022-05,52.0,149.0,67.6,64.0,0,2,0.8,19.464948253882305,A_recurring_moderate_evidence
406574,20,21.0,3225.0,2022-04-11,2022-04-27,11,2,"Bengaluru, Delhi",1,2022-04,151.0,154.0,153.55,154.0,1,2,1.05,1.0990426455975728,A_recurring_moderate_evidence
484122,20,20.0,8172.0,2022-05-21,2022-06-19,15,2,"Delhi, HR-NCR",2,"2022-06, 2022-05",408.0,413.0,408.6,408.0,1,1,1.0,1.5694450913417928,A_recurring_moderate_evidence
486034,20,20.0,2600.0,2022-06-03,2022-06-16,10,2,"Delhi, Mumbai",1,2022-06,130.0,130.0,130.0,130.0,1,1,1.0,0.0,A_recurring_moderate_evidence
457270,20,19.0,2310.0,2022-05-06,2022-06-15,12,2,"Delhi, HR-NCR",2,"2022-06, 2022-05",120.0,125.0,121.75,120.0,0,1,0.95,2.446802424647963,A_recurring_moderate_evidence
481364,20,18.0,2464.0,2022-04-10,2022-06-16,17,1,HR-NCR,3,"2022-04, 2022-05, 2022-06",120.0,150.0,135.2,137.0,0,1,0.9,15.20941536645882,A_recurring_moderate_evidence
485768,20,21.0,9168.0,2022-06-01,2022-07-06,8,3,"Bengaluru, Delhi, Mumbai",2,"2022-07, 2022-06",398.0,448.0,436.5,438.0,1,2,1.05,13.86969433883211,A_recurring_moderate_evidence
476913,19,20.0,1666.0,2022-04-02,2022-05-17,14,1,Mumbai,2,"2022-05, 2022-04",53.0,107.0,83.0,78.0,1,2,1.0526315789473684,18.648800974265818,A_recurring_moderate_evidence
400720,19,20.0,5640.0,2022-05-06,2022-05-21,11,1,Delhi,1,2022-05,282.0,282.0,282.0,282.0,1,2,1.0526315789473684,0.0,B_low_frequency
486036,19,19.0,2470.0,2022-06-03,2022-06-19,12,2,"Delhi, Mumbai",1,2022-06,130.0,130.0,130.0,130.0,1,1,1.0,0.0,A_recurring_moderate_evidence
482557,19,12.0,588.0,2022-04-15,2022-05-02,11,1,Mumbai,2,"2022-05, 2022-04",49.0,49.0,49.0,49.0,0,1,0.631578947368421,0.0,A_recurring_moderate_evidence
480906,19,20.0,17170.0,2022-04-03,2022-05-21,16,1,HR-NCR,2,"2022-05, 2022-04",848.0,918.0,859.0526315789474,848.0,1,2,1.0526315789473684,26.224402724287433,A_recurring_moderate_evidence
482518,19,19.0,1239.0,2022-04-17,2022-05-19,11,2,"Delhi, HR-NCR",2,"2022-04, 2022-05",65.0,67.0,65.21052631578948,65.0,1,1,1.0,0.6306035352846115,A_recurring_moderate_evidence
484329,19,20.0,1020.0,2022-05-14,2022-05-21,8,1,Mumbai,1,2022-05,51.0,51.0,51.0,51.0,1,2,1.0526315789473684,0.0,B_low_frequency
482741,19,27.0,12906.0,2022-04-18,2022-04-30,12,1,HR-NCR,1,2022-04,478.0,478.0,478.0,478.0,1,5,1.4210526315789473,0.0,B_low_frequency
481288,19,21.0,1575.0,2022-04-01,2022-05-03,10,2,"Delhi, HR-NCR",2,"2022-04, 2022-05",75.0,75.0,75.0,75.0,1,2,1.105263157894737,0.0,A_recurring_moderate_evidence
483132,18,18.0,7627.0,2022-04-24,2022-06-18,15,3,"Bengaluru, Delhi, Mumbai",3,"2022-05, 2022-04, 2022-06",405.0,472.0,423.72222222222223,405.0,1,1,1.0,26.32557592366059,A_recurring_moderate_evidence
483431,18,18.0,2376.0,2022-04-28,2022-05-21,12,4,"Bengaluru, Delhi, HR-NCR, Mumbai",2,"2022-05, 2022-04",132.0,132.0,132.0,132.0,1,1,1.0,0.0,A_recurring_moderate_evidence
457543,18,18.0,1782.0,2022-05-21,2022-06-14,9,2,"Delhi, HR-NCR",2,"2022-05, 2022-06",99.0,99.0,99.0,99.0,1,1,1.0,0.0,A_recurring_moderate_evidence
480040,18,20.0,700.0,2022-04-01,2022-05-14,12,1,Bengaluru,2,"2022-05, 2022-04",35.0,35.0,35.0,35.0,1,3,1.1111111111111112,0.0,A_recurring_moderate_evidence
477381,18,16.0,800.0,2022-04-01,2022-04-07,2,4,"Bengaluru, Delhi, HR-NCR, Mumbai",1,2022-04,50.0,50.0,50.0,50.0,0,2,0.8888888888888888,0.0,A_recurring_moderate_evidence
483422,18,18.0,2952.0,2022-04-27,2022-05-21,16,4,"Bengaluru, Delhi, HR-NCR, Mumbai",2,"2022-05, 2022-04",164.0,164.0,164.0,164.0,0,2,1.0,0.0,A_recurring_moderate_evidence
468291,18,21.0,3980.0,2022-04-09,2022-04-26,12,2,"Bengaluru, Mumbai",1,2022-04,180.0,190.0,189.44444444444446,190.0,1,2,1.1666666666666667,2.3570226039551594,A_recurring_moderate_evidence
406691,18,19.0,5092.0,2022-07-10,2022-07-10,1,2,"Delhi, HR-NCR",1,2022-07,268.0,268.0,268.0,268.0,1,2,1.0555555555555556,0.0,A_recurring_moderate_evidence
434439,18,19.0,8531.0,2022-06-04,2022-06-10,7,2,"Delhi, HR-NCR",1,2022-06,449.0,449.0,449.0,449.0,1,2,1.0555555555555556,0.0,A_recurring_moderate_evidence
480463,18,18.0,3213.0,2022-04-03,2022-06-15,14,1,Bengaluru,3,"2022-05, 2022-04, 2022-06",170.0,180.0,178.5,179.5,1,1,1.0,3.129555503112037,A_recurring_moderate_evidence
481365,17,17.0,2514.0,2022-04-08,2022-06-15,12,1,HR-NCR,3,"2022-04, 2022-05, 2022-06",130.0,160.0,147.88235294117646,160.0,1,1,1.0,14.941060675790297,A_recurring_moderate_evidence
447257,17,22.0,1980.0,2022-06-18,2022-06-20,3,1,Mumbai,1,2022-06,90.0,90.0,90.0,90.0,1,3,1.2941176470588236,0.0,B_low_frequency
394601,17,18.0,18375.0,2022-06-08,2022-07-08,8,1,Bengaluru,2,"2022-07, 2022-06",992.0,1023.0,1020.7058823529412,1023.0,1,2,1.0588235294117647,7.646606321453598,A_recurring_moderate_evidence
483429,17,16.0,1216.0,2022-04-30,2022-05-21,12,3,"Bengaluru, Delhi, Mumbai",2,"2022-05, 2022-04",76.0,76.0,76.0,76.0,0,1,0.9411764705882353,0.0,A_recurring_moderate_evidence
457911,17,18.0,7285.0,2022-05-18,2022-06-19,12,3,"Bengaluru, Delhi, HR-NCR",2,"2022-05, 2022-06",383.0,406.0,404.6470588235294,406.0,1,2,1.0588235294117647,5.578319375835659,A_recurring_moderate_evidence
105485,17,17.0,1681.0,2022-05-06,2022-05-13,7,2,"Delhi, HR-NCR",1,2022-05,81.0,100.0,98.88235294117646,100.0,1,1,1.0,4.608176875690326,A_recurring_moderate_evidence
428641,17,16.0,799.0,2022-05-06,2022-06-07,8,2,"Delhi, HR-NCR",2,"2022-05, 2022-06",49.0,50.0,49.94117647058823,50.0,0,1,0.9411764705882353,0.24253562503633327,A_recurring_moderate_evidence
477200,17,18.0,195884.0,2022-04-01,2022-06-17,8,4,"Bengaluru, Delhi, HR-NCR, Mumbai",3,"2022-05, 2022-04, 2022-06",9950.0,10999.0,10937.29411764706,10999.0,1,2,1.0588235294117647,254.41987066311333,A_recurring_moderate_evidence
477195,17,18.0,2700.0,2022-06-01,2022-06-18,10,1,HR-NCR,1,2022-06,150.0,150.0,150.0,150.0,1,2,1.0588235294117647,0.0,B_low_frequency
482619,16,15.0,9720.0,2022-04-22,2022-06-17,15,3,"Bengaluru, Delhi, Mumbai",3,"2022-05, 2022-04, 2022-06",648.0,648.0,648.0,648.0,0,1,0.9375,0.0,A_recurring_moderate_evidence
438385,16,16.0,3989.0,2022-04-08,2022-05-21,9,1,HR-NCR,2,"2022-05, 2022-04",249.0,250.0,249.3125,249.0,1,1,1.0,0.4787135538781701,A_recurring_moderate_evidence
482744,16,20.0,7160.0,2022-04-18,2022-04-30,9,1,HR-NCR,1,2022-04,358.0,358.0,358.0,358.0,1,3,1.25,0.0,B_low_frequency
485564,16,17.0,5117.0,2022-06-02,2022-06-10,9,4,"Bengaluru, Delhi, HR-NCR, Mumbai",1,2022-06,301.0,301.0,301.0,301.0,1,2,1.0625,0.0,A_recurring_moderate_evidence
351195,16,18.0,17594.0,2022-04-29,2022-05-21,10,1,HR-NCR,2,"2022-04, 2022-05",901.0,1073.0,976.25,901.0,1,2,1.125,88.12377658725256,A_recurring_moderate_evidence
379864,16,16.0,2269.0,2022-05-11,2022-07-08,12,3,"Delhi, HR-NCR, Mumbai",3,"2022-07, 2022-06, 2022-05",102.0,160.0,141.8125,160.0,1,1,1.0,27.585548752924968,A_recurring_moderate_evidence
484150,16,17.0,4987.0,2022-06-03,2022-06-20,10,3,"Delhi, HR-NCR, Mumbai",1,2022-06,293.0,296.0,293.375,293.0,1,2,1.0625,1.0246950765959604,A_recurring_moderate_evidence
484169,15,17.0,2282.0,2022-06-03,2022-06-17,10,3,"Bengaluru, Delhi, HR-NCR",1,2022-06,134.0,136.0,134.26666666666668,134.0,1,2,1.1333333333333333,0.7037315505489972,A_recurring_moderate_evidence
455224,15,27.0,1998.0,2022-05-01,2022-06-18,10,2,"Bengaluru, Mumbai",2,"2022-06, 2022-05",74.0,74.0,74.0,74.0,1,4,1.8,0.0,A_recurring_moderate_evidence
481250,15,8.0,1720.0,2022-04-01,2022-04-05,5,3,"Bengaluru, Delhi, Mumbai",1,2022-04,215.0,215.0,215.0,215.0,0,1,0.5333333333333333,0.0,A_recurring_moderate_evidence
439968,15,15.0,5970.0,2022-05-06,2022-05-10,4,1,Delhi,1,2022-05,398.0,398.0,398.0,398.0,1,1,1.0,0.0,B_low_frequency
480990,15,17.0,1319.0,2022-04-02,2022-05-17,13,3,"Delhi, HR-NCR, Mumbai",2,"2022-04, 2022-05",50.0,200.0,81.26666666666667,50.0,1,2,1.1333333333333333,61.64236329328194,A_recurring_moderate_evidence
428986,15,11.0,990.0,2022-05-06,2022-05-20,10,2,"Delhi, HR-NCR",1,2022-05,90.0,90.0,90.0,90.0,0,1,0.7333333333333333,0.0,A_recurring_moderate_evidence
428987,15,14.0,1256.0,2022-05-07,2022-06-10,12,1,Delhi,2,"2022-06, 2022-05",89.0,90.0,89.73333333333333,90.0,0,1,0.9333333333333333,0.4577377082170651,A_recurring_moderate_evidence
479050,15,17.0,3107.0,2022-04-19,2022-06-20,13,1,HR-NCR,2,"2022-06, 2022-04",160.0,190.0,181.8,190.0,1,3,1.1333333333333333,12.382014606447761,A_recurring_moderate_evidence
464080,15,15.0,15025.0,2022-06-11,2022-06-19,7,1,HR-NCR,1,2022-06,999.0,1009.0,1001.6666666666666,999.0,1,1,1.0,4.577377082170633,B_low_frequency
23463,15,14.0,3360.0,2022-06-01,2022-06-13,8,2,"Delhi, HR-NCR",1,2022-06,240.0,240.0,240.0,240.0,0,1,0.9333333333333333,0.0,A_recurring_moderate_evidence
425663,15,18.0,8404.0,2022-07-05,2022-07-07,3,2,"Delhi, HR-NCR",1,2022-07,465.0,467.0,466.8666666666667,467.0,1,3,1.2,0.5163977794943222,A_recurring_moderate_evidence
406689,15,18.0,4593.0,2022-07-10,2022-07-10,1,2,"Delhi, Mumbai",1,2022-07,165.0,268.0,255.8,268.0,1,3,1.2,26.26295598638617,A_recurring_moderate_evidence
67782,15,16.0,2723.0,2022-07-01,2022-07-08,4,1,HR-NCR,1,2022-07,170.0,171.0,170.2,170.0,1,2,1.0666666666666667,0.4140393356054122,B_low_frequency
485970,15,17.0,3574.0,2022-06-15,2022-07-08,10,1,Mumbai,2,"2022-07, 2022-06",200.0,239.0,211.2,203.0,1,2,1.1333333333333333,15.95171285025978,A_recurring_moderate_evidence
483219,14,15.0,1335.0,2022-06-01,2022-06-08,7,2,"Delhi, HR-NCR",1,2022-06,89.0,89.0,89.0,89.0,1,2,1.0714285714285714,0.0,A_recurring_moderate_evidence
428990,14,14.0,840.0,2022-05-06,2022-05-21,8,2,"Delhi, HR-NCR",1,2022-05,60.0,60.0,60.0,60.0,1,1,1.0,0.0,A_recurring_moderate_evidence
480850,14,13.0,988.0,2022-04-03,2022-05-15,10,1,Mumbai,2,"2022-05, 2022-04",76.0,76.0,76.0,76.0,0,1,0.9285714285714286,0.0,A_recurring_moderate_evidence
485653,14,16.0,8080.0,2022-06-01,2022-06-08,7,2,"Bengaluru, Delhi",1,2022-06,505.0,505.0,505.0,505.0,1,3,1.1428571428571428,0.0,A_recurring_moderate_evidence
476982,14,14.0,925.0,2022-04-01,2022-04-23,12,1,Mumbai,1,2022-04,53.0,83.0,66.07142857142857,65.0,1,1,1.0,8.704236684726368,B_low_frequency
483689,14,14.0,966.0,2022-05-07,2022-06-06,11,1,Mumbai,2,"2022-05, 2022-06",69.0,69.0,69.0,69.0,1,1,1.0,0.0,A_recurring_moderate_evidence
487155,14,15.0,7845.0,2022-07-02,2022-07-09,5,2,"Delhi, Mumbai",1,2022-07,494.0,580.0,525.0714285714286,494.0,1,2,1.0714285714285714,42.50694836542209,A_recurring_moderate_evidence
484140,14,14.0,1848.0,2022-05-19,2022-06-20,10,4,"Bengaluru, Delhi, HR-NCR, Mumbai",2,"2022-05, 2022-06",127.0,134.0,132.0,134.0,1,1,1.0,3.2816506165694705,A_recurring_moderate_evidence
486040,14,14.0,1820.0,2022-06-05,2022-06-20,9,2,"Delhi, Mumbai",1,2022-06,130.0,130.0,130.0,130.0,1,1,1.0,0.0,A_recurring_moderate_evidence
484241,14,18.0,2054.0,2022-05-21,2022-06-17,11,2,"Delhi, Mumbai",2,"2022-06, 2022-05",114.0,116.0,114.14285714285714,114.0,1,3,1.2857142857142858,0.5345224838248505,A_recurring_moderate_evidence
457465,14,14.0,1498.0,2022-05-07,2022-07-10,13,2,"Delhi, HR-NCR",3,"2022-06, 2022-05, 2022-07",73.0,110.0,107.0,110.0,1,1,1.0,9.79795897113271,A_recurring_moderate_evidence
355054,14,14.0,1013.0,2022-05-21,2022-06-02,3,2,"Delhi, HR-NCR",2,"2022-06, 2022-05",66.0,75.0,72.35714285714286,75.0,1,1,1.0,3.934211735280903,A_recurring_moderate_evidence
233816,14,12.0,588.0,2022-04-10,2022-06-15,9,1,Mumbai,3,"2022-05, 2022-04, 2022-06",49.0,49.0,49.0,49.0,0,1,0.8571428571428571,0.0,A_recurring_moderate_evidence
424300,13,11.0,2181.0,2022-04-15,2022-05-06,10,4,"Bengaluru, Delhi, HR-NCR, Mumbai",2,"2022-05, 2022-04",171.0,317.0,197.07692307692307,189.0,0,1,0.8461538461538461,36.53414279470082,A_recurring_moderate_evidence
468117,13,17.0,2856.0,2022-05-01,2022-06-19,7,4,"Bengaluru, Delhi, HR-NCR, Mumbai",2,"2022-06, 2022-05",168.0,168.0,168.0,168.0,1,4,1.3076923076923077,0.0,A_recurring_moderate_evidence
405838,13,11.0,396.0,2022-04-29,2022-06-20,12,3,"Delhi, HR-NCR, Mumbai",3,"2022-06, 2022-04, 2022-05",36.0,36.0,36.0,36.0,0,1,0.8461538461538461,0.0,A_recurring_moderate_evidence
484112,13,14.0,1853.0,2022-05-19,2022-06-20,10,3,"Bengaluru, HR-NCR, Mumbai",2,"2022-05, 2022-06",129.0,136.0,132.6153846153846,134.0,1,2,1.0769230769230769,2.5670495884855002,A_recurring_moderate_evidence
484024,13,13.0,1950.0,2022-05-15,2022-06-10,6,1,HR-NCR,2,"2022-05, 2022-06",150.0,150.0,150.0,150.0,1,1,1.0,0.0,A_recurring_moderate_evidence
484116,13,13.0,1484.0,2022-06-14,2022-06-20,7,2,"Delhi, HR-NCR",1,2022-06,114.0,116.0,114.15384615384616,114.0,1,1,1.0,0.554700196225228,A_recurring_moderate_evidence
429850,13,13.0,3250.0,2022-04-02,2022-07-06,11,2,"Delhi, HR-NCR",4,"2022-04, 2022-05, 2022-06, 2022-07",250.0,250.0,250.0,250.0,1,1,1.0,0.0,A_recurring_moderate_evidence
405848,13,13.0,468.0,2022-05-07,2022-06-12,9,2,"Delhi, HR-NCR",2,"2022-05, 2022-06",36.0,36.0,36.0,36.0,1,1,1.0,0.0,A_recurring_moderate_evidence
479154,12,11.0,3817.0,2022-04-01,2022-06-11,10,3,"Bengaluru, Delhi, HR-NCR",3,"2022-05, 2022-04, 2022-06",340.0,400.0,346.4166666666667,340.0,0,1,0.9166666666666666,17.56783389831506,A_recurring_moderate_evidence
23951,12,0.0,0.0,2022-04-01,2022-04-06,6,1,Delhi,1,2022-04,321.0,321.0,321.0,321.0,0,0,0.0,0.0,B_low_frequency
480255,12,12.0,1668.0,2022-04-01,2022-04-20,7,1,HR-NCR,1,2022-04,134.0,140.0,139.0,140.0,1,1,1.0,2.33549683248457,B_low_frequency
829,12,12.0,3134.0,2022-04-20,2022-05-21,9,1,HR-NCR,2,"2022-05, 2022-04",191.0,325.0,261.1666666666667,267.5,1,1,1.0,66.99909542582486,A_recurring_moderate_evidence
485016,12,12.0,756.0,2022-06-01,2022-06-08,7,1,Mumbai,1,2022-06,63.0,63.0,63.0,63.0,1,1,1.0,0.0,B_low_frequency
400342,12,12.0,7812.0,2022-04-01,2022-07-06,12,1,HR-NCR,4,"2022-06, 2022-04, 2022-07, 2022-05",649.0,667.0,651.0,650.0,1,1,1.0,5.063236478416116,A_recurring_moderate_evidence
228,12,12.0,2601.0,2022-04-05,2022-07-09,8,1,HR-NCR,2,"2022-07, 2022-04",197.0,230.0,216.75,230.0,1,1,1.0,16.40468336675952,A_recurring_moderate_evidence
483580,12,12.0,2520.0,2022-05-06,2022-05-18,9,4,"Bengaluru, Delhi, HR-NCR, Mumbai",1,2022-05,210.0,210.0,210.0,210.0,1,1,1.0,0.0,A_recurring_moderate_evidence
484332,12,12.0,1896.0,2022-05-19,2022-06-20,11,4,"Bengaluru, Delhi, HR-NCR, Mumbai",2,"2022-06, 2022-05",147.0,167.0,158.0,155.0,1,1,1.0,8.549322142188178,A_recurring_moderate_evidence
200953,12,11.0,748.0,2022-04-01,2022-05-01,11,1,Bengaluru,2,"2022-05, 2022-04",65.0,69.0,68.08333333333333,68.0,0,1,0.9166666666666666,1.0836246694508307,A_recurring_moderate_evidence
438998,12,12.0,3441.0,2022-05-04,2022-05-20,9,3,"Delhi, HR-NCR, Mumbai",1,2022-05,280.0,289.0,286.75,289.0,1,1,1.0,4.070403151799808,A_recurring_moderate_evidence
485795,12,12.0,2796.0,2022-06-01,2022-06-08,7,2,"Bengaluru, Mumbai",1,2022-06,222.0,234.0,233.0,234.0,1,1,1.0,3.4641016151377544,A_recurring_moderate_evidence
476708,12,11.0,3602.0,2022-05-03,2022-05-21,7,1,HR-NCR,1,2022-05,286.0,351.0,324.0833333333333,351.0,0,1,0.9166666666666666,33.266030539858335,B_low_frequency
409622,12,12.0,30520.0,2022-04-16,2022-04-22,7,1,Mumbai,1,2022-04,2285.0,2595.0,2543.3333333333335,2595.0,1,1,1.0,120.66733634503606,B_low_frequency
469954,12,12.0,7334.0,2022-05-01,2022-05-02,2,2,"Delhi, Mumbai",1,2022-05,607.0,632.0,611.1666666666666,607.0,1,1,1.0,9.731236802019039,A_recurring_moderate_evidence
483199,12,15.0,1335.0,2022-05-01,2022-05-02,2,3,"Delhi, HR-NCR, Mumbai",1,2022-05,89.0,89.0,89.0,89.0,1,2,1.25,0.0,A_recurring_moderate_evidence
484006,11,13.0,1937.0,2022-06-03,2022-07-08,9,1,HR-NCR,2,"2022-06, 2022-07",149.0,149.0,149.0,149.0,1,2,1.1818181818181819,0.0,A_recurring_moderate_evidence
482737,11,10.0,600.0,2022-04-27,2022-05-03,4,1,HR-NCR,2,"2022-04, 2022-05",60.0,60.0,60.0,60.0,0,2,0.9090909090909091,0.0,A_recurring_moderate_evidence
428876,11,11.0,1516.0,2022-05-10,2022-06-06,6,2,"Delhi, HR-NCR",2,"2022-05, 2022-06",86.0,215.0,137.8181818181818,95.0,1,1,1.0,61.24837660186299,A_recurring_moderate_evidence
428868,11,12.0,288.0,2022-05-06,2022-05-20,6,1,Delhi,1,2022-05,24.0,24.0,24.0,24.0,1,2,1.0909090909090908,0.0,B_low_frequency
484110,11,12.0,2058.0,2022-05-19,2022-06-20,9,4,"Bengaluru, Delhi, HR-NCR, Mumbai",2,"2022-06, 2022-05",167.0,173.0,171.9090909090909,173.0,1,2,1.0909090909090908,2.4271195048676732,A_recurring_moderate_evidence
393828,11,11.0,3997.0,2022-05-07,2022-07-02,8,2,"Delhi, HR-NCR",3,"2022-05, 2022-07, 2022-06",359.0,398.0,363.3636363636364,360.0,1,1,1.0,11.49149883411843,A_recurring_moderate_evidence
482264,11,11.0,1265.0,2022-04-19,2022-04-30,7,3,"Delhi, HR-NCR, Mumbai",1,2022-04,115.0,115.0,115.0,115.0,1,1,1.0,0.0,A_recurring_moderate_evidence
483413,11,16.0,1492.0,2022-05-01,2022-05-02,2,2,"Bengaluru, Delhi",1,2022-05,93.0,95.0,93.36363636363636,93.0,1,3,1.4545454545454546,0.8090398349558915,A_recurring_moderate_evidence
10730,11,12.0,444.0,2022-05-07,2022-05-16,6,1,Delhi,1,2022-05,37.0,37.0,37.0,37.0,1,2,1.0909090909090908,0.0,B_low_frequency
482269,11,11.0,3923.0,2022-04-11,2022-04-30,9,1,Mumbai,1,2022-04,349.0,370.0,356.6363636363636,349.0,1,1,1.0,10.595024561299772,B_low_frequency
39079,11,15.0,4500.0,2022-06-13,2022-07-10,10,1,HR-NCR,2,"2022-06, 2022-07",300.0,300.0,300.0,300.0,1,2,1.3636363636363635,0.0,A_recurring_moderate_evidence
484146,11,10.0,1075.0,2022-05-19,2022-06-16,8,2,"HR-NCR, Mumbai",2,"2022-05, 2022-06",81.0,116.0,105.0909090909091,114.0,0,1,0.9090909090909091,13.736480957323426,A_recurring_moderate_evidence
438800,11,11.0,475.0,2022-04-01,2022-05-05,9,2,"Delhi, HR-NCR",2,"2022-04, 2022-05",42.0,45.0,43.18181818181818,43.0,1,1,1.0,0.873862897505303,A_recurring_moderate_evidence
485672,11,11.0,10446.0,2022-06-01,2022-06-07,7,3,"Bengaluru, Delhi, Mumbai",1,2022-06,758.0,1007.0,949.6363636363636,946.0,1,1,1.0,70.94966205313834,A_recurring_moderate_evidence
480837,11,9.0,657.0,2022-04-02,2022-04-16,8,1,Mumbai,1,2022-04,73.0,73.0,73.0,73.0,0,1,0.8181818181818182,0.0,B_low_frequency
403252,11,10.0,1000.0,2022-05-06,2022-06-16,9,2,"Delhi, HR-NCR",2,"2022-05, 2022-06",100.0,100.0,100.0,100.0,0,2,0.9090909090909091,0.0,A_recurring_moderate_evidence
486193,11,28.0,1372.0,2022-07-06,2022-07-10,4,3,"Bengaluru, Delhi, HR-NCR",1,2022-07,49.0,49.0,49.0,49.0,1,6,2.5454545454545454,0.0,A_recurring_moderate_evidence
447199,10,10.0,3050.0,2022-05-01,2022-06-15,3,2,"Bengaluru, Delhi",2,"2022-06, 2022-05",305.0,305.0,305.0,305.0,1,1,1.0,0.0,A_recurring_moderate_evidence
480250,10,11.0,1083.0,2022-04-03,2022-05-21,9,3,"Bengaluru, Delhi, HR-NCR",2,"2022-04, 2022-05",96.0,99.0,98.4,99.0,1,2,1.1,1.2649110640673527,A_recurring_moderate_evidence
394661,10,10.0,1580.0,2022-05-01,2022-05-02,2,1,Bengaluru,1,2022-05,158.0,158.0,158.0,158.0,1,1,1.0,0.0,B_low_frequency
369106,10,10.0,1935.0,2022-04-03,2022-05-17,9,1,Delhi,2,"2022-05, 2022-04",189.0,200.0,193.5,189.5,1,1,1.0,5.602578771323869,A_recurring_moderate_evidence
484018,10,12.0,2280.0,2022-05-21,2022-06-19,8,1,HR-NCR,2,"2022-06, 2022-05",190.0,190.0,190.0,190.0,1,3,1.2,0.0,A_recurring_moderate_evidence
485575,10,11.0,3201.0,2022-06-01,2022-06-04,4,4,"Bengaluru, Delhi, HR-NCR, Mumbai",1,2022-06,291.0,291.0,291.0,291.0,1,2,1.1,0.0,A_recurring_moderate_evidence
438363,10,9.0,1782.0,2022-04-08,2022-05-21,10,2,"Delhi, Mumbai",2,"2022-05, 2022-04",198.0,198.0,198.0,198.0,0,1,0.9,0.0,A_recurring_moderate_evidence
484113,10,11.0,1474.0,2022-06-03,2022-06-19,7,3,"Bengaluru, Delhi, HR-NCR",1,2022-06,134.0,134.0,134.0,134.0,1,2,1.1,0.0,A_recurring_moderate_evidence
439975,10,10.0,1790.0,2022-04-05,2022-06-02,7,1,Mumbai,3,"2022-06, 2022-05, 2022-04",159.0,184.0,176.5,184.0,0,2,1.0,12.076147288491198,A_recurring_moderate_evidence
479155,10,10.0,900.0,2022-04-01,2022-05-11,5,3,"Bengaluru, Delhi, HR-NCR",2,"2022-05, 2022-04",90.0,90.0,90.0,90.0,1,1,1.0,0.0,A_recurring_moderate_evidence
484870,10,10.0,1290.0,2022-06-05,2022-07-08,10,1,HR-NCR,2,"2022-06, 2022-07",129.0,129.0,129.0,129.0,1,1,1.0,0.0,A_recurring_moderate_evidence
481286,10,10.0,500.0,2022-04-01,2022-04-27,9,3,"Delhi, HR-NCR, Mumbai",1,2022-04,50.0,50.0,50.0,50.0,0,2,1.0,0.0,A_recurring_moderate_evidence
483172,10,10.0,3316.0,2022-05-01,2022-05-02,2,3,"Bengaluru, Delhi, Mumbai",1,2022-05,330.0,334.0,331.6,331.0,1,1,1.0,1.7126976771553515,A_recurring_moderate_evidence
484904,10,11.0,1719.0,2022-06-01,2022-06-07,7,2,"Bengaluru, Mumbai",1,2022-06,129.0,159.0,156.0,159.0,1,2,1.1,9.486832980505138,A_recurring_moderate_evidence
484155,10,10.0,890.0,2022-06-02,2022-06-19,6,3,"Bengaluru, Delhi, HR-NCR",1,2022-06,89.0,89.0,89.0,89.0,1,1,1.0,0.0,A_recurring_moderate_evidence
225638,10,10.0,938.0,2022-04-07,2022-06-03,10,3,"Bengaluru, HR-NCR, Mumbai",3,"2022-06, 2022-04, 2022-05",35.0,103.0,94.0,103.0,0,2,1.0,21.023796041628636,A_recurring_moderate_evidence
482267,10,10.0,3373.0,2022-04-09,2022-04-30,7,2,"Delhi, HR-NCR",1,2022-04,324.0,343.0,337.3,343.0,1,1,1.0,9.177871939253306,A_recurring_moderate_evidence
15374,10,10.0,990.0,2022-05-08,2022-06-05,10,2,"Delhi, HR-NCR",2,"2022-06, 2022-05",99.0,99.0,99.0,99.0,1,1,1.0,0.0,A_recurring_moderate_evidence
210941,10,9.0,7083.0,2022-04-17,2022-05-19,5,1,Mumbai,2,"2022-04, 2022-05",773.0,787.0,785.6,787.0,0,1,0.9,4.427188724235713,A_recurring_moderate_evidence
392034,10,31.0,4161.0,2022-06-04,2022-06-08,3,1,Mumbai,1,2022-06,131.0,135.0,134.2,135.0,1,6,3.1,1.6865480854231378,B_low_frequency
399901,10,10.0,1078.0,2022-04-01,2022-04-17,10,1,Delhi,1,2022-04,99.0,110.0,107.8,110.0,1,1,1.0,4.638007234913623,B_low_frequency
466183,10,10.0,4150.0,2022-04-03,2022-06-20,9,3,"Delhi, HR-NCR, Mumbai",3,"2022-05, 2022-04, 2022-06",400.0,450.0,415.0,400.0,1,1,1.0,24.1522945769824,A_recurring_moderate_evidence
484191,10,10.0,362.0,2022-05-18,2022-06-19,9,3,"Bengaluru, Delhi, HR-NCR",2,"2022-06, 2022-05",36.0,37.0,36.2,36.0,1,1,1.0,0.42163702135578374,A_recurring_moderate_evidence
475868,9,9.0,360.0,2022-04-02,2022-04-16,7,2,"Delhi, HR-NCR",1,2022-04,40.0,40.0,40.0,40.0,1,1,1.0,0.0,B_low_frequency
485077,9,9.0,485.0,2022-06-02,2022-06-07,5,2,"Delhi, HR-NCR",1,2022-06,53.0,57.0,53.888888888888886,53.0,1,1,1.0,1.7638342073763942,B_low_frequency
482493,9,8.0,632.0,2022-04-17,2022-05-01,7,2,"Delhi, HR-NCR",2,"2022-04, 2022-05",79.0,79.0,79.0,79.0,0,1,0.8888888888888888,0.0,B_low_frequency
483688,9,9.0,631.0,2022-05-11,2022-06-20,7,1,Mumbai,2,"2022-06, 2022-05",59.0,109.0,70.11111111111111,59.0,1,1,1.0,22.047927592204925,B_low_frequency
400436,9,11.0,3409.0,2022-04-30,2022-06-15,8,1,HR-NCR,3,"2022-05, 2022-04, 2022-06",309.0,310.0,309.8888888888889,310.0,1,2,1.2222222222222223,0.3333333333333344,B_low_frequency
41275,9,9.0,4743.0,2022-05-21,2022-06-14,8,2,"Delhi, HR-NCR",2,"2022-06, 2022-05",527.0,527.0,527.0,527.0,1,1,1.0,0.0,B_low_frequency
457463,9,9.0,986.0,2022-05-12,2022-07-08,8,1,Delhi,3,"2022-06, 2022-05, 2022-07",109.0,110.0,109.55555555555556,110.0,1,1,1.0,0.52704627669473,B_low_frequency
457467,9,9.0,949.0,2022-05-06,2022-07-10,9,2,"Delhi, HR-NCR",3,"2022-05, 2022-06, 2022-07",73.0,110.0,105.44444444444444,109.0,1,1,1.0,12.176936305071887,B_low_frequency
483425,9,9.0,2340.0,2022-04-27,2022-05-19,8,2,"Bengaluru, Mumbai",2,"2022-04, 2022-05",260.0,260.0,260.0,260.0,1,1,1.0,0.0,B_low_frequency
391814,9,9.0,783.0,2022-04-02,2022-04-21,8,2,"Bengaluru, Mumbai",1,2022-04,87.0,87.0,87.0,87.0,1,1,1.0,0.0,B_low_frequency
40979,9,8.0,1200.0,2022-04-03,2022-05-07,8,3,"Bengaluru, Delhi, Mumbai",2,"2022-04, 2022-05",150.0,150.0,150.0,150.0,0,1,0.8888888888888888,0.0,B_low_frequency
95,9,9.0,734.0,2022-04-17,2022-05-08,9,1,Mumbai,2,"2022-04, 2022-05",78.0,82.0,81.55555555555556,82.0,1,1,1.0,1.333333333333333,B_low_frequency
484301,9,9.0,1222.0,2022-06-09,2022-06-19,7,3,"Bengaluru, Delhi, HR-NCR",1,2022-06,118.0,138.0,135.77777777777777,138.0,1,1,1.0,6.666666666666667,B_low_frequency
409235,9,9.0,2698.0,2022-04-12,2022-06-12,6,2,"HR-NCR, Mumbai",2,"2022-06, 2022-04",299.0,300.0,299.77777777777777,300.0,1,1,1.0,0.4409585518440993,B_low_frequency
483367,9,11.0,649.0,2022-05-02,2022-05-02,1,1,Mumbai,1,2022-05,59.0,59.0,59.0,59.0,1,2,1.2222222222222223,0.0,B_low_frequency
387361,9,9.0,975.0,2022-04-01,2022-06-09,8,2,"Delhi, HR-NCR",2,"2022-04, 2022-06",95.0,125.0,108.33333333333333,95.0,1,1,1.0,15.811388300841896,B_low_frequency
393934,9,10.0,4920.0,2022-05-02,2022-05-02,1,1,Delhi,1,2022-05,492.0,492.0,492.0,492.0,1,2,1.1111111111111112,0.0,B_low_frequency
480987,9,8.0,1280.0,2022-04-04,2022-07-08,8,2,"Delhi, HR-NCR",3,"2022-05, 2022-07, 2022-04",110.0,210.0,165.44444444444446,209.0,0,1,0.8888888888888888,52.600168990011596,B_low_frequency
486031,9,10.0,4000.0,2022-06-04,2022-06-20,8,2,"Delhi, HR-NCR",1,2022-06,400.0,400.0,400.0,400.0,1,2,1.1111111111111112,0.0,B_low_frequency
484281,9,11.0,2554.0,2022-05-21,2022-06-18,6,2,"Delhi, HR-NCR",2,"2022-06, 2022-05",232.0,233.0,232.22222222222223,232.0,1,3,1.2222222222222223,0.44095855184409943,B_low_frequency
482143,9,8.0,2596.0,2022-04-05,2022-05-18,9,2,"Delhi, Mumbai",2,"2022-05, 2022-04",309.0,340.0,326.22222222222223,340.0,0,1,0.8888888888888888,16.33843457753663,B_low_frequency
483197,9,9.0,675.0,2022-05-02,2022-06-08,6,1,Mumbai,2,"2022-05, 2022-06",75.0,75.0,75.0,75.0,1,1,1.0,0.0,B_low_frequency
35537,9,9.0,5850.0,2022-05-20,2022-06-15,8,1,HR-NCR,2,"2022-05, 2022-06",650.0,650.0,650.0,650.0,1,1,1.0,0.0,B_low_frequency
481251,8,5.0,1050.0,2022-04-01,2022-04-04,4,3,"Bengaluru, Delhi, Mumbai",1,2022-04,210.0,210.0,210.0,210.0,0,1,0.625,0.0,B_low_frequency
486198,8,12.0,948.0,2022-07-07,2022-07-10,4,4,"Bengaluru, Delhi, HR-NCR, Mumbai",1,2022-07,79.0,79.0,79.0,79.0,1,3,1.5,0.0,B_low_frequency
457466,8,8.0,803.0,2022-05-10,2022-07-09,8,1,Delhi,3,"2022-07, 2022-05, 2022-06",73.0,110.0,100.375,109.0,1,1,1.0,16.902556864907407,B_low_frequency
486210,8,10.0,490.0,2022-07-08,2022-07-10,3,2,"Delhi, HR-NCR",1,2022-07,49.0,49.0,49.0,49.0,1,2,1.25,0.0,B_low_frequency
485447,8,8.0,4360.0,2022-06-01,2022-06-11,6,1,HR-NCR,1,2022-06,545.0,545.0,545.0,545.0,1,1,1.0,0.0,B_low_frequency
484012,8,8.0,2000.0,2022-05-14,2022-06-19,7,1,HR-NCR,2,"2022-05, 2022-06",250.0,250.0,250.0,250.0,1,1,1.0,0.0,B_low_frequency
370151,8,8.0,1562.0,2022-04-15,2022-04-26,7,4,"Bengaluru, Delhi, HR-NCR, Mumbai",1,2022-04,176.0,198.0,195.25,198.0,1,1,1.0,7.7781745930520225,B_low_frequency
392038,8,16.0,2408.0,2022-06-04,2022-06-08,5,1,Mumbai,1,2022-06,143.0,151.0,150.0,151.0,1,6,2.0,2.8284271247461903,B_low_frequency
486164,8,8.0,1592.0,2022-07-09,2022-07-10,2,2,"Delhi, HR-NCR",1,2022-07,199.0,199.0,199.0,199.0,1,1,1.0,0.0,B_low_frequency
481248,8,8.0,1400.0,2022-04-01,2022-04-03,3,2,"Bengaluru, Mumbai",1,2022-04,175.0,175.0,175.0,175.0,1,1,1.0,0.0,B_low_frequency
477006,8,9.0,495.0,2022-04-19,2022-05-16,8,1,Mumbai,2,"2022-05, 2022-04",55.0,55.0,55.0,55.0,1,2,1.125,0.0,B_low_frequency
139597,8,8.0,4330.0,2022-04-03,2022-06-13,7,1,HR-NCR,2,"2022-06, 2022-04",476.0,650.0,541.25,476.0,1,1,1.0,90.05355549417722,B_low_frequency
31138,8,11.0,263.0,2022-04-09,2022-05-11,8,1,Bengaluru,2,"2022-04, 2022-05",21.0,25.0,24.5,25.0,1,3,1.375,1.4142135623730951,B_low_frequency
478692,8,6.0,57.0,2022-04-10,2022-05-15,8,2,"Delhi, Mumbai",2,"2022-04, 2022-05",7.0,10.0,8.875,10.0,0,1,0.75,1.5526475085202969,B_low_frequency
481089,8,10.0,500.0,2022-04-02,2022-04-30,7,2,"HR-NCR, Mumbai",1,2022-04,50.0,50.0,50.0,50.0,1,2,1.25,0.0,B_low_frequency
484100,8,8.0,3844.0,2022-05-20,2022-06-20,8,4,"Bengaluru, Delhi, HR-NCR, Mumbai",2,"2022-06, 2022-05",449.0,491.0,480.5,491.0,1,1,1.0,18.562635280892334,B_low_frequency
485900,8,8.0,2600.0,2022-06-02,2022-06-20,8,1,Bengaluru,1,2022-06,325.0,325.0,325.0,325.0,1,1,1.0,0.0,B_low_frequency
484960,8,8.0,900.0,2022-06-05,2022-06-08,3,1,Bengaluru,1,2022-06,109.0,119.0,112.5,109.0,1,1,1.0,4.869731585445517,B_low_frequency
484014,8,8.0,1200.0,2022-05-21,2022-07-09,7,1,HR-NCR,3,"2022-05, 2022-06, 2022-07",150.0,150.0,150.0,150.0,1,1,1.0,0.0,B_low_frequency
482262,7,7.0,805.0,2022-04-19,2022-04-30,6,3,"Delhi, HR-NCR, Mumbai",1,2022-04,115.0,115.0,115.0,115.0,1,1,1.0,0.0,B_low_frequency
482106,7,7.0,4200.0,2022-04-28,2022-05-04,4,1,HR-NCR,2,"2022-04, 2022-05",600.0,600.0,600.0,600.0,1,1,1.0,0.0,B_low_frequency
480042,7,7.0,910.0,2022-04-02,2022-05-17,7,1,Bengaluru,2,"2022-04, 2022-05",130.0,130.0,130.0,130.0,1,1,1.0,0.0,B_low_frequency
830,7,7.0,2023.0,2022-04-22,2022-06-02,6,1,HR-NCR,3,"2022-06, 2022-04, 2022-05",249.0,325.0,289.0,275.0,1,1,1.0,35.308167138307624,B_low_frequency
483586,7,7.0,1890.0,2022-05-17,2022-06-19,6,2,"Delhi, HR-NCR",2,"2022-06, 2022-05",270.0,270.0,270.0,270.0,1,1,1.0,0.0,B_low_frequency
468116,7,6.0,1008.0,2022-05-01,2022-05-02,2,2,"Bengaluru, Mumbai",1,2022-05,168.0,168.0,168.0,168.0,0,1,0.8571428571428571,0.0,B_low_frequency
485257,7,7.0,1050.0,2022-06-06,2022-06-19,6,2,"Delhi, Mumbai",1,2022-06,150.0,150.0,150.0,150.0,1,1,1.0,0.0,B_low_frequency
19541,7,7.0,2023.0,2022-04-23,2022-06-17,6,1,HR-NCR,3,"2022-06, 2022-05, 2022-04",249.0,325.0,296.14285714285717,325.0,0,2,1.0,37.01994314523174,B_low_frequency
484115,7,8.0,4362.0,2022-05-21,2022-06-20,7,4,"Bengaluru, Delhi, HR-NCR, Mumbai",2,"2022-05, 2022-06",545.0,547.0,545.2857142857143,545.0,1,2,1.1428571428571428,0.7559289460184553,B_low_frequency
482740,7,6.0,1794.0,2022-04-17,2022-04-18,2,1,HR-NCR,1,2022-04,299.0,299.0,299.0,299.0,0,1,0.8571428571428571,0.0,B_low_frequency
482139,7,7.0,1447.0,2022-04-06,2022-05-04,7,2,"Bengaluru, Delhi",2,"2022-04, 2022-05",193.0,209.0,206.71428571428572,209.0,1,1,1.0,6.047431568147634,B_low_frequency
482141,7,7.0,1178.0,2022-04-03,2022-05-18,6,4,"Bengaluru, Delhi, HR-NCR, Mumbai",2,"2022-04, 2022-05",164.0,170.0,168.28571428571428,170.0,1,1,1.0,2.9277002188455996,B_low_frequency
388488,7,7.0,2589.0,2022-05-14,2022-07-09,6,3,"Delhi, HR-NCR, Mumbai",3,"2022-05, 2022-06, 2022-07",359.0,395.0,369.85714285714283,360.0,1,1,1.0,17.179722266173485,B_low_frequency
320671,7,7.0,14975.0,2022-05-12,2022-06-07,3,1,Mumbai,2,"2022-06, 2022-05",2131.0,2142.0,2139.285714285714,2140.0,1,1,1.0,3.773340063934768,B_low_frequency
479605,7,6.0,692.0,2022-04-05,2022-04-16,6,1,HR-NCR,1,2022-04,78.0,125.0,110.0,125.0,0,1,0.8571428571428571,19.6468827043885,B_low_frequency
482265,7,7.0,805.0,2022-04-13,2022-04-28,5,2,"Delhi, Mumbai",1,2022-04,115.0,115.0,115.0,115.0,1,1,1.0,0.0,B_low_frequency
483127,7,7.0,4214.0,2022-04-26,2022-05-14,5,2,"Bengaluru, Delhi",2,"2022-05, 2022-04",602.0,602.0,602.0,602.0,1,1,1.0,0.0,B_low_frequency
379849,7,6.0,797.0,2022-05-12,2022-07-09,6,1,Delhi,3,"2022-06, 2022-05, 2022-07",106.0,160.0,136.71428571428572,159.0,0,1,0.8571428571428571,28.732758805437193,B_low_frequency
485646,7,7.0,3011.0,2022-06-02,2022-06-07,5,4,"Bengaluru, Delhi, HR-NCR, Mumbai",1,2022-06,421.0,437.0,430.14285714285717,437.0,1,1,1.0,8.552359741197582,B_low_frequency
394652,7,8.0,1202.0,2022-05-01,2022-05-02,2,2,"HR-NCR, Mumbai",1,2022-05,150.0,152.0,150.28571428571428,150.0,1,2,1.1428571428571428,0.7559289460184544,B_low_frequency
483421,7,7.0,1148.0,2022-05-03,2022-05-20,6,3,"Bengaluru, Delhi, Mumbai",1,2022-05,164.0,164.0,164.0,164.0,1,1,1.0,0.0,B_low_frequency
487896,7,7.0,1944.0,2022-07-01,2022-07-10,7,2,"Bengaluru, Mumbai",1,2022-07,268.0,285.0,277.7142857142857,285.0,1,1,1.0,9.086882225022427,B_low_frequency
486013,7,7.0,1785.0,2022-06-04,2022-06-20,6,2,"Bengaluru, Mumbai",1,2022-06,255.0,255.0,255.0,255.0,1,1,1.0,0.0,B_low_frequency
286090,7,7.0,8332.0,2022-04-06,2022-06-06,6,1,HR-NCR,3,"2022-04, 2022-05, 2022-06",811.0,1771.0,1190.2857142857142,1150.0,1,1,1.0,285.54084021129347,B_low_frequency
486188,7,11.0,539.0,2022-07-06,2022-07-10,4,3,"Bengaluru, Delhi, HR-NCR",1,2022-07,49.0,49.0,49.0,49.0,1,3,1.5714285714285714,0.0,B_low_frequency
484032,7,7.0,1120.0,2022-05-16,2022-05-21,4,1,HR-NCR,1,2022-05,160.0,160.0,160.0,160.0,1,1,1.0,0.0,B_low_frequency
482576,7,7.0,1223.0,2022-04-16,2022-06-03,6,2,"Bengaluru, Mumbai",3,"2022-05, 2022-04, 2022-06",174.0,175.0,174.71428571428572,175.0,1,1,1.0,0.48795003647426893,B_low_frequency
457351,7,7.0,2400.0,2022-04-09,2022-04-12,4,4,"Bengaluru, Delhi, HR-NCR, Mumbai",1,2022-04,300.0,360.0,342.85714285714283,360.0,1,1,1.0,29.277002188455995,B_low_frequency
483391,7,7.0,12774.0,2022-05-06,2022-05-19,6,3,"Delhi, HR-NCR, Mumbai",1,2022-05,1518.0,1940.0,1824.857142857143,1860.0,1,1,1.0,144.46156186731076,B_low_frequency
422855,6,5.0,1345.0,2022-05-21,2022-06-18,6,2,"Delhi, HR-NCR",2,"2022-06, 2022-05",269.0,270.0,269.1666666666667,269.0,0,1,0.8333333333333334,0.408248290463863,B_low_frequency
468216,6,5.0,1170.0,2022-04-09,2022-04-15,5,1,Mumbai,1,2022-04,210.0,240.0,230.0,240.0,0,1,0.8333333333333334,15.491933384829668,B_low_frequency
483996,6,6.0,720.0,2022-05-14,2022-06-08,5,1,HR-NCR,2,"2022-06, 2022-05",120.0,120.0,120.0,120.0,1,1,1.0,0.0,B_low_frequency
483131,6,6.0,2514.0,2022-06-09,2022-06-19,6,4,"Bengaluru, Delhi, HR-NCR, Mumbai",1,2022-06,419.0,419.0,419.0,419.0,1,1,1.0,0.0,B_low_frequency
26629,6,6.0,2260.0,2022-04-12,2022-05-01,6,1,HR-NCR,2,"2022-04, 2022-05",350.0,390.0,376.6666666666667,390.0,1,1,1.0,20.655911179772893,B_low_frequency
483426,6,6.0,456.0,2022-04-29,2022-05-21,6,3,"Bengaluru, Delhi, Mumbai",2,"2022-05, 2022-04",76.0,76.0,76.0,76.0,1,1,1.0,0.0,B_low_frequency
457883,6,6.0,224.0,2022-07-01,2022-07-10,5,3,"Bengaluru, Delhi, HR-NCR",1,2022-07,21.0,49.0,37.333333333333336,42.0,1,1,1.0,13.764689123502452,B_low_frequency
479630,6,6.0,1098.0,2022-04-05,2022-06-14,6,1,HR-NCR,3,"2022-04, 2022-06, 2022-05",143.0,199.0,183.0,189.0,1,1,1.0,21.908902300206645,B_low_frequency
486172,6,7.0,343.0,2022-07-09,2022-07-10,2,3,"Bengaluru, Delhi, HR-NCR",1,2022-07,49.0,49.0,49.0,49.0,1,2,1.1666666666666667,0.0,B_low_frequency
483218,6,6.0,2808.0,2022-05-02,2022-05-02,1,2,"Bengaluru, Delhi",1,2022-05,456.0,480.0,468.0,468.0,1,1,1.0,13.145341380123982,B_low_frequency
486074,6,6.0,2280.0,2022-06-08,2022-06-16,4,1,Delhi,1,2022-06,380.0,380.0,380.0,380.0,1,1,1.0,0.0,B_low_frequency
477079,6,6.0,31485.0,2022-05-02,2022-07-01,4,2,"Delhi, HR-NCR",3,"2022-06, 2022-07, 2022-05",5095.0,5594.0,5247.5,5199.0,1,1,1.0,174.77270954013395,B_low_frequency
455229,6,12.0,888.0,2022-05-01,2022-05-02,2,1,Bengaluru,1,2022-05,74.0,74.0,74.0,74.0,1,6,2.0,0.0,B_low_frequency
438812,6,6.0,1587.0,2022-05-07,2022-06-12,6,2,"Delhi, HR-NCR",2,"2022-06, 2022-05",260.0,269.0,264.5,264.5,1,1,1.0,4.929503017546495,B_low_frequency
481230,6,6.0,201.0,2022-04-02,2022-06-02,5,2,"Delhi, HR-NCR",2,"2022-04, 2022-06",32.0,35.0,33.5,33.5,1,1,1.0,1.6431676725154984,B_low_frequency
484120,6,6.0,804.0,2022-06-08,2022-06-20,6,3,"Bengaluru, Delhi, HR-NCR",1,2022-06,134.0,134.0,134.0,134.0,1,1,1.0,0.0,B_low_frequency
484080,6,6.0,234.0,2022-06-05,2022-06-12,5,1,Delhi,1,2022-06,39.0,39.0,39.0,39.0,1,1,1.0,0.0,B_low_frequency
482742,6,6.0,2508.0,2022-04-28,2022-04-30,3,1,HR-NCR,1,2022-04,418.0,418.0,418.0,418.0,1,1,1.0,0.0,B_low_frequency
479606,6,6.0,1441.0,2022-04-09,2022-05-21,5,1,HR-NCR,2,"2022-05, 2022-04",191.0,250.0,240.16666666666666,250.0,1,1,1.0,24.08664913736792,B_low_frequency
483809,6,8.0,512.0,2022-05-13,2022-06-14,5,1,Mumbai,2,"2022-05, 2022-06",49.0,69.0,65.66666666666667,69.0,1,2,1.3333333333333333,8.164965809277259,B_low_frequency
383662,6,6.0,180.0,2022-04-03,2022-04-28,6,3,"Delhi, HR-NCR, Mumbai",1,2022-04,30.0,30.0,30.0,30.0,1,1,1.0,0.0,B_low_frequency
484311,6,6.0,686.0,2022-05-20,2022-06-17,5,3,"Bengaluru, Delhi, HR-NCR",2,"2022-06, 2022-05",114.0,116.0,114.33333333333333,114.0,1,1,1.0,0.8164965809277271,B_low_frequency
479989,6,6.0,1746.0,2022-04-09,2022-05-02,6,1,HR-NCR,2,"2022-05, 2022-04",251.0,299.0,291.0,299.0,1,1,1.0,19.595917942265427,B_low_frequency
484028,6,6.0,960.0,2022-05-14,2022-06-04,5,1,HR-NCR,2,"2022-06, 2022-05",160.0,160.0,160.0,160.0,1,1,1.0,0.0,B_low_frequency
482285,6,6.0,552.0,2022-04-19,2022-04-24,4,2,"Delhi, HR-NCR",1,2022-04,92.0,92.0,92.0,92.0,1,1,1.0,0.0,B_low_frequency
302726,6,6.0,840.0,2022-05-21,2022-07-09,5,1,HR-NCR,3,"2022-05, 2022-06, 2022-07",140.0,140.0,140.0,140.0,1,1,1.0,0.0,B_low_frequency
476766,6,6.0,1674.0,2022-04-25,2022-06-11,5,1,HR-NCR,3,"2022-06, 2022-05, 2022-04",279.0,279.0,279.0,279.0,1,1,1.0,0.0,B_low_frequency
32155,6,7.0,231.0,2022-05-08,2022-06-15,5,1,Delhi,2,"2022-05, 2022-06",33.0,33.0,33.0,33.0,1,2,1.1666666666666667,0.0,B_low_frequency
483372,6,12.0,888.0,2022-05-01,2022-05-02,2,1,Mumbai,1,2022-05,74.0,74.0,74.0,74.0,1,6,2.0,0.0,B_low_frequency
439230,6,6.0,886.0,2022-05-06,2022-07-09,6,2,"Delhi, HR-NCR",3,"2022-06, 2022-07, 2022-05",139.0,150.0,147.66666666666666,149.0,1,1,1.0,4.273952113286566,B_low_frequency
139884,6,3.0,549.0,2022-04-01,2022-04-23,6,1,Mumbai,1,2022-04,171.0,207.0,177.0,171.0,0,1,0.5,14.696938456699067,B_low_frequency
470484,6,8.0,302.0,2022-04-02,2022-05-13,4,2,"Delhi, HR-NCR",2,"2022-04, 2022-05",35.0,49.0,39.333333333333336,38.0,0,3,1.3333333333333333,4.96655480858378,B_low_frequency
485764,6,7.0,2898.0,2022-06-03,2022-06-08,4,3,"Delhi, HR-NCR, Mumbai",1,2022-06,414.0,414.0,414.0,414.0,1,2,1.1666666666666667,0.0,B_low_frequency
483430,6,6.0,792.0,2022-04-28,2022-05-21,5,2,"Bengaluru, Delhi",2,"2022-04, 2022-05",132.0,132.0,132.0,132.0,1,1,1.0,0.0,B_low_frequency
286505,6,6.0,5034.0,2022-04-01,2022-04-18,6,1,HR-NCR,1,2022-04,839.0,839.0,839.0,839.0,1,1,1.0,0.0,B_low_frequency
483579,6,6.0,2040.0,2022-05-06,2022-05-15,4,4,"Bengaluru, Delhi, HR-NCR, Mumbai",1,2022-05,340.0,340.0,340.0,340.0,0,2,1.0,0.0,B_low_frequency
445718,5,5.0,254.0,2022-04-30,2022-06-15,5,2,"Delhi, HR-NCR",3,"2022-05, 2022-04, 2022-06",37.0,60.0,50.8,60.0,1,1,1.0,12.59761882261882,B_low_frequency
484030,5,7.0,140.0,2022-05-16,2022-06-03,4,1,HR-NCR,2,"2022-06, 2022-05",20.0,20.0,20.0,20.0,1,3,1.4,0.0,B_low_frequency
480907,5,5.0,4590.0,2022-04-02,2022-05-11,4,1,HR-NCR,2,"2022-05, 2022-04",918.0,918.0,918.0,918.0,1,1,1.0,0.0,B_low_frequency
484029,5,6.0,1800.0,2022-05-13,2022-05-18,5,1,HR-NCR,1,2022-05,300.0,300.0,300.0,300.0,1,2,1.2,0.0,B_low_frequency
439973,5,6.0,1980.0,2022-04-05,2022-07-04,5,1,Mumbai,3,"2022-05, 2022-04, 2022-07",306.0,342.0,327.6,342.0,1,2,1.2,19.71801207018598,B_low_frequency
486333,5,9.0,441.0,2022-07-08,2022-07-10,3,2,"Delhi, HR-NCR",1,2022-07,49.0,49.0,49.0,49.0,1,4,1.8,0.0,B_low_frequency
484154,5,5.0,576.0,2022-05-19,2022-06-12,4,3,"Bengaluru, Delhi, HR-NCR",2,"2022-06, 2022-05",114.0,116.0,115.2,116.0,1,1,1.0,1.095445115010331,B_low_frequency
487181,5,5.0,2167.0,2022-07-08,2022-07-10,2,2,"Bengaluru, Mumbai",1,2022-07,419.0,491.0,433.4,419.0,1,1,1.0,32.19937887599697,B_low_frequency
482276,5,5.0,1834.0,2022-04-18,2022-04-28,4,1,Mumbai,1,2022-04,365.0,374.0,366.8,365.0,1,1,1.0,4.024922359499621,B_low_frequency
479840,5,5.0,3133.0,2022-04-07,2022-05-06,5,1,HR-NCR,2,"2022-04, 2022-05",533.0,650.0,626.6,650.0,1,1,1.0,52.32399067349508,B_low_frequency
41455,5,5.0,2245.0,2022-04-05,2022-06-01,5,1,HR-NCR,2,"2022-06, 2022-04",449.0,449.0,449.0,449.0,1,1,1.0,0.0,B_low_frequency
379850,5,4.0,638.0,2022-06-01,2022-06-12,5,2,"Delhi, HR-NCR",1,2022-06,159.0,160.0,159.6,160.0,0,1,0.8,0.547722557505164,B_low_frequency
438204,5,5.0,198.0,2022-05-06,2022-06-06,4,1,Delhi,2,"2022-06, 2022-05",39.0,40.0,39.6,40.0,1,1,1.0,0.5477225575051655,B_low_frequency
476769,5,5.0,1302.0,2022-04-06,2022-04-24,4,1,HR-NCR,1,2022-04,214.0,279.0,260.4,279.0,1,1,1.0,28.632149762111823,B_low_frequency
484159,5,5.0,2235.0,2022-06-05,2022-06-19,5,2,"Delhi, HR-NCR",1,2022-06,447.0,447.0,447.0,447.0,1,1,1.0,0.0,B_low_frequency
484259,5,5.0,477.0,2022-05-18,2022-06-18,5,2,"Bengaluru, Delhi",2,"2022-05, 2022-06",95.0,96.0,95.4,95.0,1,1,1.0,0.5477225575051661,B_low_frequency
481252,5,4.0,880.0,2022-04-02,2022-04-03,2,3,"Bengaluru, Delhi, Mumbai",1,2022-04,220.0,220.0,220.0,220.0,0,1,0.8,0.0,B_low_frequency
479602,5,6.0,444.0,2022-04-05,2022-04-09,4,1,HR-NCR,1,2022-04,60.0,95.0,76.8,74.0,1,2,1.2,17.569860557215588,B_low_frequency
483180,5,5.0,1563.0,2022-05-09,2022-05-21,5,2,"Delhi, HR-NCR",1,2022-05,307.0,323.0,312.6,307.0,1,1,1.0,7.797435475847171,B_low_frequency
475633,5,5.0,3088.0,2022-04-09,2022-05-05,5,1,HR-NCR,2,"2022-05, 2022-04",512.0,688.0,617.6,688.0,1,1,1.0,96.39917012090925,B_low_frequency
476522,5,5.0,2366.0,2022-04-08,2022-06-08,5,1,HR-NCR,3,"2022-05, 2022-04, 2022-06",472.0,475.0,473.2,472.0,1,1,1.0,1.6431676725154984,B_low_frequency
480988,5,6.0,120.0,2022-04-01,2022-04-29,4,2,"Delhi, HR-NCR",1,2022-04,20.0,20.0,20.0,20.0,1,2,1.2,0.0,B_low_frequency
483902,5,7.0,700.0,2022-05-15,2022-06-02,4,1,HR-NCR,2,"2022-05, 2022-06",100.0,100.0,100.0,100.0,1,3,1.4,0.0,B_low_frequency
483427,5,5.0,660.0,2022-04-28,2022-05-19,4,3,"Bengaluru, Delhi, Mumbai",2,"2022-04, 2022-05",132.0,132.0,132.0,132.0,1,1,1.0,0.0,B_low_frequency
483424,5,5.0,1284.0,2022-05-06,2022-05-20,5,2,"Bengaluru, Mumbai",1,2022-05,244.0,260.0,256.8,260.0,1,1,1.0,7.155417527999327,B_low_frequency
476972,5,8.0,512.0,2022-04-26,2022-05-09,5,1,Mumbai,2,"2022-04, 2022-05",64.0,64.0,64.0,64.0,1,2,1.6,0.0,B_low_frequency
400583,5,5.0,305.0,2022-04-06,2022-04-22,5,1,Bengaluru,1,2022-04,61.0,61.0,61.0,61.0,1,1,1.0,0.0,B_low_frequency
486211,5,7.0,693.0,2022-07-07,2022-07-10,4,2,"Delhi, HR-NCR",1,2022-07,99.0,99.0,99.0,99.0,1,2,1.4,0.0,B_low_frequency
479642,5,5.0,4405.0,2022-04-03,2022-05-18,5,1,HR-NCR,2,"2022-05, 2022-04",881.0,881.0,881.0,881.0,1,1,1.0,0.0,B_low_frequency
484109,5,6.0,3122.0,2022-05-21,2022-06-15,5,2,"HR-NCR, Mumbai",2,"2022-05, 2022-06",393.0,547.0,515.0,545.0,1,2,1.2,68.20557161991974,B_low_frequency
485532,5,5.0,1555.0,2022-06-01,2022-06-07,4,3,"Delhi, HR-NCR, Mumbai",1,2022-06,311.0,311.0,311.0,311.0,1,1,1.0,0.0,B_low_frequency
393202,5,5.0,75.0,2022-05-06,2022-06-01,4,1,Delhi,2,"2022-06, 2022-05",15.0,15.0,15.0,15.0,1,1,1.0,0.0,B_low_frequency
476768,5,5.0,1395.0,2022-05-03,2022-06-19,5,1,HR-NCR,2,"2022-05, 2022-06",279.0,279.0,279.0,279.0,1,1,1.0,0.0,B_low_frequency
476518,5,5.0,3159.0,2022-04-06,2022-06-19,5,1,HR-NCR,3,"2022-04, 2022-05, 2022-06",627.0,649.0,631.8,628.0,1,1,1.0,9.628083921528727,B_low_frequency
460026,5,5.0,990.0,2022-04-16,2022-04-29,5,1,Bengaluru,1,2022-04,198.0,198.0,198.0,198.0,1,1,1.0,0.0,B_low_frequency
484143,5,5.0,234.0,2022-05-19,2022-06-13,5,3,"Bengaluru, Delhi, HR-NCR",2,"2022-06, 2022-05",45.0,48.0,46.8,48.0,1,1,1.0,1.6431676725154984,B_low_frequency
17491,5,5.0,450.0,2022-05-06,2022-05-17,5,1,Delhi,1,2022-05,90.0,90.0,90.0,90.0,1,1,1.0,0.0,B_low_frequency
17537,5,5.0,1875.0,2022-06-06,2022-06-10,3,1,HR-NCR,1,2022-06,375.0,375.0,375.0,375.0,1,1,1.0,0.0,B_low_frequency
485551,5,5.0,1055.0,2022-06-04,2022-06-06,3,1,Mumbai,1,2022-06,211.0,211.0,211.0,211.0,1,1,1.0,0.0,B_low_frequency
481397,5,6.0,270.0,2022-04-01,2022-04-25,3,2,"Delhi, HR-NCR",1,2022-04,45.0,45.0,45.0,45.0,1,2,1.2,0.0,B_low_frequency
486189,5,7.0,343.0,2022-07-09,2022-07-10,2,2,"Delhi, HR-NCR",1,2022-07,49.0,49.0,49.0,49.0,1,2,1.4,0.0,B_low_frequency
483337,5,4.0,3156.0,2022-05-01,2022-05-02,2,1,Mumbai,1,2022-05,789.0,789.0,789.0,789.0,0,1,0.8,0.0,B_low_frequency
483835,4,5.0,285.0,2022-05-15,2022-06-14,4,1,Mumbai,2,"2022-06, 2022-05",49.0,69.0,59.0,59.0,1,2,1.25,11.547005383792516,B_low_frequency
391615,4,4.0,542.0,2022-05-13,2022-07-02,4,2,"Delhi, HR-NCR",3,"2022-05, 2022-06, 2022-07",64.0,160.0,135.5,159.0,1,1,1.0,47.66899761200495,B_low_frequency
139596,4,4.0,2483.0,2022-04-01,2022-06-14,4,1,HR-NCR,3,"2022-05, 2022-04, 2022-06",533.0,650.0,620.75,650.0,1,1,1.0,58.5,B_low_frequency
183034,4,4.0,1500.0,2022-04-24,2022-05-19,4,1,HR-NCR,2,"2022-05, 2022-04",375.0,375.0,375.0,375.0,1,1,1.0,0.0,B_low_frequency
375809,4,4.0,570.0,2022-04-29,2022-05-20,4,1,Bengaluru,2,"2022-04, 2022-05",90.0,160.0,142.5,160.0,1,1,1.0,35.0,B_low_frequency
484310,4,4.0,931.0,2022-06-16,2022-06-20,4,2,"Delhi, HR-NCR",1,2022-06,232.0,235.0,232.75,232.0,1,1,1.0,1.5,B_low_frequency
484035,4,4.0,480.0,2022-05-14,2022-05-21,3,1,HR-NCR,1,2022-05,120.0,120.0,120.0,120.0,1,1,1.0,0.0,B_low_frequency
409234,4,3.0,750.0,2022-04-15,2022-04-21,3,1,HR-NCR,1,2022-04,250.0,250.0,250.0,250.0,0,1,0.75,0.0,B_low_frequency
484692,4,4.0,1580.0,2022-06-03,2022-06-10,3,1,HR-NCR,1,2022-06,395.0,395.0,395.0,395.0,1,1,1.0,0.0,B_low_frequency
483581,4,4.0,1904.0,2022-05-07,2022-05-21,3,2,"Delhi, HR-NCR",1,2022-05,476.0,476.0,476.0,476.0,1,1,1.0,0.0,B_low_frequency
484208,4,4.0,1400.0,2022-05-19,2022-06-15,3,3,"Bengaluru, Delhi, Mumbai",2,"2022-05, 2022-06",349.0,351.0,350.0,350.0,1,1,1.0,1.154700538379246,B_low_frequency
407440,4,4.0,500.0,2022-06-08,2022-06-20,4,1,Mumbai,1,2022-06,125.0,125.0,125.0,125.0,1,1,1.0,0.0,B_low_frequency
484034,4,5.0,625.0,2022-05-16,2022-06-05,4,1,HR-NCR,2,"2022-05, 2022-06",125.0,125.0,125.0,125.0,1,2,1.25,0.0,B_low_frequency
484275,4,4.0,1539.0,2022-05-19,2022-06-19,3,2,"Bengaluru, Mumbai",2,"2022-05, 2022-06",372.0,389.0,384.75,389.0,1,1,1.0,8.500000000000002,B_low_frequency
477854,4,6.0,300.0,2022-04-14,2022-04-28,3,2,"Bengaluru, Delhi",1,2022-04,50.0,50.0,50.0,50.0,1,3,1.5,0.0,B_low_frequency
484085,4,4.0,1332.0,2022-06-04,2022-06-19,4,1,Mumbai,1,2022-06,333.0,333.0,333.0,333.0,1,1,1.0,0.0,B_low_frequency
59504,4,4.0,2064.0,2022-06-09,2022-06-16,4,1,HR-NCR,1,2022-06,516.0,516.0,516.0,516.0,1,1,1.0,0.0,B_low_frequency
483269,4,4.0,292.0,2022-05-01,2022-05-02,2,1,Delhi,1,2022-05,73.0,73.0,73.0,73.0,1,1,1.0,0.0,B_low_frequency
400343,4,3.0,1965.0,2022-05-17,2022-07-07,4,2,"HR-NCR, Mumbai",3,"2022-05, 2022-06, 2022-07",649.0,667.0,653.75,649.5,0,1,0.75,8.845903006477048,B_low_frequency
486162,4,4.0,396.0,2022-07-07,2022-07-10,3,2,"Delhi, HR-NCR",1,2022-07,99.0,99.0,99.0,99.0,1,1,1.0,0.0,B_low_frequency
413425,4,4.0,320.0,2022-04-04,2022-05-15,3,2,"Bengaluru, Delhi",2,"2022-04, 2022-05",80.0,80.0,80.0,80.0,1,1,1.0,0.0,B_low_frequency
484199,4,4.0,383.0,2022-05-19,2022-06-07,3,3,"Bengaluru, Delhi, HR-NCR",2,"2022-05, 2022-06",95.0,98.0,95.75,95.0,1,1,1.0,1.5,B_low_frequency
483423,4,4.0,816.0,2022-05-02,2022-05-09,4,3,"Bengaluru, Delhi, Mumbai",1,2022-05,204.0,204.0,204.0,204.0,1,1,1.0,0.0,B_low_frequency
484267,4,5.0,1829.0,2022-05-21,2022-06-13,4,1,Delhi,2,"2022-05, 2022-06",353.0,369.0,365.0,369.0,1,2,1.25,8.0,B_low_frequency
379852,4,4.0,524.0,2022-05-15,2022-07-08,4,1,Delhi,3,"2022-07, 2022-05, 2022-06",102.0,160.0,131.0,131.0,1,1,1.0,33.48631561299829,B_low_frequency
468217,4,4.0,930.0,2022-04-10,2022-04-14,4,2,"Bengaluru, Mumbai",1,2022-04,210.0,240.0,232.5,240.0,1,1,1.0,15.0,B_low_frequency
476765,4,5.0,1367.0,2022-04-09,2022-04-19,4,1,HR-NCR,1,2022-04,251.0,279.0,272.0,279.0,1,2,1.25,14.0,B_low_frequency
477736,4,4.0,935.0,2022-04-28,2022-05-16,4,1,HR-NCR,2,"2022-04, 2022-05",230.0,235.0,233.75,235.0,1,1,1.0,2.5,B_low_frequency
486197,4,4.0,316.0,2022-07-06,2022-07-10,4,1,Delhi,1,2022-07,79.0,79.0,79.0,79.0,1,1,1.0,0.0,B_low_frequency
300717,4,5.0,218.0,2022-06-07,2022-06-15,4,1,Bengaluru,1,2022-06,38.0,45.0,43.25,45.0,1,2,1.25,3.5,B_low_frequency
411943,4,4.0,885.0,2022-05-02,2022-05-10,4,2,"Delhi, Mumbai",1,2022-05,214.0,229.0,221.25,221.0,1,1,1.0,8.381527307120102,B_low_frequency
404657,4,4.0,581.0,2022-05-02,2022-05-02,1,2,"Bengaluru, Delhi",1,2022-05,143.0,146.0,145.25,146.0,1,1,1.0,1.5,B_low_frequency
470485,4,5.0,160.0,2022-04-01,2022-04-08,3,1,Delhi,1,2022-04,28.0,33.0,31.75,33.0,1,2,1.25,2.5,B_low_frequency
318332,4,4.0,445.0,2022-04-04,2022-04-16,4,1,Delhi,1,2022-04,111.0,112.0,111.25,111.0,1,1,1.0,0.49999999999999917,B_low_frequency
483302,4,4.0,7592.0,2022-05-08,2022-05-16,4,2,"Delhi, HR-NCR",1,2022-05,1196.0,2216.0,1898.0,2090.0,1,1,1.0,476.9514300918561,B_low_frequency
479637,4,4.0,1912.0,2022-04-20,2022-05-11,4,1,HR-NCR,2,"2022-04, 2022-05",415.0,499.0,478.0,499.0,1,1,1.0,42.0,B_low_frequency
479636,4,4.0,2523.0,2022-04-05,2022-06-02,4,1,HR-NCR,3,"2022-04, 2022-06, 2022-05",573.0,650.0,630.75,650.0,1,1,1.0,38.49999999999999,B_low_frequency
149676,4,4.0,188.0,2022-05-08,2022-05-19,4,2,"Delhi, HR-NCR",1,2022-05,47.0,47.0,47.0,47.0,1,1,1.0,0.0,B_low_frequency
482759,4,4.0,1300.0,2022-04-17,2022-04-18,2,3,"Bengaluru, Delhi, Mumbai",1,2022-04,325.0,325.0,325.0,325.0,1,1,1.0,0.0,B_low_frequency
486165,4,6.0,1194.0,2022-07-08,2022-07-10,3,2,"Delhi, HR-NCR",1,2022-07,199.0,199.0,199.0,199.0,1,3,1.5,0.0,B_low_frequency
482498,4,4.0,476.0,2022-04-15,2022-04-23,3,2,"Delhi, HR-NCR",1,2022-04,119.0,119.0,119.0,119.0,1,1,1.0,0.0,B_low_frequency
475870,4,4.0,400.0,2022-04-06,2022-05-06,4,2,"Bengaluru, HR-NCR",2,"2022-05, 2022-04",70.0,190.0,100.0,70.0,1,1,1.0,60.0,B_low_frequency
358489,4,4.0,384.0,2022-05-08,2022-06-14,4,1,Delhi,2,"2022-06, 2022-05",96.0,96.0,96.0,96.0,1,1,1.0,0.0,B_low_frequency
484170,4,4.0,1004.0,2022-06-04,2022-06-11,4,3,"Bengaluru, Delhi, Mumbai",1,2022-06,251.0,251.0,251.0,251.0,1,1,1.0,0.0,B_low_frequency
482203,4,4.0,1486.0,2022-04-14,2022-04-17,3,1,HR-NCR,1,2022-04,344.0,399.0,371.5,371.5,1,1,1.0,31.754264805429422,B_low_frequency
482854,4,4.0,882.0,2022-04-24,2022-05-14,4,1,Bengaluru,2,"2022-05, 2022-04",195.0,297.0,220.5,195.0,1,1,1.0,51.0,B_low_frequency
77,4,4.0,259.0,2022-05-06,2022-05-10,4,2,"Delhi, HR-NCR",1,2022-05,64.0,65.0,64.75,65.0,1,1,1.0,0.49999999999999917,B_low_frequency
141128,4,4.0,160.0,2022-05-21,2022-06-08,3,1,Delhi,2,"2022-06, 2022-05",40.0,40.0,40.0,40.0,1,1,1.0,0.0,B_low_frequency
481088,4,5.0,200.0,2022-04-03,2022-04-27,4,2,"Delhi, HR-NCR",1,2022-04,40.0,40.0,40.0,40.0,1,2,1.25,0.0,B_low_frequency
467428,4,4.0,480.0,2022-05-01,2022-05-14,3,1,HR-NCR,1,2022-05,120.0,120.0,120.0,120.0,1,1,1.0,0.0,B_low_frequency
484303,4,5.0,670.0,2022-06-05,2022-06-13,4,3,"Bengaluru, Delhi, HR-NCR",1,2022-06,118.0,138.0,133.0,138.0,1,2,1.25,10.0,B_low_frequency
455333,4,4.0,1152.0,2022-05-01,2022-05-06,3,2,"Bengaluru, Delhi",1,2022-05,278.0,298.0,288.0,288.0,1,1,1.0,11.547005383792511,B_low_frequency
388572,4,5.0,2290.0,2022-06-15,2022-06-20,4,2,"Bengaluru, Delhi",1,2022-06,458.0,458.0,458.0,458.0,1,2,1.25,0.0,B_low_frequency
369205,4,3.0,165.0,2022-04-01,2022-04-12,4,1,Delhi,1,2022-04,55.0,55.0,55.0,55.0,0,1,0.75,0.0,B_low_frequency
483587,4,4.0,1080.0,2022-06-13,2022-06-20,4,2,"Bengaluru, Delhi",1,2022-06,270.0,270.0,270.0,270.0,1,1,1.0,0.0,B_low_frequency
467424,4,3.0,576.0,2022-04-06,2022-05-12,4,3,"Delhi, HR-NCR, Mumbai",2,"2022-05, 2022-04",192.0,192.0,192.0,192.0,0,1,0.75,0.0,B_low_frequency
482142,4,4.0,856.0,2022-04-03,2022-04-14,4,1,Mumbai,1,2022-04,214.0,214.0,214.0,214.0,1,1,1.0,0.0,B_low_frequency
68590,4,3.0,2550.0,2022-05-12,2022-05-21,4,1,HR-NCR,1,2022-05,850.0,850.0,850.0,850.0,0,1,0.75,0.0,B_low_frequency
35567,4,4.0,3180.0,2022-04-10,2022-07-08,4,1,HR-NCR,2,"2022-07, 2022-04",795.0,795.0,795.0,795.0,1,1,1.0,0.0,B_low_frequency
485636,4,6.0,1106.0,2022-06-03,2022-06-08,4,3,"Bengaluru, Delhi, HR-NCR",1,2022-06,160.0,232.0,195.5,195.0,1,3,1.5,39.87898360456712,B_low_frequency
484229,4,4.0,1060.0,2022-06-03,2022-06-16,4,2,"Bengaluru, Delhi",1,2022-06,265.0,265.0,265.0,265.0,1,1,1.0,0.0,B_low_frequency
482290,4,4.0,500.0,2022-04-14,2022-04-28,4,1,Bengaluru,1,2022-04,125.0,125.0,125.0,125.0,1,1,1.0,0.0,B_low_frequency
484123,4,5.0,1945.0,2022-06-11,2022-06-18,4,1,HR-NCR,1,2022-06,389.0,389.0,389.0,389.0,1,2,1.25,0.0,B_low_frequency
402773,4,4.0,1800.0,2022-04-29,2022-05-19,3,1,HR-NCR,2,"2022-05, 2022-04",450.0,450.0,450.0,450.0,1,1,1.0,0.0,B_low_frequency
440062,4,4.0,195.0,2022-04-30,2022-05-16,3,1,Mumbai,2,"2022-04, 2022-05",42.0,51.0,48.75,51.0,1,1,1.0,4.5,B_low_frequency
483233,4,6.0,873.0,2022-05-01,2022-05-02,2,2,"Bengaluru, Mumbai",1,2022-05,144.0,147.0,144.75,144.0,1,3,1.5,1.5,B_low_frequency
410854,4,4.0,1216.0,2022-06-01,2022-06-10,4,1,Mumbai,1,2022-06,304.0,304.0,304.0,304.0,1,1,1.0,0.0,B_low_frequency
482861,4,4.0,570.0,2022-04-24,2022-06-13,4,1,Mumbai,3,"2022-06, 2022-04, 2022-05",109.0,196.0,142.5,132.5,1,1,1.0,37.61648574760805,B_low_frequency
484954,4,4.0,516.0,2022-06-01,2022-06-06,3,2,"Delhi, HR-NCR",1,2022-06,129.0,129.0,129.0,129.0,1,1,1.0,0.0,B_low_frequency
479610,4,4.0,302.0,2022-04-05,2022-04-08,4,1,HR-NCR,1,2022-04,66.0,85.0,75.5,75.5,1,1,1.0,10.969655114602892,B_low_frequency
457045,4,4.0,240.0,2022-04-02,2022-04-07,3,1,HR-NCR,1,2022-04,60.0,60.0,60.0,60.0,1,1,1.0,0.0,B_low_frequency
486195,4,6.0,474.0,2022-07-06,2022-07-09,3,2,"Bengaluru, Delhi",1,2022-07,79.0,79.0,79.0,79.0,1,3,1.5,0.0,B_low_frequency
478962,4,4.0,716.0,2022-04-19,2022-05-19,4,1,HR-NCR,2,"2022-05, 2022-04",179.0,179.0,179.0,179.0,1,1,1.0,0.0,B_low_frequency
485148,4,4.0,1860.0,2022-06-05,2022-07-10,3,1,HR-NCR,2,"2022-06, 2022-07",465.0,465.0,465.0,465.0,1,1,1.0,0.0,B_low_frequency
391024,4,3.0,120.0,2022-05-07,2022-05-21,4,1,Delhi,1,2022-05,40.0,40.0,40.0,40.0,0,1,0.75,0.0,B_low_frequency
375219,4,4.0,240.0,2022-04-04,2022-04-27,3,2,"Delhi, HR-NCR",1,2022-04,60.0,60.0,60.0,60.0,1,1,1.0,0.0,B_low_frequency
424282,4,4.0,1762.0,2022-04-07,2022-04-24,4,1,Mumbai,1,2022-04,418.0,448.0,440.5,448.0,1,1,1.0,15.0,B_low_frequency
431737,3,3.0,480.0,2022-04-13,2022-04-15,3,1,Delhi,1,2022-04,160.0,160.0,160.0,160.0,1,1,1.0,0.0,B_low_frequency
484716,3,3.0,630.0,2022-05-21,2022-05-21,1,1,HR-NCR,1,2022-05,210.0,210.0,210.0,210.0,1,1,1.0,0.0,B_low_frequency
484111,3,4.0,680.0,2022-05-21,2022-06-19,3,2,"Bengaluru, HR-NCR",2,"2022-06, 2022-05",167.0,173.0,171.0,173.0,1,2,1.3333333333333333,3.4641016151377544,B_low_frequency
438771,3,0.0,0.0,2022-04-08,2022-04-15,3,2,"Bengaluru, Mumbai",1,2022-04,87.0,91.0,89.66666666666667,91.0,0,0,0.0,2.309401076758503,B_low_frequency
483993,3,4.0,3180.0,2022-05-19,2022-05-21,3,1,HR-NCR,1,2022-05,795.0,795.0,795.0,795.0,1,2,1.3333333333333333,0.0,B_low_frequency
392711,3,3.0,867.0,2022-06-05,2022-06-12,3,2,"Delhi, HR-NCR",1,2022-06,289.0,289.0,289.0,289.0,1,1,1.0,0.0,B_low_frequency
485154,3,3.0,540.0,2022-06-05,2022-06-08,3,1,HR-NCR,1,2022-06,180.0,180.0,180.0,180.0,1,1,1.0,0.0,B_low_frequency
476052,3,3.0,2675.0,2022-04-21,2022-07-10,3,1,Bengaluru,3,"2022-07, 2022-06, 2022-04",888.0,899.0,891.6666666666666,888.0,1,1,1.0,6.3508529610858835,B_low_frequency
185626,3,3.0,3270.0,2022-06-10,2022-06-19,3,1,HR-NCR,1,2022-06,1090.0,1090.0,1090.0,1090.0,1,1,1.0,0.0,B_low_frequency
483315,3,3.0,1689.0,2022-05-02,2022-05-02,1,1,Mumbai,1,2022-05,563.0,563.0,563.0,563.0,1,1,1.0,0.0,B_low_frequency
483318,3,3.0,5388.0,2022-05-01,2022-05-02,2,1,Delhi,1,2022-05,1796.0,1796.0,1796.0,1796.0,1,1,1.0,0.0,B_low_frequency
10853,3,3.0,134.0,2022-05-21,2022-06-20,2,2,"Delhi, HR-NCR",2,"2022-05, 2022-06",40.0,47.0,44.666666666666664,47.0,1,1,1.0,4.041451884327381,B_low_frequency
485286,3,3.0,592.0,2022-06-08,2022-06-13,3,2,"Bengaluru, Delhi",1,2022-06,196.0,198.0,197.33333333333334,198.0,1,1,1.0,1.1547005383792515,B_low_frequency
41560,3,3.0,670.0,2022-07-03,2022-07-04,2,1,HR-NCR,1,2022-07,210.0,250.0,223.33333333333334,210.0,1,1,1.0,23.094010767585033,B_low_frequency
486191,3,4.0,196.0,2022-07-07,2022-07-10,3,1,Delhi,1,2022-07,49.0,49.0,49.0,49.0,1,2,1.3333333333333333,0.0,B_low_frequency
370326,3,3.0,60.0,2022-04-28,2022-06-02,3,2,"Bengaluru, Mumbai",3,"2022-05, 2022-04, 2022-06",20.0,20.0,20.0,20.0,1,1,1.0,0.0,B_low_frequency
476764,3,3.0,837.0,2022-04-06,2022-05-16,3,1,HR-NCR,2,"2022-05, 2022-04",279.0,279.0,279.0,279.0,1,1,1.0,0.0,B_low_frequency
483251,3,3.0,1701.0,2022-05-01,2022-05-02,2,1,Bengaluru,1,2022-05,567.0,567.0,567.0,567.0,1,1,1.0,0.0,B_low_frequency
3228,3,3.0,597.0,2022-04-12,2022-05-01,3,1,HR-NCR,2,"2022-05, 2022-04",199.0,199.0,199.0,199.0,1,1,1.0,0.0,B_low_frequency
486160,3,3.0,297.0,2022-07-07,2022-07-09,3,2,"Delhi, HR-NCR",1,2022-07,99.0,99.0,99.0,99.0,1,1,1.0,0.0,B_low_frequency
434436,3,3.0,840.0,2022-06-07,2022-06-09,2,1,HR-NCR,1,2022-06,280.0,280.0,280.0,280.0,1,1,1.0,0.0,B_low_frequency
483206,3,3.0,684.0,2022-05-02,2022-05-02,1,1,Bengaluru,1,2022-05,228.0,228.0,228.0,228.0,1,1,1.0,0.0,B_low_frequency
483582,3,3.0,990.0,2022-05-05,2022-05-12,3,2,"Delhi, Mumbai",1,2022-05,330.0,330.0,330.0,330.0,1,1,1.0,0.0,B_low_frequency
483897,3,3.0,1680.0,2022-05-14,2022-05-18,3,1,HR-NCR,1,2022-05,560.0,560.0,560.0,560.0,1,1,1.0,0.0,B_low_frequency
482209,3,4.0,3000.0,2022-04-17,2022-04-24,2,1,HR-NCR,1,2022-04,750.0,750.0,750.0,750.0,1,2,1.3333333333333333,0.0,B_low_frequency
481552,3,3.0,450.0,2022-04-09,2022-04-18,3,1,Bengaluru,1,2022-04,150.0,150.0,150.0,150.0,1,1,1.0,0.0,B_low_frequency
445457,3,3.0,660.0,2022-05-09,2022-05-10,2,2,"Delhi, HR-NCR",1,2022-05,220.0,220.0,220.0,220.0,1,1,1.0,0.0,B_low_frequency
142936,3,2.0,190.0,2022-06-08,2022-06-12,3,2,"Delhi, HR-NCR",1,2022-06,95.0,95.0,95.0,95.0,0,1,0.6666666666666666,0.0,B_low_frequency
478036,3,3.0,180.0,2022-04-04,2022-05-07,3,1,Mumbai,2,"2022-05, 2022-04",60.0,77.0,65.66666666666667,60.0,0,2,1.0,9.814954576223638,B_low_frequency
483428,3,3.0,396.0,2022-05-03,2022-05-21,2,2,"Bengaluru, Delhi",1,2022-05,132.0,132.0,132.0,132.0,1,1,1.0,0.0,B_low_frequency
402755,3,3.0,145.0,2022-04-09,2022-04-23,2,1,Delhi,1,2022-04,45.0,50.0,48.333333333333336,50.0,1,1,1.0,2.886751345948129,B_low_frequency
388279,3,3.0,300.0,2022-05-20,2022-06-01,3,1,Mumbai,2,"2022-06, 2022-05",100.0,100.0,100.0,100.0,1,1,1.0,0.0,B_low_frequency
475875,3,3.0,330.0,2022-04-02,2022-04-28,3,2,"Delhi, HR-NCR",1,2022-04,110.0,110.0,110.0,110.0,1,1,1.0,0.0,B_low_frequency
484141,3,3.0,519.0,2022-06-04,2022-06-18,3,3,"Bengaluru, Delhi, HR-NCR",1,2022-06,173.0,173.0,173.0,173.0,1,1,1.0,0.0,B_low_frequency
483420,3,4.0,432.0,2022-04-30,2022-05-14,3,2,"Delhi, Mumbai",2,"2022-04, 2022-05",108.0,108.0,108.0,108.0,1,2,1.3333333333333333,0.0,B_low_frequency
484299,3,3.0,356.0,2022-06-14,2022-06-20,3,2,"Delhi, HR-NCR",1,2022-06,118.0,120.0,118.66666666666667,118.0,1,1,1.0,1.1547005383792515,B_low_frequency
483998,3,3.0,1485.0,2022-05-21,2022-05-21,1,1,HR-NCR,1,2022-05,495.0,495.0,495.0,495.0,1,1,1.0,0.0,B_low_frequency
438862,3,3.0,1079.0,2022-05-11,2022-06-09,3,1,Delhi,2,"2022-06, 2022-05",359.0,360.0,359.6666666666667,360.0,1,1,1.0,0.5773502691896257,B_low_frequency
486208,3,5.0,995.0,2022-07-09,2022-07-09,1,2,"Delhi, HR-NCR",1,2022-07,199.0,199.0,199.0,199.0,1,2,1.6666666666666667,0.0,B_low_frequency
398857,3,3.0,489.0,2022-04-03,2022-05-02,3,1,Bengaluru,2,"2022-05, 2022-04",147.0,171.0,163.0,171.0,1,1,1.0,13.856406460551018,B_low_frequency
486331,3,8.0,392.0,2022-07-08,2022-07-10,2,2,"Delhi, HR-NCR",1,2022-07,49.0,49.0,49.0,49.0,1,6,2.6666666666666665,0.0,B_low_frequency
428538,3,3.0,1347.0,2022-06-04,2022-06-05,2,3,"Bengaluru, Delhi, Mumbai",1,2022-06,449.0,449.0,449.0,449.0,1,1,1.0,0.0,B_low_frequency
476155,3,3.0,180.0,2022-06-07,2022-06-11,3,1,Delhi,1,2022-06,60.0,60.0,60.0,60.0,1,1,1.0,0.0,B_low_frequency
482287,3,3.0,276.0,2022-04-28,2022-04-30,2,2,"Delhi, HR-NCR",1,2022-04,92.0,92.0,92.0,92.0,1,1,1.0,0.0,B_low_frequency
483901,3,3.0,300.0,2022-05-17,2022-05-20,3,1,HR-NCR,1,2022-05,100.0,100.0,100.0,100.0,1,1,1.0,0.0,B_low_frequency
484182,3,3.0,666.0,2022-05-19,2022-06-10,3,2,"Bengaluru, Delhi",2,"2022-06, 2022-05",214.0,226.0,222.0,226.0,1,1,1.0,6.928203230275509,B_low_frequency
448458,3,3.0,743.0,2022-05-14,2022-07-08,3,1,Delhi,2,"2022-05, 2022-07",191.0,360.0,247.66666666666666,192.0,1,1,1.0,97.28480525412658,B_low_frequency
477770,3,3.0,1080.0,2022-04-03,2022-04-12,3,2,"Delhi, HR-NCR",1,2022-04,360.0,360.0,360.0,360.0,1,1,1.0,0.0,B_low_frequency
484201,3,3.0,372.0,2022-05-19,2022-05-21,2,2,"Bengaluru, Delhi",1,2022-05,124.0,124.0,124.0,124.0,1,1,1.0,0.0,B_low_frequency
448433,3,3.0,687.0,2022-06-05,2022-06-13,3,1,Delhi,1,2022-06,229.0,229.0,229.0,229.0,1,1,1.0,0.0,B_low_frequency
487171,3,3.0,1401.0,2022-07-03,2022-07-06,2,1,HR-NCR,1,2022-07,419.0,491.0,467.0,491.0,1,1,1.0,41.569219381653056,B_low_frequency
482393,3,3.0,627.0,2022-04-14,2022-04-21,3,1,HR-NCR,1,2022-04,209.0,209.0,209.0,209.0,1,1,1.0,0.0,B_low_frequency
393827,3,3.0,1114.0,2022-05-08,2022-07-08,3,1,Delhi,3,"2022-05, 2022-07, 2022-06",359.0,395.0,371.3333333333333,360.0,1,1,1.0,20.502032419575706,B_low_frequency
42806,3,3.0,1023.0,2022-07-02,2022-07-05,3,1,HR-NCR,1,2022-07,299.0,425.0,341.0,299.0,1,1,1.0,72.74613391789285,B_low_frequency
485256,3,3.0,450.0,2022-06-12,2022-06-17,3,2,"Delhi, Mumbai",1,2022-06,150.0,150.0,150.0,150.0,1,1,1.0,0.0,B_low_frequency
482291,3,3.0,450.0,2022-04-09,2022-04-10,2,2,"Bengaluru, Delhi",1,2022-04,150.0,150.0,150.0,150.0,1,1,1.0,0.0,B_low_frequency
445140,3,3.0,660.0,2022-04-10,2022-04-26,3,3,"Bengaluru, HR-NCR, Mumbai",1,2022-04,220.0,220.0,220.0,220.0,1,1,1.0,0.0,B_low_frequency
475723,3,2.0,1290.0,2022-04-26,2022-06-13,3,1,HR-NCR,3,"2022-05, 2022-06, 2022-04",645.0,645.0,645.0,645.0,0,1,0.6666666666666666,0.0,B_low_frequency
391334,3,3.0,299.0,2022-04-27,2022-05-03,2,1,Mumbai,2,"2022-04, 2022-05",99.0,100.0,99.66666666666667,100.0,1,1,1.0,0.5773502691896257,B_low_frequency
486039,3,3.0,390.0,2022-06-10,2022-06-14,3,1,Delhi,1,2022-06,130.0,130.0,130.0,130.0,1,1,1.0,0.0,B_low_frequency
448471,3,3.0,894.0,2022-04-03,2022-04-19,3,1,Delhi,1,2022-04,291.0,311.0,298.0,292.0,1,1,1.0,11.269427669584644,B_low_frequency
309202,3,3.0,821.0,2022-06-02,2022-06-16,3,2,"Delhi, HR-NCR",1,2022-06,238.0,319.0,273.6666666666667,264.0,1,1,1.0,41.356176483487125,B_low_frequency
53439,3,3.0,1410.0,2022-05-02,2022-06-11,3,1,HR-NCR,2,"2022-06, 2022-05",470.0,470.0,470.0,470.0,1,1,1.0,0.0,B_low_frequency
484679,3,3.0,690.0,2022-05-20,2022-05-20,1,1,HR-NCR,1,2022-05,230.0,230.0,230.0,230.0,1,1,1.0,0.0,B_low_frequency
482105,3,3.0,2883.0,2022-04-08,2022-04-19,3,1,HR-NCR,1,2022-04,961.0,961.0,961.0,961.0,1,1,1.0,0.0,B_low_frequency
483748,3,3.0,240.0,2022-05-12,2022-05-16,2,2,"Bengaluru, Delhi",1,2022-05,80.0,80.0,80.0,80.0,1,1,1.0,0.0,B_low_frequency
486196,3,4.0,316.0,2022-07-07,2022-07-10,3,3,"Bengaluru, Delhi, HR-NCR",1,2022-07,79.0,79.0,79.0,79.0,1,2,1.3333333333333333,0.0,B_low_frequency
84,3,3.0,195.0,2022-05-07,2022-05-21,3,1,Delhi,1,2022-05,65.0,65.0,65.0,65.0,1,1,1.0,0.0,B_low_frequency
404084,3,3.0,1845.0,2022-05-01,2022-05-02,2,1,Mumbai,1,2022-05,615.0,615.0,615.0,615.0,1,1,1.0,0.0,B_low_frequency
485901,3,3.0,975.0,2022-06-03,2022-06-05,3,2,"Delhi, Mumbai",1,2022-06,325.0,325.0,325.0,325.0,1,1,1.0,0.0,B_low_frequency
484298,2,2.0,273.0,2022-05-21,2022-06-07,2,1,Delhi,2,"2022-06, 2022-05",135.0,138.0,136.5,136.5,1,1,1.0,2.1213203435596424,B_low_frequency
474421,2,2.0,1900.0,2022-04-07,2022-05-07,2,1,HR-NCR,2,"2022-04, 2022-05",950.0,950.0,950.0,950.0,1,1,1.0,0.0,B_low_frequency
483864,2,2.0,750.0,2022-05-13,2022-05-19,2,1,HR-NCR,1,2022-05,375.0,375.0,375.0,375.0,1,1,1.0,0.0,B_low_frequency
455636,2,2.0,300.0,2022-04-10,2022-04-12,2,1,Delhi,1,2022-04,150.0,150.0,150.0,150.0,1,1,1.0,0.0,B_low_frequency
483880,2,2.0,1860.0,2022-06-09,2022-06-09,1,1,HR-NCR,1,2022-06,930.0,930.0,930.0,930.0,1,1,1.0,0.0,B_low_frequency
404548,2,2.0,1248.0,2022-05-02,2022-05-02,1,1,Bengaluru,1,2022-05,624.0,624.0,624.0,624.0,1,1,1.0,0.0,B_low_frequency
477858,2,2.0,80.0,2022-04-17,2022-04-17,1,1,Delhi,1,2022-04,40.0,40.0,40.0,40.0,1,1,1.0,0.0,B_low_frequency
482392,2,2.0,418.0,2022-04-15,2022-04-21,2,1,HR-NCR,1,2022-04,209.0,209.0,209.0,209.0,1,1,1.0,0.0,B_low_frequency
479988,2,2.0,1390.0,2022-06-04,2022-06-20,2,1,HR-NCR,1,2022-06,695.0,695.0,695.0,695.0,1,1,1.0,0.0,B_low_frequency
484238,2,2.0,850.0,2022-05-20,2022-06-06,2,1,Delhi,2,"2022-05, 2022-06",383.0,467.0,425.0,425.0,1,1,1.0,59.39696961966999,B_low_frequency
477080,2,2.0,20998.0,2022-05-03,2022-05-03,1,1,HR-NCR,1,2022-05,10499.0,10499.0,10499.0,10499.0,1,1,1.0,0.0,B_low_frequency
381785,2,0.0,0.0,2022-04-22,2022-04-23,2,1,HR-NCR,1,2022-04,55.0,55.0,55.0,55.0,0,0,0.0,0.0,B_low_frequency
484304,2,2.0,504.0,2022-05-18,2022-06-14,2,1,Delhi,2,"2022-05, 2022-06",251.0,253.0,252.0,252.0,1,1,1.0,1.4142135623730951,B_low_frequency
486218,2,2.0,298.0,2022-07-10,2022-07-10,1,2,"Delhi, HR-NCR",1,2022-07,149.0,149.0,149.0,149.0,1,1,1.0,0.0,B_low_frequency
483373,2,6.0,3318.0,2022-05-01,2022-05-01,1,1,Bengaluru,1,2022-05,543.0,603.0,573.0,573.0,1,5,3.0,42.42640687119285,B_low_frequency
438305,2,2.0,40.0,2022-04-17,2022-04-21,2,2,"Bengaluru, HR-NCR",1,2022-04,20.0,20.0,20.0,20.0,1,1,1.0,0.0,B_low_frequency
441574,2,2.0,1060.0,2022-04-10,2022-04-24,2,2,"Delhi, HR-NCR",1,2022-04,530.0,530.0,530.0,530.0,1,1,1.0,0.0,B_low_frequency
480251,2,2.0,98.0,2022-04-17,2022-04-23,2,1,HR-NCR,1,2022-04,49.0,49.0,49.0,49.0,1,1,1.0,0.0,B_low_frequency
438298,2,2.0,126.0,2022-04-12,2022-05-01,2,1,Delhi,2,"2022-04, 2022-05",30.0,96.0,63.0,63.0,1,1,1.0,46.66904755831214,B_low_frequency
457389,2,2.0,251.0,2022-04-08,2022-05-16,2,1,Delhi,2,"2022-05, 2022-04",125.0,126.0,125.5,125.5,1,1,1.0,0.7071067811865476,B_low_frequency
475766,2,2.0,2050.0,2022-04-26,2022-05-09,2,1,HR-NCR,2,"2022-04, 2022-05",1025.0,1025.0,1025.0,1025.0,1,1,1.0,0.0,B_low_frequency
484312,2,2.0,739.0,2022-05-20,2022-06-12,2,1,Delhi,2,"2022-05, 2022-06",349.0,390.0,369.5,369.5,1,1,1.0,28.991378028648448,B_low_frequency
482303,2,2.0,3350.0,2022-05-02,2022-05-06,2,1,HR-NCR,1,2022-05,1675.0,1675.0,1675.0,1675.0,1,1,1.0,0.0,B_low_frequency
395559,2,2.0,200.0,2022-05-06,2022-05-20,2,2,"Delhi, HR-NCR",1,2022-05,100.0,100.0,100.0,100.0,1,1,1.0,0.0,B_low_frequency
486194,2,2.0,158.0,2022-07-07,2022-07-09,2,1,Delhi,1,2022-07,79.0,79.0,79.0,79.0,1,1,1.0,0.0,B_low_frequency
484127,2,2.0,799.0,2022-05-21,2022-06-18,2,1,Bengaluru,2,"2022-05, 2022-06",389.0,410.0,399.5,399.5,1,1,1.0,14.849242404917497,B_low_frequency
478954,2,2.0,282.0,2022-06-03,2022-06-11,2,1,HR-NCR,1,2022-06,141.0,141.0,141.0,141.0,1,1,1.0,0.0,B_low_frequency
478048,2,2.0,363.0,2022-04-07,2022-06-10,2,1,Bengaluru,2,"2022-04, 2022-06",180.0,183.0,181.5,181.5,1,1,1.0,2.1213203435596424,B_low_frequency
476928,2,2.0,693.0,2022-05-10,2022-05-21,2,1,Mumbai,1,2022-05,301.0,392.0,346.5,346.5,1,1,1.0,64.34671708797582,B_low_frequency
293341,2,2.0,700.0,2022-05-16,2022-05-16,1,1,HR-NCR,1,2022-05,350.0,350.0,350.0,350.0,1,1,1.0,0.0,B_low_frequency
482698,2,2.0,1280.0,2022-06-05,2022-06-08,2,1,HR-NCR,1,2022-06,640.0,640.0,640.0,640.0,1,1,1.0,0.0,B_low_frequency
484821,2,2.0,198.0,2022-07-07,2022-07-08,2,1,Delhi,1,2022-07,99.0,99.0,99.0,99.0,1,1,1.0,0.0,B_low_frequency
468339,2,2.0,477.0,2022-04-09,2022-05-19,2,1,Mumbai,2,"2022-05, 2022-04",235.0,242.0,238.5,238.5,1,1,1.0,4.949747468305833,B_low_frequency
441876,2,2.0,1822.0,2022-04-01,2022-04-14,2,1,Bengaluru,1,2022-04,911.0,911.0,911.0,911.0,1,1,1.0,0.0,B_low_frequency
423340,2,2.0,46.0,2022-06-01,2022-06-05,2,1,Bengaluru,1,2022-06,23.0,23.0,23.0,23.0,1,1,1.0,0.0,B_low_frequency
486202,2,2.0,198.0,2022-07-07,2022-07-10,2,1,Delhi,1,2022-07,99.0,99.0,99.0,99.0,1,1,1.0,0.0,B_low_frequency
486180,2,2.0,98.0,2022-07-07,2022-07-10,2,2,"Delhi, Mumbai",1,2022-07,49.0,49.0,49.0,49.0,1,1,1.0,0.0,B_low_frequency
484176,2,2.0,698.0,2022-06-04,2022-06-05,2,1,Bengaluru,1,2022-06,349.0,349.0,349.0,349.0,1,1,1.0,0.0,B_low_frequency
486222,2,2.0,298.0,2022-07-08,2022-07-10,2,2,"Delhi, HR-NCR",1,2022-07,149.0,149.0,149.0,149.0,1,1,1.0,0.0,B_low_frequency
484162,2,2.0,502.0,2022-06-15,2022-06-17,2,2,"Delhi, HR-NCR",1,2022-06,251.0,251.0,251.0,251.0,1,1,1.0,0.0,B_low_frequency
485129,2,2.0,900.0,2022-06-06,2022-06-19,2,1,HR-NCR,1,2022-06,450.0,450.0,450.0,450.0,1,1,1.0,0.0,B_low_frequency
480122,2,3.0,750.0,2022-06-03,2022-06-04,2,1,HR-NCR,1,2022-06,250.0,250.0,250.0,250.0,1,2,1.5,0.0,B_low_frequency
133714,2,2.0,350.0,2022-06-11,2022-06-19,2,1,HR-NCR,1,2022-06,175.0,175.0,175.0,175.0,1,1,1.0,0.0,B_low_frequency
388573,2,2.0,796.0,2022-06-19,2022-06-20,2,1,HR-NCR,1,2022-06,398.0,398.0,398.0,398.0,1,1,1.0,0.0,B_low_frequency
9097,2,2.0,44.0,2022-06-12,2022-06-12,1,1,Bengaluru,1,2022-06,22.0,22.0,22.0,22.0,1,1,1.0,0.0,B_low_frequency
484796,2,2.0,500.0,2022-06-03,2022-06-04,2,1,HR-NCR,1,2022-06,250.0,250.0,250.0,250.0,1,1,1.0,0.0,B_low_frequency
477011,2,2.0,82.0,2022-04-02,2022-04-03,2,1,Mumbai,1,2022-04,41.0,41.0,41.0,41.0,1,1,1.0,0.0,B_low_frequency
483884,2,2.0,498.0,2022-06-03,2022-06-04,2,1,HR-NCR,1,2022-06,249.0,249.0,249.0,249.0,1,1,1.0,0.0,B_low_frequency
483866,2,2.0,700.0,2022-05-14,2022-06-02,2,1,HR-NCR,2,"2022-06, 2022-05",350.0,350.0,350.0,350.0,1,1,1.0,0.0,B_low_frequency
484266,2,2.0,778.0,2022-06-03,2022-06-15,2,1,Delhi,1,2022-06,389.0,389.0,389.0,389.0,1,1,1.0,0.0,B_low_frequency
429713,2,2.0,60.0,2022-06-07,2022-06-07,1,1,HR-NCR,1,2022-06,30.0,30.0,30.0,30.0,1,1,1.0,0.0,B_low_frequency
484156,2,2.0,96.0,2022-05-21,2022-06-19,2,2,"Bengaluru, Mumbai",2,"2022-05, 2022-06",47.0,49.0,48.0,48.0,1,1,1.0,1.4142135623730951,B_low_frequency
484786,2,2.0,600.0,2022-06-07,2022-06-18,2,1,HR-NCR,1,2022-06,300.0,300.0,300.0,300.0,1,1,1.0,0.0,B_low_frequency
323139,2,2.0,1390.0,2022-06-13,2022-06-14,2,1,HR-NCR,1,2022-06,695.0,695.0,695.0,695.0,1,1,1.0,0.0,B_low_frequency
390087,2,2.0,1058.0,2022-05-02,2022-05-02,1,1,Delhi,1,2022-05,529.0,529.0,529.0,529.0,1,1,1.0,0.0,B_low_frequency
425557,2,2.0,1643.0,2022-04-30,2022-05-11,2,2,"HR-NCR, Mumbai",2,"2022-05, 2022-04",774.0,869.0,821.5,821.5,1,1,1.0,67.17514421272202,B_low_frequency
368371,2,3.0,450.0,2022-04-20,2022-05-20,2,1,Bengaluru,2,"2022-04, 2022-05",150.0,150.0,150.0,150.0,1,2,1.5,0.0,B_low_frequency
275882,2,2.0,394.0,2022-06-10,2022-06-11,2,1,Delhi,1,2022-06,197.0,197.0,197.0,197.0,1,1,1.0,0.0,B_low_frequency
402777,2,2.0,880.0,2022-05-01,2022-05-04,2,2,"Delhi, HR-NCR",1,2022-05,440.0,440.0,440.0,440.0,1,1,1.0,0.0,B_low_frequency
484151,2,2.0,256.0,2022-06-09,2022-06-20,2,2,"Bengaluru, Mumbai",1,2022-06,128.0,128.0,128.0,128.0,1,1,1.0,0.0,B_low_frequency
482988,2,1.0,118.0,2022-04-25,2022-04-25,1,1,Mumbai,1,2022-04,118.0,118.0,118.0,118.0,0,1,0.5,0.0,B_low_frequency
483860,2,3.0,2097.0,2022-05-14,2022-06-15,2,1,HR-NCR,2,"2022-06, 2022-05",699.0,699.0,699.0,699.0,1,2,1.5,0.0,B_low_frequency
438304,2,4.0,120.0,2022-04-17,2022-04-24,2,2,"Bengaluru, Delhi",1,2022-04,30.0,30.0,30.0,30.0,1,3,2.0,0.0,B_low_frequency
128379,2,2.0,798.0,2022-06-03,2022-06-04,2,1,HR-NCR,1,2022-06,399.0,399.0,399.0,399.0,1,1,1.0,0.0,B_low_frequency
470948,2,2.0,120.0,2022-04-13,2022-05-05,2,1,Delhi,2,"2022-04, 2022-05",60.0,60.0,60.0,60.0,1,1,1.0,0.0,B_low_frequency
485134,2,2.0,900.0,2022-06-02,2022-06-17,2,1,HR-NCR,1,2022-06,450.0,450.0,450.0,450.0,1,1,1.0,0.0,B_low_frequency
143062,2,2.0,698.0,2022-04-11,2022-05-01,2,1,HR-NCR,2,"2022-04, 2022-05",349.0,349.0,349.0,349.0,1,1,1.0,0.0,B_low_frequency
484631,2,3.0,93.0,2022-06-01,2022-06-01,1,1,Delhi,1,2022-06,31.0,31.0,31.0,31.0,1,2,1.5,0.0,B_low_frequency
484978,2,2.0,198.0,2022-06-06,2022-06-07,2,1,Bengaluru,1,2022-06,99.0,99.0,99.0,99.0,1,1,1.0,0.0,B_low_frequency
448455,2,1.0,329.0,2022-06-04,2022-06-12,2,1,HR-NCR,1,2022-06,329.0,329.0,329.0,329.0,0,1,0.5,0.0,B_low_frequency
482952,2,2.0,1800.0,2022-06-01,2022-06-17,2,1,HR-NCR,1,2022-06,900.0,900.0,900.0,900.0,1,1,1.0,0.0,B_low_frequency
441652,2,2.0,390.0,2022-07-09,2022-07-10,2,1,Mumbai,1,2022-07,195.0,195.0,195.0,195.0,1,1,1.0,0.0,B_low_frequency
484003,2,2.0,1050.0,2022-05-15,2022-05-20,2,1,HR-NCR,1,2022-05,525.0,525.0,525.0,525.0,1,1,1.0,0.0,B_low_frequency
100550,2,2.0,40.0,2022-05-20,2022-05-21,2,1,Delhi,1,2022-05,20.0,20.0,20.0,20.0,1,1,1.0,0.0,B_low_frequency
479036,2,2.0,140.0,2022-06-02,2022-06-16,2,1,Delhi,1,2022-06,70.0,70.0,70.0,70.0,1,1,1.0,0.0,B_low_frequency
479329,2,2.0,1700.0,2022-04-23,2022-04-25,2,1,HR-NCR,1,2022-04,850.0,850.0,850.0,850.0,1,1,1.0,0.0,B_low_frequency
385735,2,2.0,1200.0,2022-05-14,2022-05-15,2,1,HR-NCR,1,2022-05,600.0,600.0,600.0,600.0,1,1,1.0,0.0,B_low_frequency
484260,2,2.0,187.0,2022-05-21,2022-06-03,2,1,Delhi,2,"2022-06, 2022-05",92.0,95.0,93.5,93.5,1,1,1.0,2.1213203435596424,B_low_frequency
445947,2,2.0,418.0,2022-06-04,2022-06-04,1,1,Bengaluru,1,2022-06,209.0,209.0,209.0,209.0,1,1,1.0,0.0,B_low_frequency
482953,2,2.0,1950.0,2022-06-02,2022-06-07,2,1,HR-NCR,1,2022-06,975.0,975.0,975.0,975.0,1,1,1.0,0.0,B_low_frequency
438202,2,2.0,240.0,2022-05-09,2022-05-17,2,2,"Delhi, HR-NCR",1,2022-05,120.0,120.0,120.0,120.0,1,1,1.0,0.0,B_low_frequency
482409,2,2.0,550.0,2022-04-14,2022-04-18,2,1,HR-NCR,1,2022-04,275.0,275.0,275.0,275.0,1,1,1.0,0.0,B_low_frequency
486200,2,3.0,297.0,2022-07-08,2022-07-09,2,2,"Delhi, HR-NCR",1,2022-07,99.0,99.0,99.0,99.0,1,2,1.5,0.0,B_low_frequency
429398,2,2.0,94.0,2022-04-06,2022-04-22,2,2,"Bengaluru, Delhi",1,2022-04,47.0,47.0,47.0,47.0,1,1,1.0,0.0,B_low_frequency
455290,2,2.0,234.0,2022-05-10,2022-06-06,2,1,HR-NCR,2,"2022-06, 2022-05",115.0,119.0,117.0,117.0,1,1,1.0,2.8284271247461903,B_low_frequency
267,2,2.0,598.0,2022-04-01,2022-04-05,2,1,HR-NCR,1,2022-04,299.0,299.0,299.0,299.0,1,1,1.0,0.0,B_low_frequency
483889,2,2.0,898.0,2022-05-15,2022-05-17,2,1,HR-NCR,1,2022-05,449.0,449.0,449.0,449.0,1,1,1.0,0.0,B_low_frequency
475589,2,2.0,2750.0,2022-05-21,2022-06-01,2,1,HR-NCR,2,"2022-06, 2022-05",1375.0,1375.0,1375.0,1375.0,1,1,1.0,0.0,B_low_frequency
455332,2,2.0,596.0,2022-05-01,2022-05-05,2,2,"Delhi, Mumbai",1,2022-05,298.0,298.0,298.0,298.0,1,1,1.0,0.0,B_low_frequency
476993,2,2.0,110.0,2022-07-08,2022-07-09,2,1,Mumbai,1,2022-07,55.0,55.0,55.0,55.0,1,1,1.0,0.0,B_low_frequency
478022,2,2.0,320.0,2022-04-08,2022-05-07,2,1,Delhi,2,"2022-05, 2022-04",90.0,230.0,160.0,160.0,1,1,1.0,98.99494936611666,B_low_frequency
485001,2,2.0,198.0,2022-06-05,2022-06-05,1,1,Delhi,1,2022-06,99.0,99.0,99.0,99.0,1,1,1.0,0.0,B_low_frequency
480367,2,2.0,1398.0,2022-06-07,2022-06-09,2,1,HR-NCR,1,2022-06,699.0,699.0,699.0,699.0,1,1,1.0,0.0,B_low_frequency
445525,2,2.0,1370.0,2022-04-15,2022-04-15,1,1,HR-NCR,1,2022-04,685.0,685.0,685.0,685.0,1,1,1.0,0.0,B_low_frequency
36149,2,2.0,362.0,2022-04-06,2022-04-07,2,1,HR-NCR,1,2022-04,137.0,225.0,181.0,181.0,1,1,1.0,62.22539674441618,B_low_frequency
223635,2,2.0,540.0,2022-06-03,2022-06-12,2,1,HR-NCR,1,2022-06,270.0,270.0,270.0,270.0,1,1,1.0,0.0,B_low_frequency
23949,2,2.0,180.0,2022-05-11,2022-05-15,2,1,HR-NCR,1,2022-05,90.0,90.0,90.0,90.0,1,1,1.0,0.0,B_low_frequency
484148,2,2.0,110.0,2022-06-03,2022-06-11,2,1,Bengaluru,1,2022-06,55.0,55.0,55.0,55.0,1,1,1.0,0.0,B_low_frequency
484001,2,2.0,1190.0,2022-05-19,2022-06-04,2,1,HR-NCR,2,"2022-05, 2022-06",595.0,595.0,595.0,595.0,1,1,1.0,0.0,B_low_frequency
484680,2,2.0,460.0,2022-05-20,2022-05-20,1,1,HR-NCR,1,2022-05,230.0,230.0,230.0,230.0,1,1,1.0,0.0,B_low_frequency
477004,2,2.0,65.0,2022-04-08,2022-04-22,2,1,Mumbai,1,2022-04,32.0,33.0,32.5,32.5,1,1,1.0,0.7071067811865476,B_low_frequency
482954,2,2.0,1950.0,2022-06-02,2022-06-05,2,1,HR-NCR,1,2022-06,975.0,975.0,975.0,975.0,1,1,1.0,0.0,B_low_frequency
486029,2,2.0,290.0,2022-06-04,2022-06-05,2,1,HR-NCR,1,2022-06,145.0,145.0,145.0,145.0,1,1,1.0,0.0,B_low_frequency
343025,2,2.0,180.0,2022-06-02,2022-06-09,2,2,"Delhi, HR-NCR",1,2022-06,90.0,90.0,90.0,90.0,1,1,1.0,0.0,B_low_frequency
485899,2,2.0,650.0,2022-06-14,2022-06-17,2,1,Bengaluru,1,2022-06,325.0,325.0,325.0,325.0,1,1,1.0,0.0,B_low_frequency
149073,2,2.0,70.0,2022-06-03,2022-06-16,2,1,HR-NCR,1,2022-06,35.0,35.0,35.0,35.0,1,1,1.0,0.0,B_low_frequency
475869,2,2.0,120.0,2022-04-07,2022-04-10,2,2,"Delhi, HR-NCR",1,2022-04,60.0,60.0,60.0,60.0,1,1,1.0,0.0,B_low_frequency
476767,2,2.0,558.0,2022-05-08,2022-05-16,2,1,HR-NCR,1,2022-05,279.0,279.0,279.0,279.0,1,1,1.0,0.0,B_low_frequency
484256,2,2.0,190.0,2022-06-09,2022-06-13,2,1,HR-NCR,1,2022-06,95.0,95.0,95.0,95.0,1,1,1.0,0.0,B_low_frequency
81080,2,2.0,90.0,2022-05-05,2022-05-05,1,1,Delhi,1,2022-05,45.0,45.0,45.0,45.0,1,1,1.0,0.0,B_low_frequency
486178,2,2.0,98.0,2022-07-07,2022-07-09,2,1,Delhi,1,2022-07,49.0,49.0,49.0,49.0,1,1,1.0,0.0,B_low_frequency
484185,2,2.0,187.0,2022-05-21,2022-06-09,2,2,"Bengaluru, Delhi",2,"2022-05, 2022-06",92.0,95.0,93.5,93.5,1,1,1.0,2.1213203435596424,B_low_frequency
427659,2,2.0,3400.0,2022-04-06,2022-04-10,2,1,HR-NCR,1,2022-04,1700.0,1700.0,1700.0,1700.0,1,1,1.0,0.0,B_low_frequency
483895,2,2.0,560.0,2022-05-20,2022-06-04,2,1,HR-NCR,2,"2022-06, 2022-05",280.0,280.0,280.0,280.0,1,1,1.0,0.0,B_low_frequency
482656,2,2.0,921.0,2022-04-22,2022-04-25,2,1,HR-NCR,1,2022-04,421.0,500.0,460.5,460.5,1,1,1.0,55.86143571373726,B_low_frequency
480755,2,2.0,426.0,2022-04-25,2022-05-09,2,1,Delhi,2,"2022-05, 2022-04",213.0,213.0,213.0,213.0,1,1,1.0,0.0,B_low_frequency
383680,2,2.0,130.0,2022-04-08,2022-05-15,2,2,"Delhi, HR-NCR",2,"2022-05, 2022-04",30.0,100.0,65.0,65.0,1,1,1.0,49.49747468305833,B_low_frequency
486187,2,3.0,105.0,2022-07-08,2022-07-10,2,2,"Bengaluru, Delhi",1,2022-07,35.0,35.0,35.0,35.0,1,2,1.5,0.0,B_low_frequency
480474,2,1.0,18.0,2022-04-03,2022-05-05,2,1,Bengaluru,2,"2022-04, 2022-05",18.0,18.0,18.0,18.0,0,1,0.5,0.0,B_low_frequency
476986,2,2.0,286.0,2022-04-24,2022-04-24,1,1,Mumbai,1,2022-04,143.0,143.0,143.0,143.0,1,1,1.0,0.0,B_low_frequency
485151,2,2.0,408.0,2022-06-02,2022-06-04,2,1,HR-NCR,1,2022-06,204.0,204.0,204.0,204.0,1,1,1.0,0.0,B_low_frequency
483212,2,2.0,346.0,2022-05-20,2022-05-21,2,1,Bengaluru,1,2022-05,173.0,173.0,173.0,173.0,1,1,1.0,0.0,B_low_frequency
484271,2,2.0,779.0,2022-05-21,2022-06-11,2,2,"Bengaluru, Mumbai",2,"2022-06, 2022-05",389.0,390.0,389.5,389.5,1,1,1.0,0.7071067811865476,B_low_frequency
421666,2,2.0,3332.0,2022-06-17,2022-07-10,2,1,HR-NCR,2,"2022-07, 2022-06",1599.0,1733.0,1666.0,1666.0,1,1,1.0,94.75230867899737,B_low_frequency
457884,2,2.0,98.0,2022-07-08,2022-07-10,2,1,Delhi,1,2022-07,49.0,49.0,49.0,49.0,1,1,1.0,0.0,B_low_frequency
486192,2,4.0,196.0,2022-07-08,2022-07-08,1,1,Delhi,1,2022-07,49.0,49.0,49.0,49.0,1,3,2.0,0.0,B_low_frequency
482235,2,2.0,376.0,2022-05-09,2022-05-10,2,1,HR-NCR,1,2022-05,188.0,188.0,188.0,188.0,1,1,1.0,0.0,B_low_frequency
482700,2,2.0,650.0,2022-06-03,2022-06-16,2,1,HR-NCR,1,2022-06,325.0,325.0,325.0,325.0,1,1,1.0,0.0,B_low_frequency
486163,2,2.0,198.0,2022-07-10,2022-07-10,1,2,"Delhi, Mumbai",1,2022-07,99.0,99.0,99.0,99.0,1,1,1.0,0.0,B_low_frequency
484081,2,2.0,388.0,2022-05-18,2022-05-21,2,2,"Delhi, HR-NCR",1,2022-05,194.0,194.0,194.0,194.0,1,1,1.0,0.0,B_low_frequency
448436,2,2.0,439.0,2022-05-18,2022-06-12,2,1,Delhi,2,"2022-05, 2022-06",219.0,220.0,219.5,219.5,1,1,1.0,0.7071067811865476,B_low_frequency
3230,2,2.0,698.0,2022-04-02,2022-05-01,2,1,HR-NCR,2,"2022-05, 2022-04",349.0,349.0,349.0,349.0,1,1,1.0,0.0,B_low_frequency
437240,2,3.0,396.0,2022-05-16,2022-06-02,2,1,Bengaluru,2,"2022-05, 2022-06",108.0,180.0,144.0,144.0,1,2,1.5,50.91168824543142,B_low_frequency
464960,2,2.0,1052.0,2022-06-10,2022-06-15,2,2,"Bengaluru, HR-NCR",1,2022-06,526.0,526.0,526.0,526.0,1,1,1.0,0.0,B_low_frequency
13530,2,2.0,390.0,2022-06-01,2022-06-05,2,1,HR-NCR,1,2022-06,195.0,195.0,195.0,195.0,1,1,1.0,0.0,B_low_frequency
481620,2,1.0,80.0,2022-04-13,2022-04-17,2,1,Bengaluru,1,2022-04,80.0,80.0,80.0,80.0,0,1,0.5,0.0,B_low_frequency
486181,2,9.0,441.0,2022-07-10,2022-07-10,1,1,Delhi,1,2022-07,49.0,49.0,49.0,49.0,3,6,4.5,0.0,B_low_frequency
770,2,2.0,220.0,2022-05-07,2022-05-13,2,1,Delhi,1,2022-05,110.0,110.0,110.0,110.0,1,1,1.0,0.0,B_low_frequency
484209,2,2.0,702.0,2022-05-19,2022-05-21,2,2,"Delhi, HR-NCR",1,2022-05,351.0,351.0,351.0,351.0,1,1,1.0,0.0,B_low_frequency
484250,2,2.0,1078.0,2022-06-03,2022-06-19,2,1,Delhi,1,2022-06,539.0,539.0,539.0,539.0,1,1,1.0,0.0,B_low_frequency
484324,2,2.0,96.0,2022-06-16,2022-06-17,2,2,"Delhi, HR-NCR",1,2022-06,48.0,48.0,48.0,48.0,1,1,1.0,0.0,B_low_frequency
448435,2,2.0,399.0,2022-05-08,2022-06-04,2,1,Delhi,2,"2022-06, 2022-05",199.0,200.0,199.5,199.5,1,1,1.0,0.7071067811865476,B_low_frequency
72845,2,2.0,104.0,2022-05-18,2022-05-19,2,1,Bengaluru,1,2022-05,52.0,52.0,52.0,52.0,1,1,1.0,0.0,B_low_frequency
457882,2,2.0,70.0,2022-07-02,2022-07-07,2,1,Delhi,1,2022-07,21.0,49.0,35.0,35.0,1,1,1.0,19.79898987322333,B_low_frequency
456282,2,2.0,418.0,2022-06-17,2022-07-10,2,1,Mumbai,2,"2022-06, 2022-07",209.0,209.0,209.0,209.0,1,1,1.0,0.0,B_low_frequency
409250,2,2.0,440.0,2022-04-08,2022-04-09,2,1,HR-NCR,1,2022-04,220.0,220.0,220.0,220.0,1,1,1.0,0.0,B_low_frequency
479751,2,3.0,450.0,2022-04-21,2022-04-21,1,1,HR-NCR,1,2022-04,150.0,150.0,150.0,150.0,1,2,1.5,0.0,B_low_frequency
406575,2,2.0,352.0,2022-04-12,2022-04-12,1,1,Mumbai,1,2022-04,176.0,176.0,176.0,176.0,1,1,1.0,0.0,B_low_frequency
464956,2,2.0,1052.0,2022-06-10,2022-06-12,2,1,HR-NCR,1,2022-06,526.0,526.0,526.0,526.0,1,1,1.0,0.0,B_low_frequency
405936,2,1.0,48.0,2022-05-11,2022-05-13,2,1,HR-NCR,1,2022-05,48.0,48.0,48.0,48.0,0,1,0.5,0.0,B_low_frequency
486184,2,4.0,316.0,2022-07-07,2022-07-07,1,1,Mumbai,1,2022-07,79.0,79.0,79.0,79.0,1,3,2.0,0.0,B_low_frequency
484160,2,2.0,856.0,2022-06-06,2022-06-10,2,1,Delhi,1,2022-06,428.0,428.0,428.0,428.0,1,1,1.0,0.0,B_low_frequency
391810,2,2.0,94.0,2022-04-05,2022-04-15,2,1,Bengaluru,1,2022-04,47.0,47.0,47.0,47.0,1,1,1.0,0.0,B_low_frequency
484248,2,2.0,555.0,2022-05-21,2022-06-04,2,1,Delhi,2,"2022-06, 2022-05",270.0,285.0,277.5,277.5,1,1,1.0,10.606601717798213,B_low_frequency
125319,2,2.0,800.0,2022-06-03,2022-06-04,2,1,HR-NCR,1,2022-06,400.0,400.0,400.0,400.0,1,1,1.0,0.0,B_low_frequency
405937,2,1.0,270.0,2022-04-23,2022-05-11,2,1,HR-NCR,2,"2022-04, 2022-05",120.0,270.0,195.0,195.0,0,1,0.5,106.06601717798213,B_low_frequency
409214,2,2.0,860.0,2022-04-13,2022-04-14,2,1,HR-NCR,1,2022-04,430.0,430.0,430.0,430.0,1,1,1.0,0.0,B_low_frequency
484240,2,3.0,286.0,2022-05-18,2022-06-16,2,1,Delhi,2,"2022-06, 2022-05",95.0,96.0,95.5,95.5,1,2,1.5,0.7071067811865476,B_low_frequency
478784,2,2.0,846.0,2022-04-17,2022-05-14,2,1,HR-NCR,2,"2022-04, 2022-05",423.0,423.0,423.0,423.0,1,1,1.0,0.0,B_low_frequency
485144,2,2.0,790.0,2022-06-11,2022-06-13,2,1,HR-NCR,1,2022-06,395.0,395.0,395.0,395.0,1,1,1.0,0.0,B_low_frequency
484261,2,2.0,582.0,2022-06-05,2022-06-06,2,2,"Delhi, HR-NCR",1,2022-06,291.0,291.0,291.0,291.0,1,1,1.0,0.0,B_low_frequency
476991,1,1.0,130.0,2022-05-12,2022-05-12,1,1,Mumbai,1,2022-05,130.0,130.0,130.0,130.0,1,1,1.0,,D_unresolved_single_occurrence
438809,1,1.0,283.0,2022-07-08,2022-07-08,1,1,Delhi,1,2022-07,283.0,283.0,283.0,283.0,1,1,1.0,,D_unresolved_single_occurrence
484130,1,1.0,410.0,2022-05-18,2022-05-18,1,1,HR-NCR,1,2022-05,410.0,410.0,410.0,410.0,1,1,1.0,,D_unresolved_single_occurrence
482342,1,1.0,105.0,2022-04-18,2022-04-18,1,1,HR-NCR,1,2022-04,105.0,105.0,105.0,105.0,1,1,1.0,,D_unresolved_single_occurrence
482341,1,1.0,130.0,2022-05-01,2022-05-01,1,1,HR-NCR,1,2022-05,130.0,130.0,130.0,130.0,1,1,1.0,,D_unresolved_single_occurrence
484797,1,1.0,400.0,2022-06-15,2022-06-15,1,1,HR-NCR,1,2022-06,400.0,400.0,400.0,400.0,1,1,1.0,,D_unresolved_single_occurrence
425139,1,1.0,48.0,2022-06-08,2022-06-08,1,1,Delhi,1,2022-06,48.0,48.0,48.0,48.0,1,1,1.0,,D_unresolved_single_occurrence
326691,1,0.0,0.0,2022-04-01,2022-04-01,1,1,Mumbai,1,2022-04,116.0,116.0,116.0,116.0,0,0,0.0,,C_suspicious_anomalous
484760,1,1.0,300.0,2022-06-08,2022-06-08,1,1,HR-NCR,1,2022-06,300.0,300.0,300.0,300.0,1,1,1.0,,D_unresolved_single_occurrence
3221,1,1.0,199.0,2022-04-07,2022-04-07,1,1,HR-NCR,1,2022-04,199.0,199.0,199.0,199.0,1,1,1.0,,D_unresolved_single_occurrence
11371,1,1.0,45.0,2022-05-06,2022-05-06,1,1,Delhi,1,2022-05,45.0,45.0,45.0,45.0,1,1,1.0,,D_unresolved_single_occurrence
479620,1,1.0,599.0,2022-06-18,2022-06-18,1,1,HR-NCR,1,2022-06,599.0,599.0,599.0,599.0,1,1,1.0,,D_unresolved_single_occurrence
480479,1,1.0,0.0,2022-05-13,2022-05-13,1,1,Bengaluru,1,2022-05,0.0,0.0,0.0,0.0,1,1,1.0,,C_suspicious_anomalous
484732,1,1.0,379.0,2022-06-16,2022-06-16,1,1,HR-NCR,1,2022-06,379.0,379.0,379.0,379.0,1,1,1.0,,D_unresolved_single_occurrence
405935,1,1.0,191.0,2022-05-20,2022-05-20,1,1,Delhi,1,2022-05,191.0,191.0,191.0,191.0,1,1,1.0,,D_unresolved_single_occurrence
439229,1,0.0,0.0,2022-05-06,2022-05-06,1,1,HR-NCR,1,2022-05,80.0,80.0,80.0,80.0,0,0,0.0,,C_suspicious_anomalous
458939,1,1.0,59.0,2022-04-22,2022-04-22,1,1,Mumbai,1,2022-04,59.0,59.0,59.0,59.0,1,1,1.0,,D_unresolved_single_occurrence
350808,1,1.0,20.0,2022-06-15,2022-06-15,1,1,HR-NCR,1,2022-06,20.0,20.0,20.0,20.0,1,1,1.0,,D_unresolved_single_occurrence
470065,1,1.0,495.0,2022-04-25,2022-04-25,1,1,HR-NCR,1,2022-04,495.0,495.0,495.0,495.0,1,1,1.0,,D_unresolved_single_occurrence
307936,1,1.0,125.0,2022-07-07,2022-07-07,1,1,HR-NCR,1,2022-07,125.0,125.0,125.0,125.0,1,1,1.0,,D_unresolved_single_occurrence
484252,1,1.0,84.0,2022-05-19,2022-05-19,1,1,Delhi,1,2022-05,84.0,84.0,84.0,84.0,1,1,1.0,,D_unresolved_single_occurrence
445916,1,1.0,150.0,2022-05-07,2022-05-07,1,1,Delhi,1,2022-05,150.0,150.0,150.0,150.0,1,1,1.0,,D_unresolved_single_occurrence
484795,1,1.0,480.0,2022-06-04,2022-06-04,1,1,HR-NCR,1,2022-06,480.0,480.0,480.0,480.0,1,1,1.0,,D_unresolved_single_occurrence
485906,1,1.0,212.0,2022-06-01,2022-06-01,1,1,Mumbai,1,2022-06,212.0,212.0,212.0,212.0,1,1,1.0,,D_unresolved_single_occurrence
486159,1,1.0,99.0,2022-07-09,2022-07-09,1,1,Delhi,1,2022-07,99.0,99.0,99.0,99.0,1,1,1.0,,D_unresolved_single_occurrence
438395,1,1.0,135.0,2022-05-09,2022-05-09,1,1,Mumbai,1,2022-05,135.0,135.0,135.0,135.0,1,1,1.0,,D_unresolved_single_occurrence
194125,1,1.0,45.0,2022-06-10,2022-06-10,1,1,Mumbai,1,2022-06,45.0,45.0,45.0,45.0,1,1,1.0,,D_unresolved_single_occurrence
383760,1,1.0,260.0,2022-05-12,2022-05-12,1,1,Delhi,1,2022-05,260.0,260.0,260.0,260.0,1,1,1.0,,D_unresolved_single_occurrence
485393,1,1.0,99.0,2022-06-11,2022-06-11,1,1,Delhi,1,2022-06,99.0,99.0,99.0,99.0,1,1,1.0,,D_unresolved_single_occurrence
483893,1,1.0,795.0,2022-06-02,2022-06-02,1,1,HR-NCR,1,2022-06,795.0,795.0,795.0,795.0,1,1,1.0,,D_unresolved_single_occurrence
484262,1,1.0,449.0,2022-05-20,2022-05-20,1,1,Delhi,1,2022-05,449.0,449.0,449.0,449.0,1,1,1.0,,D_unresolved_single_occurrence
488172,1,1.0,156.0,2022-07-07,2022-07-07,1,1,HR-NCR,1,2022-07,156.0,156.0,156.0,156.0,1,1,1.0,,D_unresolved_single_occurrence
483885,1,1.0,279.0,2022-05-17,2022-05-17,1,1,HR-NCR,1,2022-05,279.0,279.0,279.0,279.0,1,1,1.0,,D_unresolved_single_occurrence
422783,1,1.0,178.0,2022-05-02,2022-05-02,1,1,Bengaluru,1,2022-05,178.0,178.0,178.0,178.0,1,1,1.0,,D_unresolved_single_occurrence
484714,1,1.0,279.0,2022-05-21,2022-05-21,1,1,HR-NCR,1,2022-05,279.0,279.0,279.0,279.0,1,1,1.0,,D_unresolved_single_occurrence
475867,1,1.0,40.0,2022-04-07,2022-04-07,1,1,Delhi,1,2022-04,40.0,40.0,40.0,40.0,1,1,1.0,,D_unresolved_single_occurrence
482349,1,1.0,160.0,2022-04-14,2022-04-14,1,1,HR-NCR,1,2022-04,160.0,160.0,160.0,160.0,1,1,1.0,,D_unresolved_single_occurrence
484237,1,1.0,372.0,2022-05-21,2022-05-21,1,1,HR-NCR,1,2022-05,372.0,372.0,372.0,372.0,1,1,1.0,,D_unresolved_single_occurrence
467451,1,1.0,150.0,2022-05-17,2022-05-17,1,1,HR-NCR,1,2022-05,150.0,150.0,150.0,150.0,1,1,1.0,,D_unresolved_single_occurrence
479307,1,1.0,900.0,2022-04-17,2022-04-17,1,1,HR-NCR,1,2022-04,900.0,900.0,900.0,900.0,1,1,1.0,,D_unresolved_single_occurrence
484205,1,1.0,372.0,2022-05-19,2022-05-19,1,1,Delhi,1,2022-05,372.0,372.0,372.0,372.0,1,1,1.0,,D_unresolved_single_occurrence
482348,1,1.0,160.0,2022-04-19,2022-04-19,1,1,HR-NCR,1,2022-04,160.0,160.0,160.0,160.0,1,1,1.0,,D_unresolved_single_occurrence
478025,1,1.0,160.0,2022-04-05,2022-04-05,1,1,Delhi,1,2022-04,160.0,160.0,160.0,160.0,1,1,1.0,,D_unresolved_single_occurrence
391647,1,1.0,160.0,2022-05-19,2022-05-19,1,1,HR-NCR,1,2022-05,160.0,160.0,160.0,160.0,1,1,1.0,,D_unresolved_single_occurrence
452623,1,1.0,150.0,2022-04-16,2022-04-16,1,1,Bengaluru,1,2022-04,150.0,150.0,150.0,150.0,1,1,1.0,,D_unresolved_single_occurrence
484180,1,1.0,370.0,2022-05-19,2022-05-19,1,1,HR-NCR,1,2022-05,370.0,370.0,370.0,370.0,1,1,1.0,,D_unresolved_single_occurrence
3523,1,1.0,742.0,2022-06-09,2022-06-09,1,1,HR-NCR,1,2022-06,742.0,742.0,742.0,742.0,1,1,1.0,,D_unresolved_single_occurrence
483992,1,1.0,795.0,2022-06-04,2022-06-04,1,1,HR-NCR,1,2022-06,795.0,795.0,795.0,795.0,1,1,1.0,,D_unresolved_single_occurrence
476736,1,1.0,510.0,2022-04-23,2022-04-23,1,1,Delhi,1,2022-04,510.0,510.0,510.0,510.0,1,1,1.0,,D_unresolved_single_occurrence
386708,1,1.0,550.0,2022-07-03,2022-07-03,1,1,HR-NCR,1,2022-07,550.0,550.0,550.0,550.0,1,1,1.0,,D_unresolved_single_occurrence
109966,1,1.0,90.0,2022-06-03,2022-06-03,1,1,HR-NCR,1,2022-06,90.0,90.0,90.0,90.0,1,1,1.0,,D_unresolved_single_occurrence
484306,1,1.0,389.0,2022-06-11,2022-06-11,1,1,Delhi,1,2022-06,389.0,389.0,389.0,389.0,1,1,1.0,,D_unresolved_single_occurrence
421560,1,1.0,140.0,2022-05-13,2022-05-13,1,1,HR-NCR,1,2022-05,140.0,140.0,140.0,140.0,1,1,1.0,,D_unresolved_single_occurrence
393829,1,1.0,359.0,2022-06-01,2022-06-01,1,1,Delhi,1,2022-06,359.0,359.0,359.0,359.0,1,1,1.0,,D_unresolved_single_occurrence
460643,1,1.0,369.0,2022-06-08,2022-06-08,1,1,Delhi,1,2022-06,369.0,369.0,369.0,369.0,1,1,1.0,,D_unresolved_single_occurrence
407179,1,1.0,360.0,2022-04-14,2022-04-14,1,1,HR-NCR,1,2022-04,360.0,360.0,360.0,360.0,1,1,1.0,,D_unresolved_single_occurrence
478973,1,1.0,124.0,2022-06-05,2022-06-05,1,1,HR-NCR,1,2022-06,124.0,124.0,124.0,124.0,1,1,1.0,,D_unresolved_single_occurrence
438811,1,1.0,231.0,2022-07-05,2022-07-05,1,1,Delhi,1,2022-07,231.0,231.0,231.0,231.0,1,1,1.0,,D_unresolved_single_occurrence
160298,1,1.0,949.0,2022-05-20,2022-05-20,1,1,HR-NCR,1,2022-05,949.0,949.0,949.0,949.0,1,1,1.0,,D_unresolved_single_occurrence
484274,1,1.0,389.0,2022-06-18,2022-06-18,1,1,Bengaluru,1,2022-06,389.0,389.0,389.0,389.0,1,1,1.0,,D_unresolved_single_occurrence
27473,1,1.0,925.0,2022-05-16,2022-05-16,1,1,HR-NCR,1,2022-05,925.0,925.0,925.0,925.0,1,1,1.0,,D_unresolved_single_occurrence
482945,1,1.0,595.0,2022-06-17,2022-06-17,1,1,HR-NCR,1,2022-06,595.0,595.0,595.0,595.0,1,1,1.0,,D_unresolved_single_occurrence
482358,1,1.0,495.0,2022-04-21,2022-04-21,1,1,HR-NCR,1,2022-04,495.0,495.0,495.0,495.0,1,1,1.0,,D_unresolved_single_occurrence
486329,1,1.0,79.0,2022-07-08,2022-07-08,1,1,Delhi,1,2022-07,79.0,79.0,79.0,79.0,1,1,1.0,,D_unresolved_single_occurrence
456279,1,1.0,209.0,2022-07-10,2022-07-10,1,1,Mumbai,1,2022-07,209.0,209.0,209.0,209.0,1,1,1.0,,D_unresolved_single_occurrence
424357,1,1.0,260.0,2022-04-18,2022-04-18,1,1,Bengaluru,1,2022-04,260.0,260.0,260.0,260.0,1,1,1.0,,D_unresolved_single_occurrence
482375,1,1.0,665.0,2022-04-17,2022-04-17,1,1,HR-NCR,1,2022-04,665.0,665.0,665.0,665.0,1,1,1.0,,D_unresolved_single_occurrence
485190,1,1.0,370.0,2022-06-09,2022-06-09,1,1,HR-NCR,1,2022-06,370.0,370.0,370.0,370.0,1,1,1.0,,D_unresolved_single_occurrence
479604,1,0.0,0.0,2022-04-04,2022-04-04,1,1,HR-NCR,1,2022-04,175.0,175.0,175.0,175.0,0,0,0.0,,C_suspicious_anomalous
475764,1,1.0,1395.0,2022-06-05,2022-06-05,1,1,HR-NCR,1,2022-06,1395.0,1395.0,1395.0,1395.0,1,1,1.0,,D_unresolved_single_occurrence
482899,1,1.0,900.0,2022-06-05,2022-06-05,1,1,HR-NCR,1,2022-06,900.0,900.0,900.0,900.0,1,1,1.0,,D_unresolved_single_occurrence
19143,1,1.0,510.0,2022-04-24,2022-04-24,1,1,HR-NCR,1,2022-04,510.0,510.0,510.0,510.0,1,1,1.0,,D_unresolved_single_occurrence
485187,1,2.0,750.0,2022-06-05,2022-06-05,1,1,HR-NCR,1,2022-06,375.0,375.0,375.0,375.0,2,2,2.0,,D_unresolved_single_occurrence
460435,1,1.0,1250.0,2022-04-12,2022-04-12,1,1,HR-NCR,1,2022-04,1250.0,1250.0,1250.0,1250.0,1,1,1.0,,D_unresolved_single_occurrence
405987,1,2.0,192.0,2022-05-19,2022-05-19,1,1,Delhi,1,2022-05,96.0,96.0,96.0,96.0,2,2,2.0,,D_unresolved_single_occurrence
482370,1,1.0,1050.0,2022-04-21,2022-04-21,1,1,HR-NCR,1,2022-04,1050.0,1050.0,1050.0,1050.0,1,1,1.0,,D_unresolved_single_occurrence
57046,1,1.0,6379.0,2022-06-18,2022-06-18,1,1,HR-NCR,1,2022-06,6379.0,6379.0,6379.0,6379.0,1,1,1.0,,D_unresolved_single_occurrence
438815,1,1.0,49.0,2022-05-20,2022-05-20,1,1,Delhi,1,2022-05,49.0,49.0,49.0,49.0,1,1,1.0,,D_unresolved_single_occurrence
17488,1,1.0,16.0,2022-06-11,2022-06-11,1,1,Mumbai,1,2022-06,16.0,16.0,16.0,16.0,1,1,1.0,,D_unresolved_single_occurrence
484005,1,1.0,475.0,2022-05-16,2022-05-16,1,1,HR-NCR,1,2022-05,475.0,475.0,475.0,475.0,1,1,1.0,,D_unresolved_single_occurrence
480909,1,0.0,0.0,2022-04-04,2022-04-04,1,1,HR-NCR,1,2022-04,987.0,987.0,987.0,987.0,0,0,0.0,,C_suspicious_anomalous
478043,1,1.0,135.0,2022-04-15,2022-04-15,1,1,Bengaluru,1,2022-04,135.0,135.0,135.0,135.0,1,1,1.0,,D_unresolved_single_occurrence
484243,1,1.0,174.0,2022-06-08,2022-06-08,1,1,Bengaluru,1,2022-06,174.0,174.0,174.0,174.0,1,1,1.0,,D_unresolved_single_occurrence
484282,1,1.0,232.0,2022-06-16,2022-06-16,1,1,Mumbai,1,2022-06,232.0,232.0,232.0,232.0,1,1,1.0,,D_unresolved_single_occurrence
484175,1,1.0,433.0,2022-06-12,2022-06-12,1,1,Delhi,1,2022-06,433.0,433.0,433.0,433.0,1,1,1.0,,D_unresolved_single_occurrence
425732,1,1.0,42.0,2022-07-06,2022-07-06,1,1,Mumbai,1,2022-07,42.0,42.0,42.0,42.0,1,1,1.0,,D_unresolved_single_occurrence
479597,1,2.0,440.0,2022-06-08,2022-06-08,1,1,HR-NCR,1,2022-06,220.0,220.0,220.0,220.0,2,2,2.0,,D_unresolved_single_occurrence
455544,1,1.0,23.0,2022-04-01,2022-04-01,1,1,Bengaluru,1,2022-04,23.0,23.0,23.0,23.0,1,1,1.0,,D_unresolved_single_occurrence
475364,1,1.0,595.0,2022-06-08,2022-06-08,1,1,HR-NCR,1,2022-06,595.0,595.0,595.0,595.0,1,1,1.0,,D_unresolved_single_occurrence
460428,1,1.0,1250.0,2022-04-12,2022-04-12,1,1,HR-NCR,1,2022-04,1250.0,1250.0,1250.0,1250.0,1,1,1.0,,D_unresolved_single_occurrence
380034,1,1.0,150.0,2022-05-10,2022-05-10,1,1,Bengaluru,1,2022-05,150.0,150.0,150.0,150.0,1,1,1.0,,D_unresolved_single_occurrence
478042,1,1.0,105.0,2022-04-07,2022-04-07,1,1,Bengaluru,1,2022-04,105.0,105.0,105.0,105.0,1,1,1.0,,D_unresolved_single_occurrence
380041,1,1.0,80.0,2022-05-08,2022-05-08,1,1,Bengaluru,1,2022-05,80.0,80.0,80.0,80.0,1,1,1.0,,D_unresolved_single_occurrence
479234,1,1.0,349.0,2022-04-02,2022-04-02,1,1,HR-NCR,1,2022-04,349.0,349.0,349.0,349.0,1,1,1.0,,D_unresolved_single_occurrence
223638,1,1.0,320.0,2022-06-04,2022-06-04,1,1,HR-NCR,1,2022-06,320.0,320.0,320.0,320.0,1,1,1.0,,D_unresolved_single_occurrence
486205,1,1.0,149.0,2022-07-09,2022-07-09,1,1,Bengaluru,1,2022-07,149.0,149.0,149.0,149.0,1,1,1.0,,D_unresolved_single_occurrence
483882,1,1.0,449.0,2022-06-07,2022-06-07,1,1,HR-NCR,1,2022-06,449.0,449.0,449.0,449.0,1,1,1.0,,D_unresolved_single_occurrence
391791,1,1.0,22.0,2022-04-06,2022-04-06,1,1,HR-NCR,1,2022-04,22.0,22.0,22.0,22.0,1,1,1.0,,D_unresolved_single_occurrence
430492,1,1.0,135.0,2022-05-13,2022-05-13,1,1,Mumbai,1,2022-05,135.0,135.0,135.0,135.0,1,1,1.0,,D_unresolved_single_occurrence
483710,1,1.0,280.0,2022-05-13,2022-05-13,1,1,HR-NCR,1,2022-05,280.0,280.0,280.0,280.0,1,1,1.0,,D_unresolved_single_occurrence
3874,1,1.0,45.0,2022-06-09,2022-06-09,1,1,HR-NCR,1,2022-06,45.0,45.0,45.0,45.0,1,1,1.0,,D_unresolved_single_occurrence
484270,1,2.0,660.0,2022-06-10,2022-06-10,1,1,Bengaluru,1,2022-06,330.0,330.0,330.0,330.0,2,2,2.0,,D_unresolved_single_occurrence
486209,1,1.0,99.0,2022-07-10,2022-07-10,1,1,Delhi,1,2022-07,99.0,99.0,99.0,99.0,1,1,1.0,,D_unresolved_single_occurrence
476717,1,1.0,199.0,2022-06-16,2022-06-16,1,1,HR-NCR,1,2022-06,199.0,199.0,199.0,199.0,1,1,1.0,,D_unresolved_single_occurrence
392712,1,1.0,290.0,2022-05-14,2022-05-14,1,1,Delhi,1,2022-05,290.0,290.0,290.0,290.0,1,1,1.0,,D_unresolved_single_occurrence
475280,1,1.0,695.0,2022-04-21,2022-04-21,1,1,HR-NCR,1,2022-04,695.0,695.0,695.0,695.0,1,1,1.0,,D_unresolved_single_occurrence
356037,1,1.0,695.0,2022-06-06,2022-06-06,1,1,HR-NCR,1,2022-06,695.0,695.0,695.0,695.0,1,1,1.0,,D_unresolved_single_occurrence
484263,1,1.0,75.0,2022-06-19,2022-06-19,1,1,HR-NCR,1,2022-06,75.0,75.0,75.0,75.0,1,1,1.0,,D_unresolved_single_occurrence
485123,1,1.0,875.0,2022-06-01,2022-06-01,1,1,HR-NCR,1,2022-06,875.0,875.0,875.0,875.0,1,1,1.0,,D_unresolved_single_occurrence
294626,1,1.0,163.0,2022-06-15,2022-06-15,1,1,Mumbai,1,2022-06,163.0,163.0,163.0,163.0,1,1,1.0,,D_unresolved_single_occurrence
484161,1,1.0,234.0,2022-06-08,2022-06-08,1,1,Delhi,1,2022-06,234.0,234.0,234.0,234.0,1,1,1.0,,D_unresolved_single_occurrence
476924,1,0.0,0.0,2022-05-10,2022-05-10,1,1,Mumbai,1,2022-05,58.0,58.0,58.0,58.0,0,0,0.0,,C_suspicious_anomalous
407642,1,1.0,57.0,2022-05-09,2022-05-09,1,1,HR-NCR,1,2022-05,57.0,57.0,57.0,57.0,1,1,1.0,,D_unresolved_single_occurrence
484000,1,1.0,525.0,2022-06-16,2022-06-16,1,1,HR-NCR,1,2022-06,525.0,525.0,525.0,525.0,1,1,1.0,,D_unresolved_single_occurrence
387972,1,1.0,260.0,2022-06-06,2022-06-06,1,1,Delhi,1,2022-06,260.0,260.0,260.0,260.0,1,1,1.0,,D_unresolved_single_occurrence
484200,1,1.0,155.0,2022-06-10,2022-06-10,1,1,HR-NCR,1,2022-06,155.0,155.0,155.0,155.0,1,1,1.0,,D_unresolved_single_occurrence
484095,1,1.0,428.0,2022-06-10,2022-06-10,1,1,Bengaluru,1,2022-06,428.0,428.0,428.0,428.0,1,1,1.0,,D_unresolved_single_occurrence
484279,1,0.0,0.0,2022-05-21,2022-05-21,1,1,Mumbai,1,2022-05,155.0,155.0,155.0,155.0,0,0,0.0,,C_suspicious_anomalous
448003,1,1.0,367.0,2022-07-09,2022-07-09,1,1,Delhi,1,2022-07,367.0,367.0,367.0,367.0,1,1,1.0,,D_unresolved_single_occurrence
483376,1,1.0,300.0,2022-05-02,2022-05-02,1,1,Bengaluru,1,2022-05,300.0,300.0,300.0,300.0,1,1,1.0,,D_unresolved_single_occurrence
485574,1,1.0,1100.0,2022-06-05,2022-06-05,1,1,Delhi,1,2022-06,1100.0,1100.0,1100.0,1100.0,1,1,1.0,,D_unresolved_single_occurrence
409560,1,1.0,173.0,2022-05-02,2022-05-02,1,1,Mumbai,1,2022-05,173.0,173.0,173.0,173.0,1,1,1.0,,D_unresolved_single_occurrence
482340,1,1.0,215.0,2022-04-16,2022-04-16,1,1,HR-NCR,1,2022-04,215.0,215.0,215.0,215.0,1,1,1.0,,D_unresolved_single_occurrence
409554,1,1.0,1172.0,2022-07-08,2022-07-08,1,1,Bengaluru,1,2022-07,1172.0,1172.0,1172.0,1172.0,1,1,1.0,,D_unresolved_single_occurrence
484239,1,1.0,291.0,2022-06-06,2022-06-06,1,1,Delhi,1,2022-06,291.0,291.0,291.0,291.0,1,1,1.0,,D_unresolved_single_occurrence
474086,1,1.0,50.0,2022-07-02,2022-07-02,1,1,HR-NCR,1,2022-07,50.0,50.0,50.0,50.0,1,1,1.0,,D_unresolved_single_occurrence
391642,1,1.0,160.0,2022-05-09,2022-05-09,1,1,Delhi,1,2022-05,160.0,160.0,160.0,160.0,1,1,1.0,,D_unresolved_single_occurrence
429219,1,2.0,120.0,2022-04-12,2022-04-12,1,1,HR-NCR,1,2022-04,60.0,60.0,60.0,60.0,2,2,2.0,,D_unresolved_single_occurrence
483253,1,1.0,190.0,2022-05-02,2022-05-02,1,1,Bengaluru,1,2022-05,190.0,190.0,190.0,190.0,1,1,1.0,,D_unresolved_single_occurrence
475595,1,1.0,550.0,2022-04-22,2022-04-22,1,1,HR-NCR,1,2022-04,550.0,550.0,550.0,550.0,1,1,1.0,,D_unresolved_single_occurrence
488170,1,1.0,136.0,2022-07-10,2022-07-10,1,1,Bengaluru,1,2022-07,136.0,136.0,136.0,136.0,1,1,1.0,,D_unresolved_single_occurrence
377384,1,1.0,99.0,2022-05-21,2022-05-21,1,1,HR-NCR,1,2022-05,99.0,99.0,99.0,99.0,1,1,1.0,,D_unresolved_single_occurrence
483263,1,1.0,622.0,2022-07-06,2022-07-06,1,1,Delhi,1,2022-07,622.0,622.0,622.0,622.0,1,1,1.0,,D_unresolved_single_occurrence
405478,1,1.0,495.0,2022-06-07,2022-06-07,1,1,Bengaluru,1,2022-06,495.0,495.0,495.0,495.0,1,1,1.0,,D_unresolved_single_occurrence
487662,1,1.0,1.0,2022-07-04,2022-07-04,1,1,Delhi,1,2022-07,1.0,1.0,1.0,1.0,1,1,1.0,,D_unresolved_single_occurrence
485578,1,1.0,325.0,2022-06-06,2022-06-06,1,1,Bengaluru,1,2022-06,325.0,325.0,325.0,325.0,1,1,1.0,,D_unresolved_single_occurrence
410417,1,1.0,2495.0,2022-06-16,2022-06-16,1,1,HR-NCR,1,2022-06,2495.0,2495.0,2495.0,2495.0,1,1,1.0,,D_unresolved_single_occurrence
485782,1,1.0,683.0,2022-06-06,2022-06-06,1,1,Bengaluru,1,2022-06,683.0,683.0,683.0,683.0,1,1,1.0,,D_unresolved_single_occurrence
484690,1,1.0,400.0,2022-06-09,2022-06-09,1,1,HR-NCR,1,2022-06,400.0,400.0,400.0,400.0,1,1,1.0,,D_unresolved_single_occurrence
486199,1,1.0,99.0,2022-07-10,2022-07-10,1,1,Delhi,1,2022-07,99.0,99.0,99.0,99.0,1,1,1.0,,D_unresolved_single_occurrence
430977,1,1.0,105.0,2022-07-06,2022-07-06,1,1,HR-NCR,1,2022-07,105.0,105.0,105.0,105.0,1,1,1.0,,D_unresolved_single_occurrence
400585,1,1.0,66.0,2022-04-25,2022-04-25,1,1,HR-NCR,1,2022-04,66.0,66.0,66.0,66.0,1,1,1.0,,D_unresolved_single_occurrence
475752,1,1.0,450.0,2022-05-19,2022-05-19,1,1,HR-NCR,1,2022-05,450.0,450.0,450.0,450.0,1,1,1.0,,D_unresolved_single_occurrence
408710,1,1.0,400.0,2022-05-05,2022-05-05,1,1,Mumbai,1,2022-05,400.0,400.0,400.0,400.0,1,1,1.0,,D_unresolved_single_occurrence
439976,1,1.0,171.0,2022-04-30,2022-04-30,1,1,Mumbai,1,2022-04,171.0,171.0,171.0,171.0,1,1,1.0,,D_unresolved_single_occurrence
426664,1,1.0,103.0,2022-05-15,2022-05-15,1,1,Bengaluru,1,2022-05,103.0,103.0,103.0,103.0,1,1,1.0,,D_unresolved_single_occurrence
407945,1,1.0,505.0,2022-06-04,2022-06-04,1,1,Delhi,1,2022-06,505.0,505.0,505.0,505.0,1,1,1.0,,D_unresolved_single_occurrence
482257,1,1.0,252.0,2022-04-26,2022-04-26,1,1,Mumbai,1,2022-04,252.0,252.0,252.0,252.0,1,1,1.0,,D_unresolved_single_occurrence
481249,1,0.0,0.0,2022-05-06,2022-05-06,1,1,Delhi,1,2022-05,165.0,165.0,165.0,165.0,0,0,0.0,,C_suspicious_anomalous
388495,1,1.0,359.0,2022-06-02,2022-06-02,1,1,HR-NCR,1,2022-06,359.0,359.0,359.0,359.0,1,1,1.0,,D_unresolved_single_occurrence
139310,1,1.0,650.0,2022-06-03,2022-06-03,1,1,Delhi,1,2022-06,650.0,650.0,650.0,650.0,1,1,1.0,,D_unresolved_single_occurrence
482251,1,1.0,550.0,2022-04-13,2022-04-13,1,1,HR-NCR,1,2022-04,550.0,550.0,550.0,550.0,1,1,1.0,,D_unresolved_single_occurrence
457039,1,0.0,0.0,2022-04-16,2022-04-16,1,1,Mumbai,1,2022-04,98.0,98.0,98.0,98.0,0,0,0.0,,C_suspicious_anomalous
482279,1,1.0,292.0,2022-04-25,2022-04-25,1,1,Mumbai,1,2022-04,292.0,292.0,292.0,292.0,1,1,1.0,,D_unresolved_single_occurrence
485567,1,1.0,293.0,2022-06-09,2022-06-09,1,1,Delhi,1,2022-06,293.0,293.0,293.0,293.0,1,1,1.0,,D_unresolved_single_occurrence
391676,1,1.0,786.0,2022-04-06,2022-04-06,1,1,HR-NCR,1,2022-04,786.0,786.0,786.0,786.0,1,1,1.0,,D_unresolved_single_occurrence
53697,1,1.0,45.0,2022-05-06,2022-05-06,1,1,Delhi,1,2022-05,45.0,45.0,45.0,45.0,1,1,1.0,,D_unresolved_single_occurrence
349804,1,1.0,699.0,2022-05-21,2022-05-21,1,1,HR-NCR,1,2022-05,699.0,699.0,699.0,699.0,1,1,1.0,,D_unresolved_single_occurrence
449309,1,0.0,0.0,2022-04-30,2022-04-30,1,1,Delhi,1,2022-04,40.0,40.0,40.0,40.0,0,0,0.0,,C_suspicious_anomalous
483350,1,1.0,1788.0,2022-05-01,2022-05-01,1,1,Delhi,1,2022-05,1788.0,1788.0,1788.0,1788.0,1,1,1.0,,D_unresolved_single_occurrence
428387,1,1.0,415.0,2022-04-07,2022-04-07,1,1,Delhi,1,2022-04,415.0,415.0,415.0,415.0,1,1,1.0,,D_unresolved_single_occurrence
484211,1,1.0,95.0,2022-06-13,2022-06-13,1,1,Mumbai,1,2022-06,95.0,95.0,95.0,95.0,1,1,1.0,,D_unresolved_single_occurrence
182222,1,1.0,699.0,2022-06-20,2022-06-20,1,1,HR-NCR,1,2022-06,699.0,699.0,699.0,699.0,1,1,1.0,,D_unresolved_single_occurrence
477862,1,1.0,130.0,2022-04-30,2022-04-30,1,1,HR-NCR,1,2022-04,130.0,130.0,130.0,130.0,1,1,1.0,,D_unresolved_single_occurrence
475710,1,1.0,1650.0,2022-04-23,2022-04-23,1,1,HR-NCR,1,2022-04,1650.0,1650.0,1650.0,1650.0,1,1,1.0,,D_unresolved_single_occurrence
484164,1,1.0,194.0,2022-05-21,2022-05-21,1,1,Mumbai,1,2022-05,194.0,194.0,194.0,194.0,1,1,1.0,,D_unresolved_single_occurrence
349778,1,1.0,275.0,2022-04-16,2022-04-16,1,1,HR-NCR,1,2022-04,275.0,275.0,275.0,275.0,1,1,1.0,,D_unresolved_single_occurrence
25908,1,1.0,166.0,2022-06-18,2022-06-18,1,1,HR-NCR,1,2022-06,166.0,166.0,166.0,166.0,1,1,1.0,,D_unresolved_single_occurrence
480488,1,1.0,199.0,2022-04-01,2022-04-01,1,1,Bengaluru,1,2022-04,199.0,199.0,199.0,199.0,1,1,1.0,,D_unresolved_single_occurrence
438303,1,1.0,30.0,2022-04-30,2022-04-30,1,1,Delhi,1,2022-04,30.0,30.0,30.0,30.0,1,1,1.0,,D_unresolved_single_occurrence
486401,1,1.0,760.0,2022-06-15,2022-06-15,1,1,HR-NCR,1,2022-06,760.0,760.0,760.0,760.0,1,1,1.0,,D_unresolved_single_occurrence
113547,1,1.0,81.0,2022-06-08,2022-06-08,1,1,Bengaluru,1,2022-06,81.0,81.0,81.0,81.0,1,1,1.0,,D_unresolved_single_occurrence
484174,1,1.0,447.0,2022-06-05,2022-06-05,1,1,Delhi,1,2022-06,447.0,447.0,447.0,447.0,1,1,1.0,,D_unresolved_single_occurrence
482415,1,1.0,499.0,2022-04-24,2022-04-24,1,1,HR-NCR,1,2022-04,499.0,499.0,499.0,499.0,1,1,1.0,,D_unresolved_single_occurrence
483989,1,1.0,645.0,2022-05-14,2022-05-14,1,1,HR-NCR,1,2022-05,645.0,645.0,645.0,645.0,1,1,1.0,,D_unresolved_single_occurrence
455960,1,1.0,150.0,2022-06-08,2022-06-08,1,1,Bengaluru,1,2022-06,150.0,150.0,150.0,150.0,1,1,1.0,,D_unresolved_single_occurrence
486335,1,1.0,79.0,2022-07-08,2022-07-08,1,1,Delhi,1,2022-07,79.0,79.0,79.0,79.0,1,1,1.0,,D_unresolved_single_occurrence
482400,1,1.0,350.0,2022-04-22,2022-04-22,1,1,HR-NCR,1,2022-04,350.0,350.0,350.0,350.0,1,1,1.0,,D_unresolved_single_occurrence
486404,1,1.0,999.0,2022-06-13,2022-06-13,1,1,HR-NCR,1,2022-06,999.0,999.0,999.0,999.0,1,1,1.0,,D_unresolved_single_occurrence
479625,1,3.0,450.0,2022-04-23,2022-04-23,1,1,HR-NCR,1,2022-04,150.0,150.0,150.0,150.0,3,3,3.0,,D_unresolved_single_occurrence
470947,1,0.0,0.0,2022-05-05,2022-05-05,1,1,HR-NCR,1,2022-05,60.0,60.0,60.0,60.0,0,0,0.0,,C_suspicious_anomalous
484285,1,1.0,369.0,2022-06-18,2022-06-18,1,1,Mumbai,1,2022-06,369.0,369.0,369.0,369.0,1,1,1.0,,D_unresolved_single_occurrence
473800,1,1.0,155.0,2022-04-20,2022-04-20,1,1,HR-NCR,1,2022-04,155.0,155.0,155.0,155.0,1,1,1.0,,D_unresolved_single_occurrence
484686,1,1.0,490.0,2022-06-02,2022-06-02,1,1,HR-NCR,1,2022-06,490.0,490.0,490.0,490.0,1,1,1.0,,D_unresolved_single_occurrence
483585,1,1.0,330.0,2022-05-12,2022-05-12,1,1,HR-NCR,1,2022-05,330.0,330.0,330.0,330.0,1,1,1.0,,D_unresolved_single_occurrence
474080,1,1.0,350.0,2022-05-07,2022-05-07,1,1,HR-NCR,1,2022-05,350.0,350.0,350.0,350.0,1,1,1.0,,D_unresolved_single_occurrence
483858,1,2.0,1398.0,2022-07-03,2022-07-03,1,1,HR-NCR,1,2022-07,699.0,699.0,699.0,699.0,2,2,2.0,,D_unresolved_single_occurrence
477856,1,1.0,100.0,2022-04-03,2022-04-03,1,1,Bengaluru,1,2022-04,100.0,100.0,100.0,100.0,1,1,1.0,,D_unresolved_single_occurrence
475713,1,1.0,900.0,2022-04-22,2022-04-22,1,1,HR-NCR,1,2022-04,900.0,900.0,900.0,900.0,1,1,1.0,,D_unresolved_single_occurrence
479596,1,1.0,215.0,2022-06-19,2022-06-19,1,1,HR-NCR,1,2022-06,215.0,215.0,215.0,215.0,1,1,1.0,,D_unresolved_single_occurrence
482384,1,1.0,379.0,2022-04-23,2022-04-23,1,1,HR-NCR,1,2022-04,379.0,379.0,379.0,379.0,1,1,1.0,,D_unresolved_single_occurrence
484179,1,1.0,369.0,2022-06-08,2022-06-08,1,1,Delhi,1,2022-06,369.0,369.0,369.0,369.0,1,1,1.0,,D_unresolved_single_occurrence
439215,1,1.0,290.0,2022-07-01,2022-07-01,1,1,HR-NCR,1,2022-07,290.0,290.0,290.0,290.0,1,1,1.0,,D_unresolved_single_occurrence
475584,1,1.0,695.0,2022-06-12,2022-06-12,1,1,HR-NCR,1,2022-06,695.0,695.0,695.0,695.0,1,1,1.0,,D_unresolved_single_occurrence
24229,1,1.0,178.0,2022-06-07,2022-06-07,1,1,Mumbai,1,2022-06,178.0,178.0,178.0,178.0,1,1,1.0,,D_unresolved_single_occurrence
201583,1,1.0,60.0,2022-04-01,2022-04-01,1,1,Bengaluru,1,2022-04,60.0,60.0,60.0,60.0,1,1,1.0,,D_unresolved_single_occurrence
476055,1,1.0,1184.0,2022-06-09,2022-06-09,1,1,Bengaluru,1,2022-06,1184.0,1184.0,1184.0,1184.0,1,1,1.0,,D_unresolved_single_occurrence
484184,1,1.0,173.0,2022-06-03,2022-06-03,1,1,HR-NCR,1,2022-06,173.0,173.0,173.0,173.0,1,1,1.0,,D_unresolved_single_occurrence
475267,1,1.0,395.0,2022-04-21,2022-04-21,1,1,HR-NCR,1,2022-04,395.0,395.0,395.0,395.0,1,1,1.0,,D_unresolved_single_occurrence
405934,1,1.0,30.0,2022-04-07,2022-04-07,1,1,Delhi,1,2022-04,30.0,30.0,30.0,30.0,1,1,1.0,,D_unresolved_single_occurrence
475309,1,1.0,985.0,2022-06-18,2022-06-18,1,1,HR-NCR,1,2022-06,985.0,985.0,985.0,985.0,1,1,1.0,,D_unresolved_single_occurrence
482394,1,1.0,200.0,2022-04-25,2022-04-25,1,1,HR-NCR,1,2022-04,200.0,200.0,200.0,200.0,1,1,1.0,,D_unresolved_single_occurrence
441648,1,1.0,195.0,2022-07-10,2022-07-10,1,1,Delhi,1,2022-07,195.0,195.0,195.0,195.0,1,1,1.0,,D_unresolved_single_occurrence
21555,1,1.0,281.0,2022-05-17,2022-05-17,1,1,HR-NCR,1,2022-05,281.0,281.0,281.0,281.0,1,1,1.0,,D_unresolved_single_occurrence
482357,1,1.0,575.0,2022-04-23,2022-04-23,1,1,HR-NCR,1,2022-04,575.0,575.0,575.0,575.0,1,1,1.0,,D_unresolved_single_occurrence
477620,1,0.0,0.0,2022-04-08,2022-04-08,1,1,Mumbai,1,2022-04,447.0,447.0,447.0,447.0,0,0,0.0,,C_suspicious_anomalous
483446,1,1.0,356.0,2022-05-02,2022-05-02,1,1,Mumbai,1,2022-05,356.0,356.0,356.0,356.0,1,1,1.0,,D_unresolved_single_occurrence
369110,1,1.0,189.0,2022-05-08,2022-05-08,1,1,Delhi,1,2022-05,189.0,189.0,189.0,189.0,1,1,1.0,,D_unresolved_single_occurrence
482775,1,1.0,299.0,2022-04-20,2022-04-20,1,1,HR-NCR,1,2022-04,299.0,299.0,299.0,299.0,1,1,1.0,,D_unresolved_single_occurrence
140746,1,1.0,1345.0,2022-06-20,2022-06-20,1,1,HR-NCR,1,2022-06,1345.0,1345.0,1345.0,1345.0,1,1,1.0,,D_unresolved_single_occurrence
486190,1,1.0,49.0,2022-07-07,2022-07-07,1,1,Delhi,1,2022-07,49.0,49.0,49.0,49.0,1,1,1.0,,D_unresolved_single_occurrence
216360,1,1.0,225.0,2022-06-14,2022-06-14,1,1,HR-NCR,1,2022-06,225.0,225.0,225.0,225.0,1,1,1.0,,D_unresolved_single_occurrence
372011,1,1.0,50.0,2022-06-05,2022-06-05,1,1,Bengaluru,1,2022-06,50.0,50.0,50.0,50.0,1,1,1.0,,D_unresolved_single_occurrence
52803,1,1.0,86.0,2022-06-06,2022-06-06,1,1,Bengaluru,1,2022-06,86.0,86.0,86.0,86.0,1,1,1.0,,D_unresolved_single_occurrence
425731,1,1.0,49.0,2022-07-10,2022-07-10,1,1,Bengaluru,1,2022-07,49.0,49.0,49.0,49.0,1,1,1.0,,D_unresolved_single_occurrence
481451,1,1.0,80.0,2022-04-30,2022-04-30,1,1,Mumbai,1,2022-04,80.0,80.0,80.0,80.0,1,1,1.0,,D_unresolved_single_occurrence
364291,1,1.0,281.0,2022-05-05,2022-05-05,1,1,Delhi,1,2022-05,281.0,281.0,281.0,281.0,1,1,1.0,,D_unresolved_single_occurrence
438301,1,1.0,48.0,2022-05-21,2022-05-21,1,1,Bengaluru,1,2022-05,48.0,48.0,48.0,48.0,1,1,1.0,,D_unresolved_single_occurrence
484255,1,1.0,251.0,2022-06-10,2022-06-10,1,1,Delhi,1,2022-06,251.0,251.0,251.0,251.0,1,1,1.0,,D_unresolved_single_occurrence
476737,1,1.0,310.0,2022-05-21,2022-05-21,1,1,Delhi,1,2022-05,310.0,310.0,310.0,310.0,1,1,1.0,,D_unresolved_single_occurrence
487177,1,1.0,491.0,2022-07-08,2022-07-08,1,1,Mumbai,1,2022-07,491.0,491.0,491.0,491.0,1,1,1.0,,D_unresolved_single_occurrence
484305,1,1.0,291.0,2022-06-15,2022-06-15,1,1,HR-NCR,1,2022-06,291.0,291.0,291.0,291.0,1,1,1.0,,D_unresolved_single_occurrence
482402,1,1.0,300.0,2022-04-26,2022-04-26,1,1,HR-NCR,1,2022-04,300.0,300.0,300.0,300.0,1,1,1.0,,D_unresolved_single_occurrence
484704,1,1.0,155.0,2022-05-20,2022-05-20,1,1,HR-NCR,1,2022-05,155.0,155.0,155.0,155.0,1,1,1.0,,D_unresolved_single_occurrence
457021,1,1.0,58.0,2022-05-08,2022-05-08,1,1,Delhi,1,2022-05,58.0,58.0,58.0,58.0,1,1,1.0,,D_unresolved_single_occurrence
396762,1,0.0,0.0,2022-05-08,2022-05-08,1,1,HR-NCR,1,2022-05,150.0,150.0,150.0,150.0,0,0,0.0,,C_suspicious_anomalous
479243,1,1.0,612.0,2022-06-10,2022-06-10,1,1,HR-NCR,1,2022-06,612.0,612.0,612.0,612.0,1,1,1.0,,D_unresolved_single_occurrence
17693,1,1.0,15.0,2022-05-15,2022-05-15,1,1,HR-NCR,1,2022-05,15.0,15.0,15.0,15.0,1,1,1.0,,D_unresolved_single_occurrence
482413,1,1.0,250.0,2022-04-19,2022-04-19,1,1,HR-NCR,1,2022-04,250.0,250.0,250.0,250.0,1,1,1.0,,D_unresolved_single_occurrence
380054,1,1.0,100.0,2022-04-09,2022-04-09,1,1,Bengaluru,1,2022-04,100.0,100.0,100.0,100.0,1,1,1.0,,D_unresolved_single_occurrence
479599,1,1.0,125.0,2022-04-05,2022-04-05,1,1,HR-NCR,1,2022-04,125.0,125.0,125.0,125.0,1,1,1.0,,D_unresolved_single_occurrence
35922,1,1.0,110.0,2022-06-19,2022-06-19,1,1,Mumbai,1,2022-06,110.0,110.0,110.0,110.0,1,1,1.0,,D_unresolved_single_occurrence
480123,1,1.0,250.0,2022-06-08,2022-06-08,1,1,HR-NCR,1,2022-06,250.0,250.0,250.0,250.0,1,1,1.0,,D_unresolved_single_occurrence
481269,1,1.0,348.0,2022-04-30,2022-04-30,1,1,Mumbai,1,2022-04,348.0,348.0,348.0,348.0,1,1,1.0,,D_unresolved_single_occurrence
477850,1,4.0,320.0,2022-04-10,2022-04-10,1,1,Delhi,1,2022-04,80.0,80.0,80.0,80.0,4,4,4.0,,D_unresolved_single_occurrence
78061,1,1.0,300.0,2022-04-02,2022-04-02,1,1,HR-NCR,1,2022-04,300.0,300.0,300.0,300.0,1,1,1.0,,D_unresolved_single_occurrence
388538,1,0.0,0.0,2022-05-14,2022-05-14,1,1,Bengaluru,1,2022-05,410.0,410.0,410.0,410.0,0,0,0.0,,C_suspicious_anomalous
484173,1,1.0,389.0,2022-06-16,2022-06-16,1,1,Bengaluru,1,2022-06,389.0,389.0,389.0,389.0,1,1,1.0,,D_unresolved_single_occurrence
395542,1,1.0,249.0,2022-06-10,2022-06-10,1,1,Delhi,1,2022-06,249.0,249.0,249.0,249.0,1,1,1.0,,D_unresolved_single_occurrence
484313,1,1.0,349.0,2022-06-17,2022-06-17,1,1,HR-NCR,1,2022-06,349.0,349.0,349.0,349.0,1,1,1.0,,D_unresolved_single_occurrence
429906,1,1.0,66.0,2022-04-06,2022-04-06,1,1,Delhi,1,2022-04,66.0,66.0,66.0,66.0,1,1,1.0,,D_unresolved_single_occurrence
483879,1,1.0,980.0,2022-05-21,2022-05-21,1,1,HR-NCR,1,2022-05,980.0,980.0,980.0,980.0,1,1,1.0,,D_unresolved_single_occurrence
484251,1,1.0,291.0,2022-06-12,2022-06-12,1,1,HR-NCR,1,2022-06,291.0,291.0,291.0,291.0,1,1,1.0,,D_unresolved_single_occurrence
474402,1,1.0,400.0,2022-04-13,2022-04-13,1,1,HR-NCR,1,2022-04,400.0,400.0,400.0,400.0,1,1,1.0,,D_unresolved_single_occurrence
482397,1,1.0,385.0,2022-04-25,2022-04-25,1,1,HR-NCR,1,2022-04,385.0,385.0,385.0,385.0,1,1,1.0,,D_unresolved_single_occurrence
482347,1,1.0,160.0,2022-04-16,2022-04-16,1,1,HR-NCR,1,2022-04,160.0,160.0,160.0,160.0,1,1,1.0,,D_unresolved_single_occurrence
462385,1,1.0,360.0,2022-06-12,2022-06-12,1,1,HR-NCR,1,2022-06,360.0,360.0,360.0,360.0,1,1,1.0,,D_unresolved_single_occurrence
480910,1,0.0,0.0,2022-04-04,2022-04-04,1,1,HR-NCR,1,2022-04,987.0,987.0,987.0,987.0,0,0,0.0,,C_suspicious_anomalous
475866,1,1.0,50.0,2022-04-07,2022-04-07,1,1,Delhi,1,2022-04,50.0,50.0,50.0,50.0,1,1,1.0,,D_unresolved_single_occurrence
442210,1,1.0,405.0,2022-04-20,2022-04-20,1,1,HR-NCR,1,2022-04,405.0,405.0,405.0,405.0,1,1,1.0,,D_unresolved_single_occurrence
483990,1,1.0,895.0,2022-06-11,2022-06-11,1,1,HR-NCR,1,2022-06,895.0,895.0,895.0,895.0,1,1,1.0,,D_unresolved_single_occurrence
482381,1,1.0,475.0,2022-04-22,2022-04-22,1,1,HR-NCR,1,2022-04,475.0,475.0,475.0,475.0,1,1,1.0,,D_unresolved_single_occurrence
438306,1,1.0,90.0,2022-04-03,2022-04-03,1,1,Bengaluru,1,2022-04,90.0,90.0,90.0,90.0,1,1,1.0,,D_unresolved_single_occurrence
475729,1,1.0,750.0,2022-05-02,2022-05-02,1,1,HR-NCR,1,2022-05,750.0,750.0,750.0,750.0,1,1,1.0,,D_unresolved_single_occurrence
484341,1,2.0,386.0,2022-06-04,2022-06-04,1,1,Bengaluru,1,2022-06,193.0,193.0,193.0,193.0,2,2,2.0,,D_unresolved_single_occurrence
483881,1,1.0,660.0,2022-05-20,2022-05-20,1,1,HR-NCR,1,2022-05,660.0,660.0,660.0,660.0,1,1,1.0,,D_unresolved_single_occurrence
409241,1,1.0,77.0,2022-05-12,2022-05-12,1,1,HR-NCR,1,2022-05,77.0,77.0,77.0,77.0,1,1,1.0,,D_unresolved_single_occurrence
411308,1,1.0,135.0,2022-05-13,2022-05-13,1,1,Mumbai,1,2022-05,135.0,135.0,135.0,135.0,1,1,1.0,,D_unresolved_single_occurrence
482778,1,1.0,105.0,2022-04-21,2022-04-21,1,1,HR-NCR,1,2022-04,105.0,105.0,105.0,105.0,1,1,1.0,,D_unresolved_single_occurrence
483037,1,2.0,356.0,2022-05-09,2022-05-09,1,1,HR-NCR,1,2022-05,178.0,178.0,178.0,178.0,2,2,2.0,,D_unresolved_single_occurrence
484202,1,1.0,389.0,2022-06-09,2022-06-09,1,1,Bengaluru,1,2022-06,389.0,389.0,389.0,389.0,1,1,1.0,,D_unresolved_single_occurrence
3229,1,1.0,349.0,2022-05-04,2022-05-04,1,1,HR-NCR,1,2022-05,349.0,349.0,349.0,349.0,1,1,1.0,,D_unresolved_single_occurrence
482278,1,1.0,374.0,2022-04-22,2022-04-22,1,1,Mumbai,1,2022-04,374.0,374.0,374.0,374.0,1,1,1.0,,D_unresolved_single_occurrence
35619,1,1.0,265.0,2022-04-09,2022-04-09,1,1,HR-NCR,1,2022-04,265.0,265.0,265.0,265.0,1,1,1.0,,D_unresolved_single_occurrence
445717,1,1.0,42.0,2022-05-11,2022-05-11,1,1,Delhi,1,2022-05,42.0,42.0,42.0,42.0,1,1,1.0,,D_unresolved_single_occurrence
475306,1,1.0,695.0,2022-06-08,2022-06-08,1,1,HR-NCR,1,2022-06,695.0,695.0,695.0,695.0,1,1,1.0,,D_unresolved_single_occurrence
482292,1,1.0,150.0,2022-04-09,2022-04-09,1,1,Delhi,1,2022-04,150.0,150.0,150.0,150.0,1,1,1.0,,D_unresolved_single_occurrence
476735,1,1.0,1250.0,2022-04-17,2022-04-17,1,1,Delhi,1,2022-04,1250.0,1250.0,1250.0,1250.0,1,1,1.0,,D_unresolved_single_occurrence
484269,1,1.0,349.0,2022-06-15,2022-06-15,1,1,Delhi,1,2022-06,349.0,349.0,349.0,349.0,1,1,1.0,,D_unresolved_single_occurrence
486223,1,1.0,149.0,2022-07-08,2022-07-08,1,1,Delhi,1,2022-07,149.0,149.0,149.0,149.0,1,1,1.0,,D_unresolved_single_occurrence
393832,1,1.0,359.0,2022-06-12,2022-06-12,1,1,Mumbai,1,2022-06,359.0,359.0,359.0,359.0,1,1,1.0,,D_unresolved_single_occurrence
474435,1,1.0,500.0,2022-05-02,2022-05-02,1,1,HR-NCR,1,2022-05,500.0,500.0,500.0,500.0,1,1,1.0,,D_unresolved_single_occurrence
484186,1,1.0,369.0,2022-06-06,2022-06-06,1,1,Bengaluru,1,2022-06,369.0,369.0,369.0,369.0,1,1,1.0,,D_unresolved_single_occurrence
479593,1,1.0,376.0,2022-06-05,2022-06-05,1,1,Delhi,1,2022-06,376.0,376.0,376.0,376.0,1,1,1.0,,D_unresolved_single_occurrence
438198,1,1.0,149.0,2022-06-02,2022-06-02,1,1,Bengaluru,1,2022-06,149.0,149.0,149.0,149.0,1,1,1.0,,D_unresolved_single_occurrence
432227,1,1.0,346.0,2022-06-07,2022-06-07,1,1,Delhi,1,2022-06,346.0,346.0,346.0,346.0,1,1,1.0,,D_unresolved_single_occurrence
386709,1,1.0,500.0,2022-06-19,2022-06-19,1,1,HR-NCR,1,2022-06,500.0,500.0,500.0,500.0,1,1,1.0,,D_unresolved_single_occurrence
429354,1,1.0,469.0,2022-06-19,2022-06-19,1,1,Mumbai,1,2022-06,469.0,469.0,469.0,469.0,1,1,1.0,,D_unresolved_single_occurrence
457876,1,1.0,758.0,2022-04-18,2022-04-18,1,1,HR-NCR,1,2022-04,758.0,758.0,758.0,758.0,1,1,1.0,,D_unresolved_single_occurrence
484246,1,1.0,36.0,2022-06-09,2022-06-09,1,1,Bengaluru,1,2022-06,36.0,36.0,36.0,36.0,1,1,1.0,,D_unresolved_single_occurrence
447729,1,1.0,43.0,2022-04-29,2022-04-29,1,1,Delhi,1,2022-04,43.0,43.0,43.0,43.0,1,1,1.0,,D_unresolved_single_occurrence
483896,1,1.0,560.0,2022-05-21,2022-05-21,1,1,HR-NCR,1,2022-05,560.0,560.0,560.0,560.0,1,1,1.0,,D_unresolved_single_occurrence
483323,1,1.0,81.0,2022-05-02,2022-05-02,1,1,Mumbai,1,2022-05,81.0,81.0,81.0,81.0,1,1,1.0,,D_unresolved_single_occurrence
488730,1,1.0,250.0,2022-07-10,2022-07-10,1,1,HR-NCR,1,2022-07,250.0,250.0,250.0,250.0,1,1,1.0,,D_unresolved_single_occurrence
